normalized_name,inci_name,canonical_name,thai_names,synonyms,cas_number,pubchem_cid,canonical_smiles,inchi,inchikey,molecular_formula,molecular_weight,substance_type,structure_status,qsar_eligible,assessment_method,regulatory_status_th,provenance,verification_status,registry_version
"((1-methyl-1,2-ethanediyl)bis(nitrilobis(methylene)))tetrakis(phosphonic acid)",,"((1-Methyl-1,2-ethanediyl)bis(nitrilobis(methylene)))tetrakis(phosphonic acid)",[],[],,3794919,CC(CN(CP(=O)(O)O)CP(=O)(O)O)N(CP(=O)(O)O)CP(=O)(O)O,"InChI=1S/C7H22N2O12P4/c1-7(9(5-24(16,17)18)6-25(19,20)21)2-8(3-22(10,11)12)4-23(13,14)15/h7H,2-6H2,1H3,(H2,10,11,12)(H2,13,14,15)(H2,16,17,18)(H2,19,20,21)",JSGPOBBEVFKQTL-UHFFFAOYSA-N,C7H22N2O12P4,450.1510000000001,defined_single_substance,resolved,true,qsar,null,"{""identity_verification"":{""cid"":3794919,""method"":""pubchem_cid_direct_structure"",""source"":""PubChem PUG REST"",""screening_envelope"":{""mw"":[30.0,500.0],""heavy_atoms"":[2,36]}},""offline_seed"":""pubchem-registry-20260724-v1""}",verified,1
((2-methyl-1-(1-oxopropoxy)propoxy)(4-phenylbutyl)phosphinyl) acetic acid,,((2-Methyl-1-(1-oxopropoxy)propoxy)(4-phenylbutyl)phosphinyl) acetic acid,[],[],,15170591,CCC(=O)OC(OP(=O)(CCCCc1ccccc1)CC(=O)O)C(C)C,"InChI=1S/C19H29O6P/c1-4-18(22)24-19(15(2)3)25-26(23,14-17(20)21)13-9-8-12-16-10-6-5-7-11-16/h5-7,10-11,15,19H,4,8-9,12-14H2,1-3H3,(H,20,21)",BGHVPSAAFKIBID-UHFFFAOYSA-N,C19H29O6P,384.40900000000005,defined_single_substance,resolved,true,qsar,null,"{""identity_verification"":{""cid"":15170591,""method"":""pubchem_cid_direct_structure"",""source"":""PubChem PUG REST"",""screening_envelope"":{""mw"":[30.0,500.0],""heavy_atoms"":[2,36]}},""offline_seed"":""pubchem-registry-20260724-v1""}",verified,1
((4-phenylbutyl)hydroxyphosphoryl)acetic acid,,((4-Phenylbutyl)hydroxyphosphoryl)acetic acid,[],[],,13102401,O=C(O)CP(=O)(O)CCCCc1ccccc1,"InChI=1S/C12H17O4P/c13-12(14)10-17(15,16)9-5-4-8-11-6-2-1-3-7-11/h1-3,6-7H,4-5,8-10H2,(H,13,14)(H,15,16)",WRXLMKMDSUIHDK-UHFFFAOYSA-N,C12H17O4P,256.23799999999994,defined_single_substance,resolved,true,qsar,null,"{""identity_verification"":{""cid"":13102401,""method"":""pubchem_cid_direct_structure"",""source"":""PubChem PUG REST"",""screening_envelope"":{""mw"":[30.0,500.0],""heavy_atoms"":[2,36]}},""offline_seed"":""pubchem-registry-20260724-v1""}",verified,1
(+)-glycidol,,(+)-Glycidol,[],[],,5460455,OC[C@@H]1CO1,"InChI=1S/C3H6O2/c4-1-3-2-5-3/h3-4H,1-2H2/t3-/m1/s1",CTKINSOISVBQLD-GSVOUGTGSA-N,C3H6O2,74.079,defined_single_substance,resolved,true,qsar,null,"{""identity_verification"":{""cid"":5460455,""method"":""pubchem_cid_direct_structure"",""source"":""PubChem PUG REST"",""screening_envelope"":{""mw"":[30.0,500.0],""heavy_atoms"":[2,36]}},""offline_seed"":""pubchem-registry-20260724-v1""}",verified,1
(+)-lysergic acid diethylamide,,(+)-Lysergic acid diethylamide,[],[],,5761,CCN(CC)C(=O)[C@@H]1C=C2c3cccc4[nH]cc(c34)C[C@H]2N(C)C1,"InChI=1S/C20H25N3O/c1-4-23(5-2)20(24)14-9-16-15-7-6-8-17-19(15)13(11-21-17)10-18(16)22(3)12-14/h6-9,11,14,18,21H,4-5,10,12H2,1-3H3/t14-,18-/m1/s1",VAYOSLLFUXYJDT-RDTXWAMCSA-N,C20H25N3O,323.4400000000001,defined_single_substance,resolved,true,qsar,null,"{""identity_verification"":{""cid"":5761,""method"":""pubchem_cid_direct_structure"",""source"":""PubChem PUG REST"",""screening_envelope"":{""mw"":[30.0,500.0],""heavy_atoms"":[2,36]}},""offline_seed"":""pubchem-registry-20260724-v1""}",verified,1
(-)-epichlorohydrin,,(-)-Epichlorohydrin,[],[],,2734062,ClC[C@H]1CO1,"InChI=1S/C3H5ClO/c4-1-3-2-5-3/h3H,1-2H2/t3-/m0/s1",BRLQWZUYTZBJKN-VKHMYHEASA-N,C3H5ClO,92.525,defined_single_substance,resolved,true,qsar,null,"{""identity_verification"":{""cid"":2734062,""method"":""pubchem_cid_direct_structure"",""source"":""PubChem PUG REST"",""screening_envelope"":{""mw"":[30.0,500.0],""heavy_atoms"":[2,36]}},""offline_seed"":""pubchem-registry-20260724-v1""}",verified,1
(-)-trans-4-(4'-fluorophenyl)-3-hydroxymethyl-n-methylpiperidine,,(-)-trans-4-(4'-Fluorophenyl)-3-hydroxymethyl-N-methylpiperidine,[],[],,2734218,CN1CC[C@@H](c2ccc(F)cc2)[C@H](CO)C1,"InChI=1S/C13H18FNO/c1-15-7-6-13(11(8-15)9-16)10-2-4-12(14)5-3-10/h2-5,11,13,16H,6-9H2,1H3/t11-,13-/m0/s1",CXRHUYYZISIIMT-AAEUAGOBSA-N,C13H18FNO,223.291,defined_single_substance,resolved,true,qsar,null,"{""identity_verification"":{""cid"":2734218,""method"":""pubchem_cid_direct_structure"",""source"":""PubChem PUG REST"",""screening_envelope"":{""mw"":[30.0,500.0],""heavy_atoms"":[2,36]}},""offline_seed"":""pubchem-registry-20260724-v1""}",verified,1
"(1,1'-biphenyl)-2-ol",,"(1,1'-Biphenyl)-2-ol",[],[],,7017,Oc1ccccc1-c1ccccc1,"InChI=1S/C12H10O/c13-12-9-5-4-8-11(12)10-6-2-1-3-7-10/h1-9,13H",LLEMOWNGBBNAJR-UHFFFAOYSA-N,C12H10O,170.21099999999996,defined_single_substance,resolved,true,qsar,null,"{""identity_verification"":{""cid"":7017,""method"":""pubchem_cid_direct_structure"",""source"":""PubChem PUG REST"",""screening_envelope"":{""mw"":[30.0,500.0],""heavy_atoms"":[2,36]}},""offline_seed"":""pubchem-registry-20260724-v1""}",verified,1
"(1r,2s)-(+)-cis-1-amino-2-indanol",,"(1R,2S)-(+)-cis-1-Amino-2-indanol",[],[],,2725045,N[C@@H]1c2ccccc2C[C@@H]1O,"InChI=1S/C9H11NO/c10-9-7-4-2-1-3-6(7)5-8(9)11/h1-4,8-9,11H,5,10H2/t8-,9+/m0/s1",LOPKSXMQWBYUOI-DTWKUNHWSA-N,C9H11NO,149.19299999999996,defined_single_substance,resolved,true,qsar,null,"{""identity_verification"":{""cid"":2725045,""method"":""pubchem_cid_direct_structure"",""source"":""PubChem PUG REST"",""screening_envelope"":{""mw"":[30.0,500.0],""heavy_atoms"":[2,36]}},""offline_seed"":""pubchem-registry-20260724-v1""}",verified,1
"(1r,3s,7r,8r,10r,13r)-5,5,7,9,9,13-hexamethyl-4,6-dioxatetracyclo(6.5.1.01,10.03,7)tetradecane",,"(1R,3S,7R,8R,10R,13R)-5,5,7,9,9,13-hexamethyl-4,6-dioxatetracyclo(6.5.1.01,10.03,7)tetradecane",[],[],,139598020,C[C@@H]1CC[C@@H]2C(C)(C)[C@H]3C[C@@]12C[C@@H]1OC(C)(C)O[C@@]13C,"InChI=1S/C18H30O2/c1-11-7-8-12-15(2,3)13-9-18(11,12)10-14-17(13,6)20-16(4,5)19-14/h11-14H,7-10H2,1-6H3/t11-,12-,13-,14+,17-,18-/m1/s1",YJVLDTISLGRQTJ-DVWBNXDFSA-N,C18H30O2,278.436,defined_single_substance,resolved,true,qsar,null,"{""identity_verification"":{""cid"":139598020,""method"":""pubchem_cid_direct_structure"",""source"":""PubChem PUG REST"",""screening_envelope"":{""mw"":[30.0,500.0],""heavy_atoms"":[2,36]}},""offline_seed"":""pubchem-registry-20260724-v1""}",verified,1
"(1r,4s)-2-azabicyclo[2.2.1]hept-5-en-3-one",,"(1R,4S)-2-azabicyclo[2.2.1]hept-5-en-3-one",[],[],,2725037,O=C1N[C@H]2C=C[C@@H]1C2,"InChI=1S/C6H7NO/c8-6-4-1-2-5(3-4)7-6/h1-2,4-5H,3H2,(H,7,8)/t4-,5+/m1/s1",DDUFYKNOXPZZIW-UHNVWZDZSA-N,C6H7NO,109.12799999999999,defined_single_substance,resolved,true,qsar,null,"{""identity_verification"":{""cid"":2725037,""method"":""pubchem_cid_direct_structure"",""source"":""PubChem PUG REST"",""screening_envelope"":{""mw"":[30.0,500.0],""heavy_atoms"":[2,36]}},""offline_seed"":""pubchem-registry-20260724-v1""}",verified,1
(1s)-2-chloro-1-methyl-2-oxoethyl acetate,,(1S)-2-Chloro-1-methyl-2-oxoethyl acetate,[],[],,11094804,CC(=O)O[C@@H](C)C(=O)Cl,"InChI=1S/C5H7ClO3/c1-3(5(6)8)9-4(2)7/h3H,1-2H3/t3-/m0/s1",ALHZEIINTQJLOT-VKHMYHEASA-N,C5H7ClO3,150.56099999999998,defined_single_substance,resolved,true,qsar,null,"{""identity_verification"":{""cid"":11094804,""method"":""pubchem_cid_direct_structure"",""source"":""PubChem PUG REST"",""screening_envelope"":{""mw"":[30.0,500.0],""heavy_atoms"":[2,36]}},""offline_seed"":""pubchem-registry-20260724-v1""}",verified,1
"(2,3-dimethylbut-2-yl)-trimethoxysilane",,"(2,3-Dimethylbut-2-yl)-trimethoxysilane",[],[],,22035356,CO[Si](OC)(OC)C(C)(C)C(C)C,"InChI=1S/C9H22O3Si/c1-8(2)9(3,4)13(10-5,11-6)12-7/h8H,1-7H3",UVGKQRAGAYVWQV-UHFFFAOYSA-N,C9H22O3Si,206.35799999999998,defined_single_substance,resolved,true,qsar,null,"{""identity_verification"":{""cid"":22035356,""method"":""pubchem_cid_direct_structure"",""source"":""PubChem PUG REST"",""screening_envelope"":{""mw"":[30.0,500.0],""heavy_atoms"":[2,36]}},""offline_seed"":""pubchem-registry-20260724-v1""}",verified,1
"(2,4-dichlorophenoxy)acetic acid",,"(2,4-Dichlorophenoxy)Acetic Acid",[],[],,1486,O=C(O)COc1ccc(Cl)cc1Cl,"InChI=1S/C8H6Cl2O3/c9-5-1-2-7(6(10)3-5)13-4-8(11)12/h1-3H,4H2,(H,11,12)",OVSKIKFHRZPJSS-UHFFFAOYSA-N,C8H6Cl2O3,221.03899999999996,defined_single_substance,resolved,true,qsar,null,"{""identity_verification"":{""cid"":1486,""method"":""pubchem_cid_direct_structure"",""source"":""PubChem PUG REST"",""screening_envelope"":{""mw"":[30.0,500.0],""heavy_atoms"":[2,36]}},""offline_seed"":""pubchem-registry-20260724-v1""}",verified,1
"(2,6-dimethylphenoxy)acetic acid",,"(2,6-Dimethylphenoxy)acetic acid",[],[],,101369,Cc1cccc(C)c1OCC(=O)O,"InChI=1S/C10H12O3/c1-7-4-3-5-8(2)10(7)13-6-9(11)12/h3-5H,6H2,1-2H3,(H,11,12)",MLBCURLNKYKBEQ-UHFFFAOYSA-N,C10H12O3,180.20299999999995,defined_single_substance,resolved,true,qsar,null,"{""identity_verification"":{""cid"":101369,""method"":""pubchem_cid_direct_structure"",""source"":""PubChem PUG REST"",""screening_envelope"":{""mw"":[30.0,500.0],""heavy_atoms"":[2,36]}},""offline_seed"":""pubchem-registry-20260724-v1""}",verified,1
(2e)-3-[3-(4-fluorophenyl)-1-(1-methylethyl)-1h-indol-2-yl]-2-propenal,,(2E)-3-[3-(4-Fluorophenyl)-1-(1-methylethyl)-1H-indol-2-yl]-2-propenal,[],[],,9926593,CC(C)n1c(/C=C/C=O)c(-c2ccc(F)cc2)c2ccccc21,"InChI=1S/C20H18FNO/c1-14(2)22-18-7-4-3-6-17(18)20(19(22)8-5-13-23)15-9-11-16(21)12-10-15/h3-14H,1-2H3/b8-5+",DVWHSTKQJBIYCK-VMPITWQZSA-N,C20H18FNO,307.368,defined_single_substance,resolved,true,qsar,null,"{""identity_verification"":{""cid"":9926593,""method"":""pubchem_cid_direct_structure"",""source"":""PubChem PUG REST"",""screening_envelope"":{""mw"":[30.0,500.0],""heavy_atoms"":[2,36]}},""offline_seed"":""pubchem-registry-20260724-v1""}",verified,1
(2s)-2-hydroxy-2-(3-phenoxyphenyl)acetonitrile,,(2S)-2-hydroxy-2-(3-phenoxyphenyl)acetonitrile,[],[],,9837437,N#C[C@@H](O)c1cccc(Oc2ccccc2)c1,"InChI=1S/C14H11NO2/c15-10-14(16)11-5-4-8-13(9-11)17-12-6-2-1-3-7-12/h1-9,14,16H/t14-/m1/s1",GXUQMKBQDGPMKZ-CQSZACIVSA-N,C14H11NO2,225.24699999999999,defined_single_substance,resolved,true,qsar,null,"{""identity_verification"":{""cid"":9837437,""method"":""pubchem_cid_direct_structure"",""source"":""PubChem PUG REST"",""screening_envelope"":{""mw"":[30.0,500.0],""heavy_atoms"":[2,36]}},""offline_seed"":""pubchem-registry-20260724-v1""}",verified,1
"(2s)-5-(benzyloxy)-2-(1,3-dioxo-1,3-dihydro-2h-isoindol-2-yl)-5-oxopentanoic acid",,"(2S)-5-(Benzyloxy)-2-(1,3-dioxo-1,3-dihydro-2H-isoindol-2-yl)-5-oxopentanoic acid",[],[],,11100670,O=C(CC[C@@H](C(=O)O)N1C(=O)c2ccccc2C1=O)OCc1ccccc1,"InChI=1S/C20H17NO6/c22-17(27-12-13-6-2-1-3-7-13)11-10-16(20(25)26)21-18(23)14-8-4-5-9-15(14)19(21)24/h1-9,16H,10-12H2,(H,25,26)/t16-/m0/s1",MQUZTINHMZQECR-INIZCTEOSA-N,C20H17NO6,367.3570000000001,defined_single_substance,resolved,true,qsar,null,"{""identity_verification"":{""cid"":11100670,""method"":""pubchem_cid_direct_structure"",""source"":""PubChem PUG REST"",""screening_envelope"":{""mw"":[30.0,500.0],""heavy_atoms"":[2,36]}},""offline_seed"":""pubchem-registry-20260724-v1""}",verified,1
(3-(chlorocarbonyl)-2-methylphenyl)acetate,,(3-(Chlorocarbonyl)-2-methylphenyl)acetate,[],[],,7010345,CC(=O)Oc1cccc(C(=O)Cl)c1C,"InChI=1S/C10H9ClO3/c1-6-8(10(11)13)4-3-5-9(6)14-7(2)12/h3-5H,1-2H3",COLDUSGLGQXXEJ-UHFFFAOYSA-N,C10H9ClO3,212.63199999999998,defined_single_substance,resolved,true,qsar,null,"{""identity_verification"":{""cid"":7010345,""method"":""pubchem_cid_direct_structure"",""source"":""PubChem PUG REST"",""screening_envelope"":{""mw"":[30.0,500.0],""heavy_atoms"":[2,36]}},""offline_seed"":""pubchem-registry-20260724-v1""}",verified,1
(4-chloro-2-methylphenoxy)acetic acid,,(4-chloro-2-Methylphenoxy)acetic acid,[],[],,7204,Cc1cc(Cl)ccc1OCC(=O)O,"InChI=1S/C9H9ClO3/c1-6-4-7(10)2-3-8(6)13-5-9(11)12/h2-4H,5H2,1H3,(H,11,12)",WHKUVVPPKQRRBV-UHFFFAOYSA-N,C9H9ClO3,200.62099999999998,defined_single_substance,resolved,true,qsar,null,"{""identity_verification"":{""cid"":7204,""method"":""pubchem_cid_direct_structure"",""source"":""PubChem PUG REST"",""screening_envelope"":{""mw"":[30.0,500.0],""heavy_atoms"":[2,36]}},""offline_seed"":""pubchem-registry-20260724-v1""}",verified,1
(4-chlorophenoxy)acetic acid,,(4-Chlorophenoxy)acetic acid,[],[],,26229,O=C(O)COc1ccc(Cl)cc1,"InChI=1S/C8H7ClO3/c9-6-1-3-7(4-2-6)12-5-8(10)11/h1-4H,5H2,(H,10,11)",SODPIMGUZLOIPE-UHFFFAOYSA-N,C8H7ClO3,186.594,defined_single_substance,resolved,true,qsar,null,"{""identity_verification"":{""cid"":26229,""method"":""pubchem_cid_direct_structure"",""source"":""PubChem PUG REST"",""screening_envelope"":{""mw"":[30.0,500.0],""heavy_atoms"":[2,36]}},""offline_seed"":""pubchem-registry-20260724-v1""}",verified,1
(4-phenylbutyl)phosphinic acid,,(4-Phenylbutyl)phosphinic acid,[],[],,11816451,O=[P+](O)CCCCc1ccccc1,"InChI=1S/C10H13O2P/c11-13(12)9-5-4-8-10-6-2-1-3-7-10/h1-3,6-7H,4-5,8-9H2/p+1",PWXZGIVKGZBIBK-UHFFFAOYSA-O,C10H14O2P+,197.19399999999996,defined_single_substance,resolved,true,qsar,null,"{""identity_verification"":{""cid"":11816451,""method"":""pubchem_cid_direct_structure"",""source"":""PubChem PUG REST"",""screening_envelope"":{""mw"":[30.0,500.0],""heavy_atoms"":[2,36]}},""offline_seed"":""pubchem-registry-20260724-v1""}",verified,1
"(4e,6e)-3,7,11-trimethyldodeca-1,4,6,10-tetraen-3-ol",,"(4E,6E)-3,7,11-trimethyldodeca-1,4,6,10-tetraen-3-ol",[],[],,10176834,C=CC(C)(O)/C=C/C=C(\C)CCC=C(C)C,"InChI=1S/C15H24O/c1-6-15(5,16)12-8-11-14(4)10-7-9-13(2)3/h6,8-9,11-12,16H,1,7,10H2,2-5H3/b12-8+,14-11+",UIMSQVVHHIUQOZ-ZZAMHKPASA-N,C15H24O,220.35599999999997,defined_single_substance,resolved,true,qsar,null,"{""identity_verification"":{""cid"":10176834,""method"":""pubchem_cid_direct_structure"",""source"":""PubChem PUG REST"",""screening_envelope"":{""mw"":[30.0,500.0],""heavy_atoms"":[2,36]}},""offline_seed"":""pubchem-registry-20260724-v1""}",verified,1
(4s)-4-phenyl-l-proline,,(4S)-4-Phenyl-L-proline,[],[],,12805582,O=C(O)[C@@H]1C[C@@H](c2ccccc2)CN1,"InChI=1S/C11H13NO2/c13-11(14)10-6-9(7-12-10)8-4-2-1-3-5-8/h1-5,9-10,12H,6-7H2,(H,13,14)/t9-,10+/m1/s1",JHHOFXBPLJDHOR-ZJUUUORDSA-N,C11H13NO2,191.23,defined_single_substance,resolved,true,qsar,null,"{""identity_verification"":{""cid"":12805582,""method"":""pubchem_cid_direct_structure"",""source"":""PubChem PUG REST"",""screening_envelope"":{""mw"":[30.0,500.0],""heavy_atoms"":[2,36]}},""offline_seed"":""pubchem-registry-20260724-v1""}",verified,1
"(6beta)-6,19-epoxyandrost-4-ene-3,17-dione",,"(6beta)-6,19-Epoxyandrost-4-ene-3,17-dione",[],[],,15754992,C[C@]12CC[C@H]3[C@@H](C[C@H]4OC[C@@]35CCC(=O)C=C45)[C@@H]1CCC2=O,"InChI=1S/C19H24O3/c1-18-6-5-14-12(13(18)2-3-17(18)21)9-16-15-8-11(20)4-7-19(14,15)10-22-16/h8,12-14,16H,2-7,9-10H2,1H3/t12-,13-,14-,16+,18-,19-/m0/s1",ABDBICZRDFSYAS-ZEHJPDPISA-N,C19H24O3,300.3980000000001,defined_single_substance,resolved,true,qsar,null,"{""identity_verification"":{""cid"":15754992,""method"":""pubchem_cid_direct_structure"",""source"":""PubChem PUG REST"",""screening_envelope"":{""mw"":[30.0,500.0],""heavy_atoms"":[2,36]}},""offline_seed"":""pubchem-registry-20260724-v1""}",verified,1
(dimethylamino)ethyl methacrylate,,(Dimethylamino)ethyl methacrylate,[],[],,17869,C=C(C)C(=O)OCCN(C)C,"InChI=1S/C8H15NO2/c1-7(2)8(10)11-6-5-9(3)4/h1,5-6H2,2-4H3",JKNCOURZONDCGV-UHFFFAOYSA-N,C8H15NO2,157.213,defined_single_substance,resolved,true,qsar,null,"{""identity_verification"":{""cid"":17869,""method"":""pubchem_cid_direct_structure"",""source"":""PubChem PUG REST"",""screening_envelope"":{""mw"":[30.0,500.0],""heavy_atoms"":[2,36]}},""offline_seed"":""pubchem-registry-20260724-v1""}",verified,1
(e)-3-(2-chlorophenyl)-2-(4-fluorophenyl)propenal,,(E)-3-(2-Chlorophenyl)-2-(4-fluorophenyl)propenal,[],[],,49817780,O=C/C(=C/c1ccccc1Cl)c1ccc(F)cc1,InChI=1S/C15H10ClFO/c16-15-4-2-1-3-12(15)9-13(10-18)11-5-7-14(17)8-6-11/h1-10H/b13-9-,MTSHNPMLJVYGFR-LCYFTJDESA-N,C15H10ClFO,260.69499999999994,defined_single_substance,resolved,true,qsar,null,"{""identity_verification"":{""cid"":49817780,""method"":""pubchem_cid_direct_structure"",""source"":""PubChem PUG REST"",""screening_envelope"":{""mw"":[30.0,500.0],""heavy_atoms"":[2,36]}},""offline_seed"":""pubchem-registry-20260724-v1""}",verified,1
"(e)-3-(4-(4-fluorophenyl)-5-methoxymethyl-2,6-bis(1-methoxymethyl)pyridin-3-yl)prop-2-enal",,"(E)-3-(4-(4-Fluorophenyl)-5-methoxymethyl-2,6-bis(1-methoxymethyl)pyridin-3-yl)prop-2-enal",[],[],,10291752,COCc1c(C(C)C)nc(C(C)C)c(/C=C/C=O)c1-c1ccc(F)cc1,"InChI=1S/C22H26FNO2/c1-14(2)21-18(7-6-12-25)20(16-8-10-17(23)11-9-16)19(13-26-5)22(24-21)15(3)4/h6-12,14-15H,13H2,1-5H3/b7-6+",HEGITGKZHDOFJZ-VOTSOKGWSA-N,C22H26FNO2,355.453,defined_single_substance,resolved,true,qsar,null,"{""identity_verification"":{""cid"":10291752,""method"":""pubchem_cid_direct_structure"",""source"":""PubChem PUG REST"",""screening_envelope"":{""mw"":[30.0,500.0],""heavy_atoms"":[2,36]}},""offline_seed"":""pubchem-registry-20260724-v1""}",verified,1
"(e,z)-4-chlorophenyl(cyclopropyl)ketone o-(4-nitrophenylmethyl)oxime",,"(E,Z)-4-chlorophenyl(cyclopropyl)ketone O-(4-nitrophenylmethyl)oxime",[],[],,5933802,O=[N+]([O-])c1ccc(CO/N=C(/c2ccc(Cl)cc2)C2CC2)cc1,"InChI=1S/C17H15ClN2O3/c18-15-7-5-14(6-8-15)17(13-3-4-13)19-23-11-12-1-9-16(10-2-12)20(21)22/h1-2,5-10,13H,3-4,11H2/b19-17+",LZLLLIXVUHWOKV-HTXNQAPBSA-N,C17H15ClN2O3,330.7710000000001,defined_single_substance,resolved,true,qsar,null,"{""identity_verification"":{""cid"":5933802,""method"":""pubchem_cid_direct_structure"",""source"":""PubChem PUG REST"",""screening_envelope"":{""mw"":[30.0,500.0],""heavy_atoms"":[2,36]}},""offline_seed"":""pubchem-registry-20260724-v1""}",verified,1
(s)-(-)-2-chloropropionic acid,,(S)-(-)-2-Chloropropionic acid,[],[],,107915,C[C@H](Cl)C(=O)O,"InChI=1S/C3H5ClO2/c1-2(4)3(5)6/h2H,1H3,(H,5,6)/t2-/m0/s1",GAWAYYRQGQZKCR-REOHCLBHSA-N,C3H5ClO2,108.524,defined_single_substance,resolved,true,qsar,null,"{""identity_verification"":{""cid"":107915,""method"":""pubchem_cid_direct_structure"",""source"":""PubChem PUG REST"",""screening_envelope"":{""mw"":[30.0,500.0],""heavy_atoms"":[2,36]}},""offline_seed"":""pubchem-registry-20260724-v1""}",verified,1
(s)-2-acetylthio-3-phenylpropanoic acid,,(S)-2-acetylthio-3-phenylpropanoic acid,[],[],,10176891,CC(=O)S[C@@H](Cc1ccccc1)C(=O)O,"InChI=1S/C11H12O3S/c1-8(12)15-10(11(13)14)7-9-5-3-2-4-6-9/h2-6,10H,7H2,1H3,(H,13,14)/t10-/m0/s1",UOVSNFYJYANSNI-JTQLQIEISA-N,C11H12O3S,224.281,defined_single_substance,resolved,true,qsar,null,"{""identity_verification"":{""cid"":10176891,""method"":""pubchem_cid_direct_structure"",""source"":""PubChem PUG REST"",""screening_envelope"":{""mw"":[30.0,500.0],""heavy_atoms"":[2,36]}},""offline_seed"":""pubchem-registry-20260724-v1""}",verified,1
(s)-3-methyl-2-(2-oxotetrahydropyrimidine-1-yl)butyric acid,,(S)-3-methyl-2-(2-oxotetrahydropyrimidine-1-yl)butyric acid,[],[],,10910533,CC(C)[C@@H](C(=O)O)N1CCCNC1=O,"InChI=1S/C9H16N2O3/c1-6(2)7(8(12)13)11-5-3-4-10-9(11)14/h6-7H,3-5H2,1-2H3,(H,10,14)(H,12,13)/t7-/m0/s1",AFGBRTKUTJQHIP-ZETCQYMHSA-N,C9H16N2O3,200.23799999999997,defined_single_substance,resolved,true,qsar,null,"{""identity_verification"":{""cid"":10910533,""method"":""pubchem_cid_direct_structure"",""source"":""PubChem PUG REST"",""screening_envelope"":{""mw"":[30.0,500.0],""heavy_atoms"":[2,36]}},""offline_seed"":""pubchem-registry-20260724-v1""}",verified,1
(z)-2-(2-t-butoxycarbonylamino-4-thiazolyl)pent-2-enoic acid,,(Z)-2-(2-t-butoxycarbonylamino-4-thiazolyl)pent-2-enoic acid,[],[],,10334852,CC/C=C(\C(=O)O)c1csc(NC(=O)OC(C)(C)C)n1,"InChI=1S/C13H18N2O4S/c1-5-6-8(10(16)17)9-7-20-11(14-9)15-12(18)19-13(2,3)4/h6-7H,5H2,1-4H3,(H,16,17)(H,14,15,18)/b8-6-",XIXNSLABECPEMI-VURMDHGXSA-N,C13H18N2O4S,298.36400000000003,defined_single_substance,resolved,true,qsar,null,"{""identity_verification"":{""cid"":10334852,""method"":""pubchem_cid_direct_structure"",""source"":""PubChem PUG REST"",""screening_envelope"":{""mw"":[30.0,500.0],""heavy_atoms"":[2,36]}},""offline_seed"":""pubchem-registry-20260724-v1""}",verified,1
(z)-9-tricosene,,(Z)-9-Tricosene,[],[],,5365075,CCCCCCCC/C=C\CCCCCCCCCCCCC,"InChI=1S/C23H46/c1-3-5-7-9-11-13-15-17-19-21-23-22-20-18-16-14-12-10-8-6-4-2/h17,19H,3-16,18,20-23H2,1-2H3/b19-17-",IGOWHGRNPLFNDJ-ZPHPHTNESA-N,C23H46,322.6210000000001,defined_single_substance,resolved,true,qsar,null,"{""identity_verification"":{""cid"":5365075,""method"":""pubchem_cid_direct_structure"",""source"":""PubChem PUG REST"",""screening_envelope"":{""mw"":[30.0,500.0],""heavy_atoms"":[2,36]}},""offline_seed"":""pubchem-registry-20260724-v1""}",verified,1
"1,1,2,2-tetrabromoethane",,"1,1,2,2-Tetrabromoethane",[],[],,6588,BrC(Br)C(Br)Br,InChI=1S/C2H2Br4/c3-1(4)2(5)6/h1-2H,QXSZNDIIPUOQMB-UHFFFAOYSA-N,C2H2Br4,345.654,defined_single_substance,resolved,true,qsar,null,"{""identity_verification"":{""cid"":6588,""method"":""pubchem_cid_direct_structure"",""source"":""PubChem PUG REST"",""screening_envelope"":{""mw"":[30.0,500.0],""heavy_atoms"":[2,36]}},""offline_seed"":""pubchem-registry-20260724-v1""}",verified,1
"1,1,2-trichloroethane",,"1,1,2-Trichloroethane",[],[],,6574,ClCC(Cl)Cl,"InChI=1S/C2H3Cl3/c3-1-2(4)5/h2H,1H2",UBOXGVDOUJQMTN-UHFFFAOYSA-N,C2H3Cl3,133.405,defined_single_substance,resolved,true,qsar,null,"{""identity_verification"":{""cid"":6574,""method"":""pubchem_cid_direct_structure"",""source"":""PubChem PUG REST"",""screening_envelope"":{""mw"":[30.0,500.0],""heavy_atoms"":[2,36]}},""offline_seed"":""pubchem-registry-20260724-v1""}",verified,1
"1,1-bis(4-chlorophenyl)ethanol",,"1,1-Bis(4-chlorophenyl)ethanol",[],[],,6624,CC(O)(c1ccc(Cl)cc1)c1ccc(Cl)cc1,"InChI=1S/C14H12Cl2O/c1-14(17,10-2-6-12(15)7-3-10)11-4-8-13(16)9-5-11/h2-9,17H,1H3",URYAFVKLYSEINW-UHFFFAOYSA-N,C14H12Cl2O,267.155,defined_single_substance,resolved,true,qsar,null,"{""identity_verification"":{""cid"":6624,""method"":""pubchem_cid_direct_structure"",""source"":""PubChem PUG REST"",""screening_envelope"":{""mw"":[30.0,500.0],""heavy_atoms"":[2,36]}},""offline_seed"":""pubchem-registry-20260724-v1""}",verified,1
"1,1-dichloro-1-nitroethane",,"1,1-Dichloro-1-nitroethane",[],[],,11674,CC(Cl)(Cl)[N+](=O)[O-],"InChI=1S/C2H3Cl2NO2/c1-2(3,4)5(6)7/h1H3",OQOGEOLRYAOSKO-UHFFFAOYSA-N,C2H3Cl2NO2,143.957,defined_single_substance,resolved,true,qsar,null,"{""identity_verification"":{""cid"":11674,""method"":""pubchem_cid_direct_structure"",""source"":""PubChem PUG REST"",""screening_envelope"":{""mw"":[30.0,500.0],""heavy_atoms"":[2,36]}},""offline_seed"":""pubchem-registry-20260724-v1""}",verified,1
"1,1-dichloroethane",,"1,1-Dichloroethane",[],[],,6365,CC(Cl)Cl,"InChI=1S/C2H4Cl2/c1-2(3)4/h2H,1H3",SCYULBFZEHDVBN-UHFFFAOYSA-N,C2H4Cl2,98.96000000000001,defined_single_substance,resolved,true,qsar,null,"{""identity_verification"":{""cid"":6365,""method"":""pubchem_cid_direct_structure"",""source"":""PubChem PUG REST"",""screening_envelope"":{""mw"":[30.0,500.0],""heavy_atoms"":[2,36]}},""offline_seed"":""pubchem-registry-20260724-v1""}",verified,1
"1,1-dichloropropane",,"1,1-Dichloropropane",[],[],,6573,CCC(Cl)Cl,"InChI=1S/C3H6Cl2/c1-2-3(4)5/h3H,2H2,1H3",WIHMGGWNMISDNJ-UHFFFAOYSA-N,C3H6Cl2,112.987,defined_single_substance,resolved,true,qsar,null,"{""identity_verification"":{""cid"":6573,""method"":""pubchem_cid_direct_structure"",""source"":""PubChem PUG REST"",""screening_envelope"":{""mw"":[30.0,500.0],""heavy_atoms"":[2,36]}},""offline_seed"":""pubchem-registry-20260724-v1""}",verified,1
"1,1-dichloropropene",,"1,1-Dichloropropene",[],[],,11245,CC=C(Cl)Cl,"InChI=1S/C3H4Cl2/c1-2-3(4)5/h2H,1H3",ZAIDIVBQUMFXEC-UHFFFAOYSA-N,C3H4Cl2,110.971,defined_single_substance,resolved,true,qsar,null,"{""identity_verification"":{""cid"":11245,""method"":""pubchem_cid_direct_structure"",""source"":""PubChem PUG REST"",""screening_envelope"":{""mw"":[30.0,500.0],""heavy_atoms"":[2,36]}},""offline_seed"":""pubchem-registry-20260724-v1""}",verified,1
"1,1-diisopropoxycyclohexane",,"1,1-Diisopropoxycyclohexane",[],[],,11745673,CC(C)OC1(OC(C)C)CCCCC1,"InChI=1S/C12H24O2/c1-10(2)13-12(14-11(3)4)8-6-5-7-9-12/h10-11H,5-9H2,1-4H3",PLNTYOACSMHWBN-UHFFFAOYSA-N,C12H24O2,200.322,defined_single_substance,resolved,true,qsar,null,"{""identity_verification"":{""cid"":11745673,""method"":""pubchem_cid_direct_structure"",""source"":""PubChem PUG REST"",""screening_envelope"":{""mw"":[30.0,500.0],""heavy_atoms"":[2,36]}},""offline_seed"":""pubchem-registry-20260724-v1""}",verified,1
"1,1-dimethylhydrazine",,"1,1-Dimethylhydrazine",[],[],,5976,CN(C)N,"InChI=1S/C2H8N2/c1-4(2)3/h3H2,1-2H3",RHUYHJGZWVXEHW-UHFFFAOYSA-N,C2H8N2,60.099999999999994,defined_single_substance,resolved,true,qsar,null,"{""identity_verification"":{""cid"":5976,""method"":""pubchem_cid_direct_structure"",""source"":""PubChem PUG REST"",""screening_envelope"":{""mw"":[30.0,500.0],""heavy_atoms"":[2,36]}},""offline_seed"":""pubchem-registry-20260724-v1""}",verified,1
"1,1-dimethylpropyl 3,5,5-trimethylperoxyhexanoate",,"1,1-Dimethylpropyl 3,5,5-trimethylperoxyhexanoate",[],[],,154396,CCC(C)(C)OOC(=O)CC(C)CC(C)(C)C,"InChI=1S/C14H28O3/c1-8-14(6,7)17-16-12(15)9-11(2)10-13(3,4)5/h11H,8-10H2,1-7H3",NMSKTCFOZXKENS-UHFFFAOYSA-N,C14H28O3,244.37499999999994,defined_single_substance,resolved,true,qsar,null,"{""identity_verification"":{""cid"":154396,""method"":""pubchem_cid_direct_structure"",""source"":""PubChem PUG REST"",""screening_envelope"":{""mw"":[30.0,500.0],""heavy_atoms"":[2,36]}},""offline_seed"":""pubchem-registry-20260724-v1""}",verified,1
"1,2,3-trichloropropane",,"1,2,3-Trichloropropane",[],[],,7285,ClCC(Cl)CCl,"InChI=1S/C3H5Cl3/c4-1-3(6)2-5/h3H,1-2H2",CFXQEHVMCRXUSD-UHFFFAOYSA-N,C3H5Cl3,147.43200000000002,defined_single_substance,resolved,true,qsar,null,"{""identity_verification"":{""cid"":7285,""method"":""pubchem_cid_direct_structure"",""source"":""PubChem PUG REST"",""screening_envelope"":{""mw"":[30.0,500.0],""heavy_atoms"":[2,36]}},""offline_seed"":""pubchem-registry-20260724-v1""}",verified,1
"1,2,4,5-tetrachloro-3-nitrobenzene",,"1,2,4,5-Tetrachloro-3-nitrobenzene",[],[],,8330,O=[N+]([O-])c1c(Cl)c(Cl)cc(Cl)c1Cl,InChI=1S/C6HCl4NO2/c7-2-1-3(8)5(10)6(4(2)9)11(12)13/h1H,XQTLDIFVVHJORV-UHFFFAOYSA-N,C6HCl4NO2,260.89099999999996,defined_single_substance,resolved,true,qsar,null,"{""identity_verification"":{""cid"":8330,""method"":""pubchem_cid_direct_structure"",""source"":""PubChem PUG REST"",""screening_envelope"":{""mw"":[30.0,500.0],""heavy_atoms"":[2,36]}},""offline_seed"":""pubchem-registry-20260724-v1""}",verified,1
"1,2,4-trichlorobenzene",,"1,2,4-Trichlorobenzene",[],[],,13,Clc1ccc(Cl)c(Cl)c1,InChI=1S/C6H3Cl3/c7-4-1-2-5(8)6(9)3-4/h1-3H,PBKONEOXTCPAFI-UHFFFAOYSA-N,C6H3Cl3,181.44899999999998,defined_single_substance,resolved,true,qsar,null,"{""identity_verification"":{""cid"":13,""method"":""pubchem_cid_direct_structure"",""source"":""PubChem PUG REST"",""screening_envelope"":{""mw"":[30.0,500.0],""heavy_atoms"":[2,36]}},""offline_seed"":""pubchem-registry-20260724-v1""}",verified,1
"1,2,4-trimethylbenzene",,"1,2,4-Trimethylbenzene",[],[],,7247,Cc1ccc(C)c(C)c1,"InChI=1S/C9H12/c1-7-4-5-8(2)9(3)6-7/h4-6H,1-3H3",GWHJZXXIDMPWGX-UHFFFAOYSA-N,C9H12,120.19499999999998,defined_single_substance,resolved,true,qsar,null,"{""identity_verification"":{""cid"":7247,""method"":""pubchem_cid_direct_structure"",""source"":""PubChem PUG REST"",""screening_envelope"":{""mw"":[30.0,500.0],""heavy_atoms"":[2,36]}},""offline_seed"":""pubchem-registry-20260724-v1""}",verified,1
"1,2-benzisothiazol-3(2h)-one",,"1,2-Benzisothiazol-3(2H)-one",[],[],,17520,O=c1[nH]sc2ccccc12,"InChI=1S/C7H5NOS/c9-7-5-3-1-2-4-6(5)10-8-7/h1-4H,(H,8,9)",DMSMPAJRVJJAGA-UHFFFAOYSA-N,C7H5NOS,151.18999999999997,defined_single_substance,resolved,true,qsar,null,"{""identity_verification"":{""cid"":17520,""method"":""pubchem_cid_direct_structure"",""source"":""PubChem PUG REST"",""screening_envelope"":{""mw"":[30.0,500.0],""heavy_atoms"":[2,36]}},""offline_seed"":""pubchem-registry-20260724-v1""}",verified,1
"1,2-dibromo-3-chloropropane",,"1,2-Dibromo-3-Chloropropane",[],[],,7280,ClCC(Br)CBr,"InChI=1S/C3H5Br2Cl/c4-1-3(5)2-6/h3H,1-2H2",WBEJYOJJBDISQU-UHFFFAOYSA-N,C3H5Br2Cl,236.33399999999997,defined_single_substance,resolved,true,qsar,null,"{""identity_verification"":{""cid"":7280,""method"":""pubchem_cid_direct_structure"",""source"":""PubChem PUG REST"",""screening_envelope"":{""mw"":[30.0,500.0],""heavy_atoms"":[2,36]}},""offline_seed"":""pubchem-registry-20260724-v1""}",verified,1
"1,2-dibromoethane",,"1,2-Dibromoethane",[],[],,7839,BrCCBr,InChI=1S/C2H4Br2/c3-1-2-4/h1-2H2,PAAZPARNPHGIKF-UHFFFAOYSA-N,C2H4Br2,187.862,defined_single_substance,resolved,true,qsar,null,"{""identity_verification"":{""cid"":7839,""method"":""pubchem_cid_direct_structure"",""source"":""PubChem PUG REST"",""screening_envelope"":{""mw"":[30.0,500.0],""heavy_atoms"":[2,36]}},""offline_seed"":""pubchem-registry-20260724-v1""}",verified,1
"1,2-dichlorobenzene",,"1,2-Dichlorobenzene",[],[],,7239,Clc1ccccc1Cl,InChI=1S/C6H4Cl2/c7-5-3-1-2-4-6(5)8/h1-4H,RFFLAFLAYFXFSW-UHFFFAOYSA-N,C6H4Cl2,147.004,defined_single_substance,resolved,true,qsar,null,"{""identity_verification"":{""cid"":7239,""method"":""pubchem_cid_direct_structure"",""source"":""PubChem PUG REST"",""screening_envelope"":{""mw"":[30.0,500.0],""heavy_atoms"":[2,36]}},""offline_seed"":""pubchem-registry-20260724-v1""}",verified,1
"1,2-dichloroethane",,"1,2-Dichloroethane",[],[],,11,ClCCCl,InChI=1S/C2H4Cl2/c3-1-2-4/h1-2H2,WSLDOOZREJYCGB-UHFFFAOYSA-N,C2H4Cl2,98.96000000000001,defined_single_substance,resolved,true,qsar,null,"{""identity_verification"":{""cid"":11,""method"":""pubchem_cid_direct_structure"",""source"":""PubChem PUG REST"",""screening_envelope"":{""mw"":[30.0,500.0],""heavy_atoms"":[2,36]}},""offline_seed"":""pubchem-registry-20260724-v1""}",verified,1
"1,2-dichloroethylene",,"1,2-Dichloroethylene",[],[],,10900,ClC=CCl,InChI=1S/C2H2Cl2/c3-1-2-4/h1-2H,KFUSEUYYWQURPO-UHFFFAOYSA-N,C2H2Cl2,96.944,defined_single_substance,resolved,true,qsar,null,"{""identity_verification"":{""cid"":10900,""method"":""pubchem_cid_direct_structure"",""source"":""PubChem PUG REST"",""screening_envelope"":{""mw"":[30.0,500.0],""heavy_atoms"":[2,36]}},""offline_seed"":""pubchem-registry-20260724-v1""}",verified,1
"1,2-dichloropropane",,"1,2-Dichloropropane",[],[],,6564,CC(Cl)CCl,"InChI=1S/C3H6Cl2/c1-3(5)2-4/h3H,2H2,1H3",KNKRKFALVUDBJE-UHFFFAOYSA-N,C3H6Cl2,112.987,defined_single_substance,resolved,true,qsar,null,"{""identity_verification"":{""cid"":6564,""method"":""pubchem_cid_direct_structure"",""source"":""PubChem PUG REST"",""screening_envelope"":{""mw"":[30.0,500.0],""heavy_atoms"":[2,36]}},""offline_seed"":""pubchem-registry-20260724-v1""}",verified,1
"1,2-dihydro-6-hydroxy-4-methyl-1-[3-(1-methylethoxy)propyl]-2-oxo-3-pyridinecarbonitrile",,"1,2-Dihydro-6-hydroxy-4-methyl-1-[3-(1-methylethoxy)propyl]-2-oxo-3-pyridinecarbonitrile",[],[],,15868916,Cc1cc(=O)n(CCCOC(C)C)c(O)c1C#N,"InChI=1S/C13H18N2O3/c1-9(2)18-6-4-5-15-12(16)7-10(3)11(8-14)13(15)17/h7,9,17H,4-6H2,1-3H3",PTPMVSMJQWEBHQ-UHFFFAOYSA-N,C13H18N2O3,250.29799999999994,defined_single_substance,resolved,true,qsar,null,"{""identity_verification"":{""cid"":15868916,""method"":""pubchem_cid_direct_structure"",""source"":""PubChem PUG REST"",""screening_envelope"":{""mw"":[30.0,500.0],""heavy_atoms"":[2,36]}},""offline_seed"":""pubchem-registry-20260724-v1""}",verified,1
"1,2-dimethylhydrazine",,"1,2-Dimethylhydrazine",[],[],,1322,CNNC,"InChI=1S/C2H8N2/c1-3-4-2/h3-4H,1-2H3",DIIIISSCIXVANO-UHFFFAOYSA-N,C2H8N2,60.10000000000001,defined_single_substance,resolved,true,qsar,null,"{""identity_verification"":{""cid"":1322,""method"":""pubchem_cid_direct_structure"",""source"":""PubChem PUG REST"",""screening_envelope"":{""mw"":[30.0,500.0],""heavy_atoms"":[2,36]}},""offline_seed"":""pubchem-registry-20260724-v1""}",verified,1
"1,2-epoxybutane",,"1,2-Epoxybutane",[],[],,7834,CCC1CO1,"InChI=1S/C4H8O/c1-2-4-3-5-4/h4H,2-3H2,1H3",RBACIKXCRWGCBB-UHFFFAOYSA-N,C4H8O,72.107,defined_single_substance,resolved,true,qsar,null,"{""identity_verification"":{""cid"":7834,""method"":""pubchem_cid_direct_structure"",""source"":""PubChem PUG REST"",""screening_envelope"":{""mw"":[30.0,500.0],""heavy_atoms"":[2,36]}},""offline_seed"":""pubchem-registry-20260724-v1""}",verified,1
"1,3,5-trinitrobenzene",,"1,3,5-Trinitrobenzene",[],[],,7434,O=[N+]([O-])c1cc([N+](=O)[O-])cc([N+](=O)[O-])c1,InChI=1S/C6H3N3O6/c10-7(11)4-1-5(8(12)13)3-6(2-4)9(14)15/h1-3H,UATJOMSPNYCXIX-UHFFFAOYSA-N,C6H3N3O6,213.105,defined_single_substance,resolved,true,qsar,null,"{""identity_verification"":{""cid"":7434,""method"":""pubchem_cid_direct_structure"",""source"":""PubChem PUG REST"",""screening_envelope"":{""mw"":[30.0,500.0],""heavy_atoms"":[2,36]}},""offline_seed"":""pubchem-registry-20260724-v1""}",verified,1
"1,3-butylene glycol diacrylate",,"1,3-Butylene glycol diacrylate",[],[],,29635,C=CC(=O)OCCC(C)OC(=O)C=C,"InChI=1S/C10H14O4/c1-4-9(11)13-7-6-8(3)14-10(12)5-2/h4-5,8H,1-2,6-7H2,3H3",FQMIAEWUVYWVNB-UHFFFAOYSA-N,C10H14O4,198.21799999999996,defined_single_substance,resolved,true,qsar,null,"{""identity_verification"":{""cid"":29635,""method"":""pubchem_cid_direct_structure"",""source"":""PubChem PUG REST"",""screening_envelope"":{""mw"":[30.0,500.0],""heavy_atoms"":[2,36]}},""offline_seed"":""pubchem-registry-20260724-v1""}",verified,1
"1,3-dichloro-2-propanol",,"1,3-Dichloro-2-propanol",[],[],,7289,OC(CCl)CCl,"InChI=1S/C3H6Cl2O/c4-1-3(6)2-5/h3,6H,1-2H2",DEWLEGDTCGBNGU-UHFFFAOYSA-N,C3H6Cl2O,128.986,defined_single_substance,resolved,true,qsar,null,"{""identity_verification"":{""cid"":7289,""method"":""pubchem_cid_direct_structure"",""source"":""PubChem PUG REST"",""screening_envelope"":{""mw"":[30.0,500.0],""heavy_atoms"":[2,36]}},""offline_seed"":""pubchem-registry-20260724-v1""}",verified,1
"1,3-dichlorobenzene",,"1,3-Dichlorobenzene",[],[],,10943,Clc1cccc(Cl)c1,InChI=1S/C6H4Cl2/c7-5-2-1-3-6(8)4-5/h1-4H,ZPQOPVIELGIULI-UHFFFAOYSA-N,C6H4Cl2,147.004,defined_single_substance,resolved,true,qsar,null,"{""identity_verification"":{""cid"":10943,""method"":""pubchem_cid_direct_structure"",""source"":""PubChem PUG REST"",""screening_envelope"":{""mw"":[30.0,500.0],""heavy_atoms"":[2,36]}},""offline_seed"":""pubchem-registry-20260724-v1""}",verified,1
"1,3-dichloropropene",,"1,3-Dichloropropene",[],[],,24883,ClC=CCCl,"InChI=1S/C3H4Cl2/c4-2-1-3-5/h1-2H,3H2",UOORRWUZONOOLO-UHFFFAOYSA-N,C3H4Cl2,110.971,defined_single_substance,resolved,true,qsar,null,"{""identity_verification"":{""cid"":24883,""method"":""pubchem_cid_direct_structure"",""source"":""PubChem PUG REST"",""screening_envelope"":{""mw"":[30.0,500.0],""heavy_atoms"":[2,36]}},""offline_seed"":""pubchem-registry-20260724-v1""}",verified,1
"1,3-dioxane, 5-methyl-2-(2-methylpropyl)-, cis-",,"1,3-Dioxane, 5-methyl-2-(2-methylpropyl)-, cis-",[],[],,23513560,CC(C)CC1OCC(C)CO1,"InChI=1S/C9H18O2/c1-7(2)4-9-10-5-8(3)6-11-9/h7-9H,4-6H2,1-3H3",MBEPJPZPFKXSPV-UHFFFAOYSA-N,C9H18O2,158.24099999999999,defined_single_substance,resolved,true,qsar,null,"{""identity_verification"":{""cid"":23513560,""method"":""pubchem_cid_direct_structure"",""source"":""PubChem PUG REST"",""screening_envelope"":{""mw"":[30.0,500.0],""heavy_atoms"":[2,36]}},""offline_seed"":""pubchem-registry-20260724-v1""}",verified,1
"1,3-dioxolan-2-one, 4,4,5,5-tetrachloro-",,"1,3-Dioxolan-2-one, 4,4,5,5-tetrachloro-",[],[],,2724978,O=C1OC(Cl)(Cl)C(Cl)(Cl)O1,"InChI=1S/C3Cl4O3/c4-2(5)3(6,7)10-1(8)9-2",TXQPIYKVIOKFAB-UHFFFAOYSA-N,C3Cl4O3,225.84199999999998,defined_single_substance,resolved,true,qsar,null,"{""identity_verification"":{""cid"":2724978,""method"":""pubchem_cid_direct_structure"",""source"":""PubChem PUG REST"",""screening_envelope"":{""mw"":[30.0,500.0],""heavy_atoms"":[2,36]}},""offline_seed"":""pubchem-registry-20260724-v1""}",verified,1
"1,3-oxathiolane-2-carboxylic acid, 5-hydroxy-, (2r,5r)-rel-",,"1,3-Oxathiolane-2-carboxylic acid, 5-hydroxy-, (2R,5R)-rel-",[],[],,15216615,O=C(O)[C@H]1O[C@H](O)CS1,"InChI=1S/C4H6O4S/c5-2-1-9-4(8-2)3(6)7/h2,4-5H,1H2,(H,6,7)/t2-,4-/m0/s1",LOWHAEXKCMFUMV-OKKQSCSOSA-N,C4H6O4S,150.155,defined_single_substance,resolved,true,qsar,null,"{""identity_verification"":{""cid"":15216615,""method"":""pubchem_cid_direct_structure"",""source"":""PubChem PUG REST"",""screening_envelope"":{""mw"":[30.0,500.0],""heavy_atoms"":[2,36]}},""offline_seed"":""pubchem-registry-20260724-v1""}",verified,1
"1,3-propanediol",,"1,3-Propanediol",[],[],,10442,OCCCO,"InChI=1S/C3H8O2/c4-2-1-3-5/h4-5H,1-3H2",YPFDHNVEDLHUCE-UHFFFAOYSA-N,C3H8O2,76.095,defined_single_substance,resolved,true,qsar,null,"{""identity_verification"":{""cid"":10442,""method"":""pubchem_cid_direct_structure"",""source"":""PubChem PUG REST"",""screening_envelope"":{""mw"":[30.0,500.0],""heavy_atoms"":[2,36]}},""offline_seed"":""pubchem-registry-20260724-v1""}",verified,1
"1,4-butanediol",,"1,4-Butanediol",[],[],,8064,OCCCCO,"InChI=1S/C4H10O2/c5-3-1-2-4-6/h5-6H,1-4H2",WERYXYBDKMZEQL-UHFFFAOYSA-N,C4H10O2,90.122,defined_single_substance,resolved,true,qsar,null,"{""identity_verification"":{""cid"":8064,""method"":""pubchem_cid_direct_structure"",""source"":""PubChem PUG REST"",""screening_envelope"":{""mw"":[30.0,500.0],""heavy_atoms"":[2,36]}},""offline_seed"":""pubchem-registry-20260724-v1""}",verified,1
"1,4-butanediol diglycidyl ether",,"1,4-Butanediol diglycidyl ether",[],[],,17046,C(CCOCC1CO1)COCC1CO1,"InChI=1S/C10H18O4/c1(3-11-5-9-7-13-9)2-4-12-6-10-8-14-10/h9-10H,1-8H2",SHKUUQIDMUMQQK-UHFFFAOYSA-N,C10H18O4,202.24999999999997,defined_single_substance,resolved,true,qsar,null,"{""identity_verification"":{""cid"":17046,""method"":""pubchem_cid_direct_structure"",""source"":""PubChem PUG REST"",""screening_envelope"":{""mw"":[30.0,500.0],""heavy_atoms"":[2,36]}},""offline_seed"":""pubchem-registry-20260724-v1""}",verified,1
"1,4-dichloro-2-(1,1,2,3,3,3-hexafluoropropoxy)-5-nitrobenzene",,"1,4-Dichloro-2-(1,1,2,3,3,3-hexafluoropropoxy)-5-nitrobenzene",[],[],,17897697,O=[N+]([O-])c1cc(Cl)c(OC(F)(F)C(F)C(F)(F)F)cc1Cl,"InChI=1S/C9H3Cl2F6NO3/c10-3-2-6(4(11)1-5(3)18(19)20)21-9(16,17)7(12)8(13,14)15/h1-2,7H",WDTRKHSHZIJORU-UHFFFAOYSA-N,C9H3Cl2F6NO3,358.021,defined_single_substance,resolved,true,qsar,null,"{""identity_verification"":{""cid"":17897697,""method"":""pubchem_cid_direct_structure"",""source"":""PubChem PUG REST"",""screening_envelope"":{""mw"":[30.0,500.0],""heavy_atoms"":[2,36]}},""offline_seed"":""pubchem-registry-20260724-v1""}",verified,1
"1,4-dichloro-2-butene",,"1,4-Dichloro-2-butene",[],[],,15122,ClCC=CCCl,"InChI=1S/C4H6Cl2/c5-3-1-2-4-6/h1-2H,3-4H2",FQDIANVAWVHZIR-UHFFFAOYSA-N,C4H6Cl2,124.99799999999999,defined_single_substance,resolved,true,qsar,null,"{""identity_verification"":{""cid"":15122,""method"":""pubchem_cid_direct_structure"",""source"":""PubChem PUG REST"",""screening_envelope"":{""mw"":[30.0,500.0],""heavy_atoms"":[2,36]}},""offline_seed"":""pubchem-registry-20260724-v1""}",verified,1
"1,4-dichlorobenzene",,"1,4-Dichlorobenzene",[],[],,4685,Clc1ccc(Cl)cc1,InChI=1S/C6H4Cl2/c7-5-1-2-6(8)4-3-5/h1-4H,OCJBOOLMMGQPQU-UHFFFAOYSA-N,C6H4Cl2,147.004,defined_single_substance,resolved,true,qsar,null,"{""identity_verification"":{""cid"":4685,""method"":""pubchem_cid_direct_structure"",""source"":""PubChem PUG REST"",""screening_envelope"":{""mw"":[30.0,500.0],""heavy_atoms"":[2,36]}},""offline_seed"":""pubchem-registry-20260724-v1""}",verified,1
"1,4-dimethylcyclohexane",,"1,4-Dimethylcyclohexane",[],[],,11523,CC1CCC(C)CC1,"InChI=1S/C8H16/c1-7-3-5-8(2)6-4-7/h7-8H,3-6H2,1-2H3",QRMPKOFEUHIBNM-UHFFFAOYSA-N,C8H16,112.216,defined_single_substance,resolved,true,qsar,null,"{""identity_verification"":{""cid"":11523,""method"":""pubchem_cid_direct_structure"",""source"":""PubChem PUG REST"",""screening_envelope"":{""mw"":[30.0,500.0],""heavy_atoms"":[2,36]}},""offline_seed"":""pubchem-registry-20260724-v1""}",verified,1
"1,4-dioxane",,"1,4-Dioxane",[],[],,31275,C1COCCO1,InChI=1S/C4H8O2/c1-2-6-4-3-5-1/h1-4H2,RYHBNJHYFVUHQT-UHFFFAOYSA-N,C4H8O2,88.106,defined_single_substance,resolved,true,qsar,null,"{""identity_verification"":{""cid"":31275,""method"":""pubchem_cid_direct_structure"",""source"":""PubChem PUG REST"",""screening_envelope"":{""mw"":[30.0,500.0],""heavy_atoms"":[2,36]}},""offline_seed"":""pubchem-registry-20260724-v1""}",verified,1
"1,5-pentanediol, 2,4-diethyl-",,"1,5-Pentanediol, 2,4-diethyl-",[],[],,11344163,CCC(CO)CC(CC)CO,"InChI=1S/C9H20O2/c1-3-8(6-10)5-9(4-2)7-11/h8-11H,3-7H2,1-2H3",OJRJDENLRJHEJO-UHFFFAOYSA-N,C9H20O2,160.257,defined_single_substance,resolved,true,qsar,null,"{""identity_verification"":{""cid"":11344163,""method"":""pubchem_cid_direct_structure"",""source"":""PubChem PUG REST"",""screening_envelope"":{""mw"":[30.0,500.0],""heavy_atoms"":[2,36]}},""offline_seed"":""pubchem-registry-20260724-v1""}",verified,1
"1,6-bis(3,3-bis((1-methylpentylidenimino)propyl)ureido)hexane",,"1,6-Bis(3,3-bis((1-methylpentylidenimino)propyl)ureido)hexane",[],[],,165341011,CCCCC(C)=NCCCNC(=O)NCCCCCCNC(=O)NCCCN=C(C)CCCC,"InChI=1S/C26H52N6O2/c1-5-7-15-23(3)27-19-13-21-31-25(33)29-17-11-9-10-12-18-30-26(34)32-22-14-20-28-24(4)16-8-6-2/h5-22H2,1-4H3,(H2,29,31,33)(H2,30,32,34)",UTSLNPXBYAWVHZ-UHFFFAOYSA-N,C26H52N6O2,480.74200000000036,defined_single_substance,resolved,true,qsar,null,"{""identity_verification"":{""cid"":165341011,""method"":""pubchem_cid_direct_structure"",""source"":""PubChem PUG REST"",""screening_envelope"":{""mw"":[30.0,500.0],""heavy_atoms"":[2,36]}},""offline_seed"":""pubchem-registry-20260724-v1""}",verified,1
"1,6-hexanediol diacrylate",,"1,6-Hexanediol diacrylate",[],[],,25644,C=CC(=O)OCCCCCCOC(=O)C=C,"InChI=1S/C12H18O4/c1-3-11(13)15-9-7-5-6-8-10-16-12(14)4-2/h3-4H,1-2,5-10H2",FIHBHSQYSYVZQE-UHFFFAOYSA-N,C12H18O4,226.27199999999996,defined_single_substance,resolved,true,qsar,null,"{""identity_verification"":{""cid"":25644,""method"":""pubchem_cid_direct_structure"",""source"":""PubChem PUG REST"",""screening_envelope"":{""mw"":[30.0,500.0],""heavy_atoms"":[2,36]}},""offline_seed"":""pubchem-registry-20260724-v1""}",verified,1
"1,9-cyclohexadecadiene",,"1,9-Cyclohexadecadiene",[],[],,44148196,C1=C\CCCCCC/C=C\CCCCCC/1,"InChI=1S/C16H28/c1-2-4-6-8-10-12-14-16-15-13-11-9-7-5-3-1/h1-2,15-16H,3-14H2/b2-1-,16-15-",QCSDLMPAQMQZOE-QSWGICILSA-N,C16H28,220.39999999999995,defined_single_substance,resolved,true,qsar,null,"{""identity_verification"":{""cid"":44148196,""method"":""pubchem_cid_direct_structure"",""source"":""PubChem PUG REST"",""screening_envelope"":{""mw"":[30.0,500.0],""heavy_atoms"":[2,36]}},""offline_seed"":""pubchem-registry-20260724-v1""}",verified,1
"1-((2-quinolinyl-carbonyl)oxy)-2,5-pyrrolidinedione",,"1-((2-Quinolinyl-carbonyl)oxy)-2,5-pyrrolidinedione",[],[],,10923604,O=C(ON1C(=O)CCC1=O)c1ccc2ccccc2n1,"InChI=1S/C14H10N2O4/c17-12-7-8-13(18)16(12)20-14(19)11-6-5-9-3-1-2-4-10(9)15-11/h1-6H,7-8H2",IMTUBZOIPOXUTD-UHFFFAOYSA-N,C14H10N2O4,270.24399999999997,defined_single_substance,resolved,true,qsar,null,"{""identity_verification"":{""cid"":10923604,""method"":""pubchem_cid_direct_structure"",""source"":""PubChem PUG REST"",""screening_envelope"":{""mw"":[30.0,500.0],""heavy_atoms"":[2,36]}},""offline_seed"":""pubchem-registry-20260724-v1""}",verified,1
1-(1-isocyanato-1-methylethyl)-3-(1-methylethenyl)benzene,,1-(1-Isocyanato-1-methylethyl)-3-(1-methylethenyl)benzene,[],[],,604152,C=C(C)c1cccc(C(C)(C)N=C=O)c1,"InChI=1S/C13H15NO/c1-10(2)11-6-5-7-12(8-11)13(3,4)14-9-15/h5-8H,1H2,2-4H3",ZVEMLYIXBCTVOF-UHFFFAOYSA-N,C13H15NO,201.26899999999995,defined_single_substance,resolved,true,qsar,null,"{""identity_verification"":{""cid"":604152,""method"":""pubchem_cid_direct_structure"",""source"":""PubChem PUG REST"",""screening_envelope"":{""mw"":[30.0,500.0],""heavy_atoms"":[2,36]}},""offline_seed"":""pubchem-registry-20260724-v1""}",verified,1
"1-(2,3-dihydro-1,3,3,6-tetramethyl-1-(1-methylethyl)-1h-inden-5-yl)ethanone",,"1-(2,3-Dihydro-1,3,3,6-tetramethyl-1-(1-methylethyl)-1H-inden-5-yl)ethanone",[],[],,5463809,CC(=O)c1cc2c(cc1C)C(C)(C(C)C)CC2(C)C,"InChI=1S/C18H26O/c1-11(2)18(7)10-17(5,6)15-9-14(13(4)19)12(3)8-16(15)18/h8-9,11H,10H2,1-7H3",HADLISHZBKJUMM-UHFFFAOYSA-N,C18H26O,258.4049999999999,defined_single_substance,resolved,true,qsar,null,"{""identity_verification"":{""cid"":5463809,""method"":""pubchem_cid_direct_structure"",""source"":""PubChem PUG REST"",""screening_envelope"":{""mw"":[30.0,500.0],""heavy_atoms"":[2,36]}},""offline_seed"":""pubchem-registry-20260724-v1""}",verified,1
1-(2-bromoethoxy)-2-methoxybenzene,,1-(2-Bromoethoxy)-2-methoxybenzene,[],[],,1799099,COc1ccccc1OCCBr,"InChI=1S/C9H11BrO2/c1-11-8-4-2-3-5-9(8)12-7-6-10/h2-5H,6-7H2,1H3",PBRPKYRJVDJZTF-UHFFFAOYSA-N,C9H11BrO2,231.08899999999994,defined_single_substance,resolved,true,qsar,null,"{""identity_verification"":{""cid"":1799099,""method"":""pubchem_cid_direct_structure"",""source"":""PubChem PUG REST"",""screening_envelope"":{""mw"":[30.0,500.0],""heavy_atoms"":[2,36]}},""offline_seed"":""pubchem-registry-20260724-v1""}",verified,1
1-(2-butoxypropoxy)propan-2-ol,,1-(2-Butoxypropoxy)propan-2-ol,[],[],,91121,CCCCOC(C)COCC(C)O,"InChI=1S/C10H22O3/c1-4-5-6-13-10(3)8-12-7-9(2)11/h9-11H,4-8H2,1-3H3",RUYKSFADZRVSQT-UHFFFAOYSA-N,C10H22O3,190.283,defined_single_substance,resolved,true,qsar,null,"{""identity_verification"":{""cid"":91121,""method"":""pubchem_cid_direct_structure"",""source"":""PubChem PUG REST"",""screening_envelope"":{""mw"":[30.0,500.0],""heavy_atoms"":[2,36]}},""offline_seed"":""pubchem-registry-20260724-v1""}",verified,1
1-(3-(dimethylamino)propyl)urea,,1-(3-(Dimethylamino)propyl)urea,[],[],,3084542,CN(C)CCCNC(N)=O,"InChI=1S/C6H15N3O/c1-9(2)5-3-4-8-6(7)10/h3-5H2,1-2H3,(H3,7,8,10)",IIVBUJGYWCCLNG-UHFFFAOYSA-N,C6H15N3O,145.206,defined_single_substance,resolved,true,qsar,null,"{""identity_verification"":{""cid"":3084542,""method"":""pubchem_cid_direct_structure"",""source"":""PubChem PUG REST"",""screening_envelope"":{""mw"":[30.0,500.0],""heavy_atoms"":[2,36]}},""offline_seed"":""pubchem-registry-20260724-v1""}",verified,1
1-(4-(acetyloxy)-3-((acetyloxy)methyl)phenyl)ethanone,,1-(4-(Acetyloxy)-3-((acetyloxy)methyl)phenyl)ethanone,[],[],,154871,CC(=O)OCc1cc(C(C)=O)ccc1OC(C)=O,"InChI=1S/C13H14O5/c1-8(14)11-4-5-13(18-10(3)16)12(6-11)7-17-9(2)15/h4-6H,7H2,1-3H3",FMKMEWWKBLDKST-UHFFFAOYSA-N,C13H14O5,250.24999999999991,defined_single_substance,resolved,true,qsar,null,"{""identity_verification"":{""cid"":154871,""method"":""pubchem_cid_direct_structure"",""source"":""PubChem PUG REST"",""screening_envelope"":{""mw"":[30.0,500.0],""heavy_atoms"":[2,36]}},""offline_seed"":""pubchem-registry-20260724-v1""}",verified,1
1-(4-(trans-4-butylcyclohexyl)phenyl)ethanone,,1-(4-(trans-4-Butylcyclohexyl)phenyl)ethanone,[],[],,3104713,CCCCC1CCC(c2ccc(C(C)=O)cc2)CC1,"InChI=1S/C18H26O/c1-3-4-5-15-6-8-17(9-7-15)18-12-10-16(11-13-18)14(2)19/h10-13,15,17H,3-9H2,1-2H3",JSSOGWPPKQYPSP-UHFFFAOYSA-N,C18H26O,258.405,defined_single_substance,resolved,true,qsar,null,"{""identity_verification"":{""cid"":3104713,""method"":""pubchem_cid_direct_structure"",""source"":""PubChem PUG REST"",""screening_envelope"":{""mw"":[30.0,500.0],""heavy_atoms"":[2,36]}},""offline_seed"":""pubchem-registry-20260724-v1""}",verified,1
1-(chlorophenylmethyl)-2-methylbenzene,,1-(Chlorophenylmethyl)-2-methylbenzene,[],[],,10798787,Cc1ccccc1C(Cl)c1ccccc1,"InChI=1S/C14H13Cl/c1-11-7-5-6-10-13(11)14(15)12-8-3-2-4-9-12/h2-10,14H,1H3",VTZTUKIBJQCCMO-UHFFFAOYSA-N,C14H13Cl,216.711,defined_single_substance,resolved,true,qsar,null,"{""identity_verification"":{""cid"":10798787,""method"":""pubchem_cid_direct_structure"",""source"":""PubChem PUG REST"",""screening_envelope"":{""mw"":[30.0,500.0],""heavy_atoms"":[2,36]}},""offline_seed"":""pubchem-registry-20260724-v1""}",verified,1
1-(mercaptomethyl)cyclopropaneacetic acid,,1-(Mercaptomethyl)cyclopropaneacetic acid,[],[],,9793825,O=C(O)CC1(CS)CC1,"InChI=1S/C6H10O2S/c7-5(8)3-6(4-9)1-2-6/h9H,1-4H2,(H,7,8)",VFAXPOVKNPTBTM-UHFFFAOYSA-N,C6H10O2S,146.21099999999998,defined_single_substance,resolved,true,qsar,null,"{""identity_verification"":{""cid"":9793825,""method"":""pubchem_cid_direct_structure"",""source"":""PubChem PUG REST"",""screening_envelope"":{""mw"":[30.0,500.0],""heavy_atoms"":[2,36]}},""offline_seed"":""pubchem-registry-20260724-v1""}",verified,1
1-(phenylazo)-2-naphthol,,1-(Phenylazo)-2-naphthol,[],[],,13297,Oc1ccc2ccccc2c1N=Nc1ccccc1,"InChI=1S/C16H12N2O/c19-15-11-10-12-6-4-5-9-14(12)16(15)18-17-13-7-2-1-3-8-13/h1-11,19H",MRQIXHXHHPWVIL-UHFFFAOYSA-N,C16H12N2O,248.28500000000003,defined_single_substance,resolved,true,qsar,null,"{""identity_verification"":{""cid"":13297,""method"":""pubchem_cid_direct_structure"",""source"":""PubChem PUG REST"",""screening_envelope"":{""mw"":[30.0,500.0],""heavy_atoms"":[2,36]}},""offline_seed"":""pubchem-registry-20260724-v1""}",verified,1
1-[3-[(dimethylamino)methyl]-4-hydroxyphenyl]ethanone,,1-[3-[(Dimethylamino)methyl]-4-hydroxyphenyl]ethanone,[],[],,11252531,CC(=O)c1ccc(O)c(CN(C)C)c1,"InChI=1S/C11H15NO2/c1-8(13)9-4-5-11(14)10(6-9)7-12(2)3/h4-6,14H,7H2,1-3H3",WAENDPRPZPEBQR-UHFFFAOYSA-N,C11H15NO2,193.24599999999995,defined_single_substance,resolved,true,qsar,null,"{""identity_verification"":{""cid"":11252531,""method"":""pubchem_cid_direct_structure"",""source"":""PubChem PUG REST"",""screening_envelope"":{""mw"":[30.0,500.0],""heavy_atoms"":[2,36]}},""offline_seed"":""pubchem-registry-20260724-v1""}",verified,1
1-allyl-3-chloro-4-fluorobenzene,,1-Allyl-3-chloro-4-fluorobenzene,[],[],,2757597,C=CCc1ccc(F)c(Cl)c1,"InChI=1S/C9H8ClF/c1-2-3-7-4-5-9(11)8(10)6-7/h2,4-6H,1,3H2",LUVULFUQRHJDGP-UHFFFAOYSA-N,C9H8ClF,170.61399999999995,defined_single_substance,resolved,true,qsar,null,"{""identity_verification"":{""cid"":2757597,""method"":""pubchem_cid_direct_structure"",""source"":""PubChem PUG REST"",""screening_envelope"":{""mw"":[30.0,500.0],""heavy_atoms"":[2,36]}},""offline_seed"":""pubchem-registry-20260724-v1""}",verified,1
1-amino-2-propanol,,1-Amino-2-propanol,[],[],,4,CC(O)CN,"InChI=1S/C3H9NO/c1-3(5)2-4/h3,5H,2,4H2,1H3",HXKKHQJGJAFBHI-UHFFFAOYSA-N,C3H9NO,75.11099999999999,defined_single_substance,resolved,true,qsar,null,"{""identity_verification"":{""cid"":4,""method"":""pubchem_cid_direct_structure"",""source"":""PubChem PUG REST"",""screening_envelope"":{""mw"":[30.0,500.0],""heavy_atoms"":[2,36]}},""offline_seed"":""pubchem-registry-20260724-v1""}",verified,1
"1-benzylimidazolidine-2,4-dione",,"1-Benzylimidazolidine-2,4-dione",[],[],,2735485,O=C1CN(Cc2ccccc2)C(=O)N1,"InChI=1S/C10H10N2O2/c13-9-7-12(10(14)11-9)6-8-4-2-1-3-5-8/h1-5H,6-7H2,(H,11,13,14)",VJUNTPRQTFDQMF-UHFFFAOYSA-N,C10H10N2O2,190.20200000000003,defined_single_substance,resolved,true,qsar,null,"{""identity_verification"":{""cid"":2735485,""method"":""pubchem_cid_direct_structure"",""source"":""PubChem PUG REST"",""screening_envelope"":{""mw"":[30.0,500.0],""heavy_atoms"":[2,36]}},""offline_seed"":""pubchem-registry-20260724-v1""}",verified,1
1-bromo-2-methylpropyl propanoate,,1-Bromo-2-methylpropyl propanoate,[],[],,19094335,CCC(=O)OC(Br)C(C)C,"InChI=1S/C7H13BrO2/c1-4-6(9)10-7(8)5(2)3/h5,7H,4H2,1-3H3",BGWYAZUHYJKMEJ-UHFFFAOYSA-N,C7H13BrO2,209.08299999999997,defined_single_substance,resolved,true,qsar,null,"{""identity_verification"":{""cid"":19094335,""method"":""pubchem_cid_direct_structure"",""source"":""PubChem PUG REST"",""screening_envelope"":{""mw"":[30.0,500.0],""heavy_atoms"":[2,36]}},""offline_seed"":""pubchem-registry-20260724-v1""}",verified,1
"1-bromo-3,4,5-trifluorobenzene",,"1-Bromo-3,4,5-trifluorobenzene",[],[],,611409,Fc1cc(Br)cc(F)c1F,InChI=1S/C6H2BrF3/c7-3-1-4(8)6(10)5(9)2-3/h1-2H,HKJCELUUIFFSIN-UHFFFAOYSA-N,C6H2BrF3,210.98,defined_single_substance,resolved,true,qsar,null,"{""identity_verification"":{""cid"":611409,""method"":""pubchem_cid_direct_structure"",""source"":""PubChem PUG REST"",""screening_envelope"":{""mw"":[30.0,500.0],""heavy_atoms"":[2,36]}},""offline_seed"":""pubchem-registry-20260724-v1""}",verified,1
"1-bromo-3,5-difluorobenzene",,"1-Bromo-3,5-difluorobenzene",[],[],,136313,Fc1cc(F)cc(Br)c1,InChI=1S/C6H3BrF2/c7-4-1-5(8)3-6(9)2-4/h1-3H,JHLKSIOJYMGSMB-UHFFFAOYSA-N,C6H3BrF2,192.99,defined_single_substance,resolved,true,qsar,null,"{""identity_verification"":{""cid"":136313,""method"":""pubchem_cid_direct_structure"",""source"":""PubChem PUG REST"",""screening_envelope"":{""mw"":[30.0,500.0],""heavy_atoms"":[2,36]}},""offline_seed"":""pubchem-registry-20260724-v1""}",verified,1
"1-bromo-9-(4,4,5,5,5-pentafluoropentylthio)nonane",,"1-Bromo-9-(4,4,5,5,5-pentafluoropentylthio)nonane",[],[],,22420832,FC(F)(F)C(F)(F)CCCSCCCCCCCCCBr,"InChI=1S/C14H24BrF5S/c15-10-6-4-2-1-3-5-7-11-21-12-8-9-13(16,17)14(18,19)20/h1-12H2",GDEVQDVVXJLJOX-UHFFFAOYSA-N,C14H24BrF5S,399.30700000000013,defined_single_substance,resolved,true,qsar,null,"{""identity_verification"":{""cid"":22420832,""method"":""pubchem_cid_direct_structure"",""source"":""PubChem PUG REST"",""screening_envelope"":{""mw"":[30.0,500.0],""heavy_atoms"":[2,36]}},""offline_seed"":""pubchem-registry-20260724-v1""}",verified,1
1-bromopropane,,1-Bromopropane,[],[],,7840,CCCBr,"InChI=1S/C3H7Br/c1-2-3-4/h2-3H2,1H3",CYNYIHKIEHGYOZ-UHFFFAOYSA-N,C3H7Br,122.993,defined_single_substance,resolved,true,qsar,null,"{""identity_verification"":{""cid"":7840,""method"":""pubchem_cid_direct_structure"",""source"":""PubChem PUG REST"",""screening_envelope"":{""mw"":[30.0,500.0],""heavy_atoms"":[2,36]}},""offline_seed"":""pubchem-registry-20260724-v1""}",verified,1
1-butanol,,1-Butanol,[],[],,263,CCCCO,"InChI=1S/C4H10O/c1-2-3-4-5/h5H,2-4H2,1H3",LRHPLDYGYMQRHN-UHFFFAOYSA-N,C4H10O,74.12299999999999,defined_single_substance,resolved,true,qsar,null,"{""identity_verification"":{""cid"":263,""method"":""pubchem_cid_direct_structure"",""source"":""PubChem PUG REST"",""screening_envelope"":{""mw"":[30.0,500.0],""heavy_atoms"":[2,36]}},""offline_seed"":""pubchem-registry-20260724-v1""}",verified,1
1-chloro-1-nitropropane,,1-Chloro-1-nitropropane,[],[],,11750,CCC(Cl)[N+](=O)[O-],"InChI=1S/C3H6ClNO2/c1-2-3(4)5(6)7/h3H,2H2,1H3",XEKUXTMJEFPWCG-UHFFFAOYSA-N,C3H6ClNO2,123.53899999999999,defined_single_substance,resolved,true,qsar,null,"{""identity_verification"":{""cid"":11750,""method"":""pubchem_cid_direct_structure"",""source"":""PubChem PUG REST"",""screening_envelope"":{""mw"":[30.0,500.0],""heavy_atoms"":[2,36]}},""offline_seed"":""pubchem-registry-20260724-v1""}",verified,1
"1-chloro-2,4-dinitrobenzene",,"1-Chloro-2,4-Dinitrobenzene",[],[],,6,O=[N+]([O-])c1ccc(Cl)c([N+](=O)[O-])c1,InChI=1S/C6H3ClN2O4/c7-5-2-1-4(8(10)11)3-6(5)9(12)13/h1-3H,VYZAHLCBVHPDDF-UHFFFAOYSA-N,C6H3ClN2O4,202.55299999999997,defined_single_substance,resolved,true,qsar,null,"{""identity_verification"":{""cid"":6,""method"":""pubchem_cid_direct_structure"",""source"":""PubChem PUG REST"",""screening_envelope"":{""mw"":[30.0,500.0],""heavy_atoms"":[2,36]}},""offline_seed"":""pubchem-registry-20260724-v1""}",verified,1
"1-chloro-4-(2,2,2-trichloro-1-(4-chlorophenyl)ethyl)benzene",,"1-Chloro-4-(2,2,2-trichloro-1-(4-chlorophenyl)ethyl)benzene",[],[],,3036,Clc1ccc(C(c2ccc(Cl)cc2)C(Cl)(Cl)Cl)cc1,"InChI=1S/C14H9Cl5/c15-11-5-1-9(2-6-11)13(14(17,18)19)10-3-7-12(16)8-4-10/h1-8,13H",YVGGHNCTFXOJCH-UHFFFAOYSA-N,C14H9Cl5,354.491,defined_single_substance,resolved,true,qsar,null,"{""identity_verification"":{""cid"":3036,""method"":""pubchem_cid_direct_structure"",""source"":""PubChem PUG REST"",""screening_envelope"":{""mw"":[30.0,500.0],""heavy_atoms"":[2,36]}},""offline_seed"":""pubchem-registry-20260724-v1""}",verified,1
1-chloro-4-nitrobenzene,,1-Chloro-4-nitrobenzene,[],[],,7474,O=[N+]([O-])c1ccc(Cl)cc1,InChI=1S/C6H4ClNO2/c7-5-1-3-6(4-2-5)8(9)10/h1-4H,CZGCEKJOLUNIFY-UHFFFAOYSA-N,C6H4ClNO2,157.55599999999998,defined_single_substance,resolved,true,qsar,null,"{""identity_verification"":{""cid"":7474,""method"":""pubchem_cid_direct_structure"",""source"":""PubChem PUG REST"",""screening_envelope"":{""mw"":[30.0,500.0],""heavy_atoms"":[2,36]}},""offline_seed"":""pubchem-registry-20260724-v1""}",verified,1
"1-chloro-n,n-diethyl-1,1-diphenyl-1-(phenylmethyl)phosphoramine",,"1-Chloro-N,N-diethyl-1,1-diphenyl-1-(phenylmethyl)phosphoramine",[],[],,21997974,CCN(CC)P(Cl)(Cc1ccccc1)(c1ccccc1)c1ccccc1,"InChI=1S/C23H27ClNP/c1-3-25(4-2)26(24,22-16-10-6-11-17-22,23-18-12-7-13-19-23)20-21-14-8-5-9-15-21/h5-19H,3-4,20H2,1-2H3",VVSMKQBEDGDJDV-UHFFFAOYSA-N,C23H27ClNP,383.90300000000013,defined_single_substance,resolved,true,qsar,null,"{""identity_verification"":{""cid"":21997974,""method"":""pubchem_cid_direct_structure"",""source"":""PubChem PUG REST"",""screening_envelope"":{""mw"":[30.0,500.0],""heavy_atoms"":[2,36]}},""offline_seed"":""pubchem-registry-20260724-v1""}",verified,1
1-chloroethyl cyclohexyl carbonate,,1-Chloroethyl Cyclohexyl Carbonate,[],[],,11229529,CC(Cl)OC(=O)OC1CCCCC1,"InChI=1S/C9H15ClO3/c1-7(10)12-9(11)13-8-5-3-2-4-6-8/h7-8H,2-6H2,1H3",ONZWFHWHTYZZLM-UHFFFAOYSA-N,C9H15ClO3,206.66899999999993,defined_single_substance,resolved,true,qsar,null,"{""identity_verification"":{""cid"":11229529,""method"":""pubchem_cid_direct_structure"",""source"":""PubChem PUG REST"",""screening_envelope"":{""mw"":[30.0,500.0],""heavy_atoms"":[2,36]}},""offline_seed"":""pubchem-registry-20260724-v1""}",verified,1
1-chloropentane,,1-Chloropentane,[],[],,10977,CCCCCCl,"InChI=1S/C5H11Cl/c1-2-3-4-5-6/h2-5H2,1H3",SQCZQTSHSZLZIQ-UHFFFAOYSA-N,C5H11Cl,106.596,defined_single_substance,resolved,true,qsar,null,"{""identity_verification"":{""cid"":10977,""method"":""pubchem_cid_direct_structure"",""source"":""PubChem PUG REST"",""screening_envelope"":{""mw"":[30.0,500.0],""heavy_atoms"":[2,36]}},""offline_seed"":""pubchem-registry-20260724-v1""}",verified,1
1-decanol,,1-Decanol,[],[],,8174,CCCCCCCCCCO,"InChI=1S/C10H22O/c1-2-3-4-5-6-7-8-9-10-11/h11H,2-10H2,1H3",MWKFXSUHUHTGQN-UHFFFAOYSA-N,C10H22O,158.285,defined_single_substance,resolved,true,qsar,null,"{""identity_verification"":{""cid"":8174,""method"":""pubchem_cid_direct_structure"",""source"":""PubChem PUG REST"",""screening_envelope"":{""mw"":[30.0,500.0],""heavy_atoms"":[2,36]}},""offline_seed"":""pubchem-registry-20260724-v1""}",verified,1
1-dodecanol,,1-Dodecanol,[],[],,8193,CCCCCCCCCCCCO,"InChI=1S/C12H26O/c1-2-3-4-5-6-7-8-9-10-11-12-13/h13H,2-12H2,1H3",LQZZUXJYWNFBMV-UHFFFAOYSA-N,C12H26O,186.33899999999997,defined_single_substance,resolved,true,qsar,null,"{""identity_verification"":{""cid"":8193,""method"":""pubchem_cid_direct_structure"",""source"":""PubChem PUG REST"",""screening_envelope"":{""mw"":[30.0,500.0],""heavy_atoms"":[2,36]}},""offline_seed"":""pubchem-registry-20260724-v1""}",verified,1
1-ethenyl-4-methylbenzene,,1-Ethenyl-4-methylbenzene,[],[],,12161,C=Cc1ccc(C)cc1,"InChI=1S/C9H10/c1-3-9-6-4-8(2)5-7-9/h3-7H,1H2,2H3",JLBJTVDPSNHSKJ-UHFFFAOYSA-N,C9H10,118.17899999999999,defined_single_substance,resolved,true,qsar,null,"{""identity_verification"":{""cid"":12161,""method"":""pubchem_cid_direct_structure"",""source"":""PubChem PUG REST"",""screening_envelope"":{""mw"":[30.0,500.0],""heavy_atoms"":[2,36]}},""offline_seed"":""pubchem-registry-20260724-v1""}",verified,1
"1-ethoxy-2,3-difluorobenzene",,"1-Ethoxy-2,3-Difluorobenzene",[],[],,2782928,CCOc1cccc(F)c1F,"InChI=1S/C8H8F2O/c1-2-11-7-5-3-4-6(9)8(7)10/h3-5H,2H2,1H3",AVOGLGBKOFOSBN-UHFFFAOYSA-N,C8H8F2O,158.14699999999996,defined_single_substance,resolved,true,qsar,null,"{""identity_verification"":{""cid"":2782928,""method"":""pubchem_cid_direct_structure"",""source"":""PubChem PUG REST"",""screening_envelope"":{""mw"":[30.0,500.0],""heavy_atoms"":[2,36]}},""offline_seed"":""pubchem-registry-20260724-v1""}",verified,1
1-hexanol,,1-Hexanol,[],[],,8103,CCCCCCO,"InChI=1S/C6H14O/c1-2-3-4-5-6-7/h7H,2-6H2,1H3",ZSIAUFGUXNUGDI-UHFFFAOYSA-N,C6H14O,102.17699999999999,defined_single_substance,resolved,true,qsar,null,"{""identity_verification"":{""cid"":8103,""method"":""pubchem_cid_direct_structure"",""source"":""PubChem PUG REST"",""screening_envelope"":{""mw"":[30.0,500.0],""heavy_atoms"":[2,36]}},""offline_seed"":""pubchem-registry-20260724-v1""}",verified,1
1-methylnaphthalene,,1-Methylnaphthalene,[],[],,7002,Cc1cccc2ccccc12,"InChI=1S/C11H10/c1-9-5-4-7-10-6-2-3-8-11(9)10/h2-8H,1H3",QPUYECUOLPXSFR-UHFFFAOYSA-N,C11H10,142.201,defined_single_substance,resolved,true,qsar,null,"{""identity_verification"":{""cid"":7002,""method"":""pubchem_cid_direct_structure"",""source"":""PubChem PUG REST"",""screening_envelope"":{""mw"":[30.0,500.0],""heavy_atoms"":[2,36]}},""offline_seed"":""pubchem-registry-20260724-v1""}",verified,1
1-methylpropyl nitrite,,1-Methylpropyl nitrite,[],[],,13544,CCC(C)ON=O,"InChI=1S/C4H9NO2/c1-3-4(2)7-5-6/h4H,3H2,1-2H3",NFGNZNFBQAGBJA-UHFFFAOYSA-N,C4H9NO2,103.121,defined_single_substance,resolved,true,qsar,null,"{""identity_verification"":{""cid"":13544,""method"":""pubchem_cid_direct_structure"",""source"":""PubChem PUG REST"",""screening_envelope"":{""mw"":[30.0,500.0],""heavy_atoms"":[2,36]}},""offline_seed"":""pubchem-registry-20260724-v1""}",verified,1
1-methylpyrene,,1-Methylpyrene,[],[],,16932,Cc1ccc2ccc3cccc4ccc1c2c34,"InChI=1S/C17H12/c1-11-5-6-14-8-7-12-3-2-4-13-9-10-15(11)17(14)16(12)13/h2-10H,1H3",KBSPJIWZDWBDGM-UHFFFAOYSA-N,C17H12,216.283,defined_single_substance,resolved,true,qsar,null,"{""identity_verification"":{""cid"":16932,""method"":""pubchem_cid_direct_structure"",""source"":""PubChem PUG REST"",""screening_envelope"":{""mw"":[30.0,500.0],""heavy_atoms"":[2,36]}},""offline_seed"":""pubchem-registry-20260724-v1""}",verified,1
1-naphthol,,1-Naphthol,[],[],,7005,Oc1cccc2ccccc12,"InChI=1S/C10H8O/c11-10-7-3-5-8-4-1-2-6-9(8)10/h1-7,11H",KJCVRFUGPWSIIH-UHFFFAOYSA-N,C10H8O,144.17299999999997,defined_single_substance,resolved,true,qsar,null,"{""identity_verification"":{""cid"":7005,""method"":""pubchem_cid_direct_structure"",""source"":""PubChem PUG REST"",""screening_envelope"":{""mw"":[30.0,500.0],""heavy_atoms"":[2,36]}},""offline_seed"":""pubchem-registry-20260724-v1""}",verified,1
1-nitropropane,,1-Nitropropane,[],[],,7903,CCC[N+](=O)[O-],"InChI=1S/C3H7NO2/c1-2-3-4(5)6/h2-3H2,1H3",JSZOAYXJRCEYSX-UHFFFAOYSA-N,C3H7NO2,89.09399999999998,defined_single_substance,resolved,true,qsar,null,"{""identity_verification"":{""cid"":7903,""method"":""pubchem_cid_direct_structure"",""source"":""PubChem PUG REST"",""screening_envelope"":{""mw"":[30.0,500.0],""heavy_atoms"":[2,36]}},""offline_seed"":""pubchem-registry-20260724-v1""}",verified,1
1-octanol,,1-Octanol,[],[],,957,CCCCCCCCO,"InChI=1S/C8H18O/c1-2-3-4-5-6-7-8-9/h9H,2-8H2,1H3",KBPLFHHGFOOTCA-UHFFFAOYSA-N,C8H18O,130.23100000000002,defined_single_substance,resolved,true,qsar,null,"{""identity_verification"":{""cid"":957,""method"":""pubchem_cid_direct_structure"",""source"":""PubChem PUG REST"",""screening_envelope"":{""mw"":[30.0,500.0],""heavy_atoms"":[2,36]}},""offline_seed"":""pubchem-registry-20260724-v1""}",verified,1
1-octylazepin-2-one,,1-Octylazepin-2-one,[],[],,2754067,CCCCCCCCN1CCCCCC1=O,"InChI=1S/C14H27NO/c1-2-3-4-5-6-9-12-15-13-10-7-8-11-14(15)16/h2-13H2,1H3",VKAMZEDHHWTTNZ-UHFFFAOYSA-N,C14H27NO,225.37599999999995,defined_single_substance,resolved,true,qsar,null,"{""identity_verification"":{""cid"":2754067,""method"":""pubchem_cid_direct_structure"",""source"":""PubChem PUG REST"",""screening_envelope"":{""mw"":[30.0,500.0],""heavy_atoms"":[2,36]}},""offline_seed"":""pubchem-registry-20260724-v1""}",verified,1
1-pentanethiol,,1-Pentanethiol,[],[],,8067,CCCCCS,"InChI=1S/C5H12S/c1-2-3-4-5-6/h6H,2-5H2,1H3",ZRKMQKLGEQPLNS-UHFFFAOYSA-N,C5H12S,104.218,defined_single_substance,resolved,true,qsar,null,"{""identity_verification"":{""cid"":8067,""method"":""pubchem_cid_direct_structure"",""source"":""PubChem PUG REST"",""screening_envelope"":{""mw"":[30.0,500.0],""heavy_atoms"":[2,36]}},""offline_seed"":""pubchem-registry-20260724-v1""}",verified,1
"1-penten-3-ol, 2-methyl-1-(methylbicyclo[2.2.1]hept-5-en-2-yl)-",,"1-Penten-3-ol, 2-methyl-1-(methylbicyclo[2.2.1]hept-5-en-2-yl)-",[],[],,6437247,CCC(O)/C(C)=C/C1(C)CC2C=CC1C2,"InChI=1S/C14H22O/c1-4-13(15)10(2)8-14(3)9-11-5-6-12(14)7-11/h5-6,8,11-13,15H,4,7,9H2,1-3H3/b10-8+",RZXAQFGBENAOAJ-CSKARUKUSA-N,C14H22O,206.329,defined_single_substance,resolved,true,qsar,null,"{""identity_verification"":{""cid"":6437247,""method"":""pubchem_cid_direct_structure"",""source"":""PubChem PUG REST"",""screening_envelope"":{""mw"":[30.0,500.0],""heavy_atoms"":[2,36]}},""offline_seed"":""pubchem-registry-20260724-v1""}",verified,1
1-phenyl-3-(p-toluenesulfonyl)urea,,1-Phenyl-3-(p-toluenesulfonyl)urea,[],[],,847415,Cc1ccc(S(=O)(=O)NC(=O)Nc2ccccc2)cc1,"InChI=1S/C14H14N2O3S/c1-11-7-9-13(10-8-11)20(18,19)16-14(17)15-12-5-3-2-4-6-12/h2-10H,1H3,(H2,15,16,17)",BBQLCKFJEDETJU-UHFFFAOYSA-N,C14H14N2O3S,290.344,defined_single_substance,resolved,true,qsar,null,"{""identity_verification"":{""cid"":847415,""method"":""pubchem_cid_direct_structure"",""source"":""PubChem PUG REST"",""screening_envelope"":{""mw"":[30.0,500.0],""heavy_atoms"":[2,36]}},""offline_seed"":""pubchem-registry-20260724-v1""}",verified,1
"1-propanethiol, 2,3-bis[(2-mercaptoethyl)thio]-",,"1-Propanethiol, 2,3-bis[(2-mercaptoethyl)thio]-",[],[],,21900456,SCCSCC(CS)SCCS,"InChI=1S/C7H16S5/c8-1-3-11-6-7(5-10)12-4-2-9/h7-10H,1-6H2",CEUQYYYUSUCFKP-UHFFFAOYSA-N,C7H16S5,260.53999999999996,defined_single_substance,resolved,true,qsar,null,"{""identity_verification"":{""cid"":21900456,""method"":""pubchem_cid_direct_structure"",""source"":""PubChem PUG REST"",""screening_envelope"":{""mw"":[30.0,500.0],""heavy_atoms"":[2,36]}},""offline_seed"":""pubchem-registry-20260724-v1""}",verified,1
1-propanol,,1-Propanol,[],[],,1031,CCCO,"InChI=1S/C3H8O/c1-2-3-4/h4H,2-3H2,1H3",BDERNNFJNOPAEC-UHFFFAOYSA-N,C3H8O,60.096,defined_single_substance,resolved,true,qsar,null,"{""identity_verification"":{""cid"":1031,""method"":""pubchem_cid_direct_structure"",""source"":""PubChem PUG REST"",""screening_envelope"":{""mw"":[30.0,500.0],""heavy_atoms"":[2,36]}},""offline_seed"":""pubchem-registry-20260724-v1""}",verified,1
1-propoxy-2-propanol,,1-Propoxy-2-propanol,[],[],,15286,CCCOCC(C)O,"InChI=1S/C6H14O2/c1-3-4-8-5-6(2)7/h6-7H,3-5H2,1-2H3",FENFUOGYJVOCRY-UHFFFAOYSA-N,C6H14O2,118.17599999999997,defined_single_substance,resolved,true,qsar,null,"{""identity_verification"":{""cid"":15286,""method"":""pubchem_cid_direct_structure"",""source"":""PubChem PUG REST"",""screening_envelope"":{""mw"":[30.0,500.0],""heavy_atoms"":[2,36]}},""offline_seed"":""pubchem-registry-20260724-v1""}",verified,1
1-tert-butoxy-2-propanol,,1-tert-Butoxy-2-propanol,[],[],,92629,CC(O)COC(C)(C)C,"InChI=1S/C7H16O2/c1-6(8)5-9-7(2,3)4/h6,8H,5H2,1-4H3",GQCZPFJGIXHZMB-UHFFFAOYSA-N,C7H16O2,132.203,defined_single_substance,resolved,true,qsar,null,"{""identity_verification"":{""cid"":92629,""method"":""pubchem_cid_direct_structure"",""source"":""PubChem PUG REST"",""screening_envelope"":{""mw"":[30.0,500.0],""heavy_atoms"":[2,36]}},""offline_seed"":""pubchem-registry-20260724-v1""}",verified,1
1-tetradecanol,,1-Tetradecanol,[],[],,8209,CCCCCCCCCCCCCCO,"InChI=1S/C14H30O/c1-2-3-4-5-6-7-8-9-10-11-12-13-14-15/h15H,2-14H2,1H3",HLZKNKRTKFSKGZ-UHFFFAOYSA-N,C14H30O,214.39299999999994,defined_single_substance,resolved,true,qsar,null,"{""identity_verification"":{""cid"":8209,""method"":""pubchem_cid_direct_structure"",""source"":""PubChem PUG REST"",""screening_envelope"":{""mw"":[30.0,500.0],""heavy_atoms"":[2,36]}},""offline_seed"":""pubchem-registry-20260724-v1""}",verified,1
"18-methylnonadecyl 2,2-dimethylpropanoate",,"18-Methylnonadecyl 2,2-dimethylpropanoate",[],[],,178374,CC(C)CCCCCCCCCCCCCCCCCOC(=O)C(C)(C)C,"InChI=1S/C25H50O2/c1-23(2)21-19-17-15-13-11-9-7-6-8-10-12-14-16-18-20-22-27-24(26)25(3,4)5/h23H,6-22H2,1-5H3",HLPUIYHSLAVSHY-UHFFFAOYSA-N,C25H50O2,382.6730000000001,defined_single_substance,resolved,true,qsar,null,"{""identity_verification"":{""cid"":178374,""method"":""pubchem_cid_direct_structure"",""source"":""PubChem PUG REST"",""screening_envelope"":{""mw"":[30.0,500.0],""heavy_atoms"":[2,36]}},""offline_seed"":""pubchem-registry-20260724-v1""}",verified,1
1h-benzotriazole,,1H-Benzotriazole,[],[],,7220,c1ccc2n[nH]nc2c1,"InChI=1S/C6H5N3/c1-2-4-6-5(3-1)7-9-8-6/h1-4H,(H,7,8,9)",QRUDEWIWKLJBPS-UHFFFAOYSA-N,C6H5N3,119.12699999999997,defined_single_substance,resolved,true,qsar,null,"{""identity_verification"":{""cid"":7220,""method"":""pubchem_cid_direct_structure"",""source"":""PubChem PUG REST"",""screening_envelope"":{""mw"":[30.0,500.0],""heavy_atoms"":[2,36]}},""offline_seed"":""pubchem-registry-20260724-v1""}",verified,1
2(5h)-furanone,,2(5H)-Furanone,[],[],,10341,O=C1C=CCO1,"InChI=1S/C4H4O2/c5-4-2-1-3-6-4/h1-2H,3H2",VIHAEDVKXSOUAT-UHFFFAOYSA-N,C4H4O2,84.07399999999998,defined_single_substance,resolved,true,qsar,null,"{""identity_verification"":{""cid"":10341,""method"":""pubchem_cid_direct_structure"",""source"":""PubChem PUG REST"",""screening_envelope"":{""mw"":[30.0,500.0],""heavy_atoms"":[2,36]}},""offline_seed"":""pubchem-registry-20260724-v1""}",verified,1
"2,2'-((3,3',5,5'-tetramethyl-(1,1'-biphenyl)-4,4'-diyl)-bis(oxymethylene))-bis-oxirane",,"2,2'-((3,3',5,5'-Tetramethyl-(1,1'-biphenyl)-4,4'-diyl)-bis(oxymethylene))-bis-oxirane",[],[],,10970275,Cc1cc(-c2cc(C)c(OCC3CO3)c(C)c2)cc(C)c1OCC1CO1,"InChI=1S/C22H26O4/c1-13-5-17(6-14(2)21(13)25-11-19-9-23-19)18-7-15(3)22(16(4)8-18)26-12-20-10-24-20/h5-8,19-20H,9-12H2,1-4H3",HRSLYNJTMYIRHM-UHFFFAOYSA-N,C22H26O4,354.44600000000014,defined_single_substance,resolved,true,qsar,null,"{""identity_verification"":{""cid"":10970275,""method"":""pubchem_cid_direct_structure"",""source"":""PubChem PUG REST"",""screening_envelope"":{""mw"":[30.0,500.0],""heavy_atoms"":[2,36]}},""offline_seed"":""pubchem-registry-20260724-v1""}",verified,1
"2,2'-[6-(methylsulfanyl)-1,3,5-triazine-2,4-diyl]bis(5-methoxyphenol)",,"2,2'-[6-(Methylsulfanyl)-1,3,5-triazine-2,4-diyl]bis(5-methoxyphenol)",[],[],,135507643,COc1ccc(-c2nc(SC)nc(-c3ccc(OC)cc3O)n2)c(O)c1,"InChI=1S/C18H17N3O4S/c1-24-10-4-6-12(14(22)8-10)16-19-17(21-18(20-16)26-3)13-7-5-11(25-2)9-15(13)23/h4-9,22-23H,1-3H3",AOFKXIRJCWKERQ-UHFFFAOYSA-N,C18H17N3O4S,371.41800000000006,defined_single_substance,resolved,true,qsar,null,"{""identity_verification"":{""cid"":135507643,""method"":""pubchem_cid_direct_structure"",""source"":""PubChem PUG REST"",""screening_envelope"":{""mw"":[30.0,500.0],""heavy_atoms"":[2,36]}},""offline_seed"":""pubchem-registry-20260724-v1""}",verified,1
"2,2'-diallyl-4,4'-sulfonyldiphenol",,"2,2'-Diallyl-4,4'-sulfonyldiphenol",[],[],,833466,C=CCc1cc(S(=O)(=O)c2ccc(O)c(CC=C)c2)ccc1O,"InChI=1S/C18H18O4S/c1-3-5-13-11-15(7-9-17(13)19)23(21,22)16-8-10-18(20)14(12-16)6-4-2/h3-4,7-12,19-20H,1-2,5-6H2",MTMKZABGIQJAEX-UHFFFAOYSA-N,C18H18O4S,330.40500000000003,defined_single_substance,resolved,true,qsar,null,"{""identity_verification"":{""cid"":833466,""method"":""pubchem_cid_direct_structure"",""source"":""PubChem PUG REST"",""screening_envelope"":{""mw"":[30.0,500.0],""heavy_atoms"":[2,36]}},""offline_seed"":""pubchem-registry-20260724-v1""}",verified,1
"2,2,4-trimethyl-4-phenyl-butane-nitrile",,"2,2,4-Trimethyl-4-phenyl-butane-nitrile",[],[],,156605,CC(CC(C)(C)C#N)c1ccccc1,"InChI=1S/C13H17N/c1-11(9-13(2,3)10-14)12-7-5-4-6-8-12/h4-8,11H,9H2,1-3H3",GWCCFAFCQHECBM-UHFFFAOYSA-N,C13H17N,187.28600000000003,defined_single_substance,resolved,true,qsar,null,"{""identity_verification"":{""cid"":156605,""method"":""pubchem_cid_direct_structure"",""source"":""PubChem PUG REST"",""screening_envelope"":{""mw"":[30.0,500.0],""heavy_atoms"":[2,36]}},""offline_seed"":""pubchem-registry-20260724-v1""}",verified,1
"2,2-bis(hydroxymethyl)butanoic acid",,"2,2-Bis(hydroxymethyl)butanoic acid",[],[],,3301396,CCC(CO)(CO)C(=O)O,"InChI=1S/C6H12O4/c1-2-6(3-7,4-8)5(9)10/h7-8H,2-4H2,1H3,(H,9,10)",JVYDLYGCSIHCMR-UHFFFAOYSA-N,C6H12O4,148.158,defined_single_substance,resolved,true,qsar,null,"{""identity_verification"":{""cid"":3301396,""method"":""pubchem_cid_direct_structure"",""source"":""PubChem PUG REST"",""screening_envelope"":{""mw"":[30.0,500.0],""heavy_atoms"":[2,36]}},""offline_seed"":""pubchem-registry-20260724-v1""}",verified,1
"2,2-dibromo-2-nitroethanol",,"2,2-Dibromo-2-nitroethanol",[],[],,93395,O=[N+]([O-])C(Br)(Br)CO,"InChI=1S/C2H3Br2NO3/c3-2(4,1-6)5(7)8/h6H,1H2",FMNZAHDAULEOSO-UHFFFAOYSA-N,C2H3Br2NO3,248.858,defined_single_substance,resolved,true,qsar,null,"{""identity_verification"":{""cid"":93395,""method"":""pubchem_cid_direct_structure"",""source"":""PubChem PUG REST"",""screening_envelope"":{""mw"":[30.0,500.0],""heavy_atoms"":[2,36]}},""offline_seed"":""pubchem-registry-20260724-v1""}",verified,1
"2,2-dichloro-1,3-benzodioxole",,"2,2-Dichloro-1,3-benzodioxole",[],[],,11041568,ClC1(Cl)Oc2ccccc2O1,InChI=1S/C7H4Cl2O2/c8-7(9)10-5-3-1-2-4-6(5)11-7/h1-4H,NMNKOUVBELKKTR-UHFFFAOYSA-N,C7H4Cl2O2,191.01299999999998,defined_single_substance,resolved,true,qsar,null,"{""identity_verification"":{""cid"":11041568,""method"":""pubchem_cid_direct_structure"",""source"":""PubChem PUG REST"",""screening_envelope"":{""mw"":[30.0,500.0],""heavy_atoms"":[2,36]}},""offline_seed"":""pubchem-registry-20260724-v1""}",verified,1
"2,2-dichloroethenyl 2-(ethylsulfinyl)ethyl methyl phosphate",,"2,2-Dichloroethenyl 2-(ethylsulfinyl)ethyl methyl phosphate",[],[],,81525,CCS(=O)CCOP(=O)(OC)OC=C(Cl)Cl,"InChI=1S/C7H13Cl2O5PS/c1-3-16(11)5-4-13-15(10,12-2)14-6-7(8)9/h6H,3-5H2,1-2H3",AACILMLPSLEQMF-UHFFFAOYSA-N,C7H13Cl2O5PS,311.12299999999993,defined_single_substance,resolved,true,qsar,null,"{""identity_verification"":{""cid"":81525,""method"":""pubchem_cid_direct_structure"",""source"":""PubChem PUG REST"",""screening_envelope"":{""mw"":[30.0,500.0],""heavy_atoms"":[2,36]}},""offline_seed"":""pubchem-registry-20260724-v1""}",verified,1
"2,3,4,5-tetrachlorobenzoyl chloride",,"2,3,4,5-Tetrachlorobenzoyl chloride",[],[],,5463797,O=C(Cl)c1cc(Cl)c(Cl)c(Cl)c1Cl,InChI=1S/C7HCl5O/c8-3-1-2(7(12)13)4(9)6(11)5(3)10/h1H,IROWIXYGGPOJFJ-UHFFFAOYSA-N,C7HCl5O,278.349,defined_single_substance,resolved,true,qsar,null,"{""identity_verification"":{""cid"":5463797,""method"":""pubchem_cid_direct_structure"",""source"":""PubChem PUG REST"",""screening_envelope"":{""mw"":[30.0,500.0],""heavy_atoms"":[2,36]}},""offline_seed"":""pubchem-registry-20260724-v1""}",verified,1
"2,3,4,6-tetrachlorophenol",,"2,3,4,6-Tetrachlorophenol",[],[],,6028,Oc1c(Cl)cc(Cl)c(Cl)c1Cl,"InChI=1S/C6H2Cl4O/c7-2-1-3(8)6(11)5(10)4(2)9/h1,11H",VGVRPFIJEJYOFN-UHFFFAOYSA-N,C6H2Cl4O,231.893,defined_single_substance,resolved,true,qsar,null,"{""identity_verification"":{""cid"":6028,""method"":""pubchem_cid_direct_structure"",""source"":""PubChem PUG REST"",""screening_envelope"":{""mw"":[30.0,500.0],""heavy_atoms"":[2,36]}},""offline_seed"":""pubchem-registry-20260724-v1""}",verified,1
"2,3,4-trichloro-1-butene",,"2,3,4-Trichloro-1-butene",[],[],,17073,C=C(Cl)C(Cl)CCl,"InChI=1S/C4H5Cl3/c1-3(6)4(7)2-5/h4H,1-2H2",WZUZDBPJFHQVJC-UHFFFAOYSA-N,C4H5Cl3,159.443,defined_single_substance,resolved,true,qsar,null,"{""identity_verification"":{""cid"":17073,""method"":""pubchem_cid_direct_structure"",""source"":""PubChem PUG REST"",""screening_envelope"":{""mw"":[30.0,500.0],""heavy_atoms"":[2,36]}},""offline_seed"":""pubchem-registry-20260724-v1""}",verified,1
"2,3,5,6-tetrafluorobenzoic acid",,"2,3,5,6-Tetrafluorobenzoic Acid",[],[],,567533,O=C(O)c1c(F)c(F)cc(F)c1F,"InChI=1S/C7H2F4O2/c8-2-1-3(9)6(11)4(5(2)10)7(12)13/h1H,(H,12,13)",KVLBXIOFJUWSJQ-UHFFFAOYSA-N,C7H2F4O2,194.08299999999997,defined_single_substance,resolved,true,qsar,null,"{""identity_verification"":{""cid"":567533,""method"":""pubchem_cid_direct_structure"",""source"":""PubChem PUG REST"",""screening_envelope"":{""mw"":[30.0,500.0],""heavy_atoms"":[2,36]}},""offline_seed"":""pubchem-registry-20260724-v1""}",verified,1
"2,3,5,6-tetrafluorobenzyl alcohol",,"2,3,5,6-Tetrafluorobenzyl alcohol",[],[],,2734029,OCc1c(F)c(F)cc(F)c1F,"InChI=1S/C7H4F4O/c8-4-1-5(9)7(11)3(2-12)6(4)10/h1,12H,2H2",AGWVQASYTKCTCC-UHFFFAOYSA-N,C7H4F4O,180.1,defined_single_substance,resolved,true,qsar,null,"{""identity_verification"":{""cid"":2734029,""method"":""pubchem_cid_direct_structure"",""source"":""PubChem PUG REST"",""screening_envelope"":{""mw"":[30.0,500.0],""heavy_atoms"":[2,36]}},""offline_seed"":""pubchem-registry-20260724-v1""}",verified,1
"2,3,6-trichlorobenzoic acid",,"2,3,6-Trichlorobenzoic acid",[],[],,5759,O=C(O)c1c(Cl)ccc(Cl)c1Cl,"InChI=1S/C7H3Cl3O2/c8-3-1-2-4(9)6(10)5(3)7(11)12/h1-2H,(H,11,12)",XZIDTOHMJBOSOX-UHFFFAOYSA-N,C7H3Cl3O2,225.458,defined_single_substance,resolved,true,qsar,null,"{""identity_verification"":{""cid"":5759,""method"":""pubchem_cid_direct_structure"",""source"":""PubChem PUG REST"",""screening_envelope"":{""mw"":[30.0,500.0],""heavy_atoms"":[2,36]}},""offline_seed"":""pubchem-registry-20260724-v1""}",verified,1
"2,3,7,8-tetrachlorodibenzo-p-dioxin",,"2,3,7,8-Tetrachlorodibenzo-P-Dioxin",[],[],,15625,Clc1cc2c(cc1Cl)Oc1cc(Cl)c(Cl)cc1O2,InChI=1S/C12H4Cl4O2/c13-5-1-9-10(2-6(5)14)18-12-4-8(16)7(15)3-11(12)17-9/h1-4H,HGUFODBRKLSHSI-UHFFFAOYSA-N,C12H4Cl4O2,321.97399999999993,defined_single_substance,resolved,true,qsar,null,"{""identity_verification"":{""cid"":15625,""method"":""pubchem_cid_direct_structure"",""source"":""PubChem PUG REST"",""screening_envelope"":{""mw"":[30.0,500.0],""heavy_atoms"":[2,36]}},""offline_seed"":""pubchem-registry-20260724-v1""}",verified,1
"2,3-dibromo-1-propanol",,"2,3-Dibromo-1-propanol",[],[],,7281,OCC(Br)CBr,"InChI=1S/C3H6Br2O/c4-1-3(5)2-6/h3,6H,1-2H2",QWVCIORZLNBIIC-UHFFFAOYSA-N,C3H6Br2O,217.88799999999998,defined_single_substance,resolved,true,qsar,null,"{""identity_verification"":{""cid"":7281,""method"":""pubchem_cid_direct_structure"",""source"":""PubChem PUG REST"",""screening_envelope"":{""mw"":[30.0,500.0],""heavy_atoms"":[2,36]}},""offline_seed"":""pubchem-registry-20260724-v1""}",verified,1
"2,3-dichloropropene",,"2,3-Dichloropropene",[],[],,6565,C=C(Cl)CCl,InChI=1S/C3H4Cl2/c1-3(5)2-4/h1-2H2,FALCMQXTWHPRIH-UHFFFAOYSA-N,C3H4Cl2,110.971,defined_single_substance,resolved,true,qsar,null,"{""identity_verification"":{""cid"":6565,""method"":""pubchem_cid_direct_structure"",""source"":""PubChem PUG REST"",""screening_envelope"":{""mw"":[30.0,500.0],""heavy_atoms"":[2,36]}},""offline_seed"":""pubchem-registry-20260724-v1""}",verified,1
"2,3-dihydrofarnesal",,"2,3-Dihydrofarnesal",[],[],,53427323,CC(C)=CCCC(C)=CCCC(C)CC=O,"InChI=1S/C15H26O/c1-13(2)7-5-8-14(3)9-6-10-15(4)11-12-16/h7,9,12,15H,5-6,8,10-11H2,1-4H3",ITBYWGRSPHMAEE-UHFFFAOYSA-N,C15H26O,222.37199999999999,defined_single_substance,resolved,true,qsar,null,"{""identity_verification"":{""cid"":53427323,""method"":""pubchem_cid_direct_structure"",""source"":""PubChem PUG REST"",""screening_envelope"":{""mw"":[30.0,500.0],""heavy_atoms"":[2,36]}},""offline_seed"":""pubchem-registry-20260724-v1""}",verified,1
"2,3-dinitrotoluene",,"2,3-Dinitrotoluene",[],[],,11761,Cc1cccc([N+](=O)[O-])c1[N+](=O)[O-],"InChI=1S/C7H6N2O4/c1-5-3-2-4-6(8(10)11)7(5)9(12)13/h2-4H,1H3",DYSXLQBUUOPLBB-UHFFFAOYSA-N,C7H6N2O4,182.13499999999996,defined_single_substance,resolved,true,qsar,null,"{""identity_verification"":{""cid"":11761,""method"":""pubchem_cid_direct_structure"",""source"":""PubChem PUG REST"",""screening_envelope"":{""mw"":[30.0,500.0],""heavy_atoms"":[2,36]}},""offline_seed"":""pubchem-registry-20260724-v1""}",verified,1
"2,3-pentanedione",,"2,3-Pentanedione",[],[],,11747,CCC(=O)C(C)=O,"InChI=1S/C5H8O2/c1-3-5(7)4(2)6/h3H2,1-2H3",TZMFJUDUGYTVRY-UHFFFAOYSA-N,C5H8O2,100.11699999999999,defined_single_substance,resolved,true,qsar,null,"{""identity_verification"":{""cid"":11747,""method"":""pubchem_cid_direct_structure"",""source"":""PubChem PUG REST"",""screening_envelope"":{""mw"":[30.0,500.0],""heavy_atoms"":[2,36]}},""offline_seed"":""pubchem-registry-20260724-v1""}",verified,1
"2,4,5-trichlorophenol",,"2,4,5-Trichlorophenol",[],[],,7271,Oc1cc(Cl)c(Cl)cc1Cl,"InChI=1S/C6H3Cl3O/c7-3-1-5(9)6(10)2-4(3)8/h1-2,10H",LHJGJYXLEPZJPM-UHFFFAOYSA-N,C6H3Cl3O,197.448,defined_single_substance,resolved,true,qsar,null,"{""identity_verification"":{""cid"":7271,""method"":""pubchem_cid_direct_structure"",""source"":""PubChem PUG REST"",""screening_envelope"":{""mw"":[30.0,500.0],""heavy_atoms"":[2,36]}},""offline_seed"":""pubchem-registry-20260724-v1""}",verified,1
"2,4,6-tri-tert-butylphenyl cyclic butylethylpropanediyl phosphite",,"2,4,6-Tri-tert-butylphenyl cyclic butylethylpropanediyl phosphite",[],[],,10961369,CCCCC1(CC)COP(Oc2c(C(C)(C)C)cc(C(C)(C)C)cc2C(C)(C)C)OC1,"InChI=1S/C27H47O3P/c1-12-14-15-27(13-2)18-28-31(29-19-27)30-23-21(25(6,7)8)16-20(24(3,4)5)17-22(23)26(9,10)11/h16-17H,12-15,18-19H2,1-11H3",HVDJXXVDNDLBQY-UHFFFAOYSA-N,C27H47O3P,450.6440000000003,defined_single_substance,resolved,true,qsar,null,"{""identity_verification"":{""cid"":10961369,""method"":""pubchem_cid_direct_structure"",""source"":""PubChem PUG REST"",""screening_envelope"":{""mw"":[30.0,500.0],""heavy_atoms"":[2,36]}},""offline_seed"":""pubchem-registry-20260724-v1""}",verified,1
"2,4,6-trichlorophenol",,"2,4,6-Trichlorophenol",[],[],,6914,Oc1c(Cl)cc(Cl)cc1Cl,"InChI=1S/C6H3Cl3O/c7-3-1-4(8)6(10)5(9)2-3/h1-2,10H",LINPIYWFGCPVIE-UHFFFAOYSA-N,C6H3Cl3O,197.448,defined_single_substance,resolved,true,qsar,null,"{""identity_verification"":{""cid"":6914,""method"":""pubchem_cid_direct_structure"",""source"":""PubChem PUG REST"",""screening_envelope"":{""mw"":[30.0,500.0],""heavy_atoms"":[2,36]}},""offline_seed"":""pubchem-registry-20260724-v1""}",verified,1
"2,4,6-trimethylbenzophenone",,"2,4,6-Trimethylbenzophenone",[],[],,70380,Cc1cc(C)c(C(=O)c2ccccc2)c(C)c1,"InChI=1S/C16H16O/c1-11-9-12(2)15(13(3)10-11)16(17)14-7-5-4-6-8-14/h4-10H,1-3H3",HPAFOABSQZMTHE-UHFFFAOYSA-N,C16H16O,224.303,defined_single_substance,resolved,true,qsar,null,"{""identity_verification"":{""cid"":70380,""method"":""pubchem_cid_direct_structure"",""source"":""PubChem PUG REST"",""screening_envelope"":{""mw"":[30.0,500.0],""heavy_atoms"":[2,36]}},""offline_seed"":""pubchem-registry-20260724-v1""}",verified,1
"2,4,6-trimethylbenzoyl diphenylphosphine oxide",,"2,4,6-Trimethylbenzoyl diphenylphosphine oxide",[],[],,166480,Cc1cc(C)c(C(=O)P(=O)(c2ccccc2)c2ccccc2)c(C)c1,"InChI=1S/C22H21O2P/c1-16-14-17(2)21(18(3)15-16)22(23)25(24,19-10-6-4-7-11-19)20-12-8-5-9-13-20/h4-15H,1-3H3",VFHVQBAGLAREND-UHFFFAOYSA-N,C22H21O2P,348.38200000000006,defined_single_substance,resolved,true,qsar,null,"{""identity_verification"":{""cid"":166480,""method"":""pubchem_cid_direct_structure"",""source"":""PubChem PUG REST"",""screening_envelope"":{""mw"":[30.0,500.0],""heavy_atoms"":[2,36]}},""offline_seed"":""pubchem-registry-20260724-v1""}",verified,1
"2,4,6-trinitro-m-cresol",,"2,4,6-Trinitro-m-cresol",[],[],,11772,Cc1c([N+](=O)[O-])cc([N+](=O)[O-])c(O)c1[N+](=O)[O-],"InChI=1S/C7H5N3O7/c1-3-4(8(12)13)2-5(9(14)15)7(11)6(3)10(16)17/h2,11H,1H3",YYGJRRYSYLLCQH-UHFFFAOYSA-N,C7H5N3O7,243.13099999999997,defined_single_substance,resolved,true,qsar,null,"{""identity_verification"":{""cid"":11772,""method"":""pubchem_cid_direct_structure"",""source"":""PubChem PUG REST"",""screening_envelope"":{""mw"":[30.0,500.0],""heavy_atoms"":[2,36]}},""offline_seed"":""pubchem-registry-20260724-v1""}",verified,1
"2,4,6-trinitro-m-xylene",,"2,4,6-Trinitro-m-xylene",[],[],,69442,Cc1c([N+](=O)[O-])cc([N+](=O)[O-])c(C)c1[N+](=O)[O-],"InChI=1S/C8H7N3O6/c1-4-6(9(12)13)3-7(10(14)15)5(2)8(4)11(16)17/h3H,1-2H3",GGGVOOMKPJYWDF-UHFFFAOYSA-N,C8H7N3O6,241.15899999999996,defined_single_substance,resolved,true,qsar,null,"{""identity_verification"":{""cid"":69442,""method"":""pubchem_cid_direct_structure"",""source"":""PubChem PUG REST"",""screening_envelope"":{""mw"":[30.0,500.0],""heavy_atoms"":[2,36]}},""offline_seed"":""pubchem-registry-20260724-v1""}",verified,1
"2,4,6-trinitroanisole",,"2,4,6-Trinitroanisole",[],[],,11817,COc1c([N+](=O)[O-])cc([N+](=O)[O-])cc1[N+](=O)[O-],"InChI=1S/C7H5N3O7/c1-17-7-5(9(13)14)2-4(8(11)12)3-6(7)10(15)16/h2-3H,1H3",FMXDVBRYDYFVGS-UHFFFAOYSA-N,C7H5N3O7,243.13099999999997,defined_single_substance,resolved,true,qsar,null,"{""identity_verification"":{""cid"":11817,""method"":""pubchem_cid_direct_structure"",""source"":""PubChem PUG REST"",""screening_envelope"":{""mw"":[30.0,500.0],""heavy_atoms"":[2,36]}},""offline_seed"":""pubchem-registry-20260724-v1""}",verified,1
"2,4,6-trinitrotoluene",,"2,4,6-Trinitrotoluene",[],[],,8376,Cc1c([N+](=O)[O-])cc([N+](=O)[O-])cc1[N+](=O)[O-],"InChI=1S/C7H5N3O6/c1-4-6(9(13)14)2-5(8(11)12)3-7(4)10(15)16/h2-3H,1H3",SPSSULHKWOKEEL-UHFFFAOYSA-N,C7H5N3O6,227.13199999999998,defined_single_substance,resolved,true,qsar,null,"{""identity_verification"":{""cid"":8376,""method"":""pubchem_cid_direct_structure"",""source"":""PubChem PUG REST"",""screening_envelope"":{""mw"":[30.0,500.0],""heavy_atoms"":[2,36]}},""offline_seed"":""pubchem-registry-20260724-v1""}",verified,1
"2,4,6-tris((dimethylamino)methyl)phenol",,"2,4,6-Tris((dimethylamino)methyl)phenol",[],[],,7026,CN(C)Cc1cc(CN(C)C)c(O)c(CN(C)C)c1,"InChI=1S/C15H27N3O/c1-16(2)9-12-7-13(10-17(3)4)15(19)14(8-12)11-18(5)6/h7-8,19H,9-11H2,1-6H3",AHDSRXYHVZECER-UHFFFAOYSA-N,C15H27N3O,265.40099999999995,defined_single_substance,resolved,true,qsar,null,"{""identity_verification"":{""cid"":7026,""method"":""pubchem_cid_direct_structure"",""source"":""PubChem PUG REST"",""screening_envelope"":{""mw"":[30.0,500.0],""heavy_atoms"":[2,36]}},""offline_seed"":""pubchem-registry-20260724-v1""}",verified,1
"2,4-dichloro-3-ethyl-6-nitrophenol",,"2,4-Dichloro-3-ethyl-6-nitrophenol",[],[],,7020339,CCc1c(Cl)cc([N+](=O)[O-])c(O)c1Cl,"InChI=1S/C8H7Cl2NO3/c1-2-4-5(9)3-6(11(13)14)8(12)7(4)10/h3,12H,2H2,1H3",YTVCECQSAPGJBB-UHFFFAOYSA-N,C8H7Cl2NO3,236.05399999999997,defined_single_substance,resolved,true,qsar,null,"{""identity_verification"":{""cid"":7020339,""method"":""pubchem_cid_direct_structure"",""source"":""PubChem PUG REST"",""screening_envelope"":{""mw"":[30.0,500.0],""heavy_atoms"":[2,36]}},""offline_seed"":""pubchem-registry-20260724-v1""}",verified,1
"2,4-dichloro-3-ethylphenol",,"2,4-Dichloro-3-ethylphenol",[],[],,188723,CCc1c(Cl)ccc(O)c1Cl,"InChI=1S/C8H8Cl2O/c1-2-5-6(9)3-4-7(11)8(5)10/h3-4,11H,2H2,1H3",DEHWRJWKQDWKDP-UHFFFAOYSA-N,C8H8Cl2O,191.057,defined_single_substance,resolved,true,qsar,null,"{""identity_verification"":{""cid"":188723,""method"":""pubchem_cid_direct_structure"",""source"":""PubChem PUG REST"",""screening_envelope"":{""mw"":[30.0,500.0],""heavy_atoms"":[2,36]}},""offline_seed"":""pubchem-registry-20260724-v1""}",verified,1
"2,4-dichloro-5-fluorobenzoyl chloride",,"2,4-Dichloro-5-fluorobenzoyl chloride",[],[],,2736821,O=C(Cl)c1cc(F)c(Cl)cc1Cl,InChI=1S/C7H2Cl3FO/c8-4-2-5(9)6(11)1-3(4)7(10)12/h1-2H,RPZXUSJCSDQNTE-UHFFFAOYSA-N,C7H2Cl3FO,227.449,defined_single_substance,resolved,true,qsar,null,"{""identity_verification"":{""cid"":2736821,""method"":""pubchem_cid_direct_structure"",""source"":""PubChem PUG REST"",""screening_envelope"":{""mw"":[30.0,500.0],""heavy_atoms"":[2,36]}},""offline_seed"":""pubchem-registry-20260724-v1""}",verified,1
"2,4-dichlorophenol",,"2,4-Dichlorophenol",[],[],,8449,Oc1ccc(Cl)cc1Cl,"InChI=1S/C6H4Cl2O/c7-4-1-2-6(9)5(8)3-4/h1-3,9H",HFZWRUODUSTPEG-UHFFFAOYSA-N,C6H4Cl2O,163.003,defined_single_substance,resolved,true,qsar,null,"{""identity_verification"":{""cid"":8449,""method"":""pubchem_cid_direct_structure"",""source"":""PubChem PUG REST"",""screening_envelope"":{""mw"":[30.0,500.0],""heavy_atoms"":[2,36]}},""offline_seed"":""pubchem-registry-20260724-v1""}",verified,1
"2,4-dihydroxybenzophenone",,"2,4-Dihydroxybenzophenone",[],[],,8572,O=C(c1ccccc1)c1ccc(O)cc1O,"InChI=1S/C13H10O3/c14-10-6-7-11(12(15)8-10)13(16)9-4-2-1-3-5-9/h1-8,14-15H",ZXDDPOHVAMWLBH-UHFFFAOYSA-N,C13H10O3,214.22,defined_single_substance,resolved,true,qsar,null,"{""identity_verification"":{""cid"":8572,""method"":""pubchem_cid_direct_structure"",""source"":""PubChem PUG REST"",""screening_envelope"":{""mw"":[30.0,500.0],""heavy_atoms"":[2,36]}},""offline_seed"":""pubchem-registry-20260724-v1""}",verified,1
"2,4-dimethyl-6-(1-methylpentadecyl)phenol",,"2,4-Dimethyl-6-(1-methylpentadecyl)phenol",[],[],,164362,CCCCCCCCCCCCCCC(C)c1cc(C)cc(C)c1O,"InChI=1S/C24H42O/c1-5-6-7-8-9-10-11-12-13-14-15-16-17-21(3)23-19-20(2)18-22(4)24(23)25/h18-19,21,25H,5-17H2,1-4H3",TVWGHFVGFWIHFN-UHFFFAOYSA-N,C24H42O,346.59900000000005,defined_single_substance,resolved,true,qsar,null,"{""identity_verification"":{""cid"":164362,""method"":""pubchem_cid_direct_structure"",""source"":""PubChem PUG REST"",""screening_envelope"":{""mw"":[30.0,500.0],""heavy_atoms"":[2,36]}},""offline_seed"":""pubchem-registry-20260724-v1""}",verified,1
"2,4-dinitrophenol",,"2,4-Dinitrophenol",[],[],,1493,O=[N+]([O-])c1ccc(O)c([N+](=O)[O-])c1,"InChI=1S/C6H4N2O5/c9-6-2-1-4(7(10)11)3-5(6)8(12)13/h1-3,9H",UFBJCMHMOXMLKC-UHFFFAOYSA-N,C6H4N2O5,184.10699999999997,defined_single_substance,resolved,true,qsar,null,"{""identity_verification"":{""cid"":1493,""method"":""pubchem_cid_direct_structure"",""source"":""PubChem PUG REST"",""screening_envelope"":{""mw"":[30.0,500.0],""heavy_atoms"":[2,36]}},""offline_seed"":""pubchem-registry-20260724-v1""}",verified,1
"2,4-imidazolidinedione, 5-ethoxy-1-(phenylmethyl)-",,"2,4-Imidazolidinedione, 5-ethoxy-1-(phenylmethyl)-",[],[],,4079622,CCOC1C(=O)NC(=O)N1Cc1ccccc1,"InChI=1S/C12H14N2O3/c1-2-17-11-10(15)13-12(16)14(11)8-9-6-4-3-5-7-9/h3-7,11H,2,8H2,1H3,(H,13,15,16)",FUQZCDCFSMSNBP-UHFFFAOYSA-N,C12H14N2O3,234.25500000000002,defined_single_substance,resolved,true,qsar,null,"{""identity_verification"":{""cid"":4079622,""method"":""pubchem_cid_direct_structure"",""source"":""PubChem PUG REST"",""screening_envelope"":{""mw"":[30.0,500.0],""heavy_atoms"":[2,36]}},""offline_seed"":""pubchem-registry-20260724-v1""}",verified,1
"2,5,7,7-tetramethyloctanal",,"2,5,7,7-Tetramethyloctanal",[],[],,19981043,CC(C=O)CCC(C)CC(C)(C)C,"InChI=1S/C12H24O/c1-10(8-12(3,4)5)6-7-11(2)9-13/h9-11H,6-8H2,1-5H3",HZAYXCABCQOHLC-UHFFFAOYSA-N,C12H24O,184.32299999999998,defined_single_substance,resolved,true,qsar,null,"{""identity_verification"":{""cid"":19981043,""method"":""pubchem_cid_direct_structure"",""source"":""PubChem PUG REST"",""screening_envelope"":{""mw"":[30.0,500.0],""heavy_atoms"":[2,36]}},""offline_seed"":""pubchem-registry-20260724-v1""}",verified,1
"2,5-cyclohexadien-1-one, 2,6-bis(1,1-dimethylethyl)-4-(phenylmethylene)-",,"2,5-Cyclohexadien-1-one, 2,6-bis(1,1-dimethylethyl)-4-(phenylmethylene)-",[],[],,160881,CC(C)(C)C1=CC(=Cc2ccccc2)C=C(C(C)(C)C)C1=O,"InChI=1S/C21H26O/c1-20(2,3)17-13-16(12-15-10-8-7-9-11-15)14-18(19(17)22)21(4,5)6/h7-14H,1-6H3",HCUWXYBKPSKTAB-UHFFFAOYSA-N,C21H26O,294.43800000000005,defined_single_substance,resolved,true,qsar,null,"{""identity_verification"":{""cid"":160881,""method"":""pubchem_cid_direct_structure"",""source"":""PubChem PUG REST"",""screening_envelope"":{""mw"":[30.0,500.0],""heavy_atoms"":[2,36]}},""offline_seed"":""pubchem-registry-20260724-v1""}",verified,1
"2,5-dihydroxy-5-methyl-3-(4-morpholinyl)-2-cyclopenten-1-one",,"2,5-Dihydroxy-5-methyl-3-(4-morpholinyl)-2-cyclopenten-1-one",[],[],,22386242,CC1(O)CC(N2CCOCC2)=C(O)C1=O,"InChI=1S/C10H15NO4/c1-10(14)6-7(8(12)9(10)13)11-2-4-15-5-3-11/h12,14H,2-6H2,1H3",RQUYIFOAVPVRMZ-UHFFFAOYSA-N,C10H15NO4,213.23299999999995,defined_single_substance,resolved,true,qsar,null,"{""identity_verification"":{""cid"":22386242,""method"":""pubchem_cid_direct_structure"",""source"":""PubChem PUG REST"",""screening_envelope"":{""mw"":[30.0,500.0],""heavy_atoms"":[2,36]}},""offline_seed"":""pubchem-registry-20260724-v1""}",verified,1
"2,5-dinitrotoluene",,"2,5-Dinitrotoluene",[],[],,12075,Cc1cc([N+](=O)[O-])ccc1[N+](=O)[O-],"InChI=1S/C7H6N2O4/c1-5-4-6(8(10)11)2-3-7(5)9(12)13/h2-4H,1H3",KZBOXYKTSUUBTO-UHFFFAOYSA-N,C7H6N2O4,182.135,defined_single_substance,resolved,true,qsar,null,"{""identity_verification"":{""cid"":12075,""method"":""pubchem_cid_direct_structure"",""source"":""PubChem PUG REST"",""screening_envelope"":{""mw"":[30.0,500.0],""heavy_atoms"":[2,36]}},""offline_seed"":""pubchem-registry-20260724-v1""}",verified,1
"2,5-tetrahydrofurandimethanol",,"2,5-Tetrahydrofurandimethanol",[],[],,97792,OCC1CCC(CO)O1,"InChI=1S/C6H12O3/c7-3-5-1-2-6(4-8)9-5/h5-8H,1-4H2",YCZZQSFWHFBKMU-UHFFFAOYSA-N,C6H12O3,132.159,defined_single_substance,resolved,true,qsar,null,"{""identity_verification"":{""cid"":97792,""method"":""pubchem_cid_direct_structure"",""source"":""PubChem PUG REST"",""screening_envelope"":{""mw"":[30.0,500.0],""heavy_atoms"":[2,36]}},""offline_seed"":""pubchem-registry-20260724-v1""}",verified,1
"2,6,6,7,8,8-hexamethyldecahydro-2h-indeno[4,5-b]furan",,"2,6,6,7,8,8-Hexamethyldecahydro-2H-indeno[4,5-b]furan",[],[],,57357974,CC1CC2CCC3C(C2O1)C(C)(C)C(C)C3(C)C,"InChI=1S/C17H30O/c1-10-9-12-7-8-13-14(15(12)18-10)17(5,6)11(2)16(13,3)4/h10-15H,7-9H2,1-6H3",YFHKETGXYQOMGB-UHFFFAOYSA-N,C17H30O,250.42599999999996,defined_single_substance,resolved,true,qsar,null,"{""identity_verification"":{""cid"":57357974,""method"":""pubchem_cid_direct_structure"",""source"":""PubChem PUG REST"",""screening_envelope"":{""mw"":[30.0,500.0],""heavy_atoms"":[2,36]}},""offline_seed"":""pubchem-registry-20260724-v1""}",verified,1
"2,6-dimethylaniline",,"2,6-Dimethylaniline",[],[],,6896,Cc1cccc(C)c1N,"InChI=1S/C8H11N/c1-6-4-3-5-7(2)8(6)9/h3-5H,9H2,1-2H3",UFFBMTHBGFGIHF-UHFFFAOYSA-N,C8H11N,121.18299999999998,defined_single_substance,resolved,true,qsar,null,"{""identity_verification"":{""cid"":6896,""method"":""pubchem_cid_direct_structure"",""source"":""PubChem PUG REST"",""screening_envelope"":{""mw"":[30.0,500.0],""heavy_atoms"":[2,36]}},""offline_seed"":""pubchem-registry-20260724-v1""}",verified,1
"2,6-dinitrotoluene",,"2,6-Dinitrotoluene",[],[],,11813,Cc1c([N+](=O)[O-])cccc1[N+](=O)[O-],"InChI=1S/C7H6N2O4/c1-5-6(8(10)11)3-2-4-7(5)9(12)13/h2-4H,1H3",XTRDKALNCIHHNI-UHFFFAOYSA-N,C7H6N2O4,182.135,defined_single_substance,resolved,true,qsar,null,"{""identity_verification"":{""cid"":11813,""method"":""pubchem_cid_direct_structure"",""source"":""PubChem PUG REST"",""screening_envelope"":{""mw"":[30.0,500.0],""heavy_atoms"":[2,36]}},""offline_seed"":""pubchem-registry-20260724-v1""}",verified,1
"2,7,11-trimethyl-13-(2,6,6-trimethylcyclohex-1-en-1-yl)tridecahexaen-2,4,6,8,10,12-al",,"2,7,11-Trimethyl-13-(2,6,6-trimethylcyclohex-1-en-1-yl)tridecahexaen-2,4,6,8,10,12-al",[],[],,11142672,CC1=C(/C=C/C(C)=C/C=C/C(C)=C/C=C/C=C(\C)C=O)C(C)(C)CCC1,"InChI=1S/C25H34O/c1-20(11-7-8-12-22(3)19-26)13-9-14-21(2)16-17-24-23(4)15-10-18-25(24,5)6/h7-9,11-14,16-17,19H,10,15,18H2,1-6H3/b8-7+,13-9+,17-16+,20-11+,21-14+,22-12+",BQTOMHXDSCUCFR-PHPDKTIJSA-N,C25H34O,350.54600000000016,defined_single_substance,resolved,true,qsar,null,"{""identity_verification"":{""cid"":11142672,""method"":""pubchem_cid_direct_structure"",""source"":""PubChem PUG REST"",""screening_envelope"":{""mw"":[30.0,500.0],""heavy_atoms"":[2,36]}},""offline_seed"":""pubchem-registry-20260724-v1""}",verified,1
2-(((2-ethylcyclohexyl)oxy)methyl)oxirane,,2-(((2-Ethylcyclohexyl)oxy)methyl)oxirane,[],[],,24704778,CCC1CCCCC1OCC1CO1,"InChI=1S/C11H20O2/c1-2-9-5-3-4-6-11(9)13-8-10-7-12-10/h9-11H,2-8H2,1H3",HJNDMZXMHCYYHB-UHFFFAOYSA-N,C11H20O2,184.27899999999997,defined_single_substance,resolved,true,qsar,null,"{""identity_verification"":{""cid"":24704778,""method"":""pubchem_cid_direct_structure"",""source"":""PubChem PUG REST"",""screening_envelope"":{""mw"":[30.0,500.0],""heavy_atoms"":[2,36]}},""offline_seed"":""pubchem-registry-20260724-v1""}",verified,1
2-((2-(2-(dimethylamino)ethoxy)ethyl)(methyl)amino)ethanol,,2-((2-(2-(Dimethylamino)ethoxy)ethyl)(methyl)amino)ethanol,[],[],,3086157,CN(C)CCOCCN(C)CCO,"InChI=1S/C9H22N2O2/c1-10(2)5-8-13-9-6-11(3)4-7-12/h12H,4-9H2,1-3H3",NCUPDIHWMQEDPR-UHFFFAOYSA-N,C9H22N2O2,190.28699999999998,defined_single_substance,resolved,true,qsar,null,"{""identity_verification"":{""cid"":3086157,""method"":""pubchem_cid_direct_structure"",""source"":""PubChem PUG REST"",""screening_envelope"":{""mw"":[30.0,500.0],""heavy_atoms"":[2,36]}},""offline_seed"":""pubchem-registry-20260724-v1""}",verified,1
"2-(1-methylethyl)-1,3-dioxane-5-carboxylic acid",,"2-(1-Methylethyl)-1,3-dioxane-5-carboxylic acid",[],[],,19962532,CC(C)C1OCC(C(=O)O)CO1,"InChI=1S/C8H14O4/c1-5(2)8-11-3-6(4-12-8)7(9)10/h5-6,8H,3-4H2,1-2H3,(H,9,10)",LAMFNZWIXHJCMW-UHFFFAOYSA-N,C8H14O4,174.196,defined_single_substance,resolved,true,qsar,null,"{""identity_verification"":{""cid"":19962532,""method"":""pubchem_cid_direct_structure"",""source"":""PubChem PUG REST"",""screening_envelope"":{""mw"":[30.0,500.0],""heavy_atoms"":[2,36]}},""offline_seed"":""pubchem-registry-20260724-v1""}",verified,1
2-(1-methylpropyl)-4-tert-butylphenol,,2-(1-Methylpropyl)-4-tert-butylphenol,[],[],,526207,CCC(C)c1cc(C(C)(C)C)ccc1O,"InChI=1S/C14H22O/c1-6-10(2)12-9-11(14(3,4)5)7-8-13(12)15/h7-10,15H,6H2,1-5H3",JKFZLMPBXBMSPD-UHFFFAOYSA-N,C14H22O,206.32899999999998,defined_single_substance,resolved,true,qsar,null,"{""identity_verification"":{""cid"":526207,""method"":""pubchem_cid_direct_structure"",""source"":""PubChem PUG REST"",""screening_envelope"":{""mw"":[30.0,500.0],""heavy_atoms"":[2,36]}},""offline_seed"":""pubchem-registry-20260724-v1""}",verified,1
"2-(2,4-dichlorophenyl)-1-(1h-1,2,4-triazol-1-yl)pent-4-en-2-ol",,"2-(2,4-Dichlorophenyl)-1-(1H-1,2,4-triazol-1-yl)pent-4-en-2-ol",[],[],,11969522,C=CCC(O)(Cn1cncn1)c1ccc(Cl)cc1Cl,"InChI=1S/C13H13Cl2N3O/c1-2-5-13(19,7-18-9-16-8-17-18)11-4-3-10(14)6-12(11)15/h2-4,6,8-9,19H,1,5,7H2",LPNWYANEBGVEBX-UHFFFAOYSA-N,C13H13Cl2N3O,298.173,defined_single_substance,resolved,true,qsar,null,"{""identity_verification"":{""cid"":11969522,""method"":""pubchem_cid_direct_structure"",""source"":""PubChem PUG REST"",""screening_envelope"":{""mw"":[30.0,500.0],""heavy_atoms"":[2,36]}},""offline_seed"":""pubchem-registry-20260724-v1""}",verified,1
"2-(2,4-dichlorophenyl)-2-(2-propenyl)oxirane",,"2-(2,4-Dichlorophenyl)-2-(2-propenyl)oxirane",[],[],,5463810,C=CCC1(c2ccc(Cl)cc2Cl)CO1,"InChI=1S/C11H10Cl2O/c1-2-5-11(7-14-11)9-4-3-8(12)6-10(9)13/h2-4,6H,1,5,7H2",MXTPNUNSCNGUFB-UHFFFAOYSA-N,C11H10Cl2O,229.106,defined_single_substance,resolved,true,qsar,null,"{""identity_verification"":{""cid"":5463810,""method"":""pubchem_cid_direct_structure"",""source"":""PubChem PUG REST"",""screening_envelope"":{""mw"":[30.0,500.0],""heavy_atoms"":[2,36]}},""offline_seed"":""pubchem-registry-20260724-v1""}",verified,1
2-(2-(2-hydroxyethoxy)ethyl)-2-aza-bicyclo(2.2.1)heptane,,2-(2-(2-Hydroxyethoxy)ethyl)-2-aza-bicyclo(2.2.1)heptane,[],[],,19854916,OCCOCCN1CC2CCC1C2,"InChI=1S/C10H19NO2/c12-4-6-13-5-3-11-8-9-1-2-10(11)7-9/h9-10,12H,1-8H2",XHCXVEOOEJMFIP-UHFFFAOYSA-N,C10H19NO2,185.267,defined_single_substance,resolved,true,qsar,null,"{""identity_verification"":{""cid"":19854916,""method"":""pubchem_cid_direct_structure"",""source"":""PubChem PUG REST"",""screening_envelope"":{""mw"":[30.0,500.0],""heavy_atoms"":[2,36]}},""offline_seed"":""pubchem-registry-20260724-v1""}",verified,1
"2-(2-amino-1,3-thiazol-4-yl)-(z)-2-methoxyiminoacetyl chloride hydrochloride",,"2-(2-amino-1,3-thiazol-4-yl)-(Z)-2-methoxyiminoacetyl chloride hydrochloride",[],[],,22395241,CO/N=C(\C=O)c1csc(N)n1,"InChI=1S/C6H7N3O2S/c1-11-9-4(2-10)5-3-12-6(7)8-5/h2-3H,1H3,(H2,7,8)/b9-4+",LRGBSHQFAZWNDF-RUDMXATFSA-N,C6H7N3O2S,185.20799999999997,defined_single_substance,resolved,true,qsar,null,"{""identity_verification"":{""cid"":22395241,""method"":""pubchem_cid_direct_structure"",""source"":""PubChem PUG REST"",""screening_envelope"":{""mw"":[30.0,500.0],""heavy_atoms"":[2,36]}},""offline_seed"":""pubchem-registry-20260724-v1""}",verified,1
2-(2-bromo-2-nitroethenyl)furan,,2-(2-Bromo-2-nitroethenyl)furan,[],[],,14993941,O=[N+]([O-])/C(Br)=C/c1ccco1,InChI=1S/C6H4BrNO3/c7-6(8(9)10)4-5-2-1-3-11-5/h1-4H/b6-4+,MWBCFEHXWNHTDU-GQCTYLIASA-N,C6H4BrNO3,218.00599999999997,defined_single_substance,resolved,true,qsar,null,"{""identity_verification"":{""cid"":14993941,""method"":""pubchem_cid_direct_structure"",""source"":""PubChem PUG REST"",""screening_envelope"":{""mw"":[30.0,500.0],""heavy_atoms"":[2,36]}},""offline_seed"":""pubchem-registry-20260724-v1""}",verified,1
"2-(2-iodoethyl)-1,3-propanediol diacetate",,"2-(2-Iodoethyl)-1,3-propanediol diacetate",[],[],,153912,CC(=O)OCC(CCI)COC(C)=O,"InChI=1S/C9H15IO4/c1-7(11)13-5-9(3-4-10)6-14-8(2)12/h9H,3-6H2,1-2H3",BBRUXHDMYDKKTH-UHFFFAOYSA-N,C9H15IO4,314.1190000000001,defined_single_substance,resolved,true,qsar,null,"{""identity_verification"":{""cid"":153912,""method"":""pubchem_cid_direct_structure"",""source"":""PubChem PUG REST"",""screening_envelope"":{""mw"":[30.0,500.0],""heavy_atoms"":[2,36]}},""offline_seed"":""pubchem-registry-20260724-v1""}",verified,1
"2-(3,4-epoxycyclohexyl)ethyltriethoxy silane",,"2-(3,4-Epoxycyclohexyl)ethyltriethoxy silane",[],[],,154915,CCO[Si](CCC1CCC2OC2C1)(OCC)OCC,"InChI=1S/C14H28O4Si/c1-4-15-19(16-5-2,17-6-3)10-9-12-7-8-13-14(11-12)18-13/h12-14H,4-11H2,1-3H3",UDUKMRHNZZLJRB-UHFFFAOYSA-N,C14H28O4Si,288.46000000000004,defined_single_substance,resolved,true,qsar,null,"{""identity_verification"":{""cid"":154915,""method"":""pubchem_cid_direct_structure"",""source"":""PubChem PUG REST"",""screening_envelope"":{""mw"":[30.0,500.0],""heavy_atoms"":[2,36]}},""offline_seed"":""pubchem-registry-20260724-v1""}",verified,1
2-(3-bromophenoxy)tetrahydro-2h-pyran,,2-(3-Bromophenoxy)tetrahydro-2H-pyran,[],[],,5067264,Brc1cccc(OC2CCCCO2)c1,"InChI=1S/C11H13BrO2/c12-9-4-3-5-10(8-9)14-11-6-1-2-7-13-11/h3-5,8,11H,1-2,6-7H2",YDIPSMGGPVMCHP-UHFFFAOYSA-N,C11H13BrO2,257.12699999999995,defined_single_substance,resolved,true,qsar,null,"{""identity_verification"":{""cid"":5067264,""method"":""pubchem_cid_direct_structure"",""source"":""PubChem PUG REST"",""screening_envelope"":{""mw"":[30.0,500.0],""heavy_atoms"":[2,36]}},""offline_seed"":""pubchem-registry-20260724-v1""}",verified,1
2-(3-iodoprop-2-yn-1-yloxy)ethyl phenylcarbamate,,2-(3-Iodoprop-2-yn-1-yloxy)ethyl phenylcarbamate,[],[],,13241800,O=C(Nc1ccccc1)OCCOCC#CI,"InChI=1S/C12H12INO3/c13-7-4-8-16-9-10-17-12(15)14-11-5-2-1-3-6-11/h1-3,5-6H,8-10H2,(H,14,15)",IQHXIOPNLHFUHG-UHFFFAOYSA-N,C12H12INO3,345.1359999999999,defined_single_substance,resolved,true,qsar,null,"{""identity_verification"":{""cid"":13241800,""method"":""pubchem_cid_direct_structure"",""source"":""PubChem PUG REST"",""screening_envelope"":{""mw"":[30.0,500.0],""heavy_atoms"":[2,36]}},""offline_seed"":""pubchem-registry-20260724-v1""}",verified,1
2-(4-methyl-3-pentenyl)anthraquinone,,2-(4-Methyl-3-pentenyl)anthraquinone,[],[],,317256,CC(C)=CCCc1ccc2c(c1)C(=O)c1ccccc1C2=O,"InChI=1S/C20H18O2/c1-13(2)6-5-7-14-10-11-17-18(12-14)20(22)16-9-4-3-8-15(16)19(17)21/h3-4,6,8-12H,5,7H2,1-2H3",NQVBCGTZRWHVSY-UHFFFAOYSA-N,C20H18O2,290.3620000000001,defined_single_substance,resolved,true,qsar,null,"{""identity_verification"":{""cid"":317256,""method"":""pubchem_cid_direct_structure"",""source"":""PubChem PUG REST"",""screening_envelope"":{""mw"":[30.0,500.0],""heavy_atoms"":[2,36]}},""offline_seed"":""pubchem-registry-20260724-v1""}",verified,1
2-(diisopropylamino)ethyl methacrylate,,2-(Diisopropylamino)ethyl methacrylate,[],[],,28003,C=C(C)C(=O)OCCN(C(C)C)C(C)C,"InChI=1S/C12H23NO2/c1-9(2)12(14)15-8-7-13(10(3)4)11(5)6/h10-11H,1,7-8H2,2-6H3",SVYHMICYJHWXIN-UHFFFAOYSA-N,C12H23NO2,213.32099999999997,defined_single_substance,resolved,true,qsar,null,"{""identity_verification"":{""cid"":28003,""method"":""pubchem_cid_direct_structure"",""source"":""PubChem PUG REST"",""screening_envelope"":{""mw"":[30.0,500.0],""heavy_atoms"":[2,36]}},""offline_seed"":""pubchem-registry-20260724-v1""}",verified,1
2-(dimethylamino)ethanol,,2-(Dimethylamino)ethanol,[],[],,7902,CN(C)CCO,"InChI=1S/C4H11NO/c1-5(2)3-4-6/h6H,3-4H2,1-2H3",UEEJHVSXFDXPFK-UHFFFAOYSA-N,C4H11NO,89.13799999999999,defined_single_substance,resolved,true,qsar,null,"{""identity_verification"":{""cid"":7902,""method"":""pubchem_cid_direct_structure"",""source"":""PubChem PUG REST"",""screening_envelope"":{""mw"":[30.0,500.0],""heavy_atoms"":[2,36]}},""offline_seed"":""pubchem-registry-20260724-v1""}",verified,1
2-(formylamino)-3-thiophenecarboxylic acid,,2-(Formylamino)-3-thiophenecarboxylic acid,[],[],,3557280,O=CNc1sccc1C(=O)O,"InChI=1S/C6H5NO3S/c8-3-7-5-4(6(9)10)1-2-11-5/h1-3H,(H,7,8)(H,9,10)",ZWSJWGDWLCBNLV-UHFFFAOYSA-N,C6H5NO3S,171.177,defined_single_substance,resolved,true,qsar,null,"{""identity_verification"":{""cid"":3557280,""method"":""pubchem_cid_direct_structure"",""source"":""PubChem PUG REST"",""screening_envelope"":{""mw"":[30.0,500.0],""heavy_atoms"":[2,36]}},""offline_seed"":""pubchem-registry-20260724-v1""}",verified,1
2-(methylamino)ethanol,,2-(Methylamino)ethanol,[],[],,8016,CNCCO,"InChI=1S/C3H9NO/c1-4-2-3-5/h4-5H,2-3H2,1H3",OPKOKAMJFNKNAS-UHFFFAOYSA-N,C3H9NO,75.11099999999999,defined_single_substance,resolved,true,qsar,null,"{""identity_verification"":{""cid"":8016,""method"":""pubchem_cid_direct_structure"",""source"":""PubChem PUG REST"",""screening_envelope"":{""mw"":[30.0,500.0],""heavy_atoms"":[2,36]}},""offline_seed"":""pubchem-registry-20260724-v1""}",verified,1
2-(n-benzyl-n-methylamino)ethyl 3-amino-2-butenoate,,2-(N-Benzyl-N-methylamino)ethyl 3-amino-2-butenoate,[],[],,12529188,C/C(N)=C/C(=O)OCCN(C)Cc1ccccc1,"InChI=1S/C14H20N2O2/c1-12(15)10-14(17)18-9-8-16(2)11-13-6-4-3-5-7-13/h3-7,10H,8-9,11,15H2,1-2H3/b12-10-",UECDKJVOYBYWQP-BENRWUELSA-N,C14H20N2O2,248.32600000000002,defined_single_substance,resolved,true,qsar,null,"{""identity_verification"":{""cid"":12529188,""method"":""pubchem_cid_direct_structure"",""source"":""PubChem PUG REST"",""screening_envelope"":{""mw"":[30.0,500.0],""heavy_atoms"":[2,36]}},""offline_seed"":""pubchem-registry-20260724-v1""}",verified,1
2-(octylthio)ethanol,,2-(Octylthio)ethanol,[],[],,19079,CCCCCCCCSCCO,"InChI=1S/C10H22OS/c1-2-3-4-5-6-7-9-12-10-8-11/h11H,2-10H2,1H3",KXPXKNBDCUOENF-UHFFFAOYSA-N,C10H22OS,190.35199999999998,defined_single_substance,resolved,true,qsar,null,"{""identity_verification"":{""cid"":19079,""method"":""pubchem_cid_direct_structure"",""source"":""PubChem PUG REST"",""screening_envelope"":{""mw"":[30.0,500.0],""heavy_atoms"":[2,36]}},""offline_seed"":""pubchem-registry-20260724-v1""}",verified,1
2-(tert-butylamino)ethyl methacrylate,,2-(tert-Butylamino)ethyl methacrylate,[],[],,19601,C=C(C)C(=O)OCCNC(C)(C)C,"InChI=1S/C10H19NO2/c1-8(2)9(12)13-7-6-11-10(3,4)5/h11H,1,6-7H2,2-5H3",BEWCNXNIQCLWHP-UHFFFAOYSA-N,C10H19NO2,185.267,defined_single_substance,resolved,true,qsar,null,"{""identity_verification"":{""cid"":19601,""method"":""pubchem_cid_direct_structure"",""source"":""PubChem PUG REST"",""screening_envelope"":{""mw"":[30.0,500.0],""heavy_atoms"":[2,36]}},""offline_seed"":""pubchem-registry-20260724-v1""}",verified,1
2-amino-2-methyl-1-propanol,,2-Amino-2-methyl-1-propanol,[],[],,11807,CC(C)(N)CO,"InChI=1S/C4H11NO/c1-4(2,5)3-6/h6H,3,5H2,1-2H3",CBTVGIZVANVGBH-UHFFFAOYSA-N,C4H11NO,89.138,defined_single_substance,resolved,true,qsar,null,"{""identity_verification"":{""cid"":11807,""method"":""pubchem_cid_direct_structure"",""source"":""PubChem PUG REST"",""screening_envelope"":{""mw"":[30.0,500.0],""heavy_atoms"":[2,36]}},""offline_seed"":""pubchem-registry-20260724-v1""}",verified,1
2-amino-4-bromo-5-chlorobenzoic acid,,2-Amino-4-bromo-5-chlorobenzoic acid,[],[],,15311388,Nc1cc(Br)c(Cl)cc1C(=O)O,"InChI=1S/C7H5BrClNO2/c8-4-2-6(10)3(7(11)12)1-5(4)9/h1-2H,10H2,(H,11,12)",QLUCPCIKLHKGRW-UHFFFAOYSA-N,C7H5BrClNO2,250.47899999999998,defined_single_substance,resolved,true,qsar,null,"{""identity_verification"":{""cid"":15311388,""method"":""pubchem_cid_direct_structure"",""source"":""PubChem PUG REST"",""screening_envelope"":{""mw"":[30.0,500.0],""heavy_atoms"":[2,36]}},""offline_seed"":""pubchem-registry-20260724-v1""}",verified,1
2-azabicyclo(2.2.1)hept-5-en-3-one,,2-Azabicyclo(2.2.1)hept-5-en-3-one,[],[],,548678,O=C1NC2C=CC1C2,"InChI=1S/C6H7NO/c8-6-4-1-2-5(3-4)7-6/h1-2,4-5H,3H2,(H,7,8)",DDUFYKNOXPZZIW-UHFFFAOYSA-N,C6H7NO,109.12799999999999,defined_single_substance,resolved,true,qsar,null,"{""identity_verification"":{""cid"":548678,""method"":""pubchem_cid_direct_structure"",""source"":""PubChem PUG REST"",""screening_envelope"":{""mw"":[30.0,500.0],""heavy_atoms"":[2,36]}},""offline_seed"":""pubchem-registry-20260724-v1""}",verified,1
2-benzyl-2-methyl-3-butenitrile,,2-Benzyl-2-methyl-3-butenitrile,[],[],,5463804,C=CC(C)(C#N)Cc1ccccc1,"InChI=1S/C12H13N/c1-3-12(2,10-13)9-11-7-5-4-6-8-11/h3-8H,1,9H2,2H3",UKLOORXNVRHFRM-UHFFFAOYSA-N,C12H13N,171.24299999999997,defined_single_substance,resolved,true,qsar,null,"{""identity_verification"":{""cid"":5463804,""method"":""pubchem_cid_direct_structure"",""source"":""PubChem PUG REST"",""screening_envelope"":{""mw"":[30.0,500.0],""heavy_atoms"":[2,36]}},""offline_seed"":""pubchem-registry-20260724-v1""}",verified,1
2-bromo-2-nitropropanol,,2-Bromo-2-nitropropanol,[],[],,205966,CC(Br)(CO)[N+](=O)[O-],"InChI=1S/C3H6BrNO3/c1-3(4,2-6)5(7)8/h6H,2H2,1H3",NYWJACXVDUOPFY-UHFFFAOYSA-N,C3H6BrNO3,183.98899999999998,defined_single_substance,resolved,true,qsar,null,"{""identity_verification"":{""cid"":205966,""method"":""pubchem_cid_direct_structure"",""source"":""PubChem PUG REST"",""screening_envelope"":{""mw"":[30.0,500.0],""heavy_atoms"":[2,36]}},""offline_seed"":""pubchem-registry-20260724-v1""}",verified,1
"2-bromo-4,6-difluoroaniline",,"2-Bromo-4,6-Difluoroaniline",[],[],,136285,Nc1c(F)cc(F)cc1Br,"InChI=1S/C6H4BrF2N/c7-4-1-3(8)2-5(9)6(4)10/h1-2H,10H2",WUJKFVGKLTWVSQ-UHFFFAOYSA-N,C6H4BrF2N,208.005,defined_single_substance,resolved,true,qsar,null,"{""identity_verification"":{""cid"":136285,""method"":""pubchem_cid_direct_structure"",""source"":""PubChem PUG REST"",""screening_envelope"":{""mw"":[30.0,500.0],""heavy_atoms"":[2,36]}},""offline_seed"":""pubchem-registry-20260724-v1""}",verified,1
2-bromo-5-hydroxy-4-methoxybenzaldehyde,,2-Bromo-5-hydroxy-4-methoxybenzaldehyde,[],[],,616068,COc1cc(Br)c(C=O)cc1O,"InChI=1S/C8H7BrO3/c1-12-8-3-6(9)5(4-10)2-7(8)11/h2-4,11H,1H3",AHYSXUDLJOFNAB-UHFFFAOYSA-N,C8H7BrO3,231.045,defined_single_substance,resolved,true,qsar,null,"{""identity_verification"":{""cid"":616068,""method"":""pubchem_cid_direct_structure"",""source"":""PubChem PUG REST"",""screening_envelope"":{""mw"":[30.0,500.0],""heavy_atoms"":[2,36]}},""offline_seed"":""pubchem-registry-20260724-v1""}",verified,1
2-bromopropanedial,,2-Bromopropanedial,[],[],,74945,O=CC(Br)C=O,InChI=1S/C3H3BrO2/c4-3(1-5)2-6/h1-3H,SURMYNZXHKLDFO-UHFFFAOYSA-N,C3H3BrO2,150.959,defined_single_substance,resolved,true,qsar,null,"{""identity_verification"":{""cid"":74945,""method"":""pubchem_cid_direct_structure"",""source"":""PubChem PUG REST"",""screening_envelope"":{""mw"":[30.0,500.0],""heavy_atoms"":[2,36]}},""offline_seed"":""pubchem-registry-20260724-v1""}",verified,1
"2-butanone, 2,2',2''-(o,o',o''-(phenylsilylidyne)trioxime)",,"2-Butanone, 2,2',2''-(O,O',O''-(phenylsilylidyne)trioxime)",[],[],,46846211,CC/C(C)=N/O[Si](O/N=C(\C)CC)(O/N=C(\C)CC)c1ccccc1,"InChI=1S/C18H29N3O3Si/c1-7-15(4)19-22-25(23-20-16(5)8-2,24-21-17(6)9-3)18-13-11-10-12-14-18/h10-14H,7-9H2,1-6H3/b19-15+,20-16+,21-17+",XKBQRJBETDMEFN-ILRZCOILSA-N,C18H29N3O3Si,363.53400000000005,defined_single_substance,resolved,true,qsar,null,"{""identity_verification"":{""cid"":46846211,""method"":""pubchem_cid_direct_structure"",""source"":""PubChem PUG REST"",""screening_envelope"":{""mw"":[30.0,500.0],""heavy_atoms"":[2,36]}},""offline_seed"":""pubchem-registry-20260724-v1""}",verified,1
2-butoxyethanol,,2-Butoxyethanol,[],[],,8133,CCCCOCCO,"InChI=1S/C6H14O2/c1-2-3-5-8-6-4-7/h7H,2-6H2,1H3",POAOYUHQDCAZBD-UHFFFAOYSA-N,C6H14O2,118.17599999999999,defined_single_substance,resolved,true,qsar,null,"{""identity_verification"":{""cid"":8133,""method"":""pubchem_cid_direct_structure"",""source"":""PubChem PUG REST"",""screening_envelope"":{""mw"":[30.0,500.0],""heavy_atoms"":[2,36]}},""offline_seed"":""pubchem-registry-20260724-v1""}",verified,1
"2-butyl-2,3-dihydrobenzisothiazol-3-one",,"2-Butyl-2,3-dihydrobenzisothiazol-3-one",[],[],,9837171,CCCCn1sc2ccccc2c1=O,"InChI=1S/C11H13NOS/c1-2-3-8-12-11(13)9-6-4-5-7-10(9)14-12/h4-7H,2-3,8H2,1H3",LUYIHWDYPAZCNN-UHFFFAOYSA-N,C11H13NOS,207.298,defined_single_substance,resolved,true,qsar,null,"{""identity_verification"":{""cid"":9837171,""method"":""pubchem_cid_direct_structure"",""source"":""PubChem PUG REST"",""screening_envelope"":{""mw"":[30.0,500.0],""heavy_atoms"":[2,36]}},""offline_seed"":""pubchem-registry-20260724-v1""}",verified,1
"2-butyne-1,4-diol",,"2-Butyne-1,4-diol",[],[],,8066,OCC#CCO,"InChI=1S/C4H6O2/c5-3-1-2-4-6/h5-6H,3-4H2",DLDJFQGPPSQZKI-UHFFFAOYSA-N,C4H6O2,86.08999999999997,defined_single_substance,resolved,true,qsar,null,"{""identity_verification"":{""cid"":8066,""method"":""pubchem_cid_direct_structure"",""source"":""PubChem PUG REST"",""screening_envelope"":{""mw"":[30.0,500.0],""heavy_atoms"":[2,36]}},""offline_seed"":""pubchem-registry-20260724-v1""}",verified,1
"2-chloro-4,5-difluorobenzoic acid",,"2-Chloro-4,5-difluorobenzoic acid",[],[],,737171,O=C(O)c1cc(F)c(F)cc1Cl,"InChI=1S/C7H3ClF2O2/c8-4-2-6(10)5(9)1-3(4)7(11)12/h1-2H,(H,11,12)",CGFMLBSNHNWJAW-UHFFFAOYSA-N,C7H3ClF2O2,192.548,defined_single_substance,resolved,true,qsar,null,"{""identity_verification"":{""cid"":737171,""method"":""pubchem_cid_direct_structure"",""source"":""PubChem PUG REST"",""screening_envelope"":{""mw"":[30.0,500.0],""heavy_atoms"":[2,36]}},""offline_seed"":""pubchem-registry-20260724-v1""}",verified,1
2-chloro-4-(methylsulfonyl)benzoic acid,,2-Chloro-4-(methylsulfonyl)benzoic acid,[],[],,735863,CS(=O)(=O)c1ccc(C(=O)O)c(Cl)c1,"InChI=1S/C8H7ClO4S/c1-14(12,13)5-2-3-6(8(10)11)7(9)4-5/h2-4H,1H3,(H,10,11)",CTTWSFIIFMWHLQ-UHFFFAOYSA-N,C8H7ClO4S,234.66,defined_single_substance,resolved,true,qsar,null,"{""identity_verification"":{""cid"":735863,""method"":""pubchem_cid_direct_structure"",""source"":""PubChem PUG REST"",""screening_envelope"":{""mw"":[30.0,500.0],""heavy_atoms"":[2,36]}},""offline_seed"":""pubchem-registry-20260724-v1""}",verified,1
2-chloro-4-[3-(chlorodimethylsilyl)propyl]-1-fluorobenzene,,2-Chloro-4-[3-(chlorodimethylsilyl)propyl]-1-fluorobenzene,[],[],,57509075,C[Si](C)(Cl)CCCc1ccc(F)c(Cl)c1,"InChI=1S/C11H15Cl2FSi/c1-15(2,13)7-3-4-9-5-6-11(14)10(12)8-9/h5-6,8H,3-4,7H2,1-2H3",BWXXUVNKLYXILW-UHFFFAOYSA-N,C11H15Cl2FSi,265.231,defined_single_substance,resolved,true,qsar,null,"{""identity_verification"":{""cid"":57509075,""method"":""pubchem_cid_direct_structure"",""source"":""PubChem PUG REST"",""screening_envelope"":{""mw"":[30.0,500.0],""heavy_atoms"":[2,36]}},""offline_seed"":""pubchem-registry-20260724-v1""}",verified,1
2-chloro-4-fluoro-5-nitrophenyl (isobutyl)carbonate,,2-Chloro-4-fluoro-5-nitrophenyl (isobutyl)carbonate,[],[],,19374475,CC(C)COC(=O)Oc1cc([N+](=O)[O-])c(F)cc1Cl,"InChI=1S/C11H11ClFNO5/c1-6(2)5-18-11(15)19-10-4-9(14(16)17)8(13)3-7(10)12/h3-4,6H,5H2,1-2H3",WUQPBXNPRRZWOD-UHFFFAOYSA-N,C11H11ClFNO5,291.66200000000003,defined_single_substance,resolved,true,qsar,null,"{""identity_verification"":{""cid"":19374475,""method"":""pubchem_cid_direct_structure"",""source"":""PubChem PUG REST"",""screening_envelope"":{""mw"":[30.0,500.0],""heavy_atoms"":[2,36]}},""offline_seed"":""pubchem-registry-20260724-v1""}",verified,1
2-chloro-4-nitroaniline,,2-Chloro-4-nitroaniline,[],[],,8492,Nc1ccc([N+](=O)[O-])cc1Cl,"InChI=1S/C6H5ClN2O2/c7-5-3-4(9(10)11)1-2-6(5)8/h1-3H,8H2",LOCWBQIWHWIRGN-UHFFFAOYSA-N,C6H5ClN2O2,172.571,defined_single_substance,resolved,true,qsar,null,"{""identity_verification"":{""cid"":8492,""method"":""pubchem_cid_direct_structure"",""source"":""PubChem PUG REST"",""screening_envelope"":{""mw"":[30.0,500.0],""heavy_atoms"":[2,36]}},""offline_seed"":""pubchem-registry-20260724-v1""}",verified,1
2-chloro-5-sec-hexadecylhydroquinone,,2-Chloro-5-sec-hexadecylhydroquinone,[],[],,15034894,CCCCCCCCCCCCCCC(C)c1cc(O)c(Cl)cc1O,"InChI=1S/C22H37ClO2/c1-3-4-5-6-7-8-9-10-11-12-13-14-15-18(2)19-16-22(25)20(23)17-21(19)24/h16-18,24-25H,3-15H2,1-2H3",BCSYCAJWKGGPRY-UHFFFAOYSA-N,C22H37ClO2,368.989,defined_single_substance,resolved,true,qsar,null,"{""identity_verification"":{""cid"":15034894,""method"":""pubchem_cid_direct_structure"",""source"":""PubChem PUG REST"",""screening_envelope"":{""mw"":[30.0,500.0],""heavy_atoms"":[2,36]}},""offline_seed"":""pubchem-registry-20260724-v1""}",verified,1
2-chloro-6-(ethylamino)-4-nitrophenol,,2-Chloro-6-(ethylamino)-4-nitrophenol,[],[],,9794399,CCNc1cc([N+](=O)[O-])cc(Cl)c1O,"InChI=1S/C8H9ClN2O3/c1-2-10-7-4-5(11(13)14)3-6(9)8(7)12/h3-4,10,12H,2H2,1H3",CDFNUSAXZDSXKF-UHFFFAOYSA-N,C8H9ClN2O3,216.62399999999997,defined_single_substance,resolved,true,qsar,null,"{""identity_verification"":{""cid"":9794399,""method"":""pubchem_cid_direct_structure"",""source"":""PubChem PUG REST"",""screening_envelope"":{""mw"":[30.0,500.0],""heavy_atoms"":[2,36]}},""offline_seed"":""pubchem-registry-20260724-v1""}",verified,1
2-chloro-6-fluorophenol,,2-Chloro-6-fluorophenol,[],[],,2773710,Oc1c(F)cccc1Cl,"InChI=1S/C6H4ClFO/c7-4-2-1-3-5(8)6(4)9/h1-3,9H",QIAQIYQASAWZPP-UHFFFAOYSA-N,C6H4ClFO,146.54799999999997,defined_single_substance,resolved,true,qsar,null,"{""identity_verification"":{""cid"":2773710,""method"":""pubchem_cid_direct_structure"",""source"":""PubChem PUG REST"",""screening_envelope"":{""mw"":[30.0,500.0],""heavy_atoms"":[2,36]}},""offline_seed"":""pubchem-registry-20260724-v1""}",verified,1
2-chloro-p-toluenesulfochloride,,2-Chloro-p-toluenesulfochloride,[],[],,259744,Cc1ccc(S(=O)(=O)Cl)cc1Cl,"InChI=1S/C7H6Cl2O2S/c1-5-2-3-6(4-7(5)8)12(9,10)11/h2-4H,1H3",GNYVVCRRZRVBDD-UHFFFAOYSA-N,C7H6Cl2O2S,225.09599999999998,defined_single_substance,resolved,true,qsar,null,"{""identity_verification"":{""cid"":259744,""method"":""pubchem_cid_direct_structure"",""source"":""PubChem PUG REST"",""screening_envelope"":{""mw"":[30.0,500.0],""heavy_atoms"":[2,36]}},""offline_seed"":""pubchem-registry-20260724-v1""}",verified,1
2-chlorobenzaldehyde,,2-Chlorobenzaldehyde,[],[],,6996,O=Cc1ccccc1Cl,InChI=1S/C7H5ClO/c8-7-4-2-1-3-6(7)5-9/h1-5H,FPYUJUBAXZAQNL-UHFFFAOYSA-N,C7H5ClO,140.56899999999996,defined_single_substance,resolved,true,qsar,null,"{""identity_verification"":{""cid"":6996,""method"":""pubchem_cid_direct_structure"",""source"":""PubChem PUG REST"",""screening_envelope"":{""mw"":[30.0,500.0],""heavy_atoms"":[2,36]}},""offline_seed"":""pubchem-registry-20260724-v1""}",verified,1
2-chlorobenzonitrile,,2-Chlorobenzonitrile,[],[],,13391,N#Cc1ccccc1Cl,InChI=1S/C7H4ClN/c8-7-4-2-1-3-6(7)5-9/h1-4H,NHWQMJMIYICNBP-UHFFFAOYSA-N,C7H4ClN,137.569,defined_single_substance,resolved,true,qsar,null,"{""identity_verification"":{""cid"":13391,""method"":""pubchem_cid_direct_structure"",""source"":""PubChem PUG REST"",""screening_envelope"":{""mw"":[30.0,500.0],""heavy_atoms"":[2,36]}},""offline_seed"":""pubchem-registry-20260724-v1""}",verified,1
2-chloroethanol,,2-Chloroethanol,[],[],,34,OCCCl,"InChI=1S/C2H5ClO/c3-1-2-4/h4H,1-2H2",SZIFAVKTNFCBPC-UHFFFAOYSA-N,C2H5ClO,80.514,defined_single_substance,resolved,true,qsar,null,"{""identity_verification"":{""cid"":34,""method"":""pubchem_cid_direct_structure"",""source"":""PubChem PUG REST"",""screening_envelope"":{""mw"":[30.0,500.0],""heavy_atoms"":[2,36]}},""offline_seed"":""pubchem-registry-20260724-v1""}",verified,1
2-chloropropionic acid,,2-Chloropropionic acid,[],[],,11734,CC(Cl)C(=O)O,"InChI=1S/C3H5ClO2/c1-2(4)3(5)6/h2H,1H3,(H,5,6)",GAWAYYRQGQZKCR-UHFFFAOYSA-N,C3H5ClO2,108.524,defined_single_substance,resolved,true,qsar,null,"{""identity_verification"":{""cid"":11734,""method"":""pubchem_cid_direct_structure"",""source"":""PubChem PUG REST"",""screening_envelope"":{""mw"":[30.0,500.0],""heavy_atoms"":[2,36]}},""offline_seed"":""pubchem-registry-20260724-v1""}",verified,1
"2-ethyl-1,3-hexanediol",,"2-Ethyl-1,3-Hexanediol",[],[],,7211,CCCC(O)C(CC)CO,"InChI=1S/C8H18O2/c1-3-5-8(10)7(4-2)6-9/h7-10H,3-6H2,1-2H3",RWLALWYNXFYRGW-UHFFFAOYSA-N,C8H18O2,146.23000000000002,defined_single_substance,resolved,true,qsar,null,"{""identity_verification"":{""cid"":7211,""method"":""pubchem_cid_direct_structure"",""source"":""PubChem PUG REST"",""screening_envelope"":{""mw"":[30.0,500.0],""heavy_atoms"":[2,36]}},""offline_seed"":""pubchem-registry-20260724-v1""}",verified,1
2-ethyl-1-butanol,,2-Ethyl-1-butanol,[],[],,7358,CCC(CC)CO,"InChI=1S/C6H14O/c1-3-6(4-2)5-7/h6-7H,3-5H2,1-2H3",TZYRSLHNPKPEFV-UHFFFAOYSA-N,C6H14O,102.17699999999999,defined_single_substance,resolved,true,qsar,null,"{""identity_verification"":{""cid"":7358,""method"":""pubchem_cid_direct_structure"",""source"":""PubChem PUG REST"",""screening_envelope"":{""mw"":[30.0,500.0],""heavy_atoms"":[2,36]}},""offline_seed"":""pubchem-registry-20260724-v1""}",verified,1
2-ethylhexyl acrylate,,2-Ethylhexyl acrylate,[],[],,7636,C=CC(=O)OCC(CC)CCCC,"InChI=1S/C11H20O2/c1-4-7-8-10(5-2)9-13-11(12)6-3/h6,10H,3-5,7-9H2,1-2H3",GOXQRTZXKQZDDN-UHFFFAOYSA-N,C11H20O2,184.27899999999997,defined_single_substance,resolved,true,qsar,null,"{""identity_verification"":{""cid"":7636,""method"":""pubchem_cid_direct_structure"",""source"":""PubChem PUG REST"",""screening_envelope"":{""mw"":[30.0,500.0],""heavy_atoms"":[2,36]}},""offline_seed"":""pubchem-registry-20260724-v1""}",verified,1
2-fluoro-4-hydroxybenzonitrile,,2-Fluoro-4-hydroxybenzonitrile,[],[],,2734675,N#Cc1ccc(O)cc1F,"InChI=1S/C7H4FNO/c8-7-3-6(10)2-1-5(7)4-9/h1-3,10H",REIVHYDACHXPNH-UHFFFAOYSA-N,C7H4FNO,137.11299999999997,defined_single_substance,resolved,true,qsar,null,"{""identity_verification"":{""cid"":2734675,""method"":""pubchem_cid_direct_structure"",""source"":""PubChem PUG REST"",""screening_envelope"":{""mw"":[30.0,500.0],""heavy_atoms"":[2,36]}},""offline_seed"":""pubchem-registry-20260724-v1""}",verified,1
2-heptanone,,2-Heptanone,[],[],,8051,CCCCCC(C)=O,"InChI=1S/C7H14O/c1-3-4-5-6-7(2)8/h3-6H2,1-2H3",CATSNJVOTSVZJV-UHFFFAOYSA-N,C7H14O,114.18799999999999,defined_single_substance,resolved,true,qsar,null,"{""identity_verification"":{""cid"":8051,""method"":""pubchem_cid_direct_structure"",""source"":""PubChem PUG REST"",""screening_envelope"":{""mw"":[30.0,500.0],""heavy_atoms"":[2,36]}},""offline_seed"":""pubchem-registry-20260724-v1""}",verified,1
2-hydroxyethyl acrylate,,2-Hydroxyethyl acrylate,[],[],,13165,C=CC(=O)OCCO,"InChI=1S/C5H8O3/c1-2-5(7)8-4-3-6/h2,6H,1,3-4H2",OMIGHNLMNHATMP-UHFFFAOYSA-N,C5H8O3,116.11599999999999,defined_single_substance,resolved,true,qsar,null,"{""identity_verification"":{""cid"":13165,""method"":""pubchem_cid_direct_structure"",""source"":""PubChem PUG REST"",""screening_envelope"":{""mw"":[30.0,500.0],""heavy_atoms"":[2,36]}},""offline_seed"":""pubchem-registry-20260724-v1""}",verified,1
2-hydroxyethyl methacrylate,,2-Hydroxyethyl Methacrylate,[],[],,13360,C=C(C)C(=O)OCCO,"InChI=1S/C6H10O3/c1-5(2)6(8)9-4-3-7/h7H,1,3-4H2,2H3",WOBHKFSMXKNTIM-UHFFFAOYSA-N,C6H10O3,130.143,defined_single_substance,resolved,true,qsar,null,"{""identity_verification"":{""cid"":13360,""method"":""pubchem_cid_direct_structure"",""source"":""PubChem PUG REST"",""screening_envelope"":{""mw"":[30.0,500.0],""heavy_atoms"":[2,36]}},""offline_seed"":""pubchem-registry-20260724-v1""}",verified,1
2-hydroxyethyl picramic acid,,2-Hydroxyethyl picramic acid,[],[],,5463814,O=[N+]([O-])c1cc(NCCO)c(O)c([N+](=O)[O-])c1,"InChI=1S/C8H9N3O6/c12-2-1-9-6-3-5(10(14)15)4-7(8(6)13)11(16)17/h3-4,9,12-13H,1-2H2",OABRBVCUJIJMOB-UHFFFAOYSA-N,C8H9N3O6,243.175,defined_single_substance,resolved,true,qsar,null,"{""identity_verification"":{""cid"":5463814,""method"":""pubchem_cid_direct_structure"",""source"":""PubChem PUG REST"",""screening_envelope"":{""mw"":[30.0,500.0],""heavy_atoms"":[2,36]}},""offline_seed"":""pubchem-registry-20260724-v1""}",verified,1
2-hydroxypropyl acrylate,,2-Hydroxypropyl acrylate,[],[],,61249,C=CC(=O)OCC(C)O,"InChI=1S/C6H10O3/c1-3-6(8)9-4-5(2)7/h3,5,7H,1,4H2,2H3",GWZMWHWAWHPNHN-UHFFFAOYSA-N,C6H10O3,130.143,defined_single_substance,resolved,true,qsar,null,"{""identity_verification"":{""cid"":61249,""method"":""pubchem_cid_direct_structure"",""source"":""PubChem PUG REST"",""screening_envelope"":{""mw"":[30.0,500.0],""heavy_atoms"":[2,36]}},""offline_seed"":""pubchem-registry-20260724-v1""}",verified,1
"2-isobutyl-2-isopropyl-1,3-dimethoxypropane",,"2-Isobutyl-2-isopropyl-1,3-dimethoxypropane",[],[],,11138158,COCC(COC)(CC(C)C)C(C)C,"InChI=1S/C12H26O2/c1-10(2)7-12(8-13-5,9-14-6)11(3)4/h10-11H,7-9H2,1-6H3",RGHIYOCUMCUWAQ-UHFFFAOYSA-N,C12H26O2,202.33799999999997,defined_single_substance,resolved,true,qsar,null,"{""identity_verification"":{""cid"":11138158,""method"":""pubchem_cid_direct_structure"",""source"":""PubChem PUG REST"",""screening_envelope"":{""mw"":[30.0,500.0],""heavy_atoms"":[2,36]}},""offline_seed"":""pubchem-registry-20260724-v1""}",verified,1
2-mercaptobenzothiazole,,2-Mercaptobenzothiazole,[],[],,697993,S=c1[nH]c2ccccc2s1,"InChI=1S/C7H5NS2/c9-7-8-5-3-1-2-4-6(5)10-7/h1-4H,(H,8,9)",YXIWHUQXZSMYRE-UHFFFAOYSA-N,C7H5NS2,167.25799999999998,defined_single_substance,resolved,true,qsar,null,"{""identity_verification"":{""cid"":697993,""method"":""pubchem_cid_direct_structure"",""source"":""PubChem PUG REST"",""screening_envelope"":{""mw"":[30.0,500.0],""heavy_atoms"":[2,36]}},""offline_seed"":""pubchem-registry-20260724-v1""}",verified,1
2-methoxy-1-propanol,,2-Methoxy-1-propanol,[],[],,14846,COC(C)CO,"InChI=1S/C4H10O2/c1-4(3-5)6-2/h4-5H,3H2,1-2H3",YTTFFPATQICAQN-UHFFFAOYSA-N,C4H10O2,90.122,defined_single_substance,resolved,true,qsar,null,"{""identity_verification"":{""cid"":14846,""method"":""pubchem_cid_direct_structure"",""source"":""PubChem PUG REST"",""screening_envelope"":{""mw"":[30.0,500.0],""heavy_atoms"":[2,36]}},""offline_seed"":""pubchem-registry-20260724-v1""}",verified,1
2-methoxyethanol,,2-Methoxyethanol,[],[],,8019,COCCO,"InChI=1S/C3H8O2/c1-5-3-2-4/h4H,2-3H2,1H3",XNWFRZJHXBZDAG-UHFFFAOYSA-N,C3H8O2,76.095,defined_single_substance,resolved,true,qsar,null,"{""identity_verification"":{""cid"":8019,""method"":""pubchem_cid_direct_structure"",""source"":""PubChem PUG REST"",""screening_envelope"":{""mw"":[30.0,500.0],""heavy_atoms"":[2,36]}},""offline_seed"":""pubchem-registry-20260724-v1""}",verified,1
2-methyl-1-(4-(methylthio)phenyl)-2-morpholino-1-propanone,,2-Methyl-1-(4-(methylthio)phenyl)-2-morpholino-1-propanone,[],[],,92387,CSc1ccc(C(=O)C(C)(C)N2CCOCC2)cc1,"InChI=1S/C15H21NO2S/c1-15(2,16-8-10-18-11-9-16)14(17)12-4-6-13(19-3)7-5-12/h4-7H,8-11H2,1-3H3",LWRBVKNFOYUCNP-UHFFFAOYSA-N,C15H21NO2S,279.40500000000003,defined_single_substance,resolved,true,qsar,null,"{""identity_verification"":{""cid"":92387,""method"":""pubchem_cid_direct_structure"",""source"":""PubChem PUG REST"",""screening_envelope"":{""mw"":[30.0,500.0],""heavy_atoms"":[2,36]}},""offline_seed"":""pubchem-registry-20260724-v1""}",verified,1
2-methyl-2-butanol,,2-Methyl-2-butanol,[],[],,6405,CCC(C)(C)O,"InChI=1S/C5H12O/c1-4-5(2,3)6/h6H,4H2,1-3H3",MSXVEPNJUHWQHW-UHFFFAOYSA-N,C5H12O,88.14999999999998,defined_single_substance,resolved,true,qsar,null,"{""identity_verification"":{""cid"":6405,""method"":""pubchem_cid_direct_structure"",""source"":""PubChem PUG REST"",""screening_envelope"":{""mw"":[30.0,500.0],""heavy_atoms"":[2,36]}},""offline_seed"":""pubchem-registry-20260724-v1""}",verified,1
"2-methyl-4,6-dinitrophenol",,"2-Methyl-4,6-dinitrophenol",[],[],,10800,Cc1cc([N+](=O)[O-])cc([N+](=O)[O-])c1O,"InChI=1S/C7H6N2O5/c1-4-2-5(8(11)12)3-6(7(4)10)9(13)14/h2-3,10H,1H3",ZXVONLUNISGICL-UHFFFAOYSA-N,C7H6N2O5,198.134,defined_single_substance,resolved,true,qsar,null,"{""identity_verification"":{""cid"":10800,""method"":""pubchem_cid_direct_structure"",""source"":""PubChem PUG REST"",""screening_envelope"":{""mw"":[30.0,500.0],""heavy_atoms"":[2,36]}},""offline_seed"":""pubchem-registry-20260724-v1""}",verified,1
2-methyl-4-phenyl-1-pentanol,,2-Methyl-4-phenyl-1-pentanol,[],[],,3021997,CC(CO)CC(C)c1ccccc1,"InChI=1S/C12H18O/c1-10(9-13)8-11(2)12-6-4-3-5-7-12/h3-7,10-11,13H,8-9H2,1-2H3",SXGYZCMGVZKIPJ-UHFFFAOYSA-N,C12H18O,178.27499999999998,defined_single_substance,resolved,true,qsar,null,"{""identity_verification"":{""cid"":3021997,""method"":""pubchem_cid_direct_structure"",""source"":""PubChem PUG REST"",""screening_envelope"":{""mw"":[30.0,500.0],""heavy_atoms"":[2,36]}},""offline_seed"":""pubchem-registry-20260724-v1""}",verified,1
"2-methyl-5-(1,1,3,3-tetramethylbutyl)hydroquinone",,"2-Methyl-5-(1,1,3,3-tetramethylbutyl)hydroquinone",[],[],,5463755,Cc1cc(O)c(C(C)(C)CC(C)(C)C)cc1O,"InChI=1S/C15H24O2/c1-10-7-13(17)11(8-12(10)16)15(5,6)9-14(2,3)4/h7-8,16-17H,9H2,1-6H3",BSJQLOWJGYMBFP-UHFFFAOYSA-N,C15H24O2,236.35499999999996,defined_single_substance,resolved,true,qsar,null,"{""identity_verification"":{""cid"":5463755,""method"":""pubchem_cid_direct_structure"",""source"":""PubChem PUG REST"",""screening_envelope"":{""mw"":[30.0,500.0],""heavy_atoms"":[2,36]}},""offline_seed"":""pubchem-registry-20260724-v1""}",verified,1
2-methyl-5-phenylpentanol,,2-Methyl-5-phenylpentanol,[],[],,5463791,CC(CO)CCCc1ccccc1,"InChI=1S/C12H18O/c1-11(10-13)6-5-9-12-7-3-2-4-8-12/h2-4,7-8,11,13H,5-6,9-10H2,1H3",DRTBYQJIHFSKDT-UHFFFAOYSA-N,C12H18O,178.27499999999998,defined_single_substance,resolved,true,qsar,null,"{""identity_verification"":{""cid"":5463791,""method"":""pubchem_cid_direct_structure"",""source"":""PubChem PUG REST"",""screening_envelope"":{""mw"":[30.0,500.0],""heavy_atoms"":[2,36]}},""offline_seed"":""pubchem-registry-20260724-v1""}",verified,1
2-methyl-5-tert-butylthiophenol,,2-Methyl-5-tert-butylthiophenol,[],[],,596868,Cc1ccc(C(C)(C)C)cc1S,"InChI=1S/C11H16S/c1-8-5-6-9(7-10(8)12)11(2,3)4/h5-7,12H,1-4H3",ZSBNXOIAJFVXMP-UHFFFAOYSA-N,C11H16S,180.316,defined_single_substance,resolved,true,qsar,null,"{""identity_verification"":{""cid"":596868,""method"":""pubchem_cid_direct_structure"",""source"":""PubChem PUG REST"",""screening_envelope"":{""mw"":[30.0,500.0],""heavy_atoms"":[2,36]}},""offline_seed"":""pubchem-registry-20260724-v1""}",verified,1
2-methylbenzenesulfonamide,,2-Methylbenzenesulfonamide,[],[],,6924,Cc1ccccc1S(N)(=O)=O,"InChI=1S/C7H9NO2S/c1-6-4-2-3-5-7(6)11(8,9)10/h2-5H,1H3,(H2,8,9,10)",YCMLQMDWSXFTIF-UHFFFAOYSA-N,C7H9NO2S,171.22099999999998,defined_single_substance,resolved,true,qsar,null,"{""identity_verification"":{""cid"":6924,""method"":""pubchem_cid_direct_structure"",""source"":""PubChem PUG REST"",""screening_envelope"":{""mw"":[30.0,500.0],""heavy_atoms"":[2,36]}},""offline_seed"":""pubchem-registry-20260724-v1""}",verified,1
2-methylnaphthalene,,2-Methylnaphthalene,[],[],,7055,Cc1ccc2ccccc2c1,"InChI=1S/C11H10/c1-9-6-7-10-4-2-3-5-11(10)8-9/h2-8H,1H3",QIMMUPPBPVKWKM-UHFFFAOYSA-N,C11H10,142.201,defined_single_substance,resolved,true,qsar,null,"{""identity_verification"":{""cid"":7055,""method"":""pubchem_cid_direct_structure"",""source"":""PubChem PUG REST"",""screening_envelope"":{""mw"":[30.0,500.0],""heavy_atoms"":[2,36]}},""offline_seed"":""pubchem-registry-20260724-v1""}",verified,1
2-methylpropyl 2-hydroxy-2-methylbut-3-enoate,,2-Methylpropyl 2-hydroxy-2-methylbut-3-enoate,[],[],,2827086,C=CC(C)(O)C(=O)OCC(C)C,"InChI=1S/C9H16O3/c1-5-9(4,11)8(10)12-6-7(2)3/h5,7,11H,1,6H2,2-4H3",CSBPGCNNCFKIHE-UHFFFAOYSA-N,C9H16O3,172.22399999999996,defined_single_substance,resolved,true,qsar,null,"{""identity_verification"":{""cid"":2827086,""method"":""pubchem_cid_direct_structure"",""source"":""PubChem PUG REST"",""screening_envelope"":{""mw"":[30.0,500.0],""heavy_atoms"":[2,36]}},""offline_seed"":""pubchem-registry-20260724-v1""}",verified,1
2-naphthol,,2-Naphthol,[],[],,8663,Oc1ccc2ccccc2c1,"InChI=1S/C10H8O/c11-10-6-5-8-3-1-2-4-9(8)7-10/h1-7,11H",JWAZRIHNYRIHIV-UHFFFAOYSA-N,C10H8O,144.17299999999997,defined_single_substance,resolved,true,qsar,null,"{""identity_verification"":{""cid"":8663,""method"":""pubchem_cid_direct_structure"",""source"":""PubChem PUG REST"",""screening_envelope"":{""mw"":[30.0,500.0],""heavy_atoms"":[2,36]}},""offline_seed"":""pubchem-registry-20260724-v1""}",verified,1
"2-nitro-2-phenyl-1,3-propanediol",,"2-Nitro-2-phenyl-1,3-propanediol",[],[],,224393,O=[N+]([O-])C(CO)(CO)c1ccccc1,"InChI=1S/C9H11NO4/c11-6-9(7-12,10(13)14)8-4-2-1-3-5-8/h1-5,11-12H,6-7H2",AJRYCRIQZBMNEO-UHFFFAOYSA-N,C9H11NO4,197.18999999999997,defined_single_substance,resolved,true,qsar,null,"{""identity_verification"":{""cid"":224393,""method"":""pubchem_cid_direct_structure"",""source"":""PubChem PUG REST"",""screening_envelope"":{""mw"":[30.0,500.0],""heavy_atoms"":[2,36]}},""offline_seed"":""pubchem-registry-20260724-v1""}",verified,1
2-nitroanisole,,2-Nitroanisole,[],[],,7048,COc1ccccc1[N+](=O)[O-],"InChI=1S/C7H7NO3/c1-11-7-5-3-2-4-6(7)8(9)10/h2-5H,1H3",CFBYEGUGFPZCNF-UHFFFAOYSA-N,C7H7NO3,153.13699999999997,defined_single_substance,resolved,true,qsar,null,"{""identity_verification"":{""cid"":7048,""method"":""pubchem_cid_direct_structure"",""source"":""PubChem PUG REST"",""screening_envelope"":{""mw"":[30.0,500.0],""heavy_atoms"":[2,36]}},""offline_seed"":""pubchem-registry-20260724-v1""}",verified,1
2-nitropropane,,2-Nitropropane,[],[],,398,CC(C)[N+](=O)[O-],"InChI=1S/C3H7NO2/c1-3(2)4(5)6/h3H,1-2H3",FGLBSLMDCBOPQK-UHFFFAOYSA-N,C3H7NO2,89.094,defined_single_substance,resolved,true,qsar,null,"{""identity_verification"":{""cid"":398,""method"":""pubchem_cid_direct_structure"",""source"":""PubChem PUG REST"",""screening_envelope"":{""mw"":[30.0,500.0],""heavy_atoms"":[2,36]}},""offline_seed"":""pubchem-registry-20260724-v1""}",verified,1
2-nitrotoluene,,2-Nitrotoluene,[],[],,6944,Cc1ccccc1[N+](=O)[O-],"InChI=1S/C7H7NO2/c1-6-4-2-3-5-7(6)8(9)10/h2-5H,1H3",PLAZTCDQAHEYBI-UHFFFAOYSA-N,C7H7NO2,137.138,defined_single_substance,resolved,true,qsar,null,"{""identity_verification"":{""cid"":6944,""method"":""pubchem_cid_direct_structure"",""source"":""PubChem PUG REST"",""screening_envelope"":{""mw"":[30.0,500.0],""heavy_atoms"":[2,36]}},""offline_seed"":""pubchem-registry-20260724-v1""}",verified,1
2-norbornyl acrylate,,2-Norbornyl acrylate,[],[],,14832789,C=CC(=O)O[C@H]1C[C@@H]2CC[C@H]1C2,"InChI=1S/C10H14O2/c1-2-10(11)12-9-6-7-3-4-8(9)5-7/h2,7-9H,1,3-6H2/t7-,8+,9+/m1/s1",IQYMRQZTDOLQHC-VGMNWLOBSA-N,C10H14O2,166.21999999999997,defined_single_substance,resolved,true,qsar,null,"{""identity_verification"":{""cid"":14832789,""method"":""pubchem_cid_direct_structure"",""source"":""PubChem PUG REST"",""screening_envelope"":{""mw"":[30.0,500.0],""heavy_atoms"":[2,36]}},""offline_seed"":""pubchem-registry-20260724-v1""}",verified,1
2-octanol,,2-Octanol,[],[],,20083,CCCCCCC(C)O,"InChI=1S/C8H18O/c1-3-4-5-6-7-8(2)9/h8-9H,3-7H2,1-2H3",SJWFXCIHNDVPSH-UHFFFAOYSA-N,C8H18O,130.231,defined_single_substance,resolved,true,qsar,null,"{""identity_verification"":{""cid"":20083,""method"":""pubchem_cid_direct_structure"",""source"":""PubChem PUG REST"",""screening_envelope"":{""mw"":[30.0,500.0],""heavy_atoms"":[2,36]}},""offline_seed"":""pubchem-registry-20260724-v1""}",verified,1
"2-phenyl-1,3-propanediol",,"2-Phenyl-1,3-propanediol",[],[],,254178,OCC(CO)c1ccccc1,"InChI=1S/C9H12O2/c10-6-9(7-11)8-4-2-1-3-5-8/h1-5,9-11H,6-7H2",BPBDZXFJDMJLIB-UHFFFAOYSA-N,C9H12O2,152.19299999999996,defined_single_substance,resolved,true,qsar,null,"{""identity_verification"":{""cid"":254178,""method"":""pubchem_cid_direct_structure"",""source"":""PubChem PUG REST"",""screening_envelope"":{""mw"":[30.0,500.0],""heavy_atoms"":[2,36]}},""offline_seed"":""pubchem-registry-20260724-v1""}",verified,1
2-phenylhexanenitrile,,2-Phenylhexanenitrile,[],[],,97799,CCCCC(C#N)c1ccccc1,"InChI=1S/C12H15N/c1-2-3-7-12(10-13)11-8-5-4-6-9-11/h4-6,8-9,12H,2-3,7H2,1H3",OTERUZJEJFMEEB-UHFFFAOYSA-N,C12H15N,173.25900000000001,defined_single_substance,resolved,true,qsar,null,"{""identity_verification"":{""cid"":97799,""method"":""pubchem_cid_direct_structure"",""source"":""PubChem PUG REST"",""screening_envelope"":{""mw"":[30.0,500.0],""heavy_atoms"":[2,36]}},""offline_seed"":""pubchem-registry-20260724-v1""}",verified,1
"2h-pyran-4-ol, tetrahydro-4-methyl-2-propyl-, 4-acetate",,"2H-Pyran-4-ol, tetrahydro-4-methyl-2-propyl-, 4-acetate",[],[],,57483300,CCCC1CC(C)(OC(C)=O)CCO1,"InChI=1S/C11H20O3/c1-4-5-10-8-11(3,6-7-13-10)14-9(2)12/h10H,4-8H2,1-3H3",GURYYNWDVKXZAT-UHFFFAOYSA-N,C11H20O3,200.278,defined_single_substance,resolved,true,qsar,null,"{""identity_verification"":{""cid"":57483300,""method"":""pubchem_cid_direct_structure"",""source"":""PubChem PUG REST"",""screening_envelope"":{""mw"":[30.0,500.0],""heavy_atoms"":[2,36]}},""offline_seed"":""pubchem-registry-20260724-v1""}",verified,1
"2s-isopropyl-5r-methyl-1r-cyclohexyl 2,2-dihydroxyacetate",,"2S-isopropyl-5R-methyl-1R-cyclohexyl 2,2-dihydroxyacetate",[],[],,7373179,CC(C)[C@@H]1CC[C@@H](C)C[C@H]1OC(=O)C(O)O,"InChI=1S/C12H22O4/c1-7(2)9-5-4-8(3)6-10(9)16-12(15)11(13)14/h7-11,13-14H,4-6H2,1-3H3/t8-,9+,10-/m1/s1",BWZMJRSMHQDFIT-KXUCPTDWSA-N,C12H22O4,230.304,defined_single_substance,resolved,true,qsar,null,"{""identity_verification"":{""cid"":7373179,""method"":""pubchem_cid_direct_structure"",""source"":""PubChem PUG REST"",""screening_envelope"":{""mw"":[30.0,500.0],""heavy_atoms"":[2,36]}},""offline_seed"":""pubchem-registry-20260724-v1""}",verified,1
"3,3'-dichlorobenzidine",,"3,3'-Dichlorobenzidine",[],[],,7070,Nc1ccc(-c2ccc(N)c(Cl)c2)cc1Cl,"InChI=1S/C12H10Cl2N2/c13-9-5-7(1-3-11(9)15)8-2-4-12(16)10(14)6-8/h1-6H,15-16H2",HUWXDEQWWKGHRV-UHFFFAOYSA-N,C12H10Cl2N2,253.13199999999998,defined_single_substance,resolved,true,qsar,null,"{""identity_verification"":{""cid"":7070,""method"":""pubchem_cid_direct_structure"",""source"":""PubChem PUG REST"",""screening_envelope"":{""mw"":[30.0,500.0],""heavy_atoms"":[2,36]}},""offline_seed"":""pubchem-registry-20260724-v1""}",verified,1
"3,3,4,4-tetrafluoro-4-iodo-1-butene",,"3,3,4,4-Tetrafluoro-4-iodo-1-butene",[],[],,118555,C=CC(F)(F)C(F)(F)I,"InChI=1S/C4H3F4I/c1-2-3(5,6)4(7,8)9/h2H,1H2",OUJSWWHXKJQNMJ-UHFFFAOYSA-N,C4H3F4I,253.964,defined_single_substance,resolved,true,qsar,null,"{""identity_verification"":{""cid"":118555,""method"":""pubchem_cid_direct_structure"",""source"":""PubChem PUG REST"",""screening_envelope"":{""mw"":[30.0,500.0],""heavy_atoms"":[2,36]}},""offline_seed"":""pubchem-registry-20260724-v1""}",verified,1
"3,3-bis(methoxymethyl)-2,6-dimethylheptane",,"3,3-Bis(methoxymethyl)-2,6-dimethylheptane",[],[],,10867702,COCC(CCC(C)C)(COC)C(C)C,"InChI=1S/C13H28O2/c1-11(2)7-8-13(9-14-5,10-15-6)12(3)4/h11-12H,7-10H2,1-6H3",BHPDSAAGSUWVMP-UHFFFAOYSA-N,C13H28O2,216.36499999999995,defined_single_substance,resolved,true,qsar,null,"{""identity_verification"":{""cid"":10867702,""method"":""pubchem_cid_direct_structure"",""source"":""PubChem PUG REST"",""screening_envelope"":{""mw"":[30.0,500.0],""heavy_atoms"":[2,36]}},""offline_seed"":""pubchem-registry-20260724-v1""}",verified,1
"3,3-dimethyl-5-(2,2,3-trimethyl-3-cyclopenten-1-yl)-4-penten-2-ol",,"3,3-Dimethyl-5-(2,2,3-trimethyl-3-cyclopenten-1-yl)-4-penten-2-ol",[],[],,53425103,CC1=CCC(C=CC(C)(C)C(C)O)C1(C)C,"InChI=1S/C15H26O/c1-11-7-8-13(15(11,5)6)9-10-14(3,4)12(2)16/h7,9-10,12-13,16H,8H2,1-6H3",QZFSNJAQFWEXEA-UHFFFAOYSA-N,C15H26O,222.37199999999999,defined_single_substance,resolved,true,qsar,null,"{""identity_verification"":{""cid"":53425103,""method"":""pubchem_cid_direct_structure"",""source"":""PubChem PUG REST"",""screening_envelope"":{""mw"":[30.0,500.0],""heavy_atoms"":[2,36]}},""offline_seed"":""pubchem-registry-20260724-v1""}",verified,1
"3,4-diacetoxy-1-butene",,"3,4-Diacetoxy-1-butene",[],[],,2735001,C=CC(COC(C)=O)OC(C)=O,"InChI=1S/C8H12O4/c1-4-8(12-7(3)10)5-11-6(2)9/h4,8H,1,5H2,2-3H3",MWWXARALRVYLAE-UHFFFAOYSA-N,C8H12O4,172.17999999999998,defined_single_substance,resolved,true,qsar,null,"{""identity_verification"":{""cid"":2735001,""method"":""pubchem_cid_direct_structure"",""source"":""PubChem PUG REST"",""screening_envelope"":{""mw"":[30.0,500.0],""heavy_atoms"":[2,36]}},""offline_seed"":""pubchem-registry-20260724-v1""}",verified,1
"3,4-dihydroxy-5-nitrobenzaldehyde",,"3,4-Dihydroxy-5-nitrobenzaldehyde",[],[],,5748957,O=Cc1cc(O)c(O)c([N+](=O)[O-])c1,"InChI=1S/C7H5NO5/c9-3-4-1-5(8(12)13)7(11)6(10)2-4/h1-3,10-11H",BBFJODMCHICIAA-UHFFFAOYSA-N,C7H5NO5,183.119,defined_single_substance,resolved,true,qsar,null,"{""identity_verification"":{""cid"":5748957,""method"":""pubchem_cid_direct_structure"",""source"":""PubChem PUG REST"",""screening_envelope"":{""mw"":[30.0,500.0],""heavy_atoms"":[2,36]}},""offline_seed"":""pubchem-registry-20260724-v1""}",verified,1
"3,4-dinitrotoluene",,"3,4-Dinitrotoluene",[],[],,11883,Cc1ccc([N+](=O)[O-])c([N+](=O)[O-])c1,"InChI=1S/C7H6N2O4/c1-5-2-3-6(8(10)11)7(4-5)9(12)13/h2-4H,1H3",INYDMNPNDHRJQJ-UHFFFAOYSA-N,C7H6N2O4,182.135,defined_single_substance,resolved,true,qsar,null,"{""identity_verification"":{""cid"":11883,""method"":""pubchem_cid_direct_structure"",""source"":""PubChem PUG REST"",""screening_envelope"":{""mw"":[30.0,500.0],""heavy_atoms"":[2,36]}},""offline_seed"":""pubchem-registry-20260724-v1""}",verified,1
"3,4-methylenedioxymethamphetamine",,"3,4-Methylenedioxymethamphetamine",[],[],,1615,CNC(C)Cc1ccc2c(c1)OCO2,"InChI=1S/C11H15NO2/c1-8(12-2)5-9-3-4-10-11(6-9)14-7-13-10/h3-4,6,8,12H,5,7H2,1-2H3",SHXWCVYOXRDMCX-UHFFFAOYSA-N,C11H15NO2,193.24599999999995,defined_single_substance,resolved,true,qsar,null,"{""identity_verification"":{""cid"":1615,""method"":""pubchem_cid_direct_structure"",""source"":""PubChem PUG REST"",""screening_envelope"":{""mw"":[30.0,500.0],""heavy_atoms"":[2,36]}},""offline_seed"":""pubchem-registry-20260724-v1""}",verified,1
"3,5-dichloro-2,4-difluorobenzoyl fluoride",,"3,5-Dichloro-2,4-difluorobenzoyl fluoride",[],[],,5463764,O=C(F)c1cc(Cl)c(F)c(Cl)c1F,InChI=1S/C7HCl2F3O/c8-3-1-2(7(12)13)5(10)4(9)6(3)11/h1H,VWNMVYACOKCDLR-UHFFFAOYSA-N,C7HCl2F3O,228.98399999999998,defined_single_substance,resolved,true,qsar,null,"{""identity_verification"":{""cid"":5463764,""method"":""pubchem_cid_direct_structure"",""source"":""PubChem PUG REST"",""screening_envelope"":{""mw"":[30.0,500.0],""heavy_atoms"":[2,36]}},""offline_seed"":""pubchem-registry-20260724-v1""}",verified,1
"3,5-dimethylbenzoyl chloride",,"3,5-Dimethylbenzoyl Chloride",[],[],,81088,Cc1cc(C)cc(C(=O)Cl)c1,"InChI=1S/C9H9ClO/c1-6-3-7(2)5-8(4-6)9(10)11/h3-5H,1-2H3",ZJIOBDJEKDUUCI-UHFFFAOYSA-N,C9H9ClO,168.62299999999996,defined_single_substance,resolved,true,qsar,null,"{""identity_verification"":{""cid"":81088,""method"":""pubchem_cid_direct_structure"",""source"":""PubChem PUG REST"",""screening_envelope"":{""mw"":[30.0,500.0],""heavy_atoms"":[2,36]}},""offline_seed"":""pubchem-registry-20260724-v1""}",verified,1
"3,5-dimethylphenol",,"3,5-Dimethylphenol",[],[],,7948,Cc1cc(C)cc(O)c1,"InChI=1S/C8H10O/c1-6-3-7(2)5-8(9)4-6/h3-5,9H,1-2H3",TUAMRELNJMMDMT-UHFFFAOYSA-N,C8H10O,122.16699999999997,defined_single_substance,resolved,true,qsar,null,"{""identity_verification"":{""cid"":7948,""method"":""pubchem_cid_direct_structure"",""source"":""PubChem PUG REST"",""screening_envelope"":{""mw"":[30.0,500.0],""heavy_atoms"":[2,36]}},""offline_seed"":""pubchem-registry-20260724-v1""}",verified,1
"3,5-dinitrotoluene",,"3,5-Dinitrotoluene",[],[],,12067,Cc1cc([N+](=O)[O-])cc([N+](=O)[O-])c1,"InChI=1S/C7H6N2O4/c1-5-2-6(8(10)11)4-7(3-5)9(12)13/h2-4H,1H3",RUIFULUFLANOCI-UHFFFAOYSA-N,C7H6N2O4,182.135,defined_single_substance,resolved,true,qsar,null,"{""identity_verification"":{""cid"":12067,""method"":""pubchem_cid_direct_structure"",""source"":""PubChem PUG REST"",""screening_envelope"":{""mw"":[30.0,500.0],""heavy_atoms"":[2,36]}},""offline_seed"":""pubchem-registry-20260724-v1""}",verified,1
"3,5-xylyl methylcarbamate",,"3,5-Xylyl Methylcarbamate",[],[],,17563,CNC(=O)Oc1cc(C)cc(C)c1,"InChI=1S/C10H13NO2/c1-7-4-8(2)6-9(5-7)13-10(12)11-3/h4-6H,1-3H3,(H,11,12)",CVQODEWAPZVVBU-UHFFFAOYSA-N,C10H13NO2,179.219,defined_single_substance,resolved,true,qsar,null,"{""identity_verification"":{""cid"":17563,""method"":""pubchem_cid_direct_structure"",""source"":""PubChem PUG REST"",""screening_envelope"":{""mw"":[30.0,500.0],""heavy_atoms"":[2,36]}},""offline_seed"":""pubchem-registry-20260724-v1""}",verified,1
"3,7-dimethyloctanenitrile",,"3,7-Dimethyloctanenitrile",[],[],,170284,CC(C)CCCC(C)CC#N,"InChI=1S/C10H19N/c1-9(2)5-4-6-10(3)7-8-11/h9-10H,4-7H2,1-3H3",SAPMLSXAXRULJB-UHFFFAOYSA-N,C10H19N,153.269,defined_single_substance,resolved,true,qsar,null,"{""identity_verification"":{""cid"":170284,""method"":""pubchem_cid_direct_structure"",""source"":""PubChem PUG REST"",""screening_envelope"":{""mw"":[30.0,500.0],""heavy_atoms"":[2,36]}},""offline_seed"":""pubchem-registry-20260724-v1""}",verified,1
"3-(2-bromopropionoyl)-4,4-dimethyl-1,3-oxazolan-2-one",,"3-(2-Bromopropionoyl)-4,4-dimethyl-1,3-oxazolan-2-one",[],[],,9856314,CC(Br)C(=O)N1C(=O)OCC1(C)C,"InChI=1S/C8H12BrNO3/c1-5(9)6(11)10-7(12)13-4-8(10,2)3/h5H,4H2,1-3H3",MCVHDVANTPAEAA-UHFFFAOYSA-N,C8H12BrNO3,250.09199999999996,defined_single_substance,resolved,true,qsar,null,"{""identity_verification"":{""cid"":9856314,""method"":""pubchem_cid_direct_structure"",""source"":""PubChem PUG REST"",""screening_envelope"":{""mw"":[30.0,500.0],""heavy_atoms"":[2,36]}},""offline_seed"":""pubchem-registry-20260724-v1""}",verified,1
3-(3-tert-butyl-4-hydroxyphenyl)propionic acid,,3-(3-tert-Butyl-4-hydroxyphenyl)propionic acid,[],[],,5463779,CC(C)(C)c1cc(CCC(=O)O)ccc1O,"InChI=1S/C13H18O3/c1-13(2,3)10-8-9(4-6-11(10)14)5-7-12(15)16/h4,6,8,14H,5,7H2,1-3H3,(H,15,16)",FZQRSWHPNZTNQQ-UHFFFAOYSA-N,C13H18O3,222.28399999999996,defined_single_substance,resolved,true,qsar,null,"{""identity_verification"":{""cid"":5463779,""method"":""pubchem_cid_direct_structure"",""source"":""PubChem PUG REST"",""screening_envelope"":{""mw"":[30.0,500.0],""heavy_atoms"":[2,36]}},""offline_seed"":""pubchem-registry-20260724-v1""}",verified,1
3-(4-aminophenyl)-2-cyano-2-propenoic acid,,3-(4-Aminophenyl)-2-cyano-2-propenoic acid,[],[],,54483188,N#CC(=Cc1ccc(N)cc1)C(=O)O,"InChI=1S/C10H8N2O2/c11-6-8(10(13)14)5-7-1-3-9(12)4-2-7/h1-5H,12H2,(H,13,14)",XQLMPRAIWUCQHE-UHFFFAOYSA-N,C10H8N2O2,188.18599999999998,defined_single_substance,resolved,true,qsar,null,"{""identity_verification"":{""cid"":54483188,""method"":""pubchem_cid_direct_structure"",""source"":""PubChem PUG REST"",""screening_envelope"":{""mw"":[30.0,500.0],""heavy_atoms"":[2,36]}},""offline_seed"":""pubchem-registry-20260724-v1""}",verified,1
3-(4-fluorophenyl)-2-methylpropionylchloride,,3-(4-Fluorophenyl)-2-methylpropionylchloride,[],[],,24264941,CC(Cc1ccc(F)cc1)C(=O)Cl,"InChI=1S/C10H10ClFO/c1-7(10(11)13)6-8-2-4-9(12)5-3-8/h2-5,7H,6H2,1H3",HJOAOPVBPDCOFZ-UHFFFAOYSA-N,C10H10ClFO,200.63999999999996,defined_single_substance,resolved,true,qsar,null,"{""identity_verification"":{""cid"":24264941,""method"":""pubchem_cid_direct_structure"",""source"":""PubChem PUG REST"",""screening_envelope"":{""mw"":[30.0,500.0],""heavy_atoms"":[2,36]}},""offline_seed"":""pubchem-registry-20260724-v1""}",verified,1
3-(cis-1-propenyl)-7-amino-8-oxo-5-thia-1-azabicyclo(4.2.0)oct-2-ene-2-carboxylic acid,,3-(cis-1-Propenyl)-7-amino-8-oxo-5-thia-1-azabicyclo(4.2.0)oct-2-ene-2-carboxylic acid,[],[],,11557762,C/C=C\C1=C(C(=O)O)N2C(=O)[C@@H](N)[C@H]2SC1,"InChI=1S/C10H12N2O3S/c1-2-3-5-4-16-9-6(11)8(13)12(9)7(5)10(14)15/h2-3,6,9H,4,11H2,1H3,(H,14,15)/b3-2-/t6-,9-/m1/s1",ZYLDQHILNOZKIF-OXLALJFOSA-N,C10H12N2O3S,240.28399999999996,defined_single_substance,resolved,true,qsar,null,"{""identity_verification"":{""cid"":11557762,""method"":""pubchem_cid_direct_structure"",""source"":""PubChem PUG REST"",""screening_envelope"":{""mw"":[30.0,500.0],""heavy_atoms"":[2,36]}},""offline_seed"":""pubchem-registry-20260724-v1""}",verified,1
3-(hydroxyphenylphosphinyl)propanoic acid,,3-(Hydroxyphenylphosphinyl)propanoic acid,[],[],,11287340,O=C(O)CCP(=O)(O)c1ccccc1,"InChI=1S/C9H11O4P/c10-9(11)6-7-14(12,13)8-4-2-1-3-5-8/h1-5H,6-7H2,(H,10,11)(H,12,13)",MORLYCDUFHDZKO-UHFFFAOYSA-N,C9H11O4P,214.15699999999995,defined_single_substance,resolved,true,qsar,null,"{""identity_verification"":{""cid"":11287340,""method"":""pubchem_cid_direct_structure"",""source"":""PubChem PUG REST"",""screening_envelope"":{""mw"":[30.0,500.0],""heavy_atoms"":[2,36]}},""offline_seed"":""pubchem-registry-20260724-v1""}",verified,1
"3-(n-methyl-n-(4-methylamino-3-nitrophenyl)amino)propane-1,2-diol hydrochloride",,"3-(N-Methyl-N-(4-methylamino-3-nitrophenyl)amino)propane-1,2-diol hydrochloride",[],[],,5463775,CNc1ccc(N(C)CC(O)CO)cc1[N+](=O)[O-],"InChI=1S/C11H17N3O4/c1-12-10-4-3-8(5-11(10)14(17)18)13(2)6-9(16)7-15/h3-5,9,12,15-16H,6-7H2,1-2H3",ZYOJRYOHGSVALD-UHFFFAOYSA-N,C11H17N3O4,255.27399999999997,defined_single_substance,resolved,true,qsar,null,"{""identity_verification"":{""cid"":5463775,""method"":""pubchem_cid_direct_structure"",""source"":""PubChem PUG REST"",""screening_envelope"":{""mw"":[30.0,500.0],""heavy_atoms"":[2,36]}},""offline_seed"":""pubchem-registry-20260724-v1""}",verified,1
3-amino-4-hydroxy-n-(2-methoxyethyl)benzenesulfonamide,,3-Amino-4-hydroxy-N-(2-methoxyethyl)benzenesulfonamide,[],[],,29040097,COCCNS(=O)(=O)c1ccc(O)c(N)c1,"InChI=1S/C9H14N2O4S/c1-15-5-4-11-16(13,14)7-2-3-9(12)8(10)6-7/h2-3,6,11-12H,4-5,10H2,1H3",OBKGPHQISCCCIY-UHFFFAOYSA-N,C9H14N2O4S,246.28799999999998,defined_single_substance,resolved,true,qsar,null,"{""identity_verification"":{""cid"":29040097,""method"":""pubchem_cid_direct_structure"",""source"":""PubChem PUG REST"",""screening_envelope"":{""mw"":[30.0,500.0],""heavy_atoms"":[2,36]}},""offline_seed"":""pubchem-registry-20260724-v1""}",verified,1
3-azidosulfonylbenzoic acid,,3-Azidosulfonylbenzoic acid,[],[],,2828992,[N-]=[N+]=NS(=O)(=O)c1cccc(C(=O)O)c1,"InChI=1S/C7H5N3O4S/c8-9-10-15(13,14)6-3-1-2-5(4-6)7(11)12/h1-4H,(H,11,12)",GZNPNQZOGITHGL-UHFFFAOYSA-N,C7H5N3O4S,227.201,defined_single_substance,resolved,true,qsar,null,"{""identity_verification"":{""cid"":2828992,""method"":""pubchem_cid_direct_structure"",""source"":""PubChem PUG REST"",""screening_envelope"":{""mw"":[30.0,500.0],""heavy_atoms"":[2,36]}},""offline_seed"":""pubchem-registry-20260724-v1""}",verified,1
3-butenylbenzene,,3-Butenylbenzene,[],[],,13033,C=CCCc1ccccc1,"InChI=1S/C10H12/c1-2-3-7-10-8-5-4-6-9-10/h2,4-6,8-9H,1,3,7H2",PBGVMIDTGGTBFS-UHFFFAOYSA-N,C10H12,132.20599999999996,defined_single_substance,resolved,true,qsar,null,"{""identity_verification"":{""cid"":13033,""method"":""pubchem_cid_direct_structure"",""source"":""PubChem PUG REST"",""screening_envelope"":{""mw"":[30.0,500.0],""heavy_atoms"":[2,36]}},""offline_seed"":""pubchem-registry-20260724-v1""}",verified,1
"3-chloro-2,4-difluoronitrobenzene",,"3-Chloro-2,4-difluoronitrobenzene",[],[],,223080,O=[N+]([O-])c1ccc(F)c(Cl)c1F,InChI=1S/C6H2ClF2NO2/c7-5-3(8)1-2-4(6(5)9)10(11)12/h1-2H,CTVBVNKEMCGZDF-UHFFFAOYSA-N,C6H2ClF2NO2,193.53599999999997,defined_single_substance,resolved,true,qsar,null,"{""identity_verification"":{""cid"":223080,""method"":""pubchem_cid_direct_structure"",""source"":""PubChem PUG REST"",""screening_envelope"":{""mw"":[30.0,500.0],""heavy_atoms"":[2,36]}},""offline_seed"":""pubchem-registry-20260724-v1""}",verified,1
3-chloro-2-methyl-1-propene,,3-Chloro-2-methyl-1-propene,[],[],,11241,C=C(C)CCl,"InChI=1S/C4H7Cl/c1-4(2)3-5/h1,3H2,2H3",OHXAOPZTJOUYKM-UHFFFAOYSA-N,C4H7Cl,90.553,defined_single_substance,resolved,true,qsar,null,"{""identity_verification"":{""cid"":11241,""method"":""pubchem_cid_direct_structure"",""source"":""PubChem PUG REST"",""screening_envelope"":{""mw"":[30.0,500.0],""heavy_atoms"":[2,36]}},""offline_seed"":""pubchem-registry-20260724-v1""}",verified,1
"3-cyano-3,5,5-trimethylcyclohexanone",,"3-Cyano-3,5,5-trimethylcyclohexanone",[],[],,99068,CC1(C)CC(=O)CC(C)(C#N)C1,"InChI=1S/C10H15NO/c1-9(2)4-8(12)5-10(3,6-9)7-11/h4-6H2,1-3H3",JJDFVIDVSCYKDS-UHFFFAOYSA-N,C10H15NO,165.236,defined_single_substance,resolved,true,qsar,null,"{""identity_verification"":{""cid"":99068,""method"":""pubchem_cid_direct_structure"",""source"":""PubChem PUG REST"",""screening_envelope"":{""mw"":[30.0,500.0],""heavy_atoms"":[2,36]}},""offline_seed"":""pubchem-registry-20260724-v1""}",verified,1
3-ethoxy-4-ethoxycarbonylphenylacetic acid,,3-Ethoxy-4-ethoxycarbonylphenylacetic acid,[],[],,10131212,CCOC(=O)c1ccc(CC(=O)O)cc1OCC,"InChI=1S/C13H16O5/c1-3-17-11-7-9(8-12(14)15)5-6-10(11)13(16)18-4-2/h5-7H,3-4,8H2,1-2H3,(H,14,15)",OTGSESBEJUHCES-UHFFFAOYSA-N,C13H16O5,252.26599999999993,defined_single_substance,resolved,true,qsar,null,"{""identity_verification"":{""cid"":10131212,""method"":""pubchem_cid_direct_structure"",""source"":""PubChem PUG REST"",""screening_envelope"":{""mw"":[30.0,500.0],""heavy_atoms"":[2,36]}},""offline_seed"":""pubchem-registry-20260724-v1""}",verified,1
"3-ethyl-4-(2-phenoxyethyl)-1h-1,2,4-triazol-5-one",,"3-ethyl-4-(2-phenoxyethyl)-1H-1,2,4-triazol-5-one",[],[],,56973,CCc1n[nH]c(=O)n1CCOc1ccccc1,"InChI=1S/C12H15N3O2/c1-2-11-13-14-12(16)15(11)8-9-17-10-6-4-3-5-7-10/h3-7H,2,8-9H2,1H3,(H,14,16)",STUGRPIYVZOYAH-UHFFFAOYSA-N,C12H15N3O2,233.271,defined_single_substance,resolved,true,qsar,null,"{""identity_verification"":{""cid"":56973,""method"":""pubchem_cid_direct_structure"",""source"":""PubChem PUG REST"",""screening_envelope"":{""mw"":[30.0,500.0],""heavy_atoms"":[2,36]}},""offline_seed"":""pubchem-registry-20260724-v1""}",verified,1
3-heptanone,,3-Heptanone,[],[],,7802,CCCCC(=O)CC,"InChI=1S/C7H14O/c1-3-5-6-7(8)4-2/h3-6H2,1-2H3",NGAZZOYFWWSOGK-UHFFFAOYSA-N,C7H14O,114.18799999999999,defined_single_substance,resolved,true,qsar,null,"{""identity_verification"":{""cid"":7802,""method"":""pubchem_cid_direct_structure"",""source"":""PubChem PUG REST"",""screening_envelope"":{""mw"":[30.0,500.0],""heavy_atoms"":[2,36]}},""offline_seed"":""pubchem-registry-20260724-v1""}",verified,1
3-hydroxybutanal,,3-Hydroxybutanal,[],[],,7897,CC(O)CC=O,"InChI=1S/C4H8O2/c1-4(6)2-3-5/h3-4,6H,2H2,1H3",HSJKGGMUJITCBW-UHFFFAOYSA-N,C4H8O2,88.106,defined_single_substance,resolved,true,qsar,null,"{""identity_verification"":{""cid"":7897,""method"":""pubchem_cid_direct_structure"",""source"":""PubChem PUG REST"",""screening_envelope"":{""mw"":[30.0,500.0],""heavy_atoms"":[2,36]}},""offline_seed"":""pubchem-registry-20260724-v1""}",verified,1
"3-hydroxybutyrolactone, (3s)-",,"3-Hydroxybutyrolactone, (3S)-",[],[],,7269389,O=C1C[C@H](O)CO1,"InChI=1S/C4H6O3/c5-3-1-4(6)7-2-3/h3,5H,1-2H2/t3-/m0/s1",FUDDLSHBRSNCBV-VKHMYHEASA-N,C4H6O3,102.08899999999998,defined_single_substance,resolved,true,qsar,null,"{""identity_verification"":{""cid"":7269389,""method"":""pubchem_cid_direct_structure"",""source"":""PubChem PUG REST"",""screening_envelope"":{""mw"":[30.0,500.0],""heavy_atoms"":[2,36]}},""offline_seed"":""pubchem-registry-20260724-v1""}",verified,1
3-methylpyridine,,3-Methylpyridine,[],[],,7970,Cc1cccnc1,"InChI=1S/C6H7N/c1-6-3-2-4-7-5-6/h2-5H,1H3",ITQTTZVARXURQS-UHFFFAOYSA-N,C6H7N,93.12899999999998,defined_single_substance,resolved,true,qsar,null,"{""identity_verification"":{""cid"":7970,""method"":""pubchem_cid_direct_structure"",""source"":""PubChem PUG REST"",""screening_envelope"":{""mw"":[30.0,500.0],""heavy_atoms"":[2,36]}},""offline_seed"":""pubchem-registry-20260724-v1""}",verified,1
"3-piperidinemethanol, 4-(4-fluorophenyl)-1-methyl-, (3r,4r)-",,"3-Piperidinemethanol, 4-(4-fluorophenyl)-1-methyl-, (3R,4R)-",[],[],,13608108,CN1CC[C@@H](c2ccc(F)cc2)[C@@H](CO)C1,"InChI=1S/C13H18FNO/c1-15-7-6-13(11(8-15)9-16)10-2-4-12(14)5-3-10/h2-5,11,13,16H,6-9H2,1H3/t11-,13+/m1/s1",CXRHUYYZISIIMT-YPMHNXCESA-N,C13H18FNO,223.291,defined_single_substance,resolved,true,qsar,null,"{""identity_verification"":{""cid"":13608108,""method"":""pubchem_cid_direct_structure"",""source"":""PubChem PUG REST"",""screening_envelope"":{""mw"":[30.0,500.0],""heavy_atoms"":[2,36]}},""offline_seed"":""pubchem-registry-20260724-v1""}",verified,1
"3-pyridinecarboxylic acid, 2-(aminosulfonyl)-6-(trifluoromethyl)-, methyl ester",,"3-Pyridinecarboxylic acid, 2-(aminosulfonyl)-6-(trifluoromethyl)-, methyl ester",[],[],,15767066,COC(=O)c1ccc(C(F)(F)F)nc1S(N)(=O)=O,"InChI=1S/C8H7F3N2O4S/c1-17-7(14)4-2-3-5(8(9,10)11)13-6(4)18(12,15)16/h2-3H,1H3,(H2,12,15,16)",NMNFYPVABNEKPU-UHFFFAOYSA-N,C8H7F3N2O4S,284.21500000000003,defined_single_substance,resolved,true,qsar,null,"{""identity_verification"":{""cid"":15767066,""method"":""pubchem_cid_direct_structure"",""source"":""PubChem PUG REST"",""screening_envelope"":{""mw"":[30.0,500.0],""heavy_atoms"":[2,36]}},""offline_seed"":""pubchem-registry-20260724-v1""}",verified,1
"3a,4,5,6,7,7a-hexahydro-5(or 6)(2-propen-1-yloxy)-4,7-methano-1h-indene",,"3a,4,5,6,7,7a-Hexahydro-5(or 6)(2-propen-1-yloxy)-4,7-methano-1H-indene",[],[],,102779,C=CCOC1CC2CC1C1C=CCC21,"InChI=1S/C13H18O/c1-2-6-14-13-8-9-7-12(13)11-5-3-4-10(9)11/h2-3,5,9-13H,1,4,6-8H2",QFRXRJATKANZGZ-UHFFFAOYSA-N,C13H18O,190.286,defined_single_substance,resolved,true,qsar,null,"{""identity_verification"":{""cid"":102779,""method"":""pubchem_cid_direct_structure"",""source"":""PubChem PUG REST"",""screening_envelope"":{""mw"":[30.0,500.0],""heavy_atoms"":[2,36]}},""offline_seed"":""pubchem-registry-20260724-v1""}",verified,1
"4'-fluoro-2,2-dimethoxyacetophenone",,"4'-Fluoro-2,2-dimethoxyacetophenone",[],[],,11790156,COC(OC)C(=O)c1ccc(F)cc1,"InChI=1S/C10H11FO3/c1-13-10(14-2)9(12)7-3-5-8(11)6-4-7/h3-6,10H,1-2H3",WOWWVWLWNMOMHX-UHFFFAOYSA-N,C10H11FO3,198.19299999999998,defined_single_substance,resolved,true,qsar,null,"{""identity_verification"":{""cid"":11790156,""method"":""pubchem_cid_direct_structure"",""source"":""PubChem PUG REST"",""screening_envelope"":{""mw"":[30.0,500.0],""heavy_atoms"":[2,36]}},""offline_seed"":""pubchem-registry-20260724-v1""}",verified,1
4'-methoxyacetophenone,,4'-Methoxyacetophenone,[],[],,7476,COc1ccc(C(C)=O)cc1,"InChI=1S/C9H10O2/c1-7(10)8-3-5-9(11-2)6-4-8/h3-6H,1-2H3",NTPLXRHDUXRPNE-UHFFFAOYSA-N,C9H10O2,150.17699999999996,defined_single_substance,resolved,true,qsar,null,"{""identity_verification"":{""cid"":7476,""method"":""pubchem_cid_direct_structure"",""source"":""PubChem PUG REST"",""screening_envelope"":{""mw"":[30.0,500.0],""heavy_atoms"":[2,36]}},""offline_seed"":""pubchem-registry-20260724-v1""}",verified,1
"4,4'-(4-methylpentane-2,2-diyl)diphenol",,"4,4'-(4-Methylpentane-2,2-diyl)diphenol",[],[],,81259,CC(C)CC(C)(c1ccc(O)cc1)c1ccc(O)cc1,"InChI=1S/C18H22O2/c1-13(2)12-18(3,14-4-8-16(19)9-5-14)15-6-10-17(20)11-7-15/h4-11,13,19-20H,12H2,1-3H3",VHLLJTHDWPAQEM-UHFFFAOYSA-N,C18H22O2,270.372,defined_single_substance,resolved,true,qsar,null,"{""identity_verification"":{""cid"":81259,""method"":""pubchem_cid_direct_structure"",""source"":""PubChem PUG REST"",""screening_envelope"":{""mw"":[30.0,500.0],""heavy_atoms"":[2,36]}},""offline_seed"":""pubchem-registry-20260724-v1""}",verified,1
"4,4'-bis(dimethylamino)benzophenone",,"4,4'-Bis(dimethylamino)benzophenone",[],[],,7031,CN(C)c1ccc(C(=O)c2ccc(N(C)C)cc2)cc1,"InChI=1S/C17H20N2O/c1-18(2)15-9-5-13(6-10-15)17(20)14-7-11-16(12-8-14)19(3)4/h5-12H,1-4H3",VVBLNCFGVYUYGU-UHFFFAOYSA-N,C17H20N2O,268.35999999999996,defined_single_substance,resolved,true,qsar,null,"{""identity_verification"":{""cid"":7031,""method"":""pubchem_cid_direct_structure"",""source"":""PubChem PUG REST"",""screening_envelope"":{""mw"":[30.0,500.0],""heavy_atoms"":[2,36]}},""offline_seed"":""pubchem-registry-20260724-v1""}",verified,1
"4,4'-carbonyldiphthalic anhydride",,"4,4'-Carbonyldiphthalic anhydride",[],[],,75498,O=C(c1ccc2c(c1)C(=O)OC2=O)c1ccc2c(c1)C(=O)OC2=O,InChI=1S/C17H6O7/c18-13(7-1-3-9-11(5-7)16(21)23-14(9)19)8-2-4-10-12(6-8)17(22)24-15(10)20/h1-6H,VQVIHDPBMFABCQ-UHFFFAOYSA-N,C17H6O7,322.22800000000007,defined_single_substance,resolved,true,qsar,null,"{""identity_verification"":{""cid"":75498,""method"":""pubchem_cid_direct_structure"",""source"":""PubChem PUG REST"",""screening_envelope"":{""mw"":[30.0,500.0],""heavy_atoms"":[2,36]}},""offline_seed"":""pubchem-registry-20260724-v1""}",verified,1
"4,4'-diamino-2-methylazobenzene",,"4,4'-Diamino-2-methylazobenzene",[],[],,176021,Cc1cc(N)ccc1N=Nc1ccc(N)cc1,"InChI=1S/C13H14N4/c1-9-8-11(15)4-7-13(9)17-16-12-5-2-10(14)3-6-12/h2-8H,14-15H2,1H3",UOABMKNOHFGBSD-UHFFFAOYSA-N,C13H14N4,226.28300000000002,defined_single_substance,resolved,true,qsar,null,"{""identity_verification"":{""cid"":176021,""method"":""pubchem_cid_direct_structure"",""source"":""PubChem PUG REST"",""screening_envelope"":{""mw"":[30.0,500.0],""heavy_atoms"":[2,36]}},""offline_seed"":""pubchem-registry-20260724-v1""}",verified,1
"4,4'-thiodi-o-cresol",,"4,4'-Thiodi-o-cresol",[],[],,618879,Cc1cc(Sc2ccc(O)c(C)c2)ccc1O,"InChI=1S/C14H14O2S/c1-9-7-11(3-5-13(9)15)17-12-4-6-14(16)10(2)8-12/h3-8,15-16H,1-2H3",IBNFPRMKLZDANU-UHFFFAOYSA-N,C14H14O2S,246.331,defined_single_substance,resolved,true,qsar,null,"{""identity_verification"":{""cid"":618879,""method"":""pubchem_cid_direct_structure"",""source"":""PubChem PUG REST"",""screening_envelope"":{""mw"":[30.0,500.0],""heavy_atoms"":[2,36]}},""offline_seed"":""pubchem-registry-20260724-v1""}",verified,1
"4,4,5,5,5-pentafluoropentan-1-ol",,"4,4,5,5,5-Pentafluoropentan-1-ol",[],[],,547967,OCCCC(F)(F)C(F)(F)F,"InChI=1S/C5H7F5O/c6-4(7,2-1-3-11)5(8,9)10/h11H,1-3H2",QROUUECTKRZFHF-UHFFFAOYSA-N,C5H7F5O,178.1,defined_single_substance,resolved,true,qsar,null,"{""identity_verification"":{""cid"":547967,""method"":""pubchem_cid_direct_structure"",""source"":""PubChem PUG REST"",""screening_envelope"":{""mw"":[30.0,500.0],""heavy_atoms"":[2,36]}},""offline_seed"":""pubchem-registry-20260724-v1""}",verified,1
"4,4-dimethyl oxazolidine",,"4,4-Dimethyl oxazolidine",[],[],,62010,CC1(C)COCN1,"InChI=1S/C5H11NO/c1-5(2)3-7-4-6-5/h6H,3-4H2,1-2H3",GUQMDNQYMMRJPY-UHFFFAOYSA-N,C5H11NO,101.149,defined_single_substance,resolved,true,qsar,null,"{""identity_verification"":{""cid"":62010,""method"":""pubchem_cid_direct_structure"",""source"":""PubChem PUG REST"",""screening_envelope"":{""mw"":[30.0,500.0],""heavy_atoms"":[2,36]}},""offline_seed"":""pubchem-registry-20260724-v1""}",verified,1
"4,4-dimethyl-3,5,8-trioxabicyclo[5.1.0]octane",,"4,4-Dimethyl-3,5,8-trioxabicyclo[5.1.0]octane",[],[],,11094747,CC1(C)OCC2OC2CO1,"InChI=1S/C7H12O3/c1-7(2)8-3-5-6(10-5)4-9-7/h5-6H,3-4H2,1-2H3",GEKNCWQQNMEIMS-UHFFFAOYSA-N,C7H12O3,144.17,defined_single_substance,resolved,true,qsar,null,"{""identity_verification"":{""cid"":11094747,""method"":""pubchem_cid_direct_structure"",""source"":""PubChem PUG REST"",""screening_envelope"":{""mw"":[30.0,500.0],""heavy_atoms"":[2,36]}},""offline_seed"":""pubchem-registry-20260724-v1""}",verified,1
"4,7-methano-3ah-indene-3a-carboxylic acid, octahydro-, ethyl ester, (3aalpha,4alpha,7alpha,7aalpha)-",,"4,7-Methano-3aH-indene-3a-carboxylic acid, octahydro-, ethyl ester, (3aalpha,4alpha,7alpha,7aalpha)-",[],[],,157343,CCOC(=O)[C@@]12CCC[C@@H]1[C@@H]1CC[C@H]2C1,"InChI=1S/C13H20O2/c1-2-15-12(14)13-7-3-4-11(13)9-5-6-10(13)8-9/h9-11H,2-8H2,1H3/t9-,10+,11-,13-/m1/s1",MGQPKOBPXHENPO-LSCVPOLPSA-N,C13H20O2,208.301,defined_single_substance,resolved,true,qsar,null,"{""identity_verification"":{""cid"":157343,""method"":""pubchem_cid_direct_structure"",""source"":""PubChem PUG REST"",""screening_envelope"":{""mw"":[30.0,500.0],""heavy_atoms"":[2,36]}},""offline_seed"":""pubchem-registry-20260724-v1""}",verified,1
"4-(1,1-dimethylethyl)-2-methyl-6-(1-methylpentadecyl)phenol",,"4-(1,1-Dimethylethyl)-2-methyl-6-(1-methylpentadecyl)phenol",[],[],,18961322,CCCCCCCCCCCCCCC(C)c1cc(C(C)(C)C)cc(C)c1O,"InChI=1S/C27H48O/c1-7-8-9-10-11-12-13-14-15-16-17-18-19-22(2)25-21-24(27(4,5)6)20-23(3)26(25)28/h20-22,28H,7-19H2,1-6H3",LALMYSXJJWCRDR-UHFFFAOYSA-N,C27H48O,388.6800000000001,defined_single_substance,resolved,true,qsar,null,"{""identity_verification"":{""cid"":18961322,""method"":""pubchem_cid_direct_structure"",""source"":""PubChem PUG REST"",""screening_envelope"":{""mw"":[30.0,500.0],""heavy_atoms"":[2,36]}},""offline_seed"":""pubchem-registry-20260724-v1""}",verified,1
"4-(1,4-dioxa-spiro(4.5)dec-8-yl)-cyclohexanone",,"4-(1,4-Dioxa-spiro(4.5)dec-8-yl)-cyclohexanone",[],[],,810913,O=C1CCC(C2CCC3(CC2)OCCO3)CC1,"InChI=1S/C14H22O3/c15-13-3-1-11(2-4-13)12-5-7-14(8-6-12)16-9-10-17-14/h11-12H,1-10H2",ZNWLFTSPNBLXGL-UHFFFAOYSA-N,C14H22O3,238.3269999999999,defined_single_substance,resolved,true,qsar,null,"{""identity_verification"":{""cid"":810913,""method"":""pubchem_cid_direct_structure"",""source"":""PubChem PUG REST"",""screening_envelope"":{""mw"":[30.0,500.0],""heavy_atoms"":[2,36]}},""offline_seed"":""pubchem-registry-20260724-v1""}",verified,1
"4-(2,4-dichlorophenoxy)butyric acid",,"4-(2,4-Dichlorophenoxy)butyric acid",[],[],,1489,O=C(O)CCCOc1ccc(Cl)cc1Cl,"InChI=1S/C10H10Cl2O3/c11-7-3-4-9(8(12)6-7)15-5-1-2-10(13)14/h3-4,6H,1-2,5H2,(H,13,14)",YIVXMZJTEQBPQO-UHFFFAOYSA-N,C10H10Cl2O3,249.09299999999993,defined_single_substance,resolved,true,qsar,null,"{""identity_verification"":{""cid"":1489,""method"":""pubchem_cid_direct_structure"",""source"":""PubChem PUG REST"",""screening_envelope"":{""mw"":[30.0,500.0],""heavy_atoms"":[2,36]}},""offline_seed"":""pubchem-registry-20260724-v1""}",verified,1
"4-(2,6,6-trimethyl-1-cyclohexen-1-yl)-3-buten-2-one",,"4-(2,6,6-Trimethyl-1-cyclohexen-1-yl)-3-buten-2-one",[],[],,26955,CC(=O)C=CC1=C(C)CCCC1(C)C,"InChI=1S/C13H20O/c1-10-6-5-9-13(3,4)12(10)8-7-11(2)14/h7-8H,5-6,9H2,1-4H3",PSQYTAPXSHCGMF-UHFFFAOYSA-N,C13H20O,192.302,defined_single_substance,resolved,true,qsar,null,"{""identity_verification"":{""cid"":26955,""method"":""pubchem_cid_direct_structure"",""source"":""PubChem PUG REST"",""screening_envelope"":{""mw"":[30.0,500.0],""heavy_atoms"":[2,36]}},""offline_seed"":""pubchem-registry-20260724-v1""}",verified,1
4-(2-methylacryloyloxy)phenyl 4-allyloxybenzoate,,4-(2-Methylacryloyloxy)phenyl 4-allyloxybenzoate,[],[],,10860695,C=CCOc1ccc(C(=O)Oc2ccc(OC(=O)C(=C)C)cc2)cc1,"InChI=1S/C20H18O5/c1-4-13-23-16-7-5-15(6-8-16)20(22)25-18-11-9-17(10-12-18)24-19(21)14(2)3/h4-12H,1-2,13H2,3H3",VRISIUMRBYLVHV-UHFFFAOYSA-N,C20H18O5,338.3590000000001,defined_single_substance,resolved,true,qsar,null,"{""identity_verification"":{""cid"":10860695,""method"":""pubchem_cid_direct_structure"",""source"":""PubChem PUG REST"",""screening_envelope"":{""mw"":[30.0,500.0],""heavy_atoms"":[2,36]}},""offline_seed"":""pubchem-registry-20260724-v1""}",verified,1
"4-(3-(diethoxymethylsilylpropoxy)-2,2,6,6-tetramethyl)piperidine",,"4-(3-(Diethoxymethylsilylpropoxy)-2,2,6,6-tetramethyl)piperidine",[],[],,54207826,CCO[Si](C)(CCCOC1CC(C)(C)NC(C)(C)C1)OCC,"InChI=1S/C17H37NO3Si/c1-8-20-22(7,21-9-2)12-10-11-19-15-13-16(3,4)18-17(5,6)14-15/h15,18H,8-14H2,1-7H3",PTUAFEVULPLJPF-UHFFFAOYSA-N,C17H37NO3Si,331.5730000000001,defined_single_substance,resolved,true,qsar,null,"{""identity_verification"":{""cid"":54207826,""method"":""pubchem_cid_direct_structure"",""source"":""PubChem PUG REST"",""screening_envelope"":{""mw"":[30.0,500.0],""heavy_atoms"":[2,36]}},""offline_seed"":""pubchem-registry-20260724-v1""}",verified,1
"4-(4,4-dimethyl-3-oxo-pyrazolidin-1-yl)-benzoic acid",,"4-(4,4-Dimethyl-3-oxo-pyrazolidin-1-yl)-benzoic acid",[],[],,15374885,CC1(C)CN(c2ccc(C(=O)O)cc2)NC1=O,"InChI=1S/C12H14N2O3/c1-12(2)7-14(13-11(12)17)9-5-3-8(4-6-9)10(15)16/h3-6H,7H2,1-2H3,(H,13,17)(H,15,16)",RZSMYBKVQYILRO-UHFFFAOYSA-N,C12H14N2O3,234.255,defined_single_substance,resolved,true,qsar,null,"{""identity_verification"":{""cid"":15374885,""method"":""pubchem_cid_direct_structure"",""source"":""PubChem PUG REST"",""screening_envelope"":{""mw"":[30.0,500.0],""heavy_atoms"":[2,36]}},""offline_seed"":""pubchem-registry-20260724-v1""}",verified,1
"4-(4-(1,3-dihydroxyprop-2-yl)phenylamino)-1,8-dihydroxy-5-nitroanthraquinone",,"4-(4-(1,3-Dihydroxyprop-2-yl)phenylamino)-1,8-dihydroxy-5-nitroanthraquinone",[],[],,53426469,O=C1c2c(O)ccc(Nc3ccc(C(CO)CO)cc3)c2C(=O)c2c([N+](=O)[O-])ccc(O)c21,"InChI=1S/C23H18N2O8/c26-9-12(10-27)11-1-3-13(4-2-11)24-14-5-7-16(28)20-18(14)22(30)19-15(25(32)33)6-8-17(29)21(19)23(20)31/h1-8,12,24,26-29H,9-10H2",OXIGDVJVFLVGMW-UHFFFAOYSA-N,C23H18N2O8,450.40300000000025,defined_single_substance,resolved,true,qsar,null,"{""identity_verification"":{""cid"":53426469,""method"":""pubchem_cid_direct_structure"",""source"":""PubChem PUG REST"",""screening_envelope"":{""mw"":[30.0,500.0],""heavy_atoms"":[2,36]}},""offline_seed"":""pubchem-registry-20260724-v1""}",verified,1
4-(4-(dimethylamino)-1-(4-fluorophenyl)-1-hydroxybutyl)-3-(hydroxymethyl)benzonitrile,,4-(4-(Dimethylamino)-1-(4-fluorophenyl)-1-hydroxybutyl)-3-(hydroxymethyl)benzonitrile,[],[],,10132164,CN(C)CCCC(O)(c1ccc(F)cc1)c1ccc(C#N)cc1CO,"InChI=1S/C20H23FN2O2/c1-23(2)11-3-10-20(25,17-5-7-18(21)8-6-17)19-9-4-15(13-22)12-16(19)14-24/h4-9,12,24-25H,3,10-11,14H2,1-2H3",GNULRNVWXYXBQY-UHFFFAOYSA-N,C20H23FN2O2,342.41400000000004,defined_single_substance,resolved,true,qsar,null,"{""identity_verification"":{""cid"":10132164,""method"":""pubchem_cid_direct_structure"",""source"":""PubChem PUG REST"",""screening_envelope"":{""mw"":[30.0,500.0],""heavy_atoms"":[2,36]}},""offline_seed"":""pubchem-registry-20260724-v1""}",verified,1
4-(4-fluorophenyl)-3-hydroxymethyl-1-methylpiperidine,,4-(4-Fluorophenyl)-3-hydroxymethyl-1-methylpiperidine,[],[],,10176880,CN1CCC(c2ccc(F)cc2)C(CO)C1,"InChI=1S/C13H18FNO/c1-15-7-6-13(11(8-15)9-16)10-2-4-12(14)5-3-10/h2-5,11,13,16H,6-9H2,1H3",CXRHUYYZISIIMT-UHFFFAOYSA-N,C13H18FNO,223.291,defined_single_substance,resolved,true,qsar,null,"{""identity_verification"":{""cid"":10176880,""method"":""pubchem_cid_direct_structure"",""source"":""PubChem PUG REST"",""screening_envelope"":{""mw"":[30.0,500.0],""heavy_atoms"":[2,36]}},""offline_seed"":""pubchem-registry-20260724-v1""}",verified,1
"4-(4-nitrophenylazo)-2,6-di-sec-butyl-phenol",,"4-(4-Nitrophenylazo)-2,6-di-sec-butyl-phenol",[],[],,136029257,CCC(C)c1cc(N=Nc2ccc([N+](=O)[O-])cc2)cc(C(C)CC)c1O,"InChI=1S/C20H25N3O3/c1-5-13(3)18-11-16(12-19(20(18)24)14(4)6-2)22-21-15-7-9-17(10-8-15)23(25)26/h7-14,24H,5-6H2,1-4H3",JCYAHFVUGYOYNR-UHFFFAOYSA-N,C20H25N3O3,355.43800000000005,defined_single_substance,resolved,true,qsar,null,"{""identity_verification"":{""cid"":136029257,""method"":""pubchem_cid_direct_structure"",""source"":""PubChem PUG REST"",""screening_envelope"":{""mw"":[30.0,500.0],""heavy_atoms"":[2,36]}},""offline_seed"":""pubchem-registry-20260724-v1""}",verified,1
"4-[2-(3,4-dichlorophenyl)diazenyl]-2,6-bis(1-methylpropyl)phenol",,"4-[2-(3,4-Dichlorophenyl)diazenyl]-2,6-bis(1-methylpropyl)phenol",[],[],,136029256,CCC(C)c1cc(N=Nc2ccc(Cl)c(Cl)c2)cc(C(C)CC)c1O,"InChI=1S/C20H24Cl2N2O/c1-5-12(3)16-9-15(10-17(20(16)25)13(4)6-2)24-23-14-7-8-18(21)19(22)11-14/h7-13,25H,5-6H2,1-4H3",QGBSZIKJULOEDZ-UHFFFAOYSA-N,C20H24Cl2N2O,379.331,defined_single_substance,resolved,true,qsar,null,"{""identity_verification"":{""cid"":136029256,""method"":""pubchem_cid_direct_structure"",""source"":""PubChem PUG REST"",""screening_envelope"":{""mw"":[30.0,500.0],""heavy_atoms"":[2,36]}},""offline_seed"":""pubchem-registry-20260724-v1""}",verified,1
4-amino-3-fluorophenol,,4-Amino-3-fluorophenol,[],[],,2735919,Nc1ccc(O)cc1F,"InChI=1S/C6H6FNO/c7-5-3-4(9)1-2-6(5)8/h1-3,9H,8H2",MNPLTKHJEAFOCA-UHFFFAOYSA-N,C6H6FNO,127.118,defined_single_substance,resolved,true,qsar,null,"{""identity_verification"":{""cid"":2735919,""method"":""pubchem_cid_direct_structure"",""source"":""PubChem PUG REST"",""screening_envelope"":{""mw"":[30.0,500.0],""heavy_atoms"":[2,36]}},""offline_seed"":""pubchem-registry-20260724-v1""}",verified,1
4-aminobiphenyl,,4-Aminobiphenyl,[],[],,7102,Nc1ccc(-c2ccccc2)cc1,"InChI=1S/C12H11N/c13-12-8-6-11(7-9-12)10-4-2-1-3-5-10/h1-9H,13H2",DMVOXQPQNTYEKQ-UHFFFAOYSA-N,C12H11N,169.22699999999998,defined_single_substance,resolved,true,qsar,null,"{""identity_verification"":{""cid"":7102,""method"":""pubchem_cid_direct_structure"",""source"":""PubChem PUG REST"",""screening_envelope"":{""mw"":[30.0,500.0],""heavy_atoms"":[2,36]}},""offline_seed"":""pubchem-registry-20260724-v1""}",verified,1
4-bromo-2-chloro-1-fluorobenzene,,4-Bromo-2-chloro-1-fluorobenzene,[],[],,3543065,Fc1ccc(Br)cc1Cl,InChI=1S/C6H3BrClF/c7-4-1-2-6(9)5(8)3-4/h1-3H,CJTIWGBQCVYTQE-UHFFFAOYSA-N,C6H3BrClF,209.44499999999996,defined_single_substance,resolved,true,qsar,null,"{""identity_verification"":{""cid"":3543065,""method"":""pubchem_cid_direct_structure"",""source"":""PubChem PUG REST"",""screening_envelope"":{""mw"":[30.0,500.0],""heavy_atoms"":[2,36]}},""offline_seed"":""pubchem-registry-20260724-v1""}",verified,1
4-chloro-2-methylphenol,,4-Chloro-2-methylphenol,[],[],,14855,Cc1cc(Cl)ccc1O,"InChI=1S/C7H7ClO/c1-5-4-6(8)2-3-7(5)9/h2-4,9H,1H3",RHPUJHQBPORFGV-UHFFFAOYSA-N,C7H7ClO,142.585,defined_single_substance,resolved,true,qsar,null,"{""identity_verification"":{""cid"":14855,""method"":""pubchem_cid_direct_structure"",""source"":""PubChem PUG REST"",""screening_envelope"":{""mw"":[30.0,500.0],""heavy_atoms"":[2,36]}},""offline_seed"":""pubchem-registry-20260724-v1""}",verified,1
4-chloro-3-methylphenol,,4-Chloro-3-methylphenol,[],[],,1732,Cc1cc(O)ccc1Cl,"InChI=1S/C7H7ClO/c1-5-4-6(9)2-3-7(5)8/h2-4,9H,1H3",CFKMVGJGLGKFKI-UHFFFAOYSA-N,C7H7ClO,142.58499999999998,defined_single_substance,resolved,true,qsar,null,"{""identity_verification"":{""cid"":1732,""method"":""pubchem_cid_direct_structure"",""source"":""PubChem PUG REST"",""screening_envelope"":{""mw"":[30.0,500.0],""heavy_atoms"":[2,36]}},""offline_seed"":""pubchem-registry-20260724-v1""}",verified,1
4-chlorobenzoic acid,,4-Chlorobenzoic Acid,[],[],,6318,O=C(O)c1ccc(Cl)cc1,"InChI=1S/C7H5ClO2/c8-6-3-1-5(2-4-6)7(9)10/h1-4H,(H,9,10)",XRHGYUZYPHTUJZ-UHFFFAOYSA-N,C7H5ClO2,156.56799999999998,defined_single_substance,resolved,true,qsar,null,"{""identity_verification"":{""cid"":6318,""method"":""pubchem_cid_direct_structure"",""source"":""PubChem PUG REST"",""screening_envelope"":{""mw"":[30.0,500.0],""heavy_atoms"":[2,36]}},""offline_seed"":""pubchem-registry-20260724-v1""}",verified,1
4-chlorobenzotrichloride,,4-Chlorobenzotrichloride,[],[],,21277,Clc1ccc(C(Cl)(Cl)Cl)cc1,"InChI=1S/C7H4Cl4/c8-6-3-1-5(2-4-6)7(9,10)11/h1-4H",LVZPKYYPPLUECL-UHFFFAOYSA-N,C7H4Cl4,229.921,defined_single_substance,resolved,true,qsar,null,"{""identity_verification"":{""cid"":21277,""method"":""pubchem_cid_direct_structure"",""source"":""PubChem PUG REST"",""screening_envelope"":{""mw"":[30.0,500.0],""heavy_atoms"":[2,36]}},""offline_seed"":""pubchem-registry-20260724-v1""}",verified,1
"4-chlorobutyl 3,4-dimethoxybenzoate",,"4-Chlorobutyl 3,4-dimethoxybenzoate",[],[],,12843121,COc1ccc(C(=O)OCCCCCl)cc1OC,"InChI=1S/C13H17ClO4/c1-16-11-6-5-10(9-12(11)17-2)13(15)18-8-4-3-7-14/h5-6,9H,3-4,7-8H2,1-2H3",VDKIZIBOFDIQRW-UHFFFAOYSA-N,C13H17ClO4,272.72799999999995,defined_single_substance,resolved,true,qsar,null,"{""identity_verification"":{""cid"":12843121,""method"":""pubchem_cid_direct_structure"",""source"":""PubChem PUG REST"",""screening_envelope"":{""mw"":[30.0,500.0],""heavy_atoms"":[2,36]}},""offline_seed"":""pubchem-registry-20260724-v1""}",verified,1
4-cyclohexyl-2-methyl-2-butanol,,4-Cyclohexyl-2-methyl-2-butanol,[],[],,14434313,CC(C)(O)CCC1CCCCC1,"InChI=1S/C11H22O/c1-11(2,12)9-8-10-6-4-3-5-7-10/h10,12H,3-9H2,1-2H3",KZZASWGRLOTITL-UHFFFAOYSA-N,C11H22O,170.296,defined_single_substance,resolved,true,qsar,null,"{""identity_verification"":{""cid"":14434313,""method"":""pubchem_cid_direct_structure"",""source"":""PubChem PUG REST"",""screening_envelope"":{""mw"":[30.0,500.0],""heavy_atoms"":[2,36]}},""offline_seed"":""pubchem-registry-20260724-v1""}",verified,1
4-fluoro-3-(trifluoromethyl)phenol,,4-Fluoro-3-(trifluoromethyl)phenol,[],[],,601854,Oc1ccc(F)c(C(F)(F)F)c1,"InChI=1S/C7H4F4O/c8-6-2-1-4(12)3-5(6)7(9,10)11/h1-3,12H",DHPCRFYUUWAGAH-UHFFFAOYSA-N,C7H4F4O,180.09999999999997,defined_single_substance,resolved,true,qsar,null,"{""identity_verification"":{""cid"":601854,""method"":""pubchem_cid_direct_structure"",""source"":""PubChem PUG REST"",""screening_envelope"":{""mw"":[30.0,500.0],""heavy_atoms"":[2,36]}},""offline_seed"":""pubchem-registry-20260724-v1""}",verified,1
4-formylphenylboronic acid,,4-Formylphenylboronic Acid,[],[],,591073,O=Cc1ccc(B(O)O)cc1,"InChI=1S/C7H7BO3/c9-5-6-1-3-7(4-2-6)8(10)11/h1-5,10-11H",VXWBQOJISHAKKM-UHFFFAOYSA-N,C7H7BO3,149.942,defined_single_substance,resolved,true,qsar,null,"{""identity_verification"":{""cid"":591073,""method"":""pubchem_cid_direct_structure"",""source"":""PubChem PUG REST"",""screening_envelope"":{""mw"":[30.0,500.0],""heavy_atoms"":[2,36]}},""offline_seed"":""pubchem-registry-20260724-v1""}",verified,1
4-hexadecyl-1-phenyl-3-pyrazolidinone,,4-Hexadecyl-1-phenyl-3-pyrazolidinone,[],[],,23393093,CCCCCCCCCCCCCCCCC1CN(c2ccccc2)NC1=O,"InChI=1S/C25H42N2O/c1-2-3-4-5-6-7-8-9-10-11-12-13-14-16-19-23-22-27(26-25(23)28)24-20-17-15-18-21-24/h15,17-18,20-21,23H,2-14,16,19,22H2,1H3,(H,26,28)",YETPPXXGRCYUJK-UHFFFAOYSA-N,C25H42N2O,386.62399999999997,defined_single_substance,resolved,true,qsar,null,"{""identity_verification"":{""cid"":23393093,""method"":""pubchem_cid_direct_structure"",""source"":""PubChem PUG REST"",""screening_envelope"":{""mw"":[30.0,500.0],""heavy_atoms"":[2,36]}},""offline_seed"":""pubchem-registry-20260724-v1""}",verified,1
4-hydroxypropylamino-3-nitrophenol,,4-Hydroxypropylamino-3-Nitrophenol,[],[],,5463795,O=[N+]([O-])c1cc(O)ccc1NCCCO,"InChI=1S/C9H12N2O4/c12-5-1-4-10-8-3-2-7(13)6-9(8)11(14)15/h2-3,6,10,12-13H,1,4-5H2",VTXBLQLZQLHDIL-UHFFFAOYSA-N,C9H12N2O4,212.20499999999996,defined_single_substance,resolved,true,qsar,null,"{""identity_verification"":{""cid"":5463795,""method"":""pubchem_cid_direct_structure"",""source"":""PubChem PUG REST"",""screening_envelope"":{""mw"":[30.0,500.0],""heavy_atoms"":[2,36]}},""offline_seed"":""pubchem-registry-20260724-v1""}",verified,1
4-mesyl-2-nitrotoluene,,4-Mesyl-2-nitrotoluene,[],[],,687125,Cc1ccc(S(C)(=O)=O)cc1[N+](=O)[O-],"InChI=1S/C8H9NO4S/c1-6-3-4-7(14(2,12)13)5-8(6)9(10)11/h3-5H,1-2H3",OXBDLEXAVKAJFD-UHFFFAOYSA-N,C8H9NO4S,215.22999999999996,defined_single_substance,resolved,true,qsar,null,"{""identity_verification"":{""cid"":687125,""method"":""pubchem_cid_direct_structure"",""source"":""PubChem PUG REST"",""screening_envelope"":{""mw"":[30.0,500.0],""heavy_atoms"":[2,36]}},""offline_seed"":""pubchem-registry-20260724-v1""}",verified,1
4-methoxyphenol,,4-Methoxyphenol,[],[],,9015,COc1ccc(O)cc1,"InChI=1S/C7H8O2/c1-9-7-4-2-6(8)3-5-7/h2-5,8H,1H3",NWVVVBRKAWDGAB-UHFFFAOYSA-N,C7H8O2,124.13899999999997,defined_single_substance,resolved,true,qsar,null,"{""identity_verification"":{""cid"":9015,""method"":""pubchem_cid_direct_structure"",""source"":""PubChem PUG REST"",""screening_envelope"":{""mw"":[30.0,500.0],""heavy_atoms"":[2,36]}},""offline_seed"":""pubchem-registry-20260724-v1""}",verified,1
4-methyl-8-methyleneadamantan-2-yl acetate,,4-Methyl-8-methyleneadamantan-2-yl acetate,[],[],,19830424,C=C1C2CC3CC1C(OC(C)=O)C(C2)C3C,"InChI=1S/C14H20O2/c1-7-10-4-11-6-12(7)14(16-9(3)15)13(5-10)8(11)2/h8,10-14H,1,4-6H2,2-3H3",HYZYPKCUAUVUJO-UHFFFAOYSA-N,C14H20O2,220.31199999999993,defined_single_substance,resolved,true,qsar,null,"{""identity_verification"":{""cid"":19830424,""method"":""pubchem_cid_direct_structure"",""source"":""PubChem PUG REST"",""screening_envelope"":{""mw"":[30.0,500.0],""heavy_atoms"":[2,36]}},""offline_seed"":""pubchem-registry-20260724-v1""}",verified,1
"4-methyl-8-methylenetricyclo[3.3.1.13,7]decan-2-ol",,"4-Methyl-8-methylenetricyclo[3.3.1.13,7]decan-2-ol",[],[],,180122,C=C1C2CC3CC1C(O)C(C2)C3C,"InChI=1S/C12H18O/c1-6-8-3-9-5-10(6)12(13)11(4-8)7(9)2/h7-13H,1,3-5H2,2H3",REINJUBMDBESCN-UHFFFAOYSA-N,C12H18O,178.27499999999995,defined_single_substance,resolved,true,qsar,null,"{""identity_verification"":{""cid"":180122,""method"":""pubchem_cid_direct_structure"",""source"":""PubChem PUG REST"",""screening_envelope"":{""mw"":[30.0,500.0],""heavy_atoms"":[2,36]}},""offline_seed"":""pubchem-registry-20260724-v1""}",verified,1
4-methylphenyl 4-chlorobenzoate,,4-Methylphenyl 4-chlorobenzoate,[],[],,223462,Cc1ccc(OC(=O)c2ccc(Cl)cc2)cc1,"InChI=1S/C14H11ClO2/c1-10-2-8-13(9-3-10)17-14(16)11-4-6-12(15)7-5-11/h2-9H,1H3",FNKKDQKBNWQMMW-UHFFFAOYSA-N,C14H11ClO2,246.693,defined_single_substance,resolved,true,qsar,null,"{""identity_verification"":{""cid"":223462,""method"":""pubchem_cid_direct_structure"",""source"":""PubChem PUG REST"",""screening_envelope"":{""mw"":[30.0,500.0],""heavy_atoms"":[2,36]}},""offline_seed"":""pubchem-registry-20260724-v1""}",verified,1
4-methylpyridine,,4-Methylpyridine,[],[],,7963,Cc1ccncc1,"InChI=1S/C6H7N/c1-6-2-4-7-5-3-6/h2-5H,1H3",FKNQCJSGGFJEIZ-UHFFFAOYSA-N,C6H7N,93.12899999999999,defined_single_substance,resolved,true,qsar,null,"{""identity_verification"":{""cid"":7963,""method"":""pubchem_cid_direct_structure"",""source"":""PubChem PUG REST"",""screening_envelope"":{""mw"":[30.0,500.0],""heavy_atoms"":[2,36]}},""offline_seed"":""pubchem-registry-20260724-v1""}",verified,1
4-nitrophenol,,4-Nitrophenol,[],[],,980,O=[N+]([O-])c1ccc(O)cc1,"InChI=1S/C6H5NO3/c8-6-3-1-5(2-4-6)7(9)10/h1-4,8H",BTJIUGUIPKRLHP-UHFFFAOYSA-N,C6H5NO3,139.10999999999999,defined_single_substance,resolved,true,qsar,null,"{""identity_verification"":{""cid"":980,""method"":""pubchem_cid_direct_structure"",""source"":""PubChem PUG REST"",""screening_envelope"":{""mw"":[30.0,500.0],""heavy_atoms"":[2,36]}},""offline_seed"":""pubchem-registry-20260724-v1""}",verified,1
4-nitrosophenol,,4-Nitrosophenol,[],[],,7729,O=Nc1ccc(O)cc1,"InChI=1S/C6H5NO2/c8-6-3-1-5(7-9)2-4-6/h1-4,8H",JSTCPNFNKICNNO-UHFFFAOYSA-N,C6H5NO2,123.11099999999998,defined_single_substance,resolved,true,qsar,null,"{""identity_verification"":{""cid"":7729,""method"":""pubchem_cid_direct_structure"",""source"":""PubChem PUG REST"",""screening_envelope"":{""mw"":[30.0,500.0],""heavy_atoms"":[2,36]}},""offline_seed"":""pubchem-registry-20260724-v1""}",verified,1
4-nitrotoluene,,4-Nitrotoluene,[],[],,7473,Cc1ccc([N+](=O)[O-])cc1,"InChI=1S/C7H7NO2/c1-6-2-4-7(5-3-6)8(9)10/h2-5H,1H3",ZPTVNYMJQHSSEA-UHFFFAOYSA-N,C7H7NO2,137.138,defined_single_substance,resolved,true,qsar,null,"{""identity_verification"":{""cid"":7473,""method"":""pubchem_cid_direct_structure"",""source"":""PubChem PUG REST"",""screening_envelope"":{""mw"":[30.0,500.0],""heavy_atoms"":[2,36]}},""offline_seed"":""pubchem-registry-20260724-v1""}",verified,1
4-nonylphenol,,4-Nonylphenol,[],[],,1752,CCCCCCCCCc1ccc(O)cc1,"InChI=1S/C15H24O/c1-2-3-4-5-6-7-8-9-14-10-12-15(16)13-11-14/h10-13,16H,2-9H2,1H3",IGFHQQFPSIBGKE-UHFFFAOYSA-N,C15H24O,220.35600000000002,defined_single_substance,resolved,true,qsar,null,"{""identity_verification"":{""cid"":1752,""method"":""pubchem_cid_direct_structure"",""source"":""PubChem PUG REST"",""screening_envelope"":{""mw"":[30.0,500.0],""heavy_atoms"":[2,36]}},""offline_seed"":""pubchem-registry-20260724-v1""}",verified,1
"4-penten-2-ol, 3,3-dimethyl-5-(2,2,3-trimethyl-3-cyclopenten-1-yl)-",,"4-Penten-2-ol, 3,3-dimethyl-5-(2,2,3-trimethyl-3-cyclopenten-1-yl)-",[],[],,15984303,CC1=CCC(/C=C/C(C)(C)C(C)O)C1(C)C,"InChI=1S/C15H26O/c1-11-7-8-13(15(11,5)6)9-10-14(3,4)12(2)16/h7,9-10,12-13,16H,8H2,1-6H3/b10-9+",QZFSNJAQFWEXEA-MDZDMXLPSA-N,C15H26O,222.37199999999999,defined_single_substance,resolved,true,qsar,null,"{""identity_verification"":{""cid"":15984303,""method"":""pubchem_cid_direct_structure"",""source"":""PubChem PUG REST"",""screening_envelope"":{""mw"":[30.0,500.0],""heavy_atoms"":[2,36]}},""offline_seed"":""pubchem-registry-20260724-v1""}",verified,1
4-propylcyclohexanone,,4-Propylcyclohexanone,[],[],,142482,CCCC1CCC(=O)CC1,"InChI=1S/C9H16O/c1-2-3-8-4-6-9(10)7-5-8/h8H,2-7H2,1H3",NQEDLIZOPMNZMC-UHFFFAOYSA-N,C9H16O,140.226,defined_single_substance,resolved,true,qsar,null,"{""identity_verification"":{""cid"":142482,""method"":""pubchem_cid_direct_structure"",""source"":""PubChem PUG REST"",""screening_envelope"":{""mw"":[30.0,500.0],""heavy_atoms"":[2,36]}},""offline_seed"":""pubchem-registry-20260724-v1""}",verified,1
4-tert-butylbenzoic acid,,4-tert-Butylbenzoic acid,[],[],,7403,CC(C)(C)c1ccc(C(=O)O)cc1,"InChI=1S/C11H14O2/c1-11(2,3)9-6-4-8(5-7-9)10(12)13/h4-7H,1-3H3,(H,12,13)",KDVYCTOWXSLNNI-UHFFFAOYSA-N,C11H14O2,178.23099999999997,defined_single_substance,resolved,true,qsar,null,"{""identity_verification"":{""cid"":7403,""method"":""pubchem_cid_direct_structure"",""source"":""PubChem PUG REST"",""screening_envelope"":{""mw"":[30.0,500.0],""heavy_atoms"":[2,36]}},""offline_seed"":""pubchem-registry-20260724-v1""}",verified,1
4-tert-butylphenol,,4-tert-Butylphenol,[],[],,7393,CC(C)(C)c1ccc(O)cc1,"InChI=1S/C10H14O/c1-10(2,3)8-4-6-9(11)7-5-8/h4-7,11H,1-3H3",QHPQWRBYOIRBIT-UHFFFAOYSA-N,C10H14O,150.22099999999998,defined_single_substance,resolved,true,qsar,null,"{""identity_verification"":{""cid"":7393,""method"":""pubchem_cid_direct_structure"",""source"":""PubChem PUG REST"",""screening_envelope"":{""mw"":[30.0,500.0],""heavy_atoms"":[2,36]}},""offline_seed"":""pubchem-registry-20260724-v1""}",verified,1
4-tert-octylphenol,,4-Tert-octylphenol,[],[],,8814,CC(C)(C)CC(C)(C)c1ccc(O)cc1,"InChI=1S/C14H22O/c1-13(2,3)10-14(4,5)11-6-8-12(15)9-7-11/h6-9,15H,10H2,1-5H3",ISAVYTVYFVQUDY-UHFFFAOYSA-N,C14H22O,206.329,defined_single_substance,resolved,true,qsar,null,"{""identity_verification"":{""cid"":8814,""method"":""pubchem_cid_direct_structure"",""source"":""PubChem PUG REST"",""screening_envelope"":{""mw"":[30.0,500.0],""heavy_atoms"":[2,36]}},""offline_seed"":""pubchem-registry-20260724-v1""}",verified,1
"5,6-dihydroxyindole",,"5,6-Dihydroxyindole",[],[],,114683,Oc1cc2cc[nH]c2cc1O,"InChI=1S/C8H7NO2/c10-7-3-5-1-2-9-6(5)4-8(7)11/h1-4,9-11H",SGNZYJXNUURYCH-UHFFFAOYSA-N,C8H7NO2,149.14899999999997,defined_single_substance,resolved,true,qsar,null,"{""identity_verification"":{""cid"":114683,""method"":""pubchem_cid_direct_structure"",""source"":""PubChem PUG REST"",""screening_envelope"":{""mw"":[30.0,500.0],""heavy_atoms"":[2,36]}},""offline_seed"":""pubchem-registry-20260724-v1""}",verified,1
"5-acetoxy-2-(r,s)butyryloxymethyl-1,3-oxathiolane",,"5-Acetoxy-2-(R,S)butyryloxymethyl-1,3-oxathiolane",[],[],,66570692,CCCC(=O)CC1OCC(OC(C)=O)S1,"InChI=1S/C10H16O4S/c1-3-4-8(12)5-9-13-6-10(15-9)14-7(2)11/h9-10H,3-6H2,1-2H3",NVOKHIMPUKEFNE-UHFFFAOYSA-N,C10H16O4S,232.30099999999996,defined_single_substance,resolved,true,qsar,null,"{""identity_verification"":{""cid"":66570692,""method"":""pubchem_cid_direct_structure"",""source"":""PubChem PUG REST"",""screening_envelope"":{""mw"":[30.0,500.0],""heavy_atoms"":[2,36]}},""offline_seed"":""pubchem-registry-20260724-v1""}",verified,1
"5-amino-1,3-dihydro-6-methyl-2h-benzimidazol-2-one",,"5-Amino-1,3-dihydro-6-methyl-2H-benzimidazol-2-one",[],[],,352271,Cc1cc2[nH]c(=O)[nH]c2cc1N,"InChI=1S/C8H9N3O/c1-4-2-6-7(3-5(4)9)11-8(12)10-6/h2-3H,9H2,1H3,(H2,10,11,12)",ZCXIPVIGYBHUTQ-UHFFFAOYSA-N,C8H9N3O,163.18,defined_single_substance,resolved,true,qsar,null,"{""identity_verification"":{""cid"":352271,""method"":""pubchem_cid_direct_structure"",""source"":""PubChem PUG REST"",""screening_envelope"":{""mw"":[30.0,500.0],""heavy_atoms"":[2,36]}},""offline_seed"":""pubchem-registry-20260724-v1""}",verified,1
5-endo-hexyl-bicyclo(2.2.1)hept-2-ene,,5-endo-Hexyl-bicyclo(2.2.1)hept-2-ene,[],[],,21584940,CCCCCCC1CC2C=CC1C2,"InChI=1S/C13H22/c1-2-3-4-5-6-12-9-11-7-8-13(12)10-11/h7-8,11-13H,2-6,9-10H2,1H3",WMWDGZLDLRCDRG-UHFFFAOYSA-N,C13H22,178.319,defined_single_substance,resolved,true,qsar,null,"{""identity_verification"":{""cid"":21584940,""method"":""pubchem_cid_direct_structure"",""source"":""PubChem PUG REST"",""screening_envelope"":{""mw"":[30.0,500.0],""heavy_atoms"":[2,36]}},""offline_seed"":""pubchem-registry-20260724-v1""}",verified,1
5-ethoxy-5h-furan-2-one,,5-Ethoxy-5H-furan-2-one,[],[],,3293575,CCOC1C=CC(=O)O1,"InChI=1S/C6H8O3/c1-2-8-6-4-3-5(7)9-6/h3-4,6H,2H2,1H3",NOZLVOMKFMVAKH-UHFFFAOYSA-N,C6H8O3,128.12699999999998,defined_single_substance,resolved,true,qsar,null,"{""identity_verification"":{""cid"":3293575,""method"":""pubchem_cid_direct_structure"",""source"":""PubChem PUG REST"",""screening_envelope"":{""mw"":[30.0,500.0],""heavy_atoms"":[2,36]}},""offline_seed"":""pubchem-registry-20260724-v1""}",verified,1
5-methyl-2-pyrazinecarboxylic acid,,5-Methyl-2-pyrazinecarboxylic acid,[],[],,122831,Cc1cnc(C(=O)O)cn1,"InChI=1S/C6H6N2O2/c1-4-2-8-5(3-7-4)6(9)10/h2-3H,1H3,(H,9,10)",RBYJWCRKFLGNDB-UHFFFAOYSA-N,C6H6N2O2,138.126,defined_single_substance,resolved,true,qsar,null,"{""identity_verification"":{""cid"":122831,""method"":""pubchem_cid_direct_structure"",""source"":""PubChem PUG REST"",""screening_envelope"":{""mw"":[30.0,500.0],""heavy_atoms"":[2,36]}},""offline_seed"":""pubchem-registry-20260724-v1""}",verified,1
5-methyl-3-heptanone,,5-Methyl-3-heptanone,[],[],,7822,CCC(=O)CC(C)CC,"InChI=1S/C8H16O/c1-4-7(3)6-8(9)5-2/h7H,4-6H2,1-3H3",PSBKJPTZCVYXSD-UHFFFAOYSA-N,C8H16O,128.21499999999997,defined_single_substance,resolved,true,qsar,null,"{""identity_verification"":{""cid"":7822,""method"":""pubchem_cid_direct_structure"",""source"":""PubChem PUG REST"",""screening_envelope"":{""mw"":[30.0,500.0],""heavy_atoms"":[2,36]}},""offline_seed"":""pubchem-registry-20260724-v1""}",verified,1
5-methylchrysene,,5-Methylchrysene,[],[],,19427,Cc1cc2ccccc2c2ccc3ccccc3c12,"InChI=1S/C19H14/c1-13-12-15-7-3-4-8-16(15)18-11-10-14-6-2-5-9-17(14)19(13)18/h2-12H,1H3",GOHBXWHNJHENRX-UHFFFAOYSA-N,C19H14,242.321,defined_single_substance,resolved,true,qsar,null,"{""identity_verification"":{""cid"":19427,""method"":""pubchem_cid_direct_structure"",""source"":""PubChem PUG REST"",""screening_envelope"":{""mw"":[30.0,500.0],""heavy_atoms"":[2,36]}},""offline_seed"":""pubchem-registry-20260724-v1""}",verified,1
5-thiazolylmethanol,,5-Thiazolylmethanol,[],[],,2763216,OCc1cncs1,"InChI=1S/C4H5NOS/c6-2-4-1-5-3-7-4/h1,3,6H,2H2",WKBQQWDVVHGWDB-UHFFFAOYSA-N,C4H5NOS,115.15699999999998,defined_single_substance,resolved,true,qsar,null,"{""identity_verification"":{""cid"":2763216,""method"":""pubchem_cid_direct_structure"",""source"":""PubChem PUG REST"",""screening_envelope"":{""mw"":[30.0,500.0],""heavy_atoms"":[2,36]}},""offline_seed"":""pubchem-registry-20260724-v1""}",verified,1
5alpha-bromo-3beta-acetoxy-6beta-hydroxyandrostan-17-one,,5alpha-Bromo-3beta-acetoxy-6beta-hydroxyandrostan-17-one,[],[],,3036604,CC(=O)O[C@H]1CC[C@]2(C)[C@H]3CC[C@]4(C)C(=O)CC[C@H]4[C@@H]3C[C@@H](O)[C@@]2(Br)C1,"InChI=1S/C21H31BrO4/c1-12(23)26-13-6-9-20(3)16-7-8-19(2)15(4-5-17(19)24)14(16)10-18(25)21(20,22)11-13/h13-16,18,25H,4-11H2,1-3H3/t13-,14-,15-,16-,18+,19-,20+,21-/m0/s1",LWPBJOOGFJSAQQ-FWFZCRFUSA-N,C21H31BrO4,427.37900000000013,defined_single_substance,resolved,true,qsar,null,"{""identity_verification"":{""cid"":3036604,""method"":""pubchem_cid_direct_structure"",""source"":""PubChem PUG REST"",""screening_envelope"":{""mw"":[30.0,500.0],""heavy_atoms"":[2,36]}},""offline_seed"":""pubchem-registry-20260724-v1""}",verified,1
"6,6-dibromopenicillanic acid sulfone",,"6,6-Dibromopenicillanic acid sulfone",[],[],,1427720,CC1(C)[C@H](C(=O)O)N2C(=O)C(Br)(Br)[C@H]2S1(=O)=O,"InChI=1S/C8H9Br2NO5S/c1-7(2)3(4(12)13)11-5(14)8(9,10)6(11)17(7,15)16/h3,6H,1-2H3,(H,12,13)/t3-,6+/m0/s1",DZYBRGUNKNPEKM-BBIVZNJYSA-N,C8H9Br2NO5S,391.03700000000003,defined_single_substance,resolved,true,qsar,null,"{""identity_verification"":{""cid"":1427720,""method"":""pubchem_cid_direct_structure"",""source"":""PubChem PUG REST"",""screening_envelope"":{""mw"":[30.0,500.0],""heavy_atoms"":[2,36]}},""offline_seed"":""pubchem-registry-20260724-v1""}",verified,1
"6-(2,5-dihydro-3,4-dimethyl-2,5-dioxo-1h-pyrrol-1-yl)hexyl methacrylate",,"6-(2,5-dihydro-3,4-dimethyl-2,5-dioxo-1H-pyrrol-1-yl)hexyl methacrylate",[],[],,5463785,C=C(C)C(=O)OCCCCCCN1C(=O)C(C)=C(C)C1=O,"InChI=1S/C16H23NO4/c1-11(2)16(20)21-10-8-6-5-7-9-17-14(18)12(3)13(4)15(17)19/h1,5-10H2,2-4H3",SGONPVYGYALKRZ-UHFFFAOYSA-N,C16H23NO4,293.363,defined_single_substance,resolved,true,qsar,null,"{""identity_verification"":{""cid"":5463785,""method"":""pubchem_cid_direct_structure"",""source"":""PubChem PUG REST"",""screening_envelope"":{""mw"":[30.0,500.0],""heavy_atoms"":[2,36]}},""offline_seed"":""pubchem-registry-20260724-v1""}",verified,1
6-dimethylaminohexan-1-ol,,6-Dimethylaminohexan-1-ol,[],[],,74623,CN(C)CCCCCCO,"InChI=1S/C8H19NO/c1-9(2)7-5-3-4-6-8-10/h10H,3-8H2,1-2H3",QCXNXRUTKSIZND-UHFFFAOYSA-N,C8H19NO,145.246,defined_single_substance,resolved,true,qsar,null,"{""identity_verification"":{""cid"":74623,""method"":""pubchem_cid_direct_structure"",""source"":""PubChem PUG REST"",""screening_envelope"":{""mw"":[30.0,500.0],""heavy_atoms"":[2,36]}},""offline_seed"":""pubchem-registry-20260724-v1""}",verified,1
6-ethyl-5-fluoro-4(3h)-pyrimidone,,6-ethyl-5-fluoro-4(3H)-pyrimidone,[],[],,135405387,CCc1nc[nH]c(=O)c1F,"InChI=1S/C6H7FN2O/c1-2-4-5(7)6(10)9-3-8-4/h3H,2H2,1H3,(H,8,9,10)",ZEMRCKIJEFNNCO-UHFFFAOYSA-N,C6H7FN2O,142.13299999999998,defined_single_substance,resolved,true,qsar,null,"{""identity_verification"":{""cid"":135405387,""method"":""pubchem_cid_direct_structure"",""source"":""PubChem PUG REST"",""screening_envelope"":{""mw"":[30.0,500.0],""heavy_atoms"":[2,36]}},""offline_seed"":""pubchem-registry-20260724-v1""}",verified,1
6-glycidyloxynapht-1-yl oxymethyloxirane,,6-Glycidyloxynapht-1-yl oxymethyloxirane,[],[],,4987597,c1cc(OCC2CO2)c2ccc(OCC3CO3)cc2c1,"InChI=1S/C16H16O4/c1-2-11-6-12(17-7-13-8-18-13)4-5-15(11)16(3-1)20-10-14-9-19-14/h1-6,13-14H,7-10H2",MEVBAGCIOOTPLF-UHFFFAOYSA-N,C16H16O4,272.3,defined_single_substance,resolved,true,qsar,null,"{""identity_verification"":{""cid"":4987597,""method"":""pubchem_cid_direct_structure"",""source"":""PubChem PUG REST"",""screening_envelope"":{""mw"":[30.0,500.0],""heavy_atoms"":[2,36]}},""offline_seed"":""pubchem-registry-20260724-v1""}",verified,1
6-mercaptopurine,,6-Mercaptopurine,[],[],,667490,S=c1nc[nH]c2nc[nH]c12,"InChI=1S/C5H4N4S/c10-5-3-4(7-1-6-3)8-2-9-5/h1-2H,(H2,6,7,8,9,10)",GLVAUDGFNGKCSF-UHFFFAOYSA-N,C5H4N4S,152.18200000000002,defined_single_substance,resolved,true,qsar,null,"{""identity_verification"":{""cid"":667490,""method"":""pubchem_cid_direct_structure"",""source"":""PubChem PUG REST"",""screening_envelope"":{""mw"":[30.0,500.0],""heavy_atoms"":[2,36]}},""offline_seed"":""pubchem-registry-20260724-v1""}",verified,1
"6-octen-3-one, 2,4,4,7-tetramethyl-",,"6-Octen-3-one, 2,4,4,7-tetramethyl-",[],[],,9815427,CC(C)=CCC(C)(C)C(=O)C(C)C,"InChI=1S/C12H22O/c1-9(2)7-8-12(5,6)11(13)10(3)4/h7,10H,8H2,1-6H3",CTLDWNVYXLHMAS-UHFFFAOYSA-N,C12H22O,182.307,defined_single_substance,resolved,true,qsar,null,"{""identity_verification"":{""cid"":9815427,""method"":""pubchem_cid_direct_structure"",""source"":""PubChem PUG REST"",""screening_envelope"":{""mw"":[30.0,500.0],""heavy_atoms"":[2,36]}},""offline_seed"":""pubchem-registry-20260724-v1""}",verified,1
"7,12-dimethylbenz(a)anthracene",,"7,12-Dimethylbenz(a)anthracene",[],[],,6001,Cc1c2ccccc2c(C)c2c1ccc1ccccc12,"InChI=1S/C20H16/c1-13-16-8-5-6-9-17(16)14(2)20-18(13)12-11-15-7-3-4-10-19(15)20/h3-12H,1-2H3",ARSRBNBHOADGJU-UHFFFAOYSA-N,C20H16,256.34799999999996,defined_single_substance,resolved,true,qsar,null,"{""identity_verification"":{""cid"":6001,""method"":""pubchem_cid_direct_structure"",""source"":""PubChem PUG REST"",""screening_envelope"":{""mw"":[30.0,500.0],""heavy_atoms"":[2,36]}},""offline_seed"":""pubchem-registry-20260724-v1""}",verified,1
"7,7-dimethyl-3-oxa-6-azaoctan-1-ol",,"7,7-Dimethyl-3-oxa-6-azaoctan-1-ol",[],[],,13643664,CC(C)(C)NCCOCCO,"InChI=1S/C8H19NO2/c1-8(2,3)9-4-6-11-7-5-10/h9-10H,4-7H2,1-3H3",YDEDDFNFQOPRQJ-UHFFFAOYSA-N,C8H19NO2,161.24499999999998,defined_single_substance,resolved,true,qsar,null,"{""identity_verification"":{""cid"":13643664,""method"":""pubchem_cid_direct_structure"",""source"":""PubChem PUG REST"",""screening_envelope"":{""mw"":[30.0,500.0],""heavy_atoms"":[2,36]}},""offline_seed"":""pubchem-registry-20260724-v1""}",verified,1
7-ethyltryptophol,,7-Ethyltryptophol,[],[],,198231,CCc1cccc2c(CCO)c[nH]c12,"InChI=1S/C12H15NO/c1-2-9-4-3-5-11-10(6-7-14)8-13-12(9)11/h3-5,8,13-14H,2,6-7H2,1H3",UVSDNCAZVSQJQA-UHFFFAOYSA-N,C12H15NO,189.25799999999995,defined_single_substance,resolved,true,qsar,null,"{""identity_verification"":{""cid"":198231,""method"":""pubchem_cid_direct_structure"",""source"":""PubChem PUG REST"",""screening_envelope"":{""mw"":[30.0,500.0],""heavy_atoms"":[2,36]}},""offline_seed"":""pubchem-registry-20260724-v1""}",verified,1
7-methylbenz(a)anthracene,,7-Methylbenz(a)anthracene,[],[],,17347,Cc1c2ccccc2cc2c1ccc1ccccc12,"InChI=1S/C19H14/c1-13-16-8-4-3-7-15(16)12-19-17(13)11-10-14-6-2-5-9-18(14)19/h2-12H,1H3",DIIFUCUPDHMNIV-UHFFFAOYSA-N,C19H14,242.321,defined_single_substance,resolved,true,qsar,null,"{""identity_verification"":{""cid"":17347,""method"":""pubchem_cid_direct_structure"",""source"":""PubChem PUG REST"",""screening_envelope"":{""mw"":[30.0,500.0],""heavy_atoms"":[2,36]}},""offline_seed"":""pubchem-registry-20260724-v1""}",verified,1
"8-azaspiro(4.5)decane-7,9-dione",,"8-Azaspiro(4.5)decane-7,9-dione",[],[],,136843,O=C1CC2(CCCC2)CC(=O)N1,"InChI=1S/C9H13NO2/c11-7-5-9(3-1-2-4-9)6-8(12)10-7/h1-6H2,(H,10,11,12)",YRTHJMQKDCXPAY-UHFFFAOYSA-N,C9H13NO2,167.20799999999997,defined_single_substance,resolved,true,qsar,null,"{""identity_verification"":{""cid"":136843,""method"":""pubchem_cid_direct_structure"",""source"":""PubChem PUG REST"",""screening_envelope"":{""mw"":[30.0,500.0],""heavy_atoms"":[2,36]}},""offline_seed"":""pubchem-registry-20260724-v1""}",verified,1
8-methoxypsoralen,,8-Methoxypsoralen,[],[],,4114,COc1c2occc2cc2ccc(=O)oc12,"InChI=1S/C12H8O4/c1-14-12-10-8(4-5-15-10)6-7-2-3-9(13)16-11(7)12/h2-6H,1H3",QXKHYNVANLEOEG-UHFFFAOYSA-N,C12H8O4,216.19199999999998,defined_single_substance,resolved,true,qsar,null,"{""identity_verification"":{""cid"":4114,""method"":""pubchem_cid_direct_structure"",""source"":""PubChem PUG REST"",""screening_envelope"":{""mw"":[30.0,500.0],""heavy_atoms"":[2,36]}},""offline_seed"":""pubchem-registry-20260724-v1""}",verified,1
8-methylbenz(a)anthracene,,8-Methylbenz(a)anthracene,[],[],,16933,Cc1cccc2cc3c(ccc4ccccc43)cc12,"InChI=1S/C19H14/c1-13-5-4-7-15-12-19-16(11-18(13)15)10-9-14-6-2-3-8-17(14)19/h2-12H,1H3",IJGWKTGQVIDRLA-UHFFFAOYSA-N,C19H14,242.321,defined_single_substance,resolved,true,qsar,null,"{""identity_verification"":{""cid"":16933,""method"":""pubchem_cid_direct_structure"",""source"":""PubChem PUG REST"",""screening_envelope"":{""mw"":[30.0,500.0],""heavy_atoms"":[2,36]}},""offline_seed"":""pubchem-registry-20260724-v1""}",verified,1
"9,10-dimethylanthracene",,"9,10-Dimethylanthracene",[],[],,13076,Cc1c2ccccc2c(C)c2ccccc12,"InChI=1S/C16H14/c1-11-13-7-3-5-9-15(13)12(2)16-10-6-4-8-14(11)16/h3-10H,1-2H3",JTGMTYWYUZDRBK-UHFFFAOYSA-N,C16H14,206.28799999999998,defined_single_substance,resolved,true,qsar,null,"{""identity_verification"":{""cid"":13076,""method"":""pubchem_cid_direct_structure"",""source"":""PubChem PUG REST"",""screening_envelope"":{""mw"":[30.0,500.0],""heavy_atoms"":[2,36]}},""offline_seed"":""pubchem-registry-20260724-v1""}",verified,1
"9,9-bis(4-hydroxyphenyl)fluorene",,"9,9-Bis(4-hydroxyphenyl)fluorene",[],[],,76716,Oc1ccc(C2(c3ccc(O)cc3)c3ccccc3-c3ccccc32)cc1,"InChI=1S/C25H18O2/c26-19-13-9-17(10-14-19)25(18-11-15-20(27)16-12-18)23-7-3-1-5-21(23)22-6-2-4-8-24(22)25/h1-16,26-27H",YWFPGFJLYRKYJZ-UHFFFAOYSA-N,C25H18O2,350.41700000000003,defined_single_substance,resolved,true,qsar,null,"{""identity_verification"":{""cid"":76716,""method"":""pubchem_cid_direct_structure"",""source"":""PubChem PUG REST"",""screening_envelope"":{""mw"":[30.0,500.0],""heavy_atoms"":[2,36]}},""offline_seed"":""pubchem-registry-20260724-v1""}",verified,1
9-cis-retinoic acid,,9-Cis-Retinoic Acid,[],[],,449171,CC1=C(/C=C/C(C)=C\C=C\C(C)=C\C(=O)O)C(C)(C)CCC1,"InChI=1S/C20H28O2/c1-15(8-6-9-16(2)14-19(21)22)11-12-18-17(3)10-7-13-20(18,4)5/h6,8-9,11-12,14H,7,10,13H2,1-5H3,(H,21,22)/b9-6+,12-11+,15-8-,16-14+",SHGAZHPCJJPHSC-ZVCIMWCZSA-N,C20H28O2,300.44200000000006,defined_single_substance,resolved,true,qsar,null,"{""identity_verification"":{""cid"":449171,""method"":""pubchem_cid_direct_structure"",""source"":""PubChem PUG REST"",""screening_envelope"":{""mw"":[30.0,500.0],""heavy_atoms"":[2,36]}},""offline_seed"":""pubchem-registry-20260724-v1""}",verified,1
"[(3r,4s)-4-(4-fluorophenyl)-1-methylpiperidin-3-yl]methanol",,"[(3R,4S)-4-(4-Fluorophenyl)-1-methylpiperidin-3-yl]methanol",[],[],,9800834,CN1CC[C@H](c2ccc(F)cc2)[C@@H](CO)C1,"InChI=1S/C13H18FNO/c1-15-7-6-13(11(8-15)9-16)10-2-4-12(14)5-3-10/h2-5,11,13,16H,6-9H2,1H3/t11-,13-/m1/s1",CXRHUYYZISIIMT-DGCLKSJQSA-N,C13H18FNO,223.291,defined_single_substance,resolved,true,qsar,null,"{""identity_verification"":{""cid"":9800834,""method"":""pubchem_cid_direct_structure"",""source"":""PubChem PUG REST"",""screening_envelope"":{""mw"":[30.0,500.0],""heavy_atoms"":[2,36]}},""offline_seed"":""pubchem-registry-20260724-v1""}",verified,1
"[(4s,5s)-4-benzyl-2-oxo-5-oxazolidinyl]methyl 4-nitrobenzenesulfonate",,"[(4S,5S)-4-benzyl-2-oxo-5-oxazolidinyl]methyl 4-nitrobenzenesulfonate",[],[],,11058277,O=C1N[C@@H](Cc2ccccc2)[C@@H](COS(=O)(=O)c2ccc([N+](=O)[O-])cc2)O1,"InChI=1S/C17H16N2O7S/c20-17-18-15(10-12-4-2-1-3-5-12)16(26-17)11-25-27(23,24)14-8-6-13(7-9-14)19(21)22/h1-9,15-16H,10-11H2,(H,18,20)/t15-,16+/m0/s1",BONCYQJFFSZGTE-JKSUJKDBSA-N,C17H16N2O7S,392.38900000000007,defined_single_substance,resolved,true,qsar,null,"{""identity_verification"":{""cid"":11058277,""method"":""pubchem_cid_direct_structure"",""source"":""PubChem PUG REST"",""screening_envelope"":{""mw"":[30.0,500.0],""heavy_atoms"":[2,36]}},""offline_seed"":""pubchem-registry-20260724-v1""}",verified,1
acenaphthene,,Acenaphthene,[],[],,6734,c1cc2c3c(cccc3c1)CC2,"InChI=1S/C12H10/c1-3-9-4-2-6-11-8-7-10(5-1)12(9)11/h1-6H,7-8H2",CWRYPZZKDGJXCA-UHFFFAOYSA-N,C12H10,154.212,defined_single_substance,resolved,true,qsar,null,"{""identity_verification"":{""cid"":6734,""method"":""pubchem_cid_direct_structure"",""source"":""PubChem PUG REST"",""screening_envelope"":{""mw"":[30.0,500.0],""heavy_atoms"":[2,36]}},""offline_seed"":""pubchem-registry-20260724-v1""}",verified,1
acenaphthylene,,Acenaphthylene,[],[],,9161,C1=Cc2cccc3cccc1c23,InChI=1S/C12H8/c1-3-9-4-2-6-11-8-7-10(5-1)12(9)11/h1-8H,HXGDTGSAIMULJN-UHFFFAOYSA-N,C12H8,152.19599999999997,defined_single_substance,resolved,true,qsar,null,"{""identity_verification"":{""cid"":9161,""method"":""pubchem_cid_direct_structure"",""source"":""PubChem PUG REST"",""screening_envelope"":{""mw"":[30.0,500.0],""heavy_atoms"":[2,36]}},""offline_seed"":""pubchem-registry-20260724-v1""}",verified,1
acephate,,Acephate,[],[],,1982,COP(=O)(NC(C)=O)SC,"InChI=1S/C4H10NO3PS/c1-4(6)5-9(7,8-2)10-3/h1-3H3,(H,5,6,7)",YASYVMFAVPKPKE-UHFFFAOYSA-N,C4H10NO3PS,183.169,defined_single_substance,resolved,true,qsar,null,"{""identity_verification"":{""cid"":1982,""method"":""pubchem_cid_direct_structure"",""source"":""PubChem PUG REST"",""screening_envelope"":{""mw"":[30.0,500.0],""heavy_atoms"":[2,36]}},""offline_seed"":""pubchem-registry-20260724-v1""}",verified,1
acequinocyl,,Acequinocyl,[],[],,93315,CCCCCCCCCCCCC1=C(OC(C)=O)C(=O)c2ccccc2C1=O,"InChI=1S/C24H32O4/c1-3-4-5-6-7-8-9-10-11-12-17-21-22(26)19-15-13-14-16-20(19)23(27)24(21)28-18(2)25/h13-16H,3-12,17H2,1-2H3",QDRXWCAVUNHOGA-UHFFFAOYSA-N,C24H32O4,384.51600000000013,defined_single_substance,resolved,true,qsar,null,"{""identity_verification"":{""cid"":93315,""method"":""pubchem_cid_direct_structure"",""source"":""PubChem PUG REST"",""screening_envelope"":{""mw"":[30.0,500.0],""heavy_atoms"":[2,36]}},""offline_seed"":""pubchem-registry-20260724-v1""}",verified,1
acetal,,Acetal,[],[],,7765,CCOC(C)OCC,"InChI=1S/C6H14O2/c1-4-7-6(3)8-5-2/h6H,4-5H2,1-3H3",DHKHKXVYLBGOIT-UHFFFAOYSA-N,C6H14O2,118.176,defined_single_substance,resolved,true,qsar,null,"{""identity_verification"":{""cid"":7765,""method"":""pubchem_cid_direct_structure"",""source"":""PubChem PUG REST"",""screening_envelope"":{""mw"":[30.0,500.0],""heavy_atoms"":[2,36]}},""offline_seed"":""pubchem-registry-20260724-v1""}",verified,1
acetaldehyde,,Acetaldehyde,[],[],,177,CC=O,"InChI=1S/C2H4O/c1-2-3/h2H,1H3",IKHGUXGNUITLKF-UHFFFAOYSA-N,C2H4O,44.053,defined_single_substance,resolved,true,qsar,null,"{""identity_verification"":{""cid"":177,""method"":""pubchem_cid_direct_structure"",""source"":""PubChem PUG REST"",""screening_envelope"":{""mw"":[30.0,500.0],""heavy_atoms"":[2,36]}},""offline_seed"":""pubchem-registry-20260724-v1""}",verified,1
acetaminophen,,Acetaminophen,[],[],,1983,CC(=O)Nc1ccc(O)cc1,"InChI=1S/C8H9NO2/c1-6(10)9-7-2-4-8(11)5-3-7/h2-5,11H,1H3,(H,9,10)",RZVAJINKPMORJF-UHFFFAOYSA-N,C8H9NO2,151.165,defined_single_substance,resolved,true,qsar,null,"{""identity_verification"":{""cid"":1983,""method"":""pubchem_cid_direct_structure"",""source"":""PubChem PUG REST"",""screening_envelope"":{""mw"":[30.0,500.0],""heavy_atoms"":[2,36]}},""offline_seed"":""pubchem-registry-20260724-v1""}",verified,1
acetic acid,,Acetic Acid,[],[],,176,CC(=O)O,"InChI=1S/C2H4O2/c1-2(3)4/h1H3,(H,3,4)",QTBSBXVTEAMEQO-UHFFFAOYSA-N,C2H4O2,60.05200000000001,defined_single_substance,resolved,true,qsar,null,"{""identity_verification"":{""cid"":176,""method"":""pubchem_cid_direct_structure"",""source"":""PubChem PUG REST"",""screening_envelope"":{""mw"":[30.0,500.0],""heavy_atoms"":[2,36]}},""offline_seed"":""pubchem-registry-20260724-v1""}",verified,1
"acetic acid, 2,2'-dithiobis-, bis(2-ethylhexyl) ester",,"Acetic acid, 2,2'-dithiobis-, bis(2-ethylhexyl) ester",[],[],,2762541,CCCCC(CC)COC(=O)CSSCC(=O)OCC(CC)CCCC,"InChI=1S/C20H38O4S2/c1-5-9-11-17(7-3)13-23-19(21)15-25-26-16-20(22)24-14-18(8-4)12-10-6-2/h17-18H,5-16H2,1-4H3",YREDCFUZMPDCSM-UHFFFAOYSA-N,C20H38O4S2,406.6540000000003,defined_single_substance,resolved,true,qsar,null,"{""identity_verification"":{""cid"":2762541,""method"":""pubchem_cid_direct_structure"",""source"":""PubChem PUG REST"",""screening_envelope"":{""mw"":[30.0,500.0],""heavy_atoms"":[2,36]}},""offline_seed"":""pubchem-registry-20260724-v1""}",verified,1
"acetic acid, 2-[[[3,5-bis(1,1-dimethylethyl)-4-hydroxyphenyl]methyl]thio]-, 2-ethylhexyl ester",,"Acetic acid, 2-[[[3,5-bis(1,1-dimethylethyl)-4-hydroxyphenyl]methyl]thio]-, 2-ethylhexyl ester",[],[],,93464,CCCCC(CC)COC(=O)CSCc1cc(C(C)(C)C)c(O)c(C(C)(C)C)c1,"InChI=1S/C25H42O3S/c1-9-11-12-18(10-2)15-28-22(26)17-29-16-19-13-20(24(3,4)5)23(27)21(14-19)25(6,7)8/h13-14,18,27H,9-12,15-17H2,1-8H3",SPDKDTGZSHRXIT-UHFFFAOYSA-N,C25H42O3S,422.6750000000002,defined_single_substance,resolved,true,qsar,null,"{""identity_verification"":{""cid"":93464,""method"":""pubchem_cid_direct_structure"",""source"":""PubChem PUG REST"",""screening_envelope"":{""mw"":[30.0,500.0],""heavy_atoms"":[2,36]}},""offline_seed"":""pubchem-registry-20260724-v1""}",verified,1
acetic anhydride,,Acetic Anhydride,[],[],,7918,CC(=O)OC(C)=O,InChI=1S/C4H6O3/c1-3(5)7-4(2)6/h1-2H3,WFDIJRYMOXRFFG-UHFFFAOYSA-N,C4H6O3,102.089,defined_single_substance,resolved,true,qsar,null,"{""identity_verification"":{""cid"":7918,""method"":""pubchem_cid_direct_structure"",""source"":""PubChem PUG REST"",""screening_envelope"":{""mw"":[30.0,500.0],""heavy_atoms"":[2,36]}},""offline_seed"":""pubchem-registry-20260724-v1""}",verified,1
acetone,,Acetone,[],[],,180,CC(C)=O,InChI=1S/C3H6O/c1-3(2)4/h1-2H3,CSCPPACGZOOCGX-UHFFFAOYSA-N,C3H6O,58.08,defined_single_substance,resolved,true,qsar,null,"{""identity_verification"":{""cid"":180,""method"":""pubchem_cid_direct_structure"",""source"":""PubChem PUG REST"",""screening_envelope"":{""mw"":[30.0,500.0],""heavy_atoms"":[2,36]}},""offline_seed"":""pubchem-registry-20260724-v1""}",verified,1
acetone cyanohydrin,,Acetone Cyanohydrin,[],[],,6406,CC(C)(O)C#N,"InChI=1S/C4H7NO/c1-4(2,6)3-5/h6H,1-2H3",MWFMGBPGAXYFAR-UHFFFAOYSA-N,C4H7NO,85.106,defined_single_substance,resolved,true,qsar,null,"{""identity_verification"":{""cid"":6406,""method"":""pubchem_cid_direct_structure"",""source"":""PubChem PUG REST"",""screening_envelope"":{""mw"":[30.0,500.0],""heavy_atoms"":[2,36]}},""offline_seed"":""pubchem-registry-20260724-v1""}",verified,1
acetonitrile,,Acetonitrile,[],[],,6342,CC#N,InChI=1S/C2H3N/c1-2-3/h1H3,WEVYAHXRMPXWCK-UHFFFAOYSA-N,C2H3N,41.053,defined_single_substance,resolved,true,qsar,null,"{""identity_verification"":{""cid"":6342,""method"":""pubchem_cid_direct_structure"",""source"":""PubChem PUG REST"",""screening_envelope"":{""mw"":[30.0,500.0],""heavy_atoms"":[2,36]}},""offline_seed"":""pubchem-registry-20260724-v1""}",verified,1
acetophenone,,Acetophenone,[],[],,7410,CC(=O)c1ccccc1,"InChI=1S/C8H8O/c1-7(9)8-5-3-2-4-6-8/h2-6H,1H3",KWOLFJPFCHCOCG-UHFFFAOYSA-N,C8H8O,120.15099999999995,defined_single_substance,resolved,true,qsar,null,"{""identity_verification"":{""cid"":7410,""method"":""pubchem_cid_direct_structure"",""source"":""PubChem PUG REST"",""screening_envelope"":{""mw"":[30.0,500.0],""heavy_atoms"":[2,36]}},""offline_seed"":""pubchem-registry-20260724-v1""}",verified,1
acetyl bromide,,Acetyl bromide,[],[],,10482,CC(=O)Br,InChI=1S/C2H3BrO/c1-2(3)4/h1H3,FXXACINHVKSMDR-UHFFFAOYSA-N,C2H3BrO,122.949,defined_single_substance,resolved,true,qsar,null,"{""identity_verification"":{""cid"":10482,""method"":""pubchem_cid_direct_structure"",""source"":""PubChem PUG REST"",""screening_envelope"":{""mw"":[30.0,500.0],""heavy_atoms"":[2,36]}},""offline_seed"":""pubchem-registry-20260724-v1""}",verified,1
acetyl chloride,,Acetyl chloride,[],[],,6367,CC(=O)Cl,InChI=1S/C2H3ClO/c1-2(3)4/h1H3,WETWJCDKMRHUPV-UHFFFAOYSA-N,C2H3ClO,78.498,defined_single_substance,resolved,true,qsar,null,"{""identity_verification"":{""cid"":6367,""method"":""pubchem_cid_direct_structure"",""source"":""PubChem PUG REST"",""screening_envelope"":{""mw"":[30.0,500.0],""heavy_atoms"":[2,36]}},""offline_seed"":""pubchem-registry-20260724-v1""}",verified,1
acetylacetone,,Acetylacetone,[],[],,31261,CC(=O)CC(C)=O,"InChI=1S/C5H8O2/c1-4(6)3-5(2)7/h3H2,1-2H3",YRKCREAYFQTBPV-UHFFFAOYSA-N,C5H8O2,100.11699999999999,defined_single_substance,resolved,true,qsar,null,"{""identity_verification"":{""cid"":31261,""method"":""pubchem_cid_direct_structure"",""source"":""PubChem PUG REST"",""screening_envelope"":{""mw"":[30.0,500.0],""heavy_atoms"":[2,36]}},""offline_seed"":""pubchem-registry-20260724-v1""}",verified,1
acibenzolar-s-methyl,,Acibenzolar-S-Methyl,[],[],,86412,CSC(=O)c1cccc2nnsc12,"InChI=1S/C8H6N2OS2/c1-12-8(11)5-3-2-4-6-7(5)13-10-9-6/h2-4H,1H3",UELITFHSCLAHKR-UHFFFAOYSA-N,C8H6N2OS2,210.28300000000002,defined_single_substance,resolved,true,qsar,null,"{""identity_verification"":{""cid"":86412,""method"":""pubchem_cid_direct_structure"",""source"":""PubChem PUG REST"",""screening_envelope"":{""mw"":[30.0,500.0],""heavy_atoms"":[2,36]}},""offline_seed"":""pubchem-registry-20260724-v1""}",verified,1
acitretin,,Acitretin,[],[],,5284513,COc1cc(C)c(/C=C/C(C)=C/C=C/C(C)=C/C(=O)O)c(C)c1C,"InChI=1S/C21H26O3/c1-14(8-7-9-15(2)12-21(22)23)10-11-19-16(3)13-20(24-6)18(5)17(19)4/h7-13H,1-6H3,(H,22,23)/b9-7+,11-10+,14-8+,15-12+",IHUNBGSDBOWDMA-AQFIFDHZSA-N,C21H26O3,326.4360000000001,defined_single_substance,resolved,true,qsar,null,"{""identity_verification"":{""cid"":5284513,""method"":""pubchem_cid_direct_structure"",""source"":""PubChem PUG REST"",""screening_envelope"":{""mw"":[30.0,500.0],""heavy_atoms"":[2,36]}},""offline_seed"":""pubchem-registry-20260724-v1""}",verified,1
acrolein,,Acrolein,[],[],,7847,C=CC=O,"InChI=1S/C3H4O/c1-2-3-4/h2-3H,1H2",HGINCPLSRVDWNT-UHFFFAOYSA-N,C3H4O,56.064,defined_single_substance,resolved,true,qsar,null,"{""identity_verification"":{""cid"":7847,""method"":""pubchem_cid_direct_structure"",""source"":""PubChem PUG REST"",""screening_envelope"":{""mw"":[30.0,500.0],""heavy_atoms"":[2,36]}},""offline_seed"":""pubchem-registry-20260724-v1""}",verified,1
acrylamide,,Acrylamide,[],[],,6579,C=CC(N)=O,"InChI=1S/C3H5NO/c1-2-3(4)5/h2H,1H2,(H2,4,5)",HRPVXLWXLXDGHG-UHFFFAOYSA-N,C3H5NO,71.07900000000001,defined_single_substance,resolved,true,qsar,null,"{""identity_verification"":{""cid"":6579,""method"":""pubchem_cid_direct_structure"",""source"":""PubChem PUG REST"",""screening_envelope"":{""mw"":[30.0,500.0],""heavy_atoms"":[2,36]}},""offline_seed"":""pubchem-registry-20260724-v1""}",verified,1
acrylic acid,,Acrylic Acid,[],[],,6581,C=CC(=O)O,"InChI=1S/C3H4O2/c1-2-3(4)5/h2H,1H2,(H,4,5)",NIXOWILDQLNWCW-UHFFFAOYSA-N,C3H4O2,72.06299999999999,defined_single_substance,resolved,true,qsar,null,"{""identity_verification"":{""cid"":6581,""method"":""pubchem_cid_direct_structure"",""source"":""PubChem PUG REST"",""screening_envelope"":{""mw"":[30.0,500.0],""heavy_atoms"":[2,36]}},""offline_seed"":""pubchem-registry-20260724-v1""}",verified,1
acrylonitrile,,Acrylonitrile,[],[],,7855,C=CC#N,"InChI=1S/C3H3N/c1-2-3-4/h2H,1H2",NLHHRLWOUZZQLW-UHFFFAOYSA-N,C3H3N,53.06399999999999,defined_single_substance,resolved,true,qsar,null,"{""identity_verification"":{""cid"":7855,""method"":""pubchem_cid_direct_structure"",""source"":""PubChem PUG REST"",""screening_envelope"":{""mw"":[30.0,500.0],""heavy_atoms"":[2,36]}},""offline_seed"":""pubchem-registry-20260724-v1""}",verified,1
acryloxypropyltrimethoxysilane,,Acryloxypropyltrimethoxysilane,[],[],,151204,C=CC(=O)OCCC[Si](OC)(OC)OC,"InChI=1S/C9H18O5Si/c1-5-9(10)14-7-6-8-15(11-2,12-3)13-4/h5H,1,6-8H2,2-4H3",KBQVDAIIQCXKPI-UHFFFAOYSA-N,C9H18O5Si,234.32399999999998,defined_single_substance,resolved,true,qsar,null,"{""identity_verification"":{""cid"":151204,""method"":""pubchem_cid_direct_structure"",""source"":""PubChem PUG REST"",""screening_envelope"":{""mw"":[30.0,500.0],""heavy_atoms"":[2,36]}},""offline_seed"":""pubchem-registry-20260724-v1""}",verified,1
acryloyl chloride,,Acryloyl chloride,[],[],,13140,C=CC(=O)Cl,"InChI=1S/C3H3ClO/c1-2-3(4)5/h2H,1H2",HFBMWMNUJJDEQZ-UHFFFAOYSA-N,C3H3ClO,90.509,defined_single_substance,resolved,true,qsar,null,"{""identity_verification"":{""cid"":13140,""method"":""pubchem_cid_direct_structure"",""source"":""PubChem PUG REST"",""screening_envelope"":{""mw"":[30.0,500.0],""heavy_atoms"":[2,36]}},""offline_seed"":""pubchem-registry-20260724-v1""}",verified,1
adenosine,Adenosine,Adenosine,[],[],,,Nc1ncnc2c1ncn2C1OC(CO)C(O)C1O,"InChI=1S/C10H13N5O4/c11-8-5-9(13-2-12-8)15(3-14-5)10-7(18)6(17)4(1-16)19-10/h2-4,6-7,10,16-18H,1H2,(H2,11,12,13)",OIRDTQYFTABQOQ-UHFFFAOYSA-N,,,defined_single_substance,resolved,true,qsar,null,"{""last_review"":{""action"":""verify"",""reviewed_at"":""2026-07-24T14:44:04.706456+00:00"",""reviewer_note"":""Catalog seed accepted only after exact canonical structure match with PubChem""},""first_source"":""ocr:local"",""observations"":[{""source"":""ocr:local"",""seen_at"":""2026-07-24T14:12:40.199298+00:00"",""observed_name"":""Adenosine"",""ocr_confidence"":38.6},{""source"":""ocr:local"",""seen_at"":""2026-07-24T14:18:39.793054+00:00"",""observed_name"":""Adenosine"",""ocr_confidence"":38.6},{""source"":""manual:pubchem_lookup"",""seen_at"":""2026-07-24T14:39:20.045574+00:00"",""observed_name"":""Adenosine"",""ocr_confidence"":null},{""source"":""manual:pubchem_lookup"",""seen_at"":""2026-07-24T14:44:04.683973+00:00"",""observed_name"":""Adenosine"",""ocr_confidence"":null},{""source"":""manual:pubchem_lookup"",""seen_at"":""2026-07-24T14:44:35.395645+00:00"",""observed_name"":""Adenosine"",""ocr_confidence"":null}],""pubchem_identity_conflict"":{""cid"":60961,""source_url"":""https://pubchem.ncbi.nlm.nih.gov/compound/60961"",""detected_at"":""2026-07-24T14:44:35.397592+00:00"",""observed_name"":""Adenosine"",""existing_canonical_smiles"":""Nc1ncnc2c1ncn2C1OC(CO)C(O)C1O"",""proposed_canonical_smiles"":""Nc1ncnc2c1ncn2[C@@H]1O[C@H](CO)[C@@H](O)[C@H]1O""},""offline_seed"":""pubchem-registry-20260724-v1""}",verified,2
adipic acid,,Adipic Acid,[],[],,196,O=C(O)CCCCC(=O)O,"InChI=1S/C6H10O4/c7-5(8)3-1-2-4-6(9)10/h1-4H2,(H,7,8)(H,9,10)",WNLRTRBMVRJNCN-UHFFFAOYSA-N,C6H10O4,146.142,defined_single_substance,resolved,true,qsar,null,"{""identity_verification"":{""cid"":196,""method"":""pubchem_cid_direct_structure"",""source"":""PubChem PUG REST"",""screening_envelope"":{""mw"":[30.0,500.0],""heavy_atoms"":[2,36]}},""offline_seed"":""pubchem-registry-20260724-v1""}",verified,1
alamos,,Alamos,[],[],,79914,COP(=S)(OC)Oc1ccc(N=Nc2ccc(Cl)cc2)cc1,"InChI=1S/C14H14ClN2O3PS/c1-18-21(22,19-2)20-14-9-7-13(8-10-14)17-16-12-5-3-11(15)4-6-12/h3-10H,1-2H3",DCEAEHHJGXAROU-UHFFFAOYSA-N,C14H14ClN2O3PS,356.7710000000001,defined_single_substance,resolved,true,qsar,null,"{""identity_verification"":{""cid"":79914,""method"":""pubchem_cid_direct_structure"",""source"":""PubChem PUG REST"",""screening_envelope"":{""mw"":[30.0,500.0],""heavy_atoms"":[2,36]}},""offline_seed"":""pubchem-registry-20260724-v1""}",verified,1
aldicarb,,Aldicarb,[],[],,9570071,CNC(=O)O/N=C/C(C)(C)SC,"InChI=1S/C7H14N2O2S/c1-7(2,12-4)5-9-11-6(10)8-3/h5H,1-4H3,(H,8,10)/b9-5+",QGLZXHRNAYXIBU-WEVVVXLNSA-N,C7H14N2O2S,190.268,defined_single_substance,resolved,true,qsar,null,"{""identity_verification"":{""cid"":9570071,""method"":""pubchem_cid_direct_structure"",""source"":""PubChem PUG REST"",""screening_envelope"":{""mw"":[30.0,500.0],""heavy_atoms"":[2,36]}},""offline_seed"":""pubchem-registry-20260724-v1""}",verified,1
aldrin,,Aldrin,[],[],,12310947,ClC1=C(Cl)[C@]2(Cl)[C@H]3[C@H]([C@@H]4C=C[C@H]3C4)[C@@]1(Cl)C2(Cl)Cl,"InChI=1S/C12H8Cl6/c13-8-9(14)11(16)7-5-2-1-4(3-5)6(7)10(8,15)12(11,17)18/h1-2,4-7H,3H2/t4-,5+,6+,7-,10+,11-",QBYJBZPUGVGKQQ-SJJAEHHWSA-N,C12H8Cl6,364.9139999999999,defined_single_substance,resolved,true,qsar,null,"{""identity_verification"":{""cid"":12310947,""method"":""pubchem_cid_direct_structure"",""source"":""PubChem PUG REST"",""screening_envelope"":{""mw"":[30.0,500.0],""heavy_atoms"":[2,36]}},""offline_seed"":""pubchem-registry-20260724-v1""}",verified,1
allantoin,Allantoin,Allantoin,[],"[""allantoin"",""97-59-6"",""5-Ureidohydantoin"",""Glyoxyldiureide"",""Cordianine"",""Glyoxyldiureid"",""Allantol"",""Sebical"",""Alantan"",""AVC/Dienestrolcream"",""Psoralon"",""Septalan"",""Urea, (2,5-dioxo-4-imidazolidinyl)-"",""(2,5-Dioxo-4-imidazolidinyl)urea"",""(2,5-dioxoimidazolidin-4-yl)urea"",""Cutemol emollient"",""Uniderm A"",""DL-Allantoin"",""Alwextin"",""N-(2,5-Dioxo-4-imidazolidinyl)urea"",""DTXSID3020043"",""2,5-Dioxo-4-imidazolidinyl-urea"",""4-ureido-2,5-Imidazolidinedione"",""Idelalisib metabolite m1a"",""NSC-7606"",""5-Ureido-2,4-imidazolidindione"",""344S277G0Z"",""DTXCID0043"",""CHEBI:15676"",""Sd 101"",""HerpecinL"",""Jilgyungyi"",""Moisturizing"",""Scarderm"",""Teevodar"",""Purple"",""DeFlame"",""Allantoin Cream"",""Aluroderm Scar"",""Mulberry Serum"",""Mulberry Toner"",""Chamois Glide"",""Scar Reducer"",""Cool Melon"",""Dermachange Scar"",""Equate Scar"",""Kenaf wet wipe"",""Mederma Advanced"",""Polyactil N"",""Scar Cream"",""Scar Equate"",""Snow Bleach"",""Scar Care"",""Scar Roll"",""TerrasilMed ONC"",""Anti Chafe Balm"",""Meijer Scar Gel"",""Miracle Of Skin"",""Mulberry Emulsion"",""Nmc Magic Serum"",""Bruise MD"",""Healing CVS"",""Mederma for Kids"",""Anti-Chafe Stick"",""Rite Aid Scar"",""Vitamin C Liquid"",""BL Vital Serum"",""AC Control Serum"",""BL Vital"",""BL Vital Essence"",""BL Vital Skin"",""Advanced Scar Gel"",""Bodyglide For Her"",""DCH Scar"",""Diabetic Wound Gel"",""Mineral Aqua Cream"",""QC Scar"",""Run Guard Original"",""Scar CVS"",""Scar Removal Cream"",""U-max Multi BB"",""GZE Scar Gel"",""Allantoin .4%"",""Burn-B Gone OTC"",""Equate Scar Topical"",""GMDANSU Skin"",""Run Guard Sensitive"",""Kenaf wet wipe kids"",""Allantoin 0.5%"",""Allantoin-0.5%"",""YooWoo Bubble Tooth"",""ARC Skin Protectant"",""ATOBOS"",""HAHALADY"",""IONTOPHORESIS"",""NAAMAN"",""RAPHAGEN"",""Sarene Soothing Skin"",""Seaweed Aqua Massage"",""Smart Brushing Tooth"",""Terrasil Skin Repair"",""The Prestige Essence"",""Ultra Soothing Toner"",""VASHTI"",""Healing Head to Toe"",""GMDANSU Eye Serum"",""Mederma Advanced Scar"",""Medicinal Massage Oil"",""Natural Ginseng Serum"",""Natural Ginseng Toner"",""Mandelic 2 Peel Gel"",""SOOSUL ESSENCE"",""ALRA THERAPY"",""ATOBOS WASH"",""MIRACLE GYN"",""terrasil Scar Recovery"",""COATS ALOE"",""Wound Gel Professional"",""FUCOIDAN ESSENCE"",""Lycoris rubus whitening"",""NoblRose Foam Cleanser"",""Salicylic 2 Peel Gel"",""Version X Scalp Tonic"",""First honey Burn Salve"",""NEWSTEM Rx Intensive"",""OZ TREE"",""RefChem:5522"",""REVAGAIN Scalp Tonic"",""South Moon Health Care"",""FUCOIDAN SKINCURE"",""RAPHAGEN POWDE R"",""Natural Ginseng Emulsion"",""pumkot SILICONE SCAR"",""BioBarrier Renewal Cream"",""Jilgyungyi (6 Tablets)"",""PORE CARE Lotus Mask"",""Bodyglide anti chafe balm"",""Target Advanced Scar Gel"",""Nano Gold Bio Mask Pack"",""NANOMIX NANO CLEAN"",""Baby Wipes with Allantoin"",""Drs. pharmacy Scar Cream"",""MELAO 24K Gold Scrub"",""ECO FACE 9"",""Jilgyungyi (10 Tablets)"",""Jilgyungyi (20 Tablets)"",""Scar Gel Advanced Formula"",""BLACK CAVIDIOL MASK"",""FUCOIDAN HAIR TONIC"",""Gene 16 Whitening Factor"",""REBORNCELL CLEANSING"",""SEROMEN RAZOR BUMPS"",""Grahams Natural Eczema Gel"",""OHL O2"",""ATOBOS CENTELLA BABY"",""Calm and Heal Melting Balm"",""Miracle GYN (2 Tablets)"",""Miracle GYN (4 Tablets)"",""BioBarrier Repair Eye Cream"",""Cetaphil Soothing Gel Cream"",""GMDANSU Herbal Mask Sheet"",""Manuka Honey Extra Strength"",""Rite Aid Advanced Scar Gel"",""Sheffield Advanced Scar Gel"",""Walgreens Advanced Scar Gel"",""BIOWHITE BEAUTY SERUM"",""Secret Gyno (10 Tablets)"",""Shelo NABEL D B T Cream"",""Anti-Chafe Stick Pro Series"",""Blister Armour Anti-Friction"",""GMDANSU Snail Blemish Balm"",""NOON Post Procedure Program"",""Tamnamo Vital Hair Treatment"",""Miracle GYN (10 Tablets)"",""Shelo NABEL Jabon Baba Car"",""SISEUNDEUSI BLESS BODY"",""VetraCare Pet Liquid Bandage"",""Dr. Dog Skin Care for Dogs"",""Luxury Cell Performance Serum"",""Luxury Cell Performance Toner"",""M-Rose Seaweed Essence Serum"",""M-Rose Seaweed Hydrogel Mask"",""Shelo NABEL Baba de Caracol"",""Well and Good Liquid Bandage"",""OZ TREE HandMade by Dorothy"",""ZAREE All Kii Coconut Water"",""CVS Health Advanced Scar Gel"",""Macoma Senior Premium Cleanser"",""Queen Perfume Hair Conditioner"",""Lycoris RUBUS Whitening Fluid"",""Diabetic Wound Gel Professional"",""SBS 40"",""ATOBOS CENTELLA AND WASH"",""DR. OBERON NATURAL BABY"",""RVLAIM SILICONE SCAR Cream"",""Any Mi Natural Magic BB No.5"",""Any Mi Natural Magic BB No.7"",""Hasol Revitalizing Scalp Ampoule"",""Luxury Cell Performance Emulsion"",""Allantoin, Niacinamide, Pantheon""]",97-59-6,204,NC(=O)NC1NC(=O)NC1=O,"InChI=1S/C4H6N4O3/c5-3(10)6-1-2(9)8-4(11)7-1/h1H,(H3,5,6,10)(H2,7,8,9,11)",POJWUDADGALRAB-UHFFFAOYSA-N,C4H6N4O3,158.12,defined_single_substance,resolved,true,qsar,null,"{""pubchem"":{""cid"":204,""reason_th"":""พบโครงสร้างโมเลกุลเดี่ยวจาก PubChem แต่ต้องยืนยันตัวตนก่อนส่งเข้า QSAR"",""fetched_at"":""2026-07-24T14:44:02.699794+00:00"",""source_url"":""https://pubchem.ncbi.nlm.nih.gov/compound/204"",""reason_code"":""awaiting_verification"",""proposed_qsar_eligible"":true},""last_review"":{""action"":""verify"",""reviewed_at"":""2026-07-24T14:44:02.741184+00:00"",""reviewer_note"":""Catalog seed accepted only after exact canonical structure match with PubChem""},""first_source"":""manual:pubchem_lookup"",""observations"":[{""source"":""manual:pubchem_lookup"",""seen_at"":""2026-07-24T14:44:02.702124+00:00"",""observed_name"":""Allantoin"",""ocr_confidence"":null}],""offline_seed"":""pubchem-registry-20260724-v1""}",verified,2
allyl alcohol,,Allyl Alcohol,[],[],,7858,C=CCO,"InChI=1S/C3H6O/c1-2-3-4/h2,4H,1,3H2",XXROGKLTLUQVRX-UHFFFAOYSA-N,C3H6O,58.08,defined_single_substance,resolved,true,qsar,null,"{""identity_verification"":{""cid"":7858,""method"":""pubchem_cid_direct_structure"",""source"":""PubChem PUG REST"",""screening_envelope"":{""mw"":[30.0,500.0],""heavy_atoms"":[2,36]}},""offline_seed"":""pubchem-registry-20260724-v1""}",verified,1
allyl chloride,,Allyl chloride,[],[],,7850,C=CCCl,"InChI=1S/C3H5Cl/c1-2-3-4/h2H,1,3H2",OSDWBNJEKMUWAV-UHFFFAOYSA-N,C3H5Cl,76.526,defined_single_substance,resolved,true,qsar,null,"{""identity_verification"":{""cid"":7850,""method"":""pubchem_cid_direct_structure"",""source"":""PubChem PUG REST"",""screening_envelope"":{""mw"":[30.0,500.0],""heavy_atoms"":[2,36]}},""offline_seed"":""pubchem-registry-20260724-v1""}",verified,1
allyl glycidyl ether,,Allyl glycidyl ether,[],[],,7838,C=CCOCC1CO1,"InChI=1S/C6H10O2/c1-2-3-7-4-6-5-8-6/h2,6H,1,3-5H2",LSWYGACWGAICNM-UHFFFAOYSA-N,C6H10O2,114.14399999999999,defined_single_substance,resolved,true,qsar,null,"{""identity_verification"":{""cid"":7838,""method"":""pubchem_cid_direct_structure"",""source"":""PubChem PUG REST"",""screening_envelope"":{""mw"":[30.0,500.0],""heavy_atoms"":[2,36]}},""offline_seed"":""pubchem-registry-20260724-v1""}",verified,1
allyl iodide,,Allyl iodide,[],[],,11166,C=CCI,"InChI=1S/C3H5I/c1-2-3-4/h2H,1,3H2",HFEHLDPGIKPNKL-UHFFFAOYSA-N,C3H5I,167.97699999999998,defined_single_substance,resolved,true,qsar,null,"{""identity_verification"":{""cid"":11166,""method"":""pubchem_cid_direct_structure"",""source"":""PubChem PUG REST"",""screening_envelope"":{""mw"":[30.0,500.0],""heavy_atoms"":[2,36]}},""offline_seed"":""pubchem-registry-20260724-v1""}",verified,1
allyl methacrylate,,Allyl methacrylate,[],[],,7274,C=CCOC(=O)C(=C)C,"InChI=1S/C7H10O2/c1-4-5-9-7(8)6(2)3/h4H,1-2,5H2,3H3",FBCQUCJYYPMKRO-UHFFFAOYSA-N,C7H10O2,126.15499999999999,defined_single_substance,resolved,true,qsar,null,"{""identity_verification"":{""cid"":7274,""method"":""pubchem_cid_direct_structure"",""source"":""PubChem PUG REST"",""screening_envelope"":{""mw"":[30.0,500.0],""heavy_atoms"":[2,36]}},""offline_seed"":""pubchem-registry-20260724-v1""}",verified,1
allylamine,,Allylamine,[],[],,7853,C=CCN,"InChI=1S/C3H7N/c1-2-3-4/h2H,1,3-4H2",VVJKKWFAADXIJK-UHFFFAOYSA-N,C3H7N,57.09599999999999,defined_single_substance,resolved,true,qsar,null,"{""identity_verification"":{""cid"":7853,""method"":""pubchem_cid_direct_structure"",""source"":""PubChem PUG REST"",""screening_envelope"":{""mw"":[30.0,500.0],""heavy_atoms"":[2,36]}},""offline_seed"":""pubchem-registry-20260724-v1""}",verified,1
alpha-cyclohexylidene benzeneacetonitrile,,Alpha-cyclohexylidene benzeneacetonitrile,[],[],,66327,N#CC(=C1CCCCC1)c1ccccc1,"InChI=1S/C14H15N/c15-11-14(12-7-3-1-4-8-12)13-9-5-2-6-10-13/h1,3-4,7-8H,2,5-6,9-10H2",ZHOOOLQOWQVYOE-UHFFFAOYSA-N,C14H15N,197.28099999999998,defined_single_substance,resolved,true,qsar,null,"{""identity_verification"":{""cid"":66327,""method"":""pubchem_cid_direct_structure"",""source"":""PubChem PUG REST"",""screening_envelope"":{""mw"":[30.0,500.0],""heavy_atoms"":[2,36]}},""offline_seed"":""pubchem-registry-20260724-v1""}",verified,1
alpha-cypermethrin,,Alpha-Cypermethrin,[],[],,93357,CC1(C)[C@H](C(=O)O[C@H](C#N)c2cccc(Oc3ccccc3)c2)[C@@H]1C=C(Cl)Cl,"InChI=1S/C22H19Cl2NO3/c1-22(2)17(12-19(23)24)20(22)21(26)28-18(13-25)14-7-6-10-16(11-14)27-15-8-4-3-5-9-15/h3-12,17-18,20H,1-2H3/t17-,18+,20-/m0/s1",KAATUXNTWXVJKI-NSHGMRRFSA-N,C22H19Cl2NO3,416.30400000000003,defined_single_substance,resolved,true,qsar,null,"{""identity_verification"":{""cid"":93357,""method"":""pubchem_cid_direct_structure"",""source"":""PubChem PUG REST"",""screening_envelope"":{""mw"":[30.0,500.0],""heavy_atoms"":[2,36]}},""offline_seed"":""pubchem-registry-20260724-v1""}",verified,1
alpha-methylstyrene,,Alpha-Methylstyrene,[],[],,7407,C=C(C)c1ccccc1,"InChI=1S/C9H10/c1-8(2)9-6-4-3-5-7-9/h3-7H,1H2,2H3",XYLMUPLGERFSHI-UHFFFAOYSA-N,C9H10,118.17899999999996,defined_single_substance,resolved,true,qsar,null,"{""identity_verification"":{""cid"":7407,""method"":""pubchem_cid_direct_structure"",""source"":""PubChem PUG REST"",""screening_envelope"":{""mw"":[30.0,500.0],""heavy_atoms"":[2,36]}},""offline_seed"":""pubchem-registry-20260724-v1""}",verified,1
alpha-naphthylthiourea,,Alpha-Naphthylthiourea,[],[],,736366,NC(=S)Nc1cccc2ccccc12,"InChI=1S/C11H10N2S/c12-11(14)13-10-7-3-5-8-4-1-2-6-9(8)10/h1-7H,(H3,12,13,14)",PIVQQUNOTICCSA-UHFFFAOYSA-N,C11H10N2S,202.28199999999995,defined_single_substance,resolved,true,qsar,null,"{""identity_verification"":{""cid"":736366,""method"":""pubchem_cid_direct_structure"",""source"":""PubChem PUG REST"",""screening_envelope"":{""mw"":[30.0,500.0],""heavy_atoms"":[2,36]}},""offline_seed"":""pubchem-registry-20260724-v1""}",verified,1
alpha-terpineol,,Alpha-Terpineol,[],[],,17100,CC1=CCC(C(C)(C)O)CC1,"InChI=1S/C10H18O/c1-8-4-6-9(7-5-8)10(2,3)11/h4,9,11H,5-7H2,1-3H3",WUOACPNHFRMFPN-UHFFFAOYSA-N,C10H18O,154.25300000000001,defined_single_substance,resolved,true,qsar,null,"{""identity_verification"":{""cid"":17100,""method"":""pubchem_cid_direct_structure"",""source"":""PubChem PUG REST"",""screening_envelope"":{""mw"":[30.0,500.0],""heavy_atoms"":[2,36]}},""offline_seed"":""pubchem-registry-20260724-v1""}",verified,1
alprazolam,,Alprazolam,[],[],,2118,Cc1nnc2n1-c1ccc(Cl)cc1C(c1ccccc1)=NC2,"InChI=1S/C17H13ClN4/c1-11-20-21-16-10-19-17(12-5-3-2-4-6-12)14-9-13(18)7-8-15(14)22(11)16/h2-9H,10H2,1H3",VREFGVBLTWBCJP-UHFFFAOYSA-N,C17H13ClN4,308.772,defined_single_substance,resolved,true,qsar,null,"{""identity_verification"":{""cid"":2118,""method"":""pubchem_cid_direct_structure"",""source"":""PubChem PUG REST"",""screening_envelope"":{""mw"":[30.0,500.0],""heavy_atoms"":[2,36]}},""offline_seed"":""pubchem-registry-20260724-v1""}",verified,1
ametryn,,Ametryn,[],[],,13263,CCNc1nc(NC(C)C)nc(SC)n1,"InChI=1S/C9H17N5S/c1-5-10-7-12-8(11-6(2)3)14-9(13-7)15-4/h6H,5H2,1-4H3,(H2,10,11,12,13,14)",RQVYBGPQFYCBGX-UHFFFAOYSA-N,C9H17N5S,227.33700000000002,defined_single_substance,resolved,true,qsar,null,"{""identity_verification"":{""cid"":13263,""method"":""pubchem_cid_direct_structure"",""source"":""PubChem PUG REST"",""screening_envelope"":{""mw"":[30.0,500.0],""heavy_atoms"":[2,36]}},""offline_seed"":""pubchem-registry-20260724-v1""}",verified,1
amidithion,,Amidithion,[],[],,13525,COCCNC(=O)CSP(=S)(OC)OC,"InChI=1S/C7H16NO4PS2/c1-10-5-4-8-7(9)6-15-13(14,11-2)12-3/h4-6H2,1-3H3,(H,8,9)",GDTZUQIYUMGJRT-UHFFFAOYSA-N,C7H16NO4PS2,273.31600000000003,defined_single_substance,resolved,true,qsar,null,"{""identity_verification"":{""cid"":13525,""method"":""pubchem_cid_direct_structure"",""source"":""PubChem PUG REST"",""screening_envelope"":{""mw"":[30.0,500.0],""heavy_atoms"":[2,36]}},""offline_seed"":""pubchem-registry-20260724-v1""}",verified,1
aminocarb,,Aminocarb,[],[],,16247,CNC(=O)Oc1ccc(N(C)C)c(C)c1,"InChI=1S/C11H16N2O2/c1-8-7-9(15-11(14)12-2)5-6-10(8)13(3)4/h5-7H,1-4H3,(H,12,14)",IMIDOCRTMDIQIJ-UHFFFAOYSA-N,C11H16N2O2,208.261,defined_single_substance,resolved,true,qsar,null,"{""identity_verification"":{""cid"":16247,""method"":""pubchem_cid_direct_structure"",""source"":""PubChem PUG REST"",""screening_envelope"":{""mw"":[30.0,500.0],""heavy_atoms"":[2,36]}},""offline_seed"":""pubchem-registry-20260724-v1""}",verified,1
amitriptyline,,Amitriptyline,[],[],,2160,CN(C)CCC=C1c2ccccc2CCc2ccccc21,"InChI=1S/C20H23N/c1-21(2)15-7-12-20-18-10-5-3-8-16(18)13-14-17-9-4-6-11-19(17)20/h3-6,8-12H,7,13-15H2,1-2H3",KRMDCWKBEZIMAB-UHFFFAOYSA-N,C20H23N,277.411,defined_single_substance,resolved,true,qsar,null,"{""identity_verification"":{""cid"":2160,""method"":""pubchem_cid_direct_structure"",""source"":""PubChem PUG REST"",""screening_envelope"":{""mw"":[30.0,500.0],""heavy_atoms"":[2,36]}},""offline_seed"":""pubchem-registry-20260724-v1""}",verified,1
amlodipine,,Amlodipine,[],[],,2162,CCOC(=O)C1=C(COCCN)NC(C)=C(C(=O)OC)C1c1ccccc1Cl,"InChI=1S/C20H25ClN2O5/c1-4-28-20(25)18-15(11-27-10-9-22)23-12(2)16(19(24)26-3)17(18)13-7-5-6-8-14(13)21/h5-8,17,23H,4,9-11,22H2,1-3H3",HTIQEAQVCYTUBX-UHFFFAOYSA-N,C20H25ClN2O5,408.88200000000035,defined_single_substance,resolved,true,qsar,null,"{""identity_verification"":{""cid"":2162,""method"":""pubchem_cid_direct_structure"",""source"":""PubChem PUG REST"",""screening_envelope"":{""mw"":[30.0,500.0],""heavy_atoms"":[2,36]}},""offline_seed"":""pubchem-registry-20260724-v1""}",verified,1
amoxicillin,,Amoxicillin,[],[],,33613,CC1(C)S[C@@H]2[C@H](NC(=O)[C@H](N)c3ccc(O)cc3)C(=O)N2[C@H]1C(=O)O,"InChI=1S/C16H19N3O5S/c1-16(2)11(15(23)24)19-13(22)10(14(19)25-16)18-12(21)9(17)7-3-5-8(20)6-4-7/h3-6,9-11,14,20H,17H2,1-2H3,(H,18,21)(H,23,24)/t9-,10-,11+,14-/m1/s1",LSQZJLSUYDQPKJ-NJBDSQKTSA-N,C16H19N3O5S,365.4110000000001,defined_single_substance,resolved,true,qsar,null,"{""identity_verification"":{""cid"":33613,""method"":""pubchem_cid_direct_structure"",""source"":""PubChem PUG REST"",""screening_envelope"":{""mw"":[30.0,500.0],""heavy_atoms"":[2,36]}},""offline_seed"":""pubchem-registry-20260724-v1""}",verified,1
amphetamine,,Amphetamine,[],[],,3007,CC(N)Cc1ccccc1,"InChI=1S/C9H13N/c1-8(10)7-9-5-3-2-4-6-9/h2-6,8H,7,10H2,1H3",KWTSXDURSIMDCE-UHFFFAOYSA-N,C9H13N,135.20999999999995,defined_single_substance,resolved,true,qsar,null,"{""identity_verification"":{""cid"":3007,""method"":""pubchem_cid_direct_structure"",""source"":""PubChem PUG REST"",""screening_envelope"":{""mw"":[30.0,500.0],""heavy_atoms"":[2,36]}},""offline_seed"":""pubchem-registry-20260724-v1""}",verified,1
aniline,,Aniline,[],[],,6115,Nc1ccccc1,"InChI=1S/C6H7N/c7-6-4-2-1-3-5-6/h1-5H,7H2",PAYRUJLWNCNPSJ-UHFFFAOYSA-N,C6H7N,93.12899999999999,defined_single_substance,resolved,true,qsar,null,"{""identity_verification"":{""cid"":6115,""method"":""pubchem_cid_direct_structure"",""source"":""PubChem PUG REST"",""screening_envelope"":{""mw"":[30.0,500.0],""heavy_atoms"":[2,36]}},""offline_seed"":""pubchem-registry-20260724-v1""}",verified,1
anthracene,,Anthracene,[],[],,8418,c1ccc2cc3ccccc3cc2c1,InChI=1S/C14H10/c1-2-6-12-10-14-8-4-3-7-13(14)9-11(12)5-1/h1-10H,MWPLVEDNUUSJAV-UHFFFAOYSA-N,C14H10,178.23399999999995,defined_single_substance,resolved,true,qsar,null,"{""identity_verification"":{""cid"":8418,""method"":""pubchem_cid_direct_structure"",""source"":""PubChem PUG REST"",""screening_envelope"":{""mw"":[30.0,500.0],""heavy_atoms"":[2,36]}},""offline_seed"":""pubchem-registry-20260724-v1""}",verified,1
aqua,aqua,Water,[],"[""Aqua"",""Water"",""Eau""]",,962,O,InChI=1S/H2O/h1H2,XLYOFNOQVPJJNP-UHFFFAOYSA-N,H2O,18.015,defined_single_substance,resolved,false,known_carrier_baseline,null,"{""first_source"":""ocr:curated"",""observations"":[{""source"":""ocr:curated"",""seen_at"":""2026-07-24T14:12:40.217380+00:00"",""observed_name"":""aqua"",""ocr_confidence"":38.6},{""source"":""ocr:curated"",""seen_at"":""2026-07-24T14:18:39.807765+00:00"",""observed_name"":""aqua"",""ocr_confidence"":38.6}],""offline_seed"":""pubchem-registry-20260724-v1""}",verified,1
aripiprazole,,Aripiprazole,[],[],,60795,O=C1CCc2ccc(OCCCCN3CCN(c4cccc(Cl)c4Cl)CC3)cc2N1,"InChI=1S/C23H27Cl2N3O2/c24-19-4-3-5-21(23(19)25)28-13-11-27(12-14-28)10-1-2-15-30-18-8-6-17-7-9-22(29)26-20(17)16-18/h3-6,8,16H,1-2,7,9-15H2,(H,26,29)",CEUORZQYGODEFX-UHFFFAOYSA-N,C23H27Cl2N3O2,448.3940000000001,defined_single_substance,resolved,true,qsar,null,"{""identity_verification"":{""cid"":60795,""method"":""pubchem_cid_direct_structure"",""source"":""PubChem PUG REST"",""screening_envelope"":{""mw"":[30.0,500.0],""heavy_atoms"":[2,36]}},""offline_seed"":""pubchem-registry-20260724-v1""}",verified,1
ascorbic acid,Ascorbic Acid,Ascorbic Acid,[],[],,,O=C1OC(C(O)CO)C(O)=C1O,"InChI=1S/C6H8O6/c7-1-2(8)5-3(9)4(10)6(11)12-5/h2,5,7-10H,1H2",CIWBSHSKHKDKBQ-UHFFFAOYSA-N,,,defined_single_substance,resolved,true,qsar,null,"{""last_review"":{""action"":""verify"",""reviewed_at"":""2026-07-24T14:43:58.395867+00:00"",""reviewer_note"":""Catalog seed accepted only after exact canonical structure match with PubChem""},""first_source"":""ocr:local"",""observations"":[{""source"":""ocr:local"",""seen_at"":""2026-07-24T14:12:40.175116+00:00"",""observed_name"":""Ascorbic Acid"",""ocr_confidence"":38.6},{""source"":""ocr:local"",""seen_at"":""2026-07-24T14:18:39.772345+00:00"",""observed_name"":""Ascorbic Acid"",""ocr_confidence"":38.6},{""source"":""manual:pubchem_lookup"",""seen_at"":""2026-07-24T14:39:31.658220+00:00"",""observed_name"":""Ascorbic Acid"",""ocr_confidence"":null},{""source"":""manual:pubchem_lookup"",""seen_at"":""2026-07-24T14:43:58.381561+00:00"",""observed_name"":""Ascorbic Acid"",""ocr_confidence"":null},{""source"":""manual:pubchem_lookup"",""seen_at"":""2026-07-24T14:44:37.479793+00:00"",""observed_name"":""Ascorbic Acid"",""ocr_confidence"":null}],""pubchem_identity_conflict"":{""cid"":54670067,""source_url"":""https://pubchem.ncbi.nlm.nih.gov/compound/54670067"",""detected_at"":""2026-07-24T14:44:37.480840+00:00"",""observed_name"":""Ascorbic Acid"",""existing_canonical_smiles"":""O=C1OC(C(O)CO)C(O)=C1O"",""proposed_canonical_smiles"":""O=C1O[C@H]([C@@H](O)CO)C(O)=C1O""},""offline_seed"":""pubchem-registry-20260724-v1""}",verified,2
aspon,,Aspon,[],[],,18609,CCCOP(=S)(OCCC)OP(=S)(OCCC)OCCC,"InChI=1S/C12H28O5P2S2/c1-5-9-13-18(20,14-10-6-2)17-19(21,15-11-7-3)16-12-8-4/h5-12H2,1-4H3",IIDFEIDMIKSJSV-UHFFFAOYSA-N,C12H28O5P2S2,378.4330000000002,defined_single_substance,resolved,true,qsar,null,"{""identity_verification"":{""cid"":18609,""method"":""pubchem_cid_direct_structure"",""source"":""PubChem PUG REST"",""screening_envelope"":{""mw"":[30.0,500.0],""heavy_atoms"":[2,36]}},""offline_seed"":""pubchem-registry-20260724-v1""}",verified,1
atrazine,,Atrazine,[],[],,2256,CCNc1nc(Cl)nc(NC(C)C)n1,"InChI=1S/C8H14ClN5/c1-4-10-7-12-6(9)13-8(14-7)11-5(2)3/h5H,4H2,1-3H3,(H2,10,11,12,13,14)",MXWJVTOOROXGIU-UHFFFAOYSA-N,C8H14ClN5,215.68800000000002,defined_single_substance,resolved,true,qsar,null,"{""identity_verification"":{""cid"":2256,""method"":""pubchem_cid_direct_structure"",""source"":""PubChem PUG REST"",""screening_envelope"":{""mw"":[30.0,500.0],""heavy_atoms"":[2,36]}},""offline_seed"":""pubchem-registry-20260724-v1""}",verified,1
avobenzone,Avobenzone,Avobenzone,[],"[""Avobenzone"",""70356-09-1"",""Parsol 1789"",""Butyl methoxydibenzoylmethane"",""Escalol 517"",""Eusolex 9020"",""Avobenzona"",""NeoHeliopan 357"",""Avobenzonum"",""4-TERT-BUTYL-4'-METHOXYDIBENZOYLMETHANE"",""G63QQF2NOX"",""1,3-Propanedione, 1-[4-(1,1-dimethylethyl)phenyl]-3-(4-methoxyphenyl)-"",""NSC-758680"",""1-(p-tert-Butylphenyl)-3-(p-methoxyphenyl)-1,3-propanedione"",""1,3-Propanedione, 1-(4-(1,1-dimethylethyl)phenyl)-3-(4-methoxyphenyl)-"",""1-(4-(1,1-Dimethylethyl)phenyl)-3-(4-methoxyphenyl)-1,3-propanedione"",""1-[4-(1,1-dimethylethyl)phenyl]-3-(4-methoxyphenyl)-1,3-propanedione"",""parsol-1789"",""BMDBM cpd"",""butyl-methoxydibenzoylmethane"",""help me"",""Ponds Clarant B3"",""Ponds Vao-B3"",""Duane Reade Sunscreen"",""Dynamic Skin Recovery"",""RefChem:5574"",""Exchange Select Sunscreen"",""Duane Reade Sport Sunscreen"",""Anti-Dark Moisturizing Cream"",""Duane Reade Sports Sunscreen"",""Exchange Select Baby Sunscreen"",""Exchange Select Kids Sunscreen"",""Duane Reade Oil Free Sunscreen"",""Duane Reade Sunscreen SPF 30"",""Duane Reade Sunscreen SPF 50"",""Duane Reade Sunscreen SPF 70"",""Dynamic Skin Recovery SPF 50"",""Exchange Select Sunscreen SPF 50"",""Duane Reade Baby SunscreenSPF 50"",""Duane Reade Sport Sunscreen SPF 50"",""LEADERS SUNBUDDY ALL OVER SUN"",""Duane Reade Sports Sunscreen SPF 30"",""Duane Reade Sports Sunscreen SPF 50"",""Exchange Select Baby Sunscreen SPF 50"",""Exchange Select Kids Sunscreen SPF 50"",""Duane Reade Oil Free Sunscreen SPF 30"",""Duane Reade Prevail Moisturizing Sunscreen"",""Duane Reade Baby SunscreenSPF 50 SPF 50"",""Coppertone Pure and Simple Kids Suncreen SPF 50"",""Duane Reade Prevail Moisturizing Sunscreen SPF 80"",""help me broad spectrum spf 30 sunscreen retinol day treatment lotion"",""1-(4-tert-butylphenyl)-3-(4-methoxyphenyl)propane-1,3-dione"",""4-tert-Butyl-4'-methoxy-dibenzoylmethane"",""1-(4-(tert-Butyl)phenyl)-3-(4-methoxyphenyl)propane-1,3-dione"",""1-(4-tert-Butylphenyl)-3-(4-methoxyphenyl)-1,3-propanedione"",""MFCD00210252"",""DTXSID9044829"",""NCGC00095112-01"",""Parsol A"",""DTXCID7024829"",""Avobenzonum [INN-Latin]"",""1-(4-(1,1-Dimethylethyl)phenyl)-3-(4-methoxyphenyl)propane-1,3-dione"",""1-[4-(1,1-dimethylethyl)phenyl]-3-(4-methoxyphenyl)propane-1,3-dione"",""Avobenzona [INN-Spanish]"",""SMR001562107"",""CAS-70356-09-1"",""1-(4-Methoxyphenyl)-3-(4-tert-butylphenyl)-1,3-propanedione"",""HSDB 7423"",""EINECS 274-581-6"",""UNII-G63QQF2NOX"",""Avobenzone [USAN:USP:INN]"",""87075-14-7"",""Avobenzone (Standard)"",""4-methoxy-4'-tert-butyldibenzoylmethane"",""Spectrum_001715"",""AVOBENZONE [MI]"",""SpecPlus_000764"",""Avobenzone (USP/INN)"",""AVOBENZONE [INN]"",""Spectrum2_001663"",""Spectrum3_000990"",""Spectrum4_001116"",""Spectrum5_001358"",""AVOBENZONE [HSDB]"",""AVOBENZONE [USAN]"",""Avobenzone(Parsol 1789)"",""EC 274-581-6"",""AVOBENZONE [MART.]"",""But ylmethoxydibenzoylmethane"",""AVOBENZONE [USP-RS]"",""AVOBENZONE [WHO-DD]"",""Avobenzone (Parsol 1789)"",""SCHEMBL15650"",""BSPBio_002659"",""KBioGR_001592"",""KBioSS_002195"",""MLS002695918"",""MLS006010050"",""BIDD:ER0196"",""DivK1c_006860"",""SPECTRUM1504190"",""SPBio_001845"",""Avobenzone, analytical standard"",""orb1224187"",""orb1310377"",""orb3139313"",""SCHEMBL9403511"",""AVOBENZONE [ORANGE BOOK]"",""CHEMBL1200522"",""HY-B0316R"",""KBio1_001804"",""KBio2_002195"",""KBio2_004763"",""KBio2_007331"",""KBio3_001879"",""AVOBENZONE [USP IMPURITY]"",""MSK3417"",""MSK3417-100GMW"",""CHEBI:134751"",""AVOBENZONE [USP MONOGRAPH]"",""GLXC-07780"",""HMS1922F17"",""HMS2093C04"",""HMS3655C22"",""HMS3715F14"",""HMS5080B03"",""MSK3417-1000GMW"",""Pharmakon1600-01504190"",""1-[4-(tert-Butyl)phenyl]-3-(4-methoxyphenyl)-1,3-propanedione"",""HY-B0316"",""Tox21_111427"",""Tox21_202796"",""CCG-39080"",""EBC-26733"",""NSC758680"",""s1904"",""1-(4-(1,1-Dimethylethyl)phenyl)-3-(4-methoxyphenyl)-1,3-propanedi- one"",""AKOS015838120"",""Tox21_111427_1"",""AC-1682"",""DB09495"",""FA18034"",""NSC 758680"",""ANTHELIOS SX COMPONENT AVOBENZONE"",""NCGC00095112-02"",""NCGC00095112-03"",""NCGC00095112-04"",""NCGC00095112-05"",""NCGC00095112-11"",""NCGC00260342-01"",""4'-Tert-Butyl-4-Methoxy-Dibenzoylmethane"",""AS-12797"",""CAPITAL SOLEIL COMPONENT AVOBENZONE"",""SHADE UVAGUARD COMPONENT AVOBENZONE"",""SY057444"",""SBI-0052777.P002"",""B3382"",""NS00002639"",""SW219665-1"",""A10905"",""D03015"",""AB00053273_04"",""AB00053273_05"",""EN300-7406285"",""F787589"",""SR-05000001974"",""Q2775914"",""SR-05000001974-1"",""BRD-K14401183-001-10-7"",""BRD-K14401183-001-11-5"",""1-(4-tert-butylphenyl)-3-(4-methoxyphenyl)-propane-1,3-dione"",""1-(4-tert-butylphenyl)-3-(4-methoxyphenyl)propan-1,3-dione"",""Avobenzone, United States Pharmacopeia (USP) Reference Standard"",""1-(4-Methoxyphenyl)-3-(4-(tert)-butylphenyl)-1,3-propanedione"",""3-(4-tert-butylphenyl)-3-hydroxy-1-(4-methoxyphenyl)prop-2-en-1-one"",""Avobenzone, Pharmaceutical Secondary Standard; Certified Reference Material"",""Butyl methoxydibenzoylmethane Solution in Methanol/THF/Water, 1000ug/mL"",""Butyl methoxydibenzoylmethane Solution in Methanol/THF/Water, 100ug/mL""]",70356-09-1,51040,COc1ccc(C(=O)CC(=O)c2ccc(C(C)(C)C)cc2)cc1,"InChI=1S/C20H22O3/c1-20(2,3)16-9-5-14(6-10-16)18(21)13-19(22)15-7-11-17(23-4)12-8-15/h5-12H,13H2,1-4H3",XNEFYCZVKIDDMS-UHFFFAOYSA-N,C20H22O3,310.4,defined_single_substance,resolved,true,qsar,null,"{""pubchem"":{""cid"":51040,""reason_th"":""พบโครงสร้างโมเลกุลเดี่ยวจาก PubChem แต่ต้องยืนยันตัวตนก่อนส่งเข้า QSAR"",""fetched_at"":""2026-07-24T14:44:18.265616+00:00"",""source_url"":""https://pubchem.ncbi.nlm.nih.gov/compound/51040"",""reason_code"":""awaiting_verification"",""proposed_qsar_eligible"":true},""last_review"":{""action"":""verify"",""reviewed_at"":""2026-07-24T14:44:18.290056+00:00"",""reviewer_note"":""Catalog seed accepted only after exact canonical structure match with PubChem""},""first_source"":""manual:pubchem_lookup"",""observations"":[{""source"":""manual:pubchem_lookup"",""seen_at"":""2026-07-24T14:44:18.268161+00:00"",""observed_name"":""Avobenzone"",""ocr_confidence"":null}],""offline_seed"":""pubchem-registry-20260724-v1""}",verified,2
azelaic acid,Azelaic Acid,Azelaic Acid,[],"[""azelaic acid"",""NONANEDIOIC ACID"",""123-99-9"",""Finacea"",""Anchoic acid"",""Lepargylic acid"",""1,7-Heptanedicarboxylic acid"",""Azelex"",""Skinoren"",""Heptanedicarboxylic acid"",""1,9-Nonanedioic acid"",""Emerox 1110"",""Emerox 1144"",""n-Nonanedioic acid"",""acide azelaique"",""Acido azelaico"",""acidum azelaicum"",""Azelaic acid, technical grade"",""1,7-Dicarboxyheptane"",""ZK 62498"",""ZK-62498"",""DTXSID8021640"",""F2VW3D43YT"",""NSC-19493"",""CHEBI:48131"",""NSC19493"",""DTXCID501640"",""4-02-00-02055 (Beilstein Handbook Reference)"",""hydron;nonanedioate"",""Azelainsaeure"",""Nonandisaeure"",""Finacea Foam"",""Azelaic Acid Gel"",""RefChem:5575"",""D10AX03"",""204-669-1"",""Finevin"",""Azelainic acid"",""Skinorem"",""Emery's L-110"",""NSC 19493"",""MFCD00004432"",""Anchoec acid"",""heptane-1,7-dicarboxylic acid"",""MLS000069659"",""NCGC00014993-07"",""SMR000059164"",""Azalaic Acid"",""Acide azelaique [French]"",""Acido azelaico [Spanish]"",""Acidum azelaicum [Latin]"",""Azelaic acid [USAN:INN]"",""Azelaic"",""CAS-123-99-9"",""Finacea (TN)"",""Azelex (TN)"",""SR-01000075671"",""EINECS 204-669-1"",""UNII-F2VW3D43YT"",""Azelaic acid (USAN/INN)"",""BRN 1101094"",""Azelaicacidtech"",""Lepargylate"",""Anchoate"",""azelaic-acid"",""n-Nonanedioate"",""AI3-06299"",""HSDB 7659"",""1tuf"",""1,9-Nonanedioate"",""SH-441"",""AGN-191861"",""Azelaic acid, 98%"",""Spectrum_000057"",""Water-solubleazelaicacid"",""Opera_ID_740"",""Azelaic acid (Standard)"",""1,7-Heptanedicarboxylate"",""Spectrum2_000995"",""Spectrum3_000278"",""Spectrum4_000401"",""Spectrum5_001304"",""Water-soluble azelaic acid"",""AZELAIC ACID [MI]"",""Epitope ID:187039"",""EC 204-669-1"",""AZELAIC ACID [INN]"",""Lopac-246379"",""SCHEMBL3887"",""AZELAIC ACID [HSDB]"",""AZELAIC ACID [USAN]"",""CHEMBL1238"",""Lopac0_000051"",""AZELAIC ACID [VANDF]"",""BSPBio_001756"",""KBioGR_000662"",""KBioSS_000437"",""Nonanedioic acid Azelaic acid"",""MLS001148615"",""AZELAIC ACID [MART.]"",""BIDD:GT0315"",""DivK1c_000532"",""SPECTRUM1500648"",""SPBio_001089"",""AZELAIC ACID [WHO-DD]"",""GTPL7484"",""orb1226693"",""orb1310162"",""orb3025897"",""SCHEMBL11583701"",""SCHEMBL20853602"",""HMS501K14"",""HY-B0704R"",""KBio1_000532"",""KBio2_000437"",""KBio2_003005"",""KBio2_005573"",""KBio3_001256"",""Azelaic acid, analytical standard"",""MSK1782"",""NINDS_000532"",""HMS1921O11"",""HMS2092E22"",""HMS2234D10"",""HMS3260K03"",""HMS3372J07"",""HMS5083D11"",""Pharmakon1600-01500648"",""AZELAIC ACID [ORANGE BOOK]"",""HY-B0704"",""Tox21_110063"",""Tox21_201989"",""Tox21_303011"",""Tox21_500051"",""Azelaic acid, technical grade, 80%"",""CCG-40081"",""EBC-13419"",""LMFA01170054"",""NSC757406"",""s4550"",""SBB060279"",""STL059432"",""AKOS000120052"",""Tox21_110063_1"",""Azelaic acid, technical, ~85% (GC)"",""Azelaic acid, Vetec(TM) reagent grade"",""DB00548"",""FA29685"",""KS-5293"",""LP00051"",""NSC-757406"",""SDCCGMLS-0066619.P001"",""SDCCGMLS-0066619.P033"",""SDCCGSBI-0050040.P004"",""IDI1_000532"",""MLS-0066619"",""NCGC00014993-01"",""NCGC00014993-02"",""NCGC00014993-03"",""NCGC00014993-04"",""NCGC00014993-05"",""NCGC00014993-06"",""NCGC00014993-08"",""NCGC00014993-09"",""NCGC00014993-10"",""NCGC00014993-12"",""NCGC00014993-15"",""NCGC00093565-01"",""NCGC00093565-02"",""NCGC00093565-03"",""NCGC00093565-04"",""NCGC00093565-05"",""NCGC00093565-06"",""NCGC00093565-07"",""NCGC00256508-01"",""NCGC00259538-01"",""NCGC00260736-01"",""BP-27863"",""MLS-0066619.P021"",""SBI-0050040.P003"",""A0561"",""A9817"",""Dicarboxylic acid C9; Nonanedioic acid; AZA"",""EU-0100051"",""NS00011498"",""ST45053319"",""EN300-18040"",""C08261"",""D03034"",""D70171"",""M01351"",""AB00052140_12"",""Q413504"",""SR-01000075671-1"",""SR-01000075671-4"",""SR-01000075671-6"",""0C50D8EC-0DB0-4F24-8EFC-2919E1F0D9BF"",""BRD-K08976401-001-18-5"",""Z57127532"",""F8889-5093""]",123-99-9,2266,O=C(O)CCCCCCCC(=O)O,"InChI=1S/C9H16O4/c10-8(11)6-4-2-1-3-5-7-9(12)13/h1-7H2,(H,10,11)(H,12,13)",BDJRBEYXGGNYIS-UHFFFAOYSA-N,C9H16O4,188.22,defined_single_substance,resolved,true,qsar,null,"{""pubchem"":{""cid"":2266,""reason_th"":""พบโครงสร้างโมเลกุลเดี่ยวจาก PubChem แต่ต้องยืนยันตัวตนก่อนส่งเข้า QSAR"",""fetched_at"":""2026-07-24T14:43:23.029251+00:00"",""source_url"":""https://pubchem.ncbi.nlm.nih.gov/compound/2266"",""reason_code"":""awaiting_verification"",""proposed_qsar_eligible"":true},""last_review"":{""action"":""verify"",""reviewed_at"":""2026-07-24T14:43:23.047275+00:00"",""reviewer_note"":""Catalog seed accepted only after exact canonical structure match with PubChem""},""first_source"":""manual:pubchem_lookup"",""observations"":[{""source"":""manual:pubchem_lookup"",""seen_at"":""2026-07-24T14:43:23.032273+00:00"",""observed_name"":""Azelaic Acid"",""ocr_confidence"":null}],""offline_seed"":""pubchem-registry-20260724-v1""}",verified,2
azinphos-ethyl,,Azinphos-Ethyl,[],[],,17531,CCOP(=S)(OCC)SCn1nnc2ccccc2c1=O,"InChI=1S/C12H16N3O3PS2/c1-3-17-19(20,18-4-2)21-9-15-12(16)10-7-5-6-8-11(10)13-14-15/h5-8H,3-4,9H2,1-2H3",RQVGAIADHNPSME-UHFFFAOYSA-N,C12H16N3O3PS2,345.386,defined_single_substance,resolved,true,qsar,null,"{""identity_verification"":{""cid"":17531,""method"":""pubchem_cid_direct_structure"",""source"":""PubChem PUG REST"",""screening_envelope"":{""mw"":[30.0,500.0],""heavy_atoms"":[2,36]}},""offline_seed"":""pubchem-registry-20260724-v1""}",verified,1
azinphos-methyl,,Azinphos-Methyl,[],[],,2268,COP(=S)(OC)SCn1nnc2ccccc2c1=O,"InChI=1S/C10H12N3O3PS2/c1-15-17(18,16-2)19-7-13-10(14)8-5-3-4-6-9(8)11-12-13/h3-6H,7H2,1-2H3",CJJOSEISRRTUQB-UHFFFAOYSA-N,C10H12N3O3PS2,317.332,defined_single_substance,resolved,true,qsar,null,"{""identity_verification"":{""cid"":2268,""method"":""pubchem_cid_direct_structure"",""source"":""PubChem PUG REST"",""screening_envelope"":{""mw"":[30.0,500.0],""heavy_atoms"":[2,36]}},""offline_seed"":""pubchem-registry-20260724-v1""}",verified,1
azobisisobutyronitrile,,Azobisisobutyronitrile,[],[],,6547,CC(C)(C#N)N=NC(C)(C)C#N,"InChI=1S/C8H12N4/c1-7(2,5-9)11-12-8(3,4)6-10/h1-4H3",OZAIFHULBGXAKX-UHFFFAOYSA-N,C8H12N4,164.21200000000002,defined_single_substance,resolved,true,qsar,null,"{""identity_verification"":{""cid"":6547,""method"":""pubchem_cid_direct_structure"",""source"":""PubChem PUG REST"",""screening_envelope"":{""mw"":[30.0,500.0],""heavy_atoms"":[2,36]}},""offline_seed"":""pubchem-registry-20260724-v1""}",verified,1
azoxybenzene,,Azoxybenzene,[],[],,10316,[O-][N+](=Nc1ccccc1)c1ccccc1,InChI=1S/C12H10N2O/c15-14(12-9-5-2-6-10-12)13-11-7-3-1-4-8-11/h1-10H,GAUZCKBSTZFWCT-UHFFFAOYSA-N,C12H10N2O,198.22500000000002,defined_single_substance,resolved,true,qsar,null,"{""identity_verification"":{""cid"":10316,""method"":""pubchem_cid_direct_structure"",""source"":""PubChem PUG REST"",""screening_envelope"":{""mw"":[30.0,500.0],""heavy_atoms"":[2,36]}},""offline_seed"":""pubchem-registry-20260724-v1""}",verified,1
barban,,Barban,[],[],,7551,O=C(Nc1cccc(Cl)c1)OCC#CCCl,"InChI=1S/C11H9Cl2NO2/c12-6-1-2-7-16-11(15)14-10-5-3-4-9(13)8-10/h3-5,8H,6-7H2,(H,14,15)",MCOQHIWZJUDQIC-UHFFFAOYSA-N,C11H9Cl2NO2,258.1039999999999,defined_single_substance,resolved,true,qsar,null,"{""identity_verification"":{""cid"":7551,""method"":""pubchem_cid_direct_structure"",""source"":""PubChem PUG REST"",""screening_envelope"":{""mw"":[30.0,500.0],""heavy_atoms"":[2,36]}},""offline_seed"":""pubchem-registry-20260724-v1""}",verified,1
benazolin,,Benazolin,[],[],,19662,O=C(O)Cn1c(=O)sc2cccc(Cl)c21,"InChI=1S/C9H6ClNO3S/c10-5-2-1-3-6-8(5)11(4-7(12)13)9(14)15-6/h1-3H,4H2,(H,12,13)",HYJSGOXICXYZGS-UHFFFAOYSA-N,C9H6ClNO3S,243.67099999999996,defined_single_substance,resolved,true,qsar,null,"{""identity_verification"":{""cid"":19662,""method"":""pubchem_cid_direct_structure"",""source"":""PubChem PUG REST"",""screening_envelope"":{""mw"":[30.0,500.0],""heavy_atoms"":[2,36]}},""offline_seed"":""pubchem-registry-20260724-v1""}",verified,1
bendiocarb,,Bendiocarb,[],[],,2314,CNC(=O)Oc1cccc2c1OC(C)(C)O2,"InChI=1S/C11H13NO4/c1-11(2)15-8-6-4-5-7(9(8)16-11)14-10(13)12-3/h4-6H,1-3H3,(H,12,13)",XEGGRYVFLWGFHI-UHFFFAOYSA-N,C11H13NO4,223.22799999999998,defined_single_substance,resolved,true,qsar,null,"{""identity_verification"":{""cid"":2314,""method"":""pubchem_cid_direct_structure"",""source"":""PubChem PUG REST"",""screening_envelope"":{""mw"":[30.0,500.0],""heavy_atoms"":[2,36]}},""offline_seed"":""pubchem-registry-20260724-v1""}",verified,1
bendiocarb phenol,,Bendiocarb phenol,[],[],,62765,CC1(C)Oc2cccc(O)c2O1,"InChI=1S/C9H10O3/c1-9(2)11-7-5-3-4-6(10)8(7)12-9/h3-5,10H,1-2H3",CSSWBRMYHJVCPZ-UHFFFAOYSA-N,C9H10O3,166.17599999999996,defined_single_substance,resolved,true,qsar,null,"{""identity_verification"":{""cid"":62765,""method"":""pubchem_cid_direct_structure"",""source"":""PubChem PUG REST"",""screening_envelope"":{""mw"":[30.0,500.0],""heavy_atoms"":[2,36]}},""offline_seed"":""pubchem-registry-20260724-v1""}",verified,1
benfuracarb,,Benfuracarb,[],[],,54886,CCOC(=O)CCN(SN(C)C(=O)Oc1cccc2c1OC(C)(C)C2)C(C)C,"InChI=1S/C20H30N2O5S/c1-7-25-17(23)11-12-22(14(2)3)28-21(6)19(24)26-16-10-8-9-15-13-20(4,5)27-18(15)16/h8-10,14H,7,11-13H2,1-6H3",FYZBOYWSHKHDMT-UHFFFAOYSA-N,C20H30N2O5S,410.53600000000023,defined_single_substance,resolved,true,qsar,null,"{""identity_verification"":{""cid"":54886,""method"":""pubchem_cid_direct_structure"",""source"":""PubChem PUG REST"",""screening_envelope"":{""mw"":[30.0,500.0],""heavy_atoms"":[2,36]}},""offline_seed"":""pubchem-registry-20260724-v1""}",verified,1
bensulfuron-methyl,,Bensulfuron-methyl,[],[],,54960,COC(=O)c1ccccc1CS(=O)(=O)NC(=O)Nc1nc(OC)cc(OC)n1,"InChI=1S/C16H18N4O7S/c1-25-12-8-13(26-2)18-15(17-12)19-16(22)20-28(23,24)9-10-6-4-5-7-11(10)14(21)27-3/h4-8H,9H2,1-3H3,(H2,17,18,19,20,22)",XMQFTWRPUQYINF-UHFFFAOYSA-N,C16H18N4O7S,410.4080000000002,defined_single_substance,resolved,true,qsar,null,"{""identity_verification"":{""cid"":54960,""method"":""pubchem_cid_direct_structure"",""source"":""PubChem PUG REST"",""screening_envelope"":{""mw"":[30.0,500.0],""heavy_atoms"":[2,36]}},""offline_seed"":""pubchem-registry-20260724-v1""}",verified,1
bensulide,,Bensulide,[],[],,12932,CC(C)OP(=S)(OC(C)C)SCCNS(=O)(=O)c1ccccc1,"InChI=1S/C14H24NO4PS3/c1-12(2)18-20(21,19-13(3)4)22-11-10-15-23(16,17)14-8-6-5-7-9-14/h5-9,12-13,15H,10-11H2,1-4H3",RRNIZKPFKNDSRS-UHFFFAOYSA-N,C14H24NO4PS3,397.52400000000006,defined_single_substance,resolved,true,qsar,null,"{""identity_verification"":{""cid"":12932,""method"":""pubchem_cid_direct_structure"",""source"":""PubChem PUG REST"",""screening_envelope"":{""mw"":[30.0,500.0],""heavy_atoms"":[2,36]}},""offline_seed"":""pubchem-registry-20260724-v1""}",verified,1
bensultap,,Bensultap,[],[],,87176,CN(C)C(CSS(=O)(=O)c1ccccc1)CSS(=O)(=O)c1ccccc1,"InChI=1S/C17H21NO4S4/c1-18(2)15(13-23-25(19,20)16-9-5-3-6-10-16)14-24-26(21,22)17-11-7-4-8-12-17/h3-12,15H,13-14H2,1-2H3",YFXPPSKYMBTNAV-UHFFFAOYSA-N,C17H21NO4S4,431.62600000000015,defined_single_substance,resolved,true,qsar,null,"{""identity_verification"":{""cid"":87176,""method"":""pubchem_cid_direct_structure"",""source"":""PubChem PUG REST"",""screening_envelope"":{""mw"":[30.0,500.0],""heavy_atoms"":[2,36]}},""offline_seed"":""pubchem-registry-20260724-v1""}",verified,1
bentazon,,Bentazon,[],[],,2328,CC(C)N1C(=O)c2ccccc2NS1(=O)=O,"InChI=1S/C10H12N2O3S/c1-7(2)12-10(13)8-5-3-4-6-9(8)11-16(12,14)15/h3-7,11H,1-2H3",ZOMSMJKLGFBRBS-UHFFFAOYSA-N,C10H12N2O3S,240.284,defined_single_substance,resolved,true,qsar,null,"{""identity_verification"":{""cid"":2328,""method"":""pubchem_cid_direct_structure"",""source"":""PubChem PUG REST"",""screening_envelope"":{""mw"":[30.0,500.0],""heavy_atoms"":[2,36]}},""offline_seed"":""pubchem-registry-20260724-v1""}",verified,1
benzal chloride,,Benzal chloride,[],[],,7411,ClC(Cl)c1ccccc1,"InChI=1S/C7H6Cl2/c8-7(9)6-4-2-1-3-5-6/h1-5,7H",CAHQGWAXKLQREW-UHFFFAOYSA-N,C7H6Cl2,161.03099999999998,defined_single_substance,resolved,true,qsar,null,"{""identity_verification"":{""cid"":7411,""method"":""pubchem_cid_direct_structure"",""source"":""PubChem PUG REST"",""screening_envelope"":{""mw"":[30.0,500.0],""heavy_atoms"":[2,36]}},""offline_seed"":""pubchem-registry-20260724-v1""}",verified,1
benzaldehyde,,Benzaldehyde,[],[],,240,O=Cc1ccccc1,InChI=1S/C7H6O/c8-6-7-4-2-1-3-5-7/h1-6H,HUMNYLRZRPPJDN-UHFFFAOYSA-N,C7H6O,106.12399999999997,defined_single_substance,resolved,true,qsar,null,"{""identity_verification"":{""cid"":240,""method"":""pubchem_cid_direct_structure"",""source"":""PubChem PUG REST"",""screening_envelope"":{""mw"":[30.0,500.0],""heavy_atoms"":[2,36]}},""offline_seed"":""pubchem-registry-20260724-v1""}",verified,1
"benzenamine, n-(4-((1,3-dimethylbutyl)imino)-2,5-cyclohexadien-1-ylidene)-",,"Benzenamine, N-(4-((1,3-dimethylbutyl)imino)-2,5-cyclohexadien-1-ylidene)-",[],[],,10220983,CC(C)CC(C)N=C1C=CC(=Nc2ccccc2)C=C1,"InChI=1S/C18H22N2/c1-14(2)13-15(3)19-17-9-11-18(12-10-17)20-16-7-5-4-6-8-16/h4-12,14-15H,13H2,1-3H3",LTVAIOLMQDKZTP-UHFFFAOYSA-N,C18H22N2,266.38800000000003,defined_single_substance,resolved,true,qsar,null,"{""identity_verification"":{""cid"":10220983,""method"":""pubchem_cid_direct_structure"",""source"":""PubChem PUG REST"",""screening_envelope"":{""mw"":[30.0,500.0],""heavy_atoms"":[2,36]}},""offline_seed"":""pubchem-registry-20260724-v1""}",verified,1
benzene,,Benzene,[],[],,241,c1ccccc1,InChI=1S/C6H6/c1-2-4-6-5-3-1/h1-6H,UHOVQNZJYSORNB-UHFFFAOYSA-N,C6H6,78.11399999999999,defined_single_substance,resolved,true,qsar,null,"{""identity_verification"":{""cid"":241,""method"":""pubchem_cid_direct_structure"",""source"":""PubChem PUG REST"",""screening_envelope"":{""mw"":[30.0,500.0],""heavy_atoms"":[2,36]}},""offline_seed"":""pubchem-registry-20260724-v1""}",verified,1
"benzene, 1-(dimethoxymethyl)-2-nitro-",,"Benzene, 1-(dimethoxymethyl)-2-nitro-",[],[],,140718,COC(OC)c1ccccc1[N+](=O)[O-],"InChI=1S/C9H11NO4/c1-13-9(14-2)7-5-3-4-6-8(7)10(11)12/h3-6,9H,1-2H3",OAPZTGKQZKPVPF-UHFFFAOYSA-N,C9H11NO4,197.18999999999994,defined_single_substance,resolved,true,qsar,null,"{""identity_verification"":{""cid"":140718,""method"":""pubchem_cid_direct_structure"",""source"":""PubChem PUG REST"",""screening_envelope"":{""mw"":[30.0,500.0],""heavy_atoms"":[2,36]}},""offline_seed"":""pubchem-registry-20260724-v1""}",verified,1
"benzene, 1-chloro-2,3-difluoro-5-(trifluoromethyl)-",,"Benzene, 1-chloro-2,3-difluoro-5-(trifluoromethyl)-",[],[],,2736496,Fc1cc(C(F)(F)F)cc(Cl)c1F,"InChI=1S/C7H2ClF5/c8-4-1-3(7(11,12)13)2-5(9)6(4)10/h1-2H",RZMVFJHGONCXQR-UHFFFAOYSA-N,C7H2ClF5,216.53599999999997,defined_single_substance,resolved,true,qsar,null,"{""identity_verification"":{""cid"":2736496,""method"":""pubchem_cid_direct_structure"",""source"":""PubChem PUG REST"",""screening_envelope"":{""mw"":[30.0,500.0],""heavy_atoms"":[2,36]}},""offline_seed"":""pubchem-registry-20260724-v1""}",verified,1
"benzene, 2,4-dichloro-1-fluoro-",,"Benzene, 2,4-dichloro-1-fluoro-",[],[],,123112,Fc1ccc(Cl)cc1Cl,InChI=1S/C6H3Cl2F/c7-4-1-2-6(9)5(8)3-4/h1-3H,BDJZCCWUSOZUQG-UHFFFAOYSA-N,C6H3Cl2F,164.99399999999997,defined_single_substance,resolved,true,qsar,null,"{""identity_verification"":{""cid"":123112,""method"":""pubchem_cid_direct_structure"",""source"":""PubChem PUG REST"",""screening_envelope"":{""mw"":[30.0,500.0],""heavy_atoms"":[2,36]}},""offline_seed"":""pubchem-registry-20260724-v1""}",verified,1
benzenepropanol,,Benzenepropanol,[],[],,31234,OCCCc1ccccc1,"InChI=1S/C9H12O/c10-8-4-7-9-5-2-1-3-6-9/h1-3,5-6,10H,4,7-8H2",VAJVDSVGBWFCLW-UHFFFAOYSA-N,C9H12O,136.194,defined_single_substance,resolved,true,qsar,null,"{""identity_verification"":{""cid"":31234,""method"":""pubchem_cid_direct_structure"",""source"":""PubChem PUG REST"",""screening_envelope"":{""mw"":[30.0,500.0],""heavy_atoms"":[2,36]}},""offline_seed"":""pubchem-registry-20260724-v1""}",verified,1
"benzenesulfonamide, 4-methyl-n-(methylsulfonyl)-",,"Benzenesulfonamide, 4-methyl-N-(methylsulfonyl)-",[],[],,84575,Cc1ccc(S(=O)(=O)NS(C)(=O)=O)cc1,"InChI=1S/C8H11NO4S2/c1-7-3-5-8(6-4-7)15(12,13)9-14(2,10)11/h3-6,9H,1-2H3",UOPITUDDUGJACT-UHFFFAOYSA-N,C8H11NO4S2,249.313,defined_single_substance,resolved,true,qsar,null,"{""identity_verification"":{""cid"":84575,""method"":""pubchem_cid_direct_structure"",""source"":""PubChem PUG REST"",""screening_envelope"":{""mw"":[30.0,500.0],""heavy_atoms"":[2,36]}},""offline_seed"":""pubchem-registry-20260724-v1""}",verified,1
"benzenesulfonic acid, 2,4-diamino-5-(2-(4-((2-(sulfooxy)ethyl)sulfonyl)phenyl)diazenyl)-",,"Benzenesulfonic acid, 2,4-diamino-5-(2-(4-((2-(sulfooxy)ethyl)sulfonyl)phenyl)diazenyl)-",[],[],,12081157,Nc1cc(N)c(S(=O)(=O)O)cc1N=Nc1ccc(S(=O)(=O)CCOS(=O)(=O)O)cc1,"InChI=1S/C14H16N4O9S3/c15-11-7-12(16)14(29(21,22)23)8-13(11)18-17-9-1-3-10(4-2-9)28(19,20)6-5-27-30(24,25)26/h1-4,7-8H,5-6,15-16H2,(H,21,22,23)(H,24,25,26)",UDNJZJOGKPSADD-UHFFFAOYSA-N,C14H16N4O9S3,480.50200000000024,defined_single_substance,resolved,true,qsar,null,"{""identity_verification"":{""cid"":12081157,""method"":""pubchem_cid_direct_structure"",""source"":""PubChem PUG REST"",""screening_envelope"":{""mw"":[30.0,500.0],""heavy_atoms"":[2,36]}},""offline_seed"":""pubchem-registry-20260724-v1""}",verified,1
benzo[a]pyrene,,Benzo[a]pyrene,[],[],,2336,c1ccc2c(c1)cc1ccc3cccc4ccc2c1c34,InChI=1S/C20H12/c1-2-7-17-15(4-1)12-16-9-8-13-5-3-6-14-10-11-18(17)20(16)19(13)14/h1-12H,FMMWHPNWAFZXNH-UHFFFAOYSA-N,C20H12,252.316,defined_single_substance,resolved,true,qsar,null,"{""identity_verification"":{""cid"":2336,""method"":""pubchem_cid_direct_structure"",""source"":""PubChem PUG REST"",""screening_envelope"":{""mw"":[30.0,500.0],""heavy_atoms"":[2,36]}},""offline_seed"":""pubchem-registry-20260724-v1""}",verified,1
benzoic acid,Benzoic Acid,Benzoic Acid,[],"[""benzoic acid"",""65-85-0"",""Dracylic acid"",""benzenecarboxylic acid"",""Benzeneformic acid"",""Carboxybenzene"",""phenylformic acid"",""Benzenemethanoic acid"",""Phenylcarboxylic acid"",""Retardex"",""Retarder BA"",""Tenn-Plas"",""Salvo liquid"",""Benzoesaeure GK"",""Benzoesaeure GV"",""Acide benzoique"",""Solvo powder"",""Benzoic acid, tech."",""Unisept BZA"",""Benzoesaeure"",""HA 1 (acid)"",""Kyselina benzoova"",""FEMA No. 2131"",""Benzenemethonic acid"",""Vevovitall"",""Acido benzoico"",""Menno-florades"",""Benzoicum acidum"",""E 210"",""AI3-0310"",""DTXSID6020143"",""Acidum benzoicum"",""NSC-149"",""8SKN0B0MIM"",""Benzoic acid (e 210)"",""Sodium benzoic acid"",""Tennplas"",""INS NO.210"",""E210"",""CHEBI:30746"",""INS-210"",""Phenyl carboxylic acid"",""DTXCID80143"",""E-210"",""Provita"",""Provita Combat"",""Whitfield's"",""Eyelids Wipes"",""Provita Equiband"",""Acid, Benzoic"",""Rheumatism Diarrhea"",""Benzoate, Potassium"",""RefChem:6620"",""200-618-2"",""hydron;benzoate"",""Benzoic acid (natural)"",""Benzoate (VAN)"",""HA 1"",""Benzoesaeure [German]"",""Caswell No. 081"",""Diacylic acid"",""Oracylic acid"",""Acide benzoique [French]"",""Acido benzoico [Italian]"",""Kyselina benzoova [Czech]"",""NSC 149"",""CCRIS 1893"",""Diacylate"",""HSDB 704"",""Salvo, liquid"",""Solvo, powder"",""AI3-03710"",""MFCD00002398"",""EPA Pesticide Chemical Code 009101"",""Aromatic carboxylic acid"",""Benzoic acid (Standard)"",""Salvo powder"",""Benzoic acid [USAN:JAN]"",""CAS-65-85-0"",""NSC7918"",""14322-82-8"",""EINECS 200-618-2"",""UNII-8SKN0B0MIM"",""Benzoic acid [USP:JAN]"",""phenylcarboxy"",""Dracylate"",""benzoic aicd"",""benzoic-acid"",""benzoic_acid"",""bezoic acid"",""Aromatic acid"",""benzenecarboxylic"",""Benzyl acid"",""benzoic- acid"",""Retarder BAX"",""1gyx"",""1kqb"",""Benzoic acid CRS"",""Glycopyrronium Bromide EP Impurity D"",""Benzoic acid (NIST)"",""760 - Preservatives"",""ANTAZOLINE_met016"",""WLN: QVR"",""benzene-2-carboxylic acid"",""EUCATROPINE_met034"",""Benzoic acid, 99.5%"",""CYCLANDELATE_met022"",""BENZOIC ACID [II]"",""BENZOIC ACID [MI]"",""Benzoic acid, ACS reagent"",""bmse000300"",""CHEMBL541"",""Epitope ID:139965"",""EC 200-618-2"",""BENZOIC ACID [FCC]"",""BENZOIC ACID [JAN]"",""SCHEMBL1378"",""SCHEMBL1809"",""BENZOIC-4-D1 ACID"",""BENZOIC ACID [FHFI]"",""BENZOIC ACID [HSDB]"",""SAMPL4, O1"",""TRIPELENNAMINE_met034"",""SCHEMBL20583"",""SCHEMBL22028"",""Benzoic acid (JP18/USP)"",""BENZOIC ACID [VANDF]"",""Benzoic acid - Melting point"",""MLS002415717"",""27 - Preservatives in Cream"",""BENZOIC ACID [MART.]"",""BIDD:ER0597"",""SCHEMBL129247"",""BENZOIC ACID [USP-RS]"",""BENZOIC ACID [WHO-DD]"",""BENZOIC ACID [WHO-IP]"",""Benzoic acid, AR, >=99%"",""Benzoic acid, LR, >=99%"",""NSC149"",""orb1224318"",""orb1310251"",""orb3029218"",""SCHEMBL1518068"",""SCHEMBL1533094"",""SCHEMBL1939722"",""SCHEMBL3859000"",""SCHEMBL4626763"",""31 - Preservatives in Mascara"",""BENZOICUM ACIDUM [HPUS]"",""SCHEMBL11324395"",""HY-N0216R"",""Benzoic acid (7CI,8CI,9CI)"",""Benzoic acid, analytical standard"",""Benzoic acid, p.a., 99.5%"",""MSK2501"",""BENZOIC ACID [GREEN BOOK]"",""BDBM197302"",""HMS2092F18"",""HMS2267D03"",""HMS3652B03"",""HMS5082G22"",""Pharmakon1600-01503001"",""BENZOIC ACID [EP MONOGRAPH]"",""HY-N0216"",""MBA96084"",""SAA21784"",""Tox21_202403"",""Tox21_300180"",""BENZOIC ACID [USP MONOGRAPH]"",""EBC-04017"",""MFCD03456189"",""NSC758203"",""s4161"",""SBB040515"",""STK301730"",""Benzoic acid, ReagentPlus(R), 99%"",""AKOS000119619"",""Benzoic acid 100 |Ig/mL in Acetone"",""BS-3752"",""CCG-213088"",""DB03793"",""FB33492"",""NSC-758203"",""ACIDUM BENZOICUM [WHO-IP LATIN]"",""Benzoic acid 100 microg/mL in Acetone"",""Benzoic acid, >=99.5%, FCC, FG"",""Benzoic Acid (tablets), 100 x 1.0g"",""Benzoic acid, ACS reagent, >=99.5%"",""NCGC00091886-01"",""NCGC00091886-02"",""NCGC00091886-03"",""NCGC00091886-05"",""NCGC00254112-01"",""NCGC00259952-01"",""TIAPROFENIC ACID IMPURITY D [EP]"",""Benzoic acid, USP, 99.5-100.5%"",""BP-30148"",""MSK2501-1000"",""SMR001252220"",""SY009192""]",65-85-0,243,O=C(O)c1ccccc1,"InChI=1S/C7H6O2/c8-7(9)6-4-2-1-3-5-6/h1-5H,(H,8,9)",WPYMKLBDIGXBTP-UHFFFAOYSA-N,C7H6O2,122.12,defined_single_substance,resolved,true,qsar,null,"{""pubchem"":{""cid"":243,""reason_th"":""พบโครงสร้างโมเลกุลเดี่ยวจาก PubChem แต่ต้องยืนยันตัวตนก่อนส่งเข้า QSAR"",""fetched_at"":""2026-07-24T14:43:34.173509+00:00"",""source_url"":""https://pubchem.ncbi.nlm.nih.gov/compound/243"",""reason_code"":""awaiting_verification"",""proposed_qsar_eligible"":true},""last_review"":{""action"":""verify"",""reviewed_at"":""2026-07-24T14:43:34.194278+00:00"",""reviewer_note"":""Catalog seed accepted only after exact canonical structure match with PubChem""},""first_source"":""manual:pubchem_lookup"",""observations"":[{""source"":""manual:pubchem_lookup"",""seen_at"":""2026-07-24T14:43:34.175908+00:00"",""observed_name"":""Benzoic Acid"",""ocr_confidence"":null}],""offline_seed"":""pubchem-registry-20260724-v1""}",verified,2
"benzoic acid, 2-((4-amino-2-nitrophenyl)amino)-",,"Benzoic acid, 2-((4-amino-2-nitrophenyl)amino)-",[],[],,9860314,Nc1ccc(Nc2ccccc2C(=O)O)c([N+](=O)[O-])c1,"InChI=1S/C13H11N3O4/c14-8-5-6-11(12(7-8)16(19)20)15-10-4-2-1-3-9(10)13(17)18/h1-7,15H,14H2,(H,17,18)",YESOPQNVGIQNEV-UHFFFAOYSA-N,C13H11N3O4,273.248,defined_single_substance,resolved,true,qsar,null,"{""identity_verification"":{""cid"":9860314,""method"":""pubchem_cid_direct_structure"",""source"":""PubChem PUG REST"",""screening_envelope"":{""mw"":[30.0,500.0],""heavy_atoms"":[2,36]}},""offline_seed"":""pubchem-registry-20260724-v1""}",verified,1
"benzoic acid, 2-[(aminosulfonyl)methyl]-, methyl ester",,"Benzoic acid, 2-[(aminosulfonyl)methyl]-, methyl ester",[],[],,13958774,COC(=O)c1ccccc1CS(N)(=O)=O,"InChI=1S/C9H11NO4S/c1-14-9(11)8-5-3-2-4-7(8)6-15(10,12)13/h2-5H,6H2,1H3,(H2,10,12,13)",DBOUFTHAEAVMJC-UHFFFAOYSA-N,C9H11NO4S,229.25699999999995,defined_single_substance,resolved,true,qsar,null,"{""identity_verification"":{""cid"":13958774,""method"":""pubchem_cid_direct_structure"",""source"":""PubChem PUG REST"",""screening_envelope"":{""mw"":[30.0,500.0],""heavy_atoms"":[2,36]}},""offline_seed"":""pubchem-registry-20260724-v1""}",verified,1
"benzoic acid, 3-amino-4-chloro-, dodecyl ester",,"Benzoic acid, 3-amino-4-chloro-, dodecyl ester",[],[],,11035192,CCCCCCCCCCCCOC(=O)c1ccc(Cl)c(N)c1,"InChI=1S/C19H30ClNO2/c1-2-3-4-5-6-7-8-9-10-11-14-23-19(22)16-12-13-17(20)18(21)15-16/h12-13,15H,2-11,14,21H2,1H3",PFDZHCMFQQMXSB-UHFFFAOYSA-N,C19H30ClNO2,339.90700000000004,defined_single_substance,resolved,true,qsar,null,"{""identity_verification"":{""cid"":11035192,""method"":""pubchem_cid_direct_structure"",""source"":""PubChem PUG REST"",""screening_envelope"":{""mw"":[30.0,500.0],""heavy_atoms"":[2,36]}},""offline_seed"":""pubchem-registry-20260724-v1""}",verified,1
benzonitrile,,Benzonitrile,[],[],,7505,N#Cc1ccccc1,InChI=1S/C7H5N/c8-6-7-4-2-1-3-5-7/h1-5H,JFDZBHWFFUWGJE-UHFFFAOYSA-N,C7H5N,103.12399999999998,defined_single_substance,resolved,true,qsar,null,"{""identity_verification"":{""cid"":7505,""method"":""pubchem_cid_direct_structure"",""source"":""PubChem PUG REST"",""screening_envelope"":{""mw"":[30.0,500.0],""heavy_atoms"":[2,36]}},""offline_seed"":""pubchem-registry-20260724-v1""}",verified,1
benzotrichloride,,Benzotrichloride,[],[],,7367,ClC(Cl)(Cl)c1ccccc1,"InChI=1S/C7H5Cl3/c8-7(9,10)6-4-2-1-3-5-6/h1-5H",XEMRAKSQROQPBR-UHFFFAOYSA-N,C7H5Cl3,195.47599999999997,defined_single_substance,resolved,true,qsar,null,"{""identity_verification"":{""cid"":7367,""method"":""pubchem_cid_direct_structure"",""source"":""PubChem PUG REST"",""screening_envelope"":{""mw"":[30.0,500.0],""heavy_atoms"":[2,36]}},""offline_seed"":""pubchem-registry-20260724-v1""}",verified,1
benzoyl chloride,,Benzoyl chloride,[],[],,7412,O=C(Cl)c1ccccc1,InChI=1S/C7H5ClO/c8-7(9)6-4-2-1-3-5-6/h1-5H,PASDCCFISLVPSO-UHFFFAOYSA-N,C7H5ClO,140.56899999999996,defined_single_substance,resolved,true,qsar,null,"{""identity_verification"":{""cid"":7412,""method"":""pubchem_cid_direct_structure"",""source"":""PubChem PUG REST"",""screening_envelope"":{""mw"":[30.0,500.0],""heavy_atoms"":[2,36]}},""offline_seed"":""pubchem-registry-20260724-v1""}",verified,1
benzoyl peroxide,,Benzoyl Peroxide,[],[],,7187,O=C(OOC(=O)c1ccccc1)c1ccccc1,InChI=1S/C14H10O4/c15-13(11-7-3-1-4-8-11)17-18-14(16)12-9-5-2-6-10-12/h1-10H,OMPJBNCRMGITSC-UHFFFAOYSA-N,C14H10O4,242.23,defined_single_substance,resolved,true,qsar,null,"{""identity_verification"":{""cid"":7187,""method"":""pubchem_cid_direct_structure"",""source"":""PubChem PUG REST"",""screening_envelope"":{""mw"":[30.0,500.0],""heavy_atoms"":[2,36]}},""offline_seed"":""pubchem-registry-20260724-v1""}",verified,1
benzoylprop-ethyl,,Benzoylprop-ethyl,[],[],,31068,CCOC(=O)C(C)N(C(=O)c1ccccc1)c1ccc(Cl)c(Cl)c1,"InChI=1S/C18H17Cl2NO3/c1-3-24-18(23)12(2)21(14-9-10-15(19)16(20)11-14)17(22)13-7-5-4-6-8-13/h4-12H,3H2,1-2H3",SLCGUGMPSUYJAY-UHFFFAOYSA-N,C18H17Cl2NO3,366.24400000000014,defined_single_substance,resolved,true,qsar,null,"{""identity_verification"":{""cid"":31068,""method"":""pubchem_cid_direct_structure"",""source"":""PubChem PUG REST"",""screening_envelope"":{""mw"":[30.0,500.0],""heavy_atoms"":[2,36]}},""offline_seed"":""pubchem-registry-20260724-v1""}",verified,1
benzthiazuron,,Benzthiazuron,[],[],,16007,CNC(=O)Nc1nc2ccccc2s1,"InChI=1S/C9H9N3OS/c1-10-8(13)12-9-11-6-4-2-3-5-7(6)14-9/h2-5H,1H3,(H2,10,11,12,13)",DTCJYIIKPVRVDD-UHFFFAOYSA-N,C9H9N3OS,207.258,defined_single_substance,resolved,true,qsar,null,"{""identity_verification"":{""cid"":16007,""method"":""pubchem_cid_direct_structure"",""source"":""PubChem PUG REST"",""screening_envelope"":{""mw"":[30.0,500.0],""heavy_atoms"":[2,36]}},""offline_seed"":""pubchem-registry-20260724-v1""}",verified,1
"benzyl 2,4-dibromobutanoate",,"Benzyl 2,4-dibromobutanoate",[],[],,4338264,O=C(OCc1ccccc1)C(Br)CCBr,"InChI=1S/C11H12Br2O2/c12-7-6-10(13)11(14)15-8-9-4-2-1-3-5-9/h1-5,10H,6-8H2",XQJJSEGHTSUQBZ-UHFFFAOYSA-N,C11H12Br2O2,336.0229999999999,defined_single_substance,resolved,true,qsar,null,"{""identity_verification"":{""cid"":4338264,""method"":""pubchem_cid_direct_structure"",""source"":""PubChem PUG REST"",""screening_envelope"":{""mw"":[30.0,500.0],""heavy_atoms"":[2,36]}},""offline_seed"":""pubchem-registry-20260724-v1""}",verified,1
benzyl [hydroxy-(4-phenylbutyl)phosphinyl] acetate,,Benzyl [hydroxy-(4-phenylbutyl)phosphinyl] acetate,[],[],,13187470,O=C(CP(=O)(O)CCCCc1ccccc1)OCc1ccccc1,"InChI=1S/C19H23O4P/c20-19(23-15-18-12-5-2-6-13-18)16-24(21,22)14-8-7-11-17-9-3-1-4-10-17/h1-6,9-10,12-13H,7-8,11,14-16H2,(H,21,22)",GVDMCYBWLREELG-UHFFFAOYSA-N,C19H23O4P,346.36299999999994,defined_single_substance,resolved,true,qsar,null,"{""identity_verification"":{""cid"":13187470,""method"":""pubchem_cid_direct_structure"",""source"":""PubChem PUG REST"",""screening_envelope"":{""mw"":[30.0,500.0],""heavy_atoms"":[2,36]}},""offline_seed"":""pubchem-registry-20260724-v1""}",verified,1
benzyl alcohol,Benzyl Alcohol,Benzyl Alcohol,[],"[""benzyl alcohol"",""phenylmethanol"",""benzenemethanol"",""100-51-6"",""phenylcarbinol"",""Benzoyl alcohol"",""Benzenecarbinol"",""Hydroxytoluene"",""alpha-Toluenol"",""Phenylmethyl alcohol"",""(Hydroxymethyl)benzene"",""Phenolcarbinol"",""alpha-hydroxytoluene"",""Alcool benzylique"",""Benzal alcohol"",""Methanol, phenyl-"",""benzylic alcohol"",""Benzylicum"",""hydroxymethylbenzene"",""Phenylcarbinolum"",""Ulesfia"",""Alcohol, Benzyl"",""Alcohol bencilico"",""alcoholum benzylicum"",""FEMA No. 2137"",""NCI-C06111"",""Alcool benzilico"",""DTXSID5020152"",""Alcohol,benzyl"",""Alcohol benzylicus"",""NSC-8044"",""LKG8494WBH"",""INS NO.1519"",""INS-1519"",""DTXCID70152"",""CHEBI:17987"",""E-1519"",""hydroxytoluenes"",""Protocoxil"",""phenyl carbinol"",""RefChem:6391"",""Zilactin Early Relief Cold Sore"",""CHEBI:24751"",""202-859-9"",""835-314-4"",""benzylalcohol"",""66072-40-0"",""Euxyl K 100"",""Phenyl-Methanol"",""BENZYL-ALCOHOL"",""Benzylalkohol"",""Bentalol"",""Aromatic alcohol"",""Caswell No. 081F"","".alpha.-Toluenol"",""Benzyl alcohol (natural)"",""Alcool benzilico [DCIT]"",""Itch-X"",""benzenmethanol"","".alpha.-Hydroxytoluene"",""Aromatic primary alcohol"",""Alcool benzylique [INN-French]"",""Benzyl alkohol"",""Alcohol bencilico [INN-Spanish]"",""Methanol benzene"",""Alcoholum benzylicum [INN-Latin]"",""NSC 8044"",""phenylmethan-1-ol"",""EINECS 202-859-9"",""BnOH"",""MFCD00004599"",""Hydroxymethyl resin (100-200 mesh)"",""TOLUENE,ALPHA-HYDROXY"",""4-Hydroxymethylated polystyrene"",""Benzyl alcohol (Benzenemethanol)"",""NCGC00091865-01"",""Phenyl Methanol"",""Benzene-2,3,4,5,6-d5-methan-alpha,alpha-d2-ol"",""MBN"",""CAS-100-51-6"",""HSDB 46"",""Benzyl alcohol CRS"",""Ulesfia (TN)"",""CCRIS 2081"",""Benzyl alcohol [USAN:INN:JAN]"",""UNII-LKG8494WBH"",""EPA Pesticide Chemical Code 009502"",""Hydroxymethyl resin (200-400 mesh)"",""BRN 0878307"",""enzylalcohol"",""phenylmethol"",""Benzalalcohol"",""Benzalcohol"",""Alcoolbenzylique"",""Benzyl?alcoho"",""benzene-methanol"",""Benzyl Alcohole"",""a-Hydroxytoluene"",""a-Toluenol"",""AI3-01680"",""Benzyl alcohol [INN:JAN:NF]"",""Sunmorl BK 20"",""PhCH2OH"",""185532-71-2"",""Bn-OH"",""Benzyl alcohol (Standard)"",""SCHEMBL146"",""SCHEMBL147"",""Benzyl alcohol, ACS grade"",""bmse000407"",""C6H5CH2OH"",""CHEMBL720"",""EC 202-859-9"",""WLN: Q1R"",""BENZYL ALCOHOL [II]"",""BENZYL ALCOHOL [MI]"",""SCHEMBL26071"",""SCHEMBL41215"",""SCHEMBL41216"",""Benzyl alcohol (JP15/NF)"",""BENZYL ALCOHOL [FCC]"",""BENZYL ALCOHOL [INN]"",""BENZYL ALCOHOL [JAN]"",""4-06-00-02222 (Beilstein Handbook Reference)"",""BENZYL ALCOHOL (TECH)"",""BENZYL ALCOHOL [FHFI]"",""BENZYL ALCOHOL [HSDB]"",""BIDD:ER0248"",""SCHEMBL232800"",""SCHEMBL487834"",""ALCOHOL,BENZYL [VANDF]"",""BENZYL ALCOHOL [VANDF]"",""Benzyl alcohol; Benzenemethanol"",""orb1227174"",""orb1310339"",""orb3025867"",""SCHEMBL1235190"",""SCHEMBL1359725"",""SCHEMBL4285823"",""SCHEMBL4626842"",""SCHEMBL8063620"",""SCHEMBL8745123"",""TB 13G"",""BENZYL ALCOHOL [MART.]"",""Benzyl alcohol, LR, >=99%"",""BENZYL ALCOHOL [USP-RS]"",""BENZYL ALCOHOL [WHO-DD]"",""BENZYL ALCOHOL [WHO-IP]"",""BDBM16418"",""HY-B0892R"",""MSK3302"",""NSC8044"",""Benzyl alcohol (JP18/NF/INN)"",""HMS3264B16"",""HMS3885F10"",""HMS5083H19"",""Pharmakon1600-01502555"",""Benzyl alcohol, analytical standard"",""Benzyl alcohol, AR, >=99.5%"",""BIA74095"",""HY-B0892"",""Benzyl alcohol, anhydrous, 99.8%"",""Tox21_111172"",""Tox21_202447"",""Tox21_300044"",""BBL011938"",""BENZYL ALCOHOL [ORANGE BOOK]"",""EBC-26043"",""NSC760098"",""s4600"",""SBB058558"",""BENZYL ALCOHOL [EP MONOGRAPH]"",""Benzyl alcohol, >=99%, FCC, FG"",""AKOS000119907"",""Benzyl alcohol, natural, >=98%, FG"",""CCG-213843"",""DB06770"",""NSC-760098"",""NCGC00091865-02"",""NCGC00091865-03"",""NCGC00091865-04"",""NCGC00254154-01"",""NCGC00259996-01"",""ALCOHOL BENZYLICUS [WHO-IP LATIN]"",""Benzyl alcohol, ACS reagent, >=99.0%"",""Benzyl alcohol, ReagentPlus(R), >=99%"",""Benzyl alcohol, USP, 98.0-100.5%"",""BP-14106"",""DA-61590"",""FH111609"",""FH111704"",""B2378"",""Benzyl alcohol, tested according to Ph.Eur."",""Benzylalcohol 100 microg/mL in Acetonitrile"",""E1519"",""NS00009775"",""ST51028320"",""T0732"",""Benzyl alcohol(Discontinued,See C4X-25271)"",""Benzyl alcohol, p.a., ACS reagent, 99.0%""]",100-51-6,244,OCc1ccccc1,"InChI=1S/C7H8O/c8-6-7-4-2-1-3-5-7/h1-5,8H,6H2",WVDDGKGOMKODPV-UHFFFAOYSA-N,C7H8O,108.14,defined_single_substance,resolved,true,qsar,null,"{""pubchem"":{""cid"":244,""reason_th"":""พบโครงสร้างโมเลกุลเดี่ยวจาก PubChem แต่ต้องยืนยันตัวตนก่อนส่งเข้า QSAR"",""fetched_at"":""2026-07-24T14:43:45.637395+00:00"",""source_url"":""https://pubchem.ncbi.nlm.nih.gov/compound/244"",""reason_code"":""awaiting_verification"",""proposed_qsar_eligible"":true},""last_review"":{""action"":""verify"",""reviewed_at"":""2026-07-24T14:43:45.677236+00:00"",""reviewer_note"":""Catalog seed accepted only after exact canonical structure match with PubChem""},""first_source"":""manual:pubchem_lookup"",""observations"":[{""source"":""manual:pubchem_lookup"",""seen_at"":""2026-07-24T14:43:45.639739+00:00"",""observed_name"":""Benzyl Alcohol"",""ocr_confidence"":null}],""offline_seed"":""pubchem-registry-20260724-v1""}",verified,2
benzyl benzoate,,Benzyl Benzoate,[],[],,2345,O=C(OCc1ccccc1)c1ccccc1,"InChI=1S/C14H12O2/c15-14(13-9-5-2-6-10-13)16-11-12-7-3-1-4-8-12/h1-10H,11H2",SESFRYSPDFLNCH-UHFFFAOYSA-N,C14H12O2,212.248,defined_single_substance,resolved,true,qsar,null,"{""identity_verification"":{""cid"":2345,""method"":""pubchem_cid_direct_structure"",""source"":""PubChem PUG REST"",""screening_envelope"":{""mw"":[30.0,500.0],""heavy_atoms"":[2,36]}},""offline_seed"":""pubchem-registry-20260724-v1""}",verified,1
benzyl bromide,,Benzyl Bromide,[],[],,7498,BrCc1ccccc1,"InChI=1S/C7H7Br/c8-6-7-4-2-1-3-5-7/h1-5H,6H2",AGEZXYOZHKGVCM-UHFFFAOYSA-N,C7H7Br,171.03699999999998,defined_single_substance,resolved,true,qsar,null,"{""identity_verification"":{""cid"":7498,""method"":""pubchem_cid_direct_structure"",""source"":""PubChem PUG REST"",""screening_envelope"":{""mw"":[30.0,500.0],""heavy_atoms"":[2,36]}},""offline_seed"":""pubchem-registry-20260724-v1""}",verified,1
benzyl chloride,,Benzyl Chloride,[],[],,7503,ClCc1ccccc1,"InChI=1S/C7H7Cl/c8-6-7-4-2-1-3-5-7/h1-5H,6H2",KCXMKQUNVWSEMD-UHFFFAOYSA-N,C7H7Cl,126.58599999999998,defined_single_substance,resolved,true,qsar,null,"{""identity_verification"":{""cid"":7503,""method"":""pubchem_cid_direct_structure"",""source"":""PubChem PUG REST"",""screening_envelope"":{""mw"":[30.0,500.0],""heavy_atoms"":[2,36]}},""offline_seed"":""pubchem-registry-20260724-v1""}",verified,1
benzyl chloroformate,,Benzyl chloroformate,[],[],,10387,O=C(Cl)OCc1ccccc1,"InChI=1S/C8H7ClO2/c9-8(10)11-6-7-4-2-1-3-5-7/h1-5H,6H2",HSDAJNMJOMSNEV-UHFFFAOYSA-N,C8H7ClO2,170.59499999999997,defined_single_substance,resolved,true,qsar,null,"{""identity_verification"":{""cid"":10387,""method"":""pubchem_cid_direct_structure"",""source"":""PubChem PUG REST"",""screening_envelope"":{""mw"":[30.0,500.0],""heavy_atoms"":[2,36]}},""offline_seed"":""pubchem-registry-20260724-v1""}",verified,1
beta-propiolactone,,Beta-Propiolactone,[],[],,2365,O=C1CCO1,InChI=1S/C3H4O2/c4-3-1-2-5-3/h1-2H2,VEZXCJBBBCKRPI-UHFFFAOYSA-N,C3H4O2,72.06299999999999,defined_single_substance,resolved,true,qsar,null,"{""identity_verification"":{""cid"":2365,""method"":""pubchem_cid_direct_structure"",""source"":""PubChem PUG REST"",""screening_envelope"":{""mw"":[30.0,500.0],""heavy_atoms"":[2,36]}},""offline_seed"":""pubchem-registry-20260724-v1""}",verified,1
betaine,Betaine,Betaine,[],"[""betaine"",""107-43-7"",""glycine betaine"",""oxyneurine"",""Trimethylglycine"",""lycine"",""Abromine"",""Trimethylglycocoll"",""Glycocoll betaine"",""Glycylbetaine"",""Rubrine C"",""2-(trimethylazaniumyl)acetate"",""(Trimethylammonio)acetate"",""2-(Trimethylammonio)Acetate"",""Jortaine"",""BETAINE, ANHYDROUS"",""Betaine anhydrous"",""trimethylammonioacetate"",""N,N,N-trimethylglycine"",""Trimethylaminoacetic acid"",""Glycine, trimethylbetaine"",""Loramine AMB 13"",""Methanaminium, 1-carboxy-N,N,N-trimethyl-, inner salt"",""Trimethylaminoacetate"",""Acidol"",""Glykokollbetain"",""N,N,N-trimethylammonioacetate"",""DTXSID8022666"",""(Carboxymethyl)trimethylammonium hydroxide, inner salt"",""3SCV180C9W"",""CHEBI:17750"",""2-N,N,N-trimethylammonio acetate"",""NSC-166511"",""DTXCID602666"",""FEMA NO. 4223"",""NSC166511"",""Acidin Pepsin"",""AcidinPepsin"",""Betaine, Glycine"",""Stea16"",""ATONO2 Oxygen Baby"",""RefChem:5604"",""Dr.Jucre Rebirth Activating Toner"",""Betaine Anhydrous For Oral Solution"",""Anbiser B-HA HYALURONIC ACID SKIN HYDRATION ESSENCE"",""203-490-6"",""1,2-HEXANEDIOL; BETAINE; CAPRYLYL GLYCOL; GLYCERIN; HYALURONATE SODIUM; N-ACETYLGLUCOSAMINE; OAT; PROPYLENE GLYCOL; SKYRIN; SORBITOL"",""Trimethyl Glycine"",""alpha-Earleine"",""acidin-pepsin"",""Cystadane"",""Methanaminium, 1-carboxy-N,N,N-trimethyl-, hydroxide, inner salt"",""Glykokollbetain [German]"",""MFCD00012123"",""AI3-24187"",""AI3-52598"",""Betafin"",""BRN 3537113"",""GLYCINEBETAINE"",""2-(Trimethylammonio)ethanoic acid, hydroxide, inner salt"",""2-(trimethylamino)acetic acid"",""1-Carboxy-N,N,N-trimethylmethanaminium hydroxide, inner salt"",""Aminocoat"",""Betaine (JAN)"",""Greenstim"",""FinnStim"",""Betafin BP"",""Betafin BCR"","".alpha.-Earleine"",""(Carboxymethyl)trimethylammonium inner salt"",""BETAINE [JAN]"",""(Carboxymethyl)trimethylammonium hydroxide inner salt"",""Novobetaine"",""Hepastyl"",""1-Carboxy-N,N,N-trimethylmethanaminium inner salt"",""CAS-107-43-7"",""HSDB 7467"",""2-trimethylammonioacetate"",""NCGC00015150-03"",""EINECS 203-490-6"",""trimethylglycocoll anhydride"",""NSC 166511"",""UNII-3SCV180C9W"",""Betaineanhydrous"","".beta.ine"",""3mam"",""3ppp"",""Cystadane (TN)"",""N-TRIMETHYLGLYCINE HYDROXIDE"",""Betaine (Betaina)"",""Betaine (8CI)"",""Aquadew AN 100"",""3l6h"",""BETAINE [VANDF]"",""BETAINE [FHFI]"",""BETAINE [HSDB]"",""BETAINE [FCC]"",""BETAINE [MI]"",""BET"",""BETAINE [MART.]"",""BETAINE [USP-RS]"",""BETAINE [WHO-DD]"",""(Trimethylazaniumyl)acetate"",""bmse000069"",""bmse000948"",""bmse000997"",""(trimethylammoniumyl)acetate"",""EC 203-490-6"",""SCHEMBL7739"",""CHEMBL1182"",""4-04-00-02369 (Beilstein Handbook Reference)"",""BETAINE [ORANGE BOOK]"",""(Carboxymethyl)trimethylammonium"",""GTPL4550"",""orb1227031"",""orb1304389"",""orb3140686"",""HMS5082E09"",""HY-B0710"",""Tox21_113511"",""Tox21_301159"",""BDBM50103520"",""BETAINE ANHYDROUS [EMA EPAR]"",""EBC-26047"",""SBB060872"",""STK372904"",""AKOS005206774"",""CCG-266068"",""DB06756"",""FB37571"",""MSK000068-100A"",""SDCCGMLS-0066923.P001"",""MSK000068-1000A"",""NCGC00178605-01"",""NCGC00178605-02"",""NCGC00178605-03"",""NCGC00178605-08"",""NCGC00255057-01"",""AS-12941"",""SY011295"",""Methanaminium, 1-carboxy-N,N,N-trimethyl-"",""B0455"",""Betaine Solution in Acetonitrile, 100ug/mL"",""NS00002774"",""ST51046970"",""T3243"",""WLN: QV1K1 & 1 & 1 & Q"",""Betaine Solution in Acetonitrile, 1000ug/mL"",""C00719"",""D07523"",""EN300-301715"",""AB00053634_03"",""F462676"",""methanaminium, carboxy-N,N,N-trimethyl-, inner salt"",""Methanaminium,N,N-trimethyl-, hydroxide, inner salt"",""(Carboxymethyl)trimethylammonium inner salt Oxyneurine"",""Q10860583"",""Z2289798098"",""Methanaminium, 1-carboxy-N,N,N-trimethyl-, inner salt (9CI)""]",107-43-7,247,C[N+](C)(C)CC(=O)[O-],"InChI=1S/C5H11NO2/c1-6(2,3)4-5(7)8/h4H2,1-3H3",KWIUHFFTVRNATP-UHFFFAOYSA-N,C5H11NO2,117.15,defined_single_substance,resolved,true,qsar,null,"{""pubchem"":{""cid"":247,""reason_th"":""พบโครงสร้างโมเลกุลเดี่ยวจาก PubChem แต่ต้องยืนยันตัวตนก่อนส่งเข้า QSAR"",""fetched_at"":""2026-07-24T14:44:11.717191+00:00"",""source_url"":""https://pubchem.ncbi.nlm.nih.gov/compound/247"",""reason_code"":""awaiting_verification"",""proposed_qsar_eligible"":true},""last_review"":{""action"":""verify"",""reviewed_at"":""2026-07-24T14:44:11.740411+00:00"",""reviewer_note"":""Catalog seed accepted only after exact canonical structure match with PubChem""},""first_source"":""manual:pubchem_lookup"",""observations"":[{""source"":""manual:pubchem_lookup"",""seen_at"":""2026-07-24T14:44:11.720778+00:00"",""observed_name"":""Betaine"",""ocr_confidence"":null}],""offline_seed"":""pubchem-registry-20260724-v1""}",verified,2
bifenazate,,Bifenazate,[],[],,176879,COc1ccc(-c2ccccc2)cc1NNC(=O)OC(C)C,"InChI=1S/C17H20N2O3/c1-12(2)22-17(20)19-18-15-11-14(9-10-16(15)21-3)13-7-5-4-6-8-13/h4-12,18H,1-3H3,(H,19,20)",VHLKTXFWDRXILV-UHFFFAOYSA-N,C17H20N2O3,300.35800000000006,defined_single_substance,resolved,true,qsar,null,"{""identity_verification"":{""cid"":176879,""method"":""pubchem_cid_direct_structure"",""source"":""PubChem PUG REST"",""screening_envelope"":{""mw"":[30.0,500.0],""heavy_atoms"":[2,36]}},""offline_seed"":""pubchem-registry-20260724-v1""}",verified,1
bifenthrin,,Bifenthrin,[],[],,6442842,Cc1c(COC(=O)[C@@H]2[C@H](/C=C(\Cl)C(F)(F)F)C2(C)C)cccc1-c1ccccc1,"InChI=1S/C23H22ClF3O2/c1-14-16(10-7-11-17(14)15-8-5-4-6-9-15)13-29-21(28)20-18(22(20,2)3)12-19(24)23(25,26)27/h4-12,18,20H,13H2,1-3H3/b19-12-/t18-,20-/m0/s1",OMFRMAHOUUJSGP-IRHGGOMRSA-N,C23H22ClF3O2,422.874,defined_single_substance,resolved,true,qsar,null,"{""identity_verification"":{""cid"":6442842,""method"":""pubchem_cid_direct_structure"",""source"":""PubChem PUG REST"",""screening_envelope"":{""mw"":[30.0,500.0],""heavy_atoms"":[2,36]}},""offline_seed"":""pubchem-registry-20260724-v1""}",verified,1
binapacryl,,Binapacryl,[],[],,10234,CCC(C)c1cc([N+](=O)[O-])cc([N+](=O)[O-])c1OC(=O)C=C(C)C,"InChI=1S/C15H18N2O6/c1-5-10(4)12-7-11(16(19)20)8-13(17(21)22)15(12)23-14(18)6-9(2)3/h6-8,10H,5H2,1-4H3",ZRDUSMYWDRPZRM-UHFFFAOYSA-N,C15H18N2O6,322.31700000000006,defined_single_substance,resolved,true,qsar,null,"{""identity_verification"":{""cid"":10234,""method"":""pubchem_cid_direct_structure"",""source"":""PubChem PUG REST"",""screening_envelope"":{""mw"":[30.0,500.0],""heavy_atoms"":[2,36]}},""offline_seed"":""pubchem-registry-20260724-v1""}",verified,1
biphenyl,,Biphenyl,[],[],,7095,c1ccc(-c2ccccc2)cc1,InChI=1S/C12H10/c1-3-7-11(8-4-1)12-9-5-2-6-10-12/h1-10H,ZUOUZKKEUPVFJK-UHFFFAOYSA-N,C12H10,154.21199999999996,defined_single_substance,resolved,true,qsar,null,"{""identity_verification"":{""cid"":7095,""method"":""pubchem_cid_direct_structure"",""source"":""PubChem PUG REST"",""screening_envelope"":{""mw"":[30.0,500.0],""heavy_atoms"":[2,36]}},""offline_seed"":""pubchem-registry-20260724-v1""}",verified,1
"bis(2,2,6,6-tetramethyl-4-piperidyl) succinate",,"Bis(2,2,6,6-tetramethyl-4-piperidyl) succinate",[],[],,93340,CC1(C)CC(OC(=O)CCC(=O)OC2CC(C)(C)NC(C)(C)C2)CC(C)(C)N1,"InChI=1S/C22H40N2O4/c1-19(2)11-15(12-20(3,4)23-19)27-17(25)9-10-18(26)28-16-13-21(5,6)24-22(7,8)14-16/h15-16,23-24H,9-14H2,1-8H3",GOJOVSYIGHASEI-UHFFFAOYSA-N,C22H40N2O4,396.5720000000002,defined_single_substance,resolved,true,qsar,null,"{""identity_verification"":{""cid"":93340,""method"":""pubchem_cid_direct_structure"",""source"":""PubChem PUG REST"",""screening_envelope"":{""mw"":[30.0,500.0],""heavy_atoms"":[2,36]}},""offline_seed"":""pubchem-registry-20260724-v1""}",verified,1
"bis(2,4,4-trimethylpentyl)dithiophosphinic acid",,"Bis(2,4,4-trimethylpentyl)dithiophosphinic acid",[],[],,163778,CC(CC(C)(C)C)CP(=S)(S)CC(C)CC(C)(C)C,"InChI=1S/C16H35PS2/c1-13(9-15(3,4)5)11-17(18,19)12-14(2)10-16(6,7)8/h13-14H,9-12H2,1-8H3,(H,18,19)",YOCZZJWFWDUAAR-UHFFFAOYSA-N,C16H35PS2,322.564,defined_single_substance,resolved,true,qsar,null,"{""identity_verification"":{""cid"":163778,""method"":""pubchem_cid_direct_structure"",""source"":""PubChem PUG REST"",""screening_envelope"":{""mw"":[30.0,500.0],""heavy_atoms"":[2,36]}},""offline_seed"":""pubchem-registry-20260724-v1""}",verified,1
"bis(2,6-dimethoxybenzoyl)-2,4,4-trimethylpentylphosphinoxide",,"Bis(2,6-dimethoxybenzoyl)-2,4,4-trimethylpentylphosphinoxide",[],[],,164459,COc1cccc(OC)c1C(=O)P(=O)(CC(C)CC(C)(C)C)C(=O)c1c(OC)cccc1OC,"InChI=1S/C26H35O7P/c1-17(15-26(2,3)4)16-34(29,24(27)22-18(30-5)11-9-12-19(22)31-6)25(28)23-20(32-7)13-10-14-21(23)33-8/h9-14,17H,15-16H2,1-8H3",LFOXEOLGJPJZAA-UHFFFAOYSA-N,C26H35O7P,490.5330000000003,defined_single_substance,resolved,true,qsar,null,"{""identity_verification"":{""cid"":164459,""method"":""pubchem_cid_direct_structure"",""source"":""PubChem PUG REST"",""screening_envelope"":{""mw"":[30.0,500.0],""heavy_atoms"":[2,36]}},""offline_seed"":""pubchem-registry-20260724-v1""}",verified,1
bis(2-chloroethyl) ether,,Bis(2-chloroethyl) ether,[],[],,8115,ClCCOCCCl,InChI=1S/C4H8Cl2O/c5-1-3-7-4-2-6/h1-4H2,ZNSMNVMLTJELDZ-UHFFFAOYSA-N,C4H8Cl2O,143.013,defined_single_substance,resolved,true,qsar,null,"{""identity_verification"":{""cid"":8115,""method"":""pubchem_cid_direct_structure"",""source"":""PubChem PUG REST"",""screening_envelope"":{""mw"":[30.0,500.0],""heavy_atoms"":[2,36]}},""offline_seed"":""pubchem-registry-20260724-v1""}",verified,1
"bis(2-ethylhexyl)-4,5-epoxycyclohexane-1,2-dicarboxylate",,"Bis(2-ethylhexyl)-4,5-epoxycyclohexane-1,2-dicarboxylate",[],[],,202332,CCCCC(CC)COC(=O)C1CC2OC2CC1C(=O)OCC(CC)CCCC,"InChI=1S/C24H42O5/c1-5-9-11-17(7-3)15-27-23(25)19-13-21-22(29-21)14-20(19)24(26)28-16-18(8-4)12-10-6-2/h17-22H,5-16H2,1-4H3",RRDGKBOYQLLJSW-UHFFFAOYSA-N,C24H42O5,410.5950000000003,defined_single_substance,resolved,true,qsar,null,"{""identity_verification"":{""cid"":202332,""method"":""pubchem_cid_direct_structure"",""source"":""PubChem PUG REST"",""screening_envelope"":{""mw"":[30.0,500.0],""heavy_atoms"":[2,36]}},""offline_seed"":""pubchem-registry-20260724-v1""}",verified,1
bis(4-hydroxyphenyl)methane,,Bis(4-hydroxyphenyl)methane,[],[],,12111,Oc1ccc(Cc2ccc(O)cc2)cc1,"InChI=1S/C13H12O2/c14-12-5-1-10(2-6-12)9-11-3-7-13(15)8-4-11/h1-8,14-15H,9H2",PXKLMJQFEQBVLD-UHFFFAOYSA-N,C13H12O2,200.237,defined_single_substance,resolved,true,qsar,null,"{""identity_verification"":{""cid"":12111,""method"":""pubchem_cid_direct_structure"",""source"":""PubChem PUG REST"",""screening_envelope"":{""mw"":[30.0,500.0],""heavy_atoms"":[2,36]}},""offline_seed"":""pubchem-registry-20260724-v1""}",verified,1
bis(chloromethyl) ether,,Bis(Chloromethyl) Ether,[],[],,10967,ClCOCCl,InChI=1S/C2H4Cl2O/c3-1-5-2-4/h1-2H2,HRQGCQVOJVTVLU-UHFFFAOYSA-N,C2H4Cl2O,114.959,defined_single_substance,resolved,true,qsar,null,"{""identity_verification"":{""cid"":10967,""method"":""pubchem_cid_direct_structure"",""source"":""PubChem PUG REST"",""screening_envelope"":{""mw"":[30.0,500.0],""heavy_atoms"":[2,36]}},""offline_seed"":""pubchem-registry-20260724-v1""}",verified,1
bis(trimethoxysilylpropyl)amine,,Bis(trimethoxysilylpropyl)amine,[],[],,157882,CO[Si](CCCNCCC[Si](OC)(OC)OC)(OC)OC,"InChI=1S/C12H31NO6Si2/c1-14-20(15-2,16-3)11-7-9-13-10-8-12-21(17-4,18-5)19-6/h13H,7-12H2,1-6H3",TZZGHGKTHXIOMN-UHFFFAOYSA-N,C12H31NO6Si2,341.5530000000001,defined_single_substance,resolved,true,qsar,null,"{""identity_verification"":{""cid"":157882,""method"":""pubchem_cid_direct_structure"",""source"":""PubChem PUG REST"",""screening_envelope"":{""mw"":[30.0,500.0],""heavy_atoms"":[2,36]}},""offline_seed"":""pubchem-registry-20260724-v1""}",verified,1
bis-trimethylbenzoyl phenylphosphine oxide,,Bis-trimethylbenzoyl phenylphosphine oxide,[],[],,164512,Cc1cc(C)c(C(=O)P(=O)(C(=O)c2c(C)cc(C)cc2C)c2ccccc2)c(C)c1,"InChI=1S/C26H27O3P/c1-16-12-18(3)23(19(4)13-16)25(27)30(29,22-10-8-7-9-11-22)26(28)24-20(5)14-17(2)15-21(24)6/h7-15H,1-6H3",GUCYFKSBFREPBC-UHFFFAOYSA-N,C26H27O3P,418.47300000000024,defined_single_substance,resolved,true,qsar,null,"{""identity_verification"":{""cid"":164512,""method"":""pubchem_cid_direct_structure"",""source"":""PubChem PUG REST"",""screening_envelope"":{""mw"":[30.0,500.0],""heavy_atoms"":[2,36]}},""offline_seed"":""pubchem-registry-20260724-v1""}",verified,1
"bis[4-(ethenyloxy)butyl]-1,3-benzenedicarboxylate",,"Bis[4-(ethenyloxy)butyl]-1,3-benzenedicarboxylate",[],[],,86390,C=COCCCCOC(=O)c1cccc(C(=O)OCCCCOC=C)c1,"InChI=1S/C20H26O6/c1-3-23-12-5-7-14-25-19(21)17-10-9-11-18(16-17)20(22)26-15-8-6-13-24-4-2/h3-4,9-11,16H,1-2,5-8,12-15H2",KZYBDOUJLUPBEH-UHFFFAOYSA-N,C20H26O6,362.42200000000025,defined_single_substance,resolved,true,qsar,null,"{""identity_verification"":{""cid"":86390,""method"":""pubchem_cid_direct_structure"",""source"":""PubChem PUG REST"",""screening_envelope"":{""mw"":[30.0,500.0],""heavy_atoms"":[2,36]}},""offline_seed"":""pubchem-registry-20260724-v1""}",verified,1
bisoprolol,,Bisoprolol,[],[],,2405,CC(C)NCC(O)COc1ccc(COCCOC(C)C)cc1,"InChI=1S/C18H31NO4/c1-14(2)19-11-17(20)13-23-18-7-5-16(6-8-18)12-21-9-10-22-15(3)4/h5-8,14-15,17,19-20H,9-13H2,1-4H3",VHYCDWMUTMEGQY-UHFFFAOYSA-N,C18H31NO4,325.449,defined_single_substance,resolved,true,qsar,null,"{""identity_verification"":{""cid"":2405,""method"":""pubchem_cid_direct_structure"",""source"":""PubChem PUG REST"",""screening_envelope"":{""mw"":[30.0,500.0],""heavy_atoms"":[2,36]}},""offline_seed"":""pubchem-registry-20260724-v1""}",verified,1
bisphenol a,,Bisphenol A,[],[],,6623,CC(C)(c1ccc(O)cc1)c1ccc(O)cc1,"InChI=1S/C15H16O2/c1-15(2,11-3-7-13(16)8-4-11)12-5-9-14(17)10-6-12/h3-10,16-17H,1-2H3",IISBACLAFKSPIT-UHFFFAOYSA-N,C15H16O2,228.291,defined_single_substance,resolved,true,qsar,null,"{""identity_verification"":{""cid"":6623,""method"":""pubchem_cid_direct_structure"",""source"":""PubChem PUG REST"",""screening_envelope"":{""mw"":[30.0,500.0],""heavy_atoms"":[2,36]}},""offline_seed"":""pubchem-registry-20260724-v1""}",verified,1
bisphenol a diglycidyl ether,,Bisphenol A diglycidyl ether,[],[],,2286,CC(C)(c1ccc(OCC2CO2)cc1)c1ccc(OCC2CO2)cc1,"InChI=1S/C21H24O4/c1-21(2,15-3-7-17(8-4-15)22-11-19-13-24-19)16-5-9-18(10-6-16)23-12-20-14-25-20/h3-10,19-20H,11-14H2,1-2H3",LCFVJGUPQDGYKZ-UHFFFAOYSA-N,C21H24O4,340.4190000000001,defined_single_substance,resolved,true,qsar,null,"{""identity_verification"":{""cid"":2286,""method"":""pubchem_cid_direct_structure"",""source"":""PubChem PUG REST"",""screening_envelope"":{""mw"":[30.0,500.0],""heavy_atoms"":[2,36]}},""offline_seed"":""pubchem-registry-20260724-v1""}",verified,1
blasticidin s,,Blasticidin S,[],[],,170012,CN(CC[C@H](N)CC(=O)N[C@H]1C=C[C@H](n2ccc(N)nc2=O)O[C@@H]1C(=O)O)C(=N)N,"InChI=1S/C17H26N8O5/c1-24(16(20)21)6-4-9(18)8-12(26)22-10-2-3-13(30-14(10)15(27)28)25-7-5-11(19)23-17(25)29/h2-3,5,7,9-10,13-14H,4,6,8,18H2,1H3,(H3,20,21)(H,22,26)(H,27,28)(H2,19,23,29)/t9-,10-,13+,14-/m0/s1",CXNPLSGKWMLZPZ-ZNIXKSQXSA-N,C17H26N8O5,422.4460000000002,defined_single_substance,resolved,true,qsar,null,"{""identity_verification"":{""cid"":170012,""method"":""pubchem_cid_direct_structure"",""source"":""PubChem PUG REST"",""screening_envelope"":{""mw"":[30.0,500.0],""heavy_atoms"":[2,36]}},""offline_seed"":""pubchem-registry-20260724-v1""}",verified,1
boron trichloride,,Boron Trichloride,[],[],,25135,ClB(Cl)Cl,InChI=1S/BCl3/c2-1(3)4,FAQYAMRNWDIXMY-UHFFFAOYSA-N,BCl3,117.171,defined_single_substance,resolved,true,qsar,null,"{""identity_verification"":{""cid"":25135,""method"":""pubchem_cid_direct_structure"",""source"":""PubChem PUG REST"",""screening_envelope"":{""mw"":[30.0,500.0],""heavy_atoms"":[2,36]}},""offline_seed"":""pubchem-registry-20260724-v1""}",verified,1
bromoacetic acid,,Bromoacetic Acid,[],[],,6227,O=C(O)CBr,"InChI=1S/C2H3BrO2/c3-1-2(4)5/h1H2,(H,4,5)",KDPAWGWELVVRCH-UHFFFAOYSA-N,C2H3BrO2,138.948,defined_single_substance,resolved,true,qsar,null,"{""identity_verification"":{""cid"":6227,""method"":""pubchem_cid_direct_structure"",""source"":""PubChem PUG REST"",""screening_envelope"":{""mw"":[30.0,500.0],""heavy_atoms"":[2,36]}},""offline_seed"":""pubchem-registry-20260724-v1""}",verified,1
bromobenzene,,Bromobenzene,[],[],,7961,Brc1ccccc1,InChI=1S/C6H5Br/c7-6-4-2-1-3-5-6/h1-5H,QARVLSVVCXYDNA-UHFFFAOYSA-N,C6H5Br,157.01,defined_single_substance,resolved,true,qsar,null,"{""identity_verification"":{""cid"":7961,""method"":""pubchem_cid_direct_structure"",""source"":""PubChem PUG REST"",""screening_envelope"":{""mw"":[30.0,500.0],""heavy_atoms"":[2,36]}},""offline_seed"":""pubchem-registry-20260724-v1""}",verified,1
bromochloromethane,,Bromochloromethane,[],[],,6333,ClCBr,InChI=1S/CH2BrCl/c2-1-3/h1H2,JPOXNPPZZKNXOV-UHFFFAOYSA-N,CH2BrCl,129.38400000000001,defined_single_substance,resolved,true,qsar,null,"{""identity_verification"":{""cid"":6333,""method"":""pubchem_cid_direct_structure"",""source"":""PubChem PUG REST"",""screening_envelope"":{""mw"":[30.0,500.0],""heavy_atoms"":[2,36]}},""offline_seed"":""pubchem-registry-20260724-v1""}",verified,1
bromofenoxim,,Bromofenoxim,[],[],,86287521,O=[N+]([O-])c1ccc(O/N=C/c2cc(Br)c(O)c(Br)c2)c([N+](=O)[O-])c1,"InChI=1S/C13H7Br2N3O6/c14-9-3-7(4-10(15)13(9)19)6-16-24-12-2-1-8(17(20)21)5-11(12)18(22)23/h1-6,19H/b16-6+",XTFNPKDYCLFGPV-OMCISZLKSA-N,C13H7Br2N3O6,461.022,defined_single_substance,resolved,true,qsar,null,"{""identity_verification"":{""cid"":86287521,""method"":""pubchem_cid_direct_structure"",""source"":""PubChem PUG REST"",""screening_envelope"":{""mw"":[30.0,500.0],""heavy_atoms"":[2,36]}},""offline_seed"":""pubchem-registry-20260724-v1""}",verified,1
bromoform,,Bromoform,[],[],,5558,BrC(Br)Br,InChI=1S/CHBr3/c2-1(3)4/h1H,DIKBFYAXUHHXCS-UHFFFAOYSA-N,CHBr3,252.731,defined_single_substance,resolved,true,qsar,null,"{""identity_verification"":{""cid"":5558,""method"":""pubchem_cid_direct_structure"",""source"":""PubChem PUG REST"",""screening_envelope"":{""mw"":[30.0,500.0],""heavy_atoms"":[2,36]}},""offline_seed"":""pubchem-registry-20260724-v1""}",verified,1
bromophos,,Bromophos,[],[],,16422,COP(=S)(OC)Oc1cc(Cl)c(Br)cc1Cl,"InChI=1S/C8H8BrCl2O3PS/c1-12-15(16,13-2)14-8-4-6(10)5(9)3-7(8)11/h3-4H,1-2H3",NYQDCVLCJXRDSK-UHFFFAOYSA-N,C8H8BrCl2O3PS,366.0,defined_single_substance,resolved,true,qsar,null,"{""identity_verification"":{""cid"":16422,""method"":""pubchem_cid_direct_structure"",""source"":""PubChem PUG REST"",""screening_envelope"":{""mw"":[30.0,500.0],""heavy_atoms"":[2,36]}},""offline_seed"":""pubchem-registry-20260724-v1""}",verified,1
bromophos-ethyl,,Bromophos-ethyl,[],[],,20965,CCOP(=S)(OCC)Oc1cc(Cl)c(Br)cc1Cl,"InChI=1S/C10H12BrCl2O3PS/c1-3-14-17(18,15-4-2)16-10-6-8(12)7(11)5-9(10)13/h5-6H,3-4H2,1-2H3",KWGUFOITWDSNQY-UHFFFAOYSA-N,C10H12BrCl2O3PS,394.054,defined_single_substance,resolved,true,qsar,null,"{""identity_verification"":{""cid"":20965,""method"":""pubchem_cid_direct_structure"",""source"":""PubChem PUG REST"",""screening_envelope"":{""mw"":[30.0,500.0],""heavy_atoms"":[2,36]}},""offline_seed"":""pubchem-registry-20260724-v1""}",verified,1
bromoxynil,,Bromoxynil,[],[],,15531,N#Cc1cc(Br)c(O)c(Br)c1,"InChI=1S/C7H3Br2NO/c8-5-1-4(3-10)2-6(9)7(5)11/h1-2,11H",UPMXNNIRAGDFEH-UHFFFAOYSA-N,C7H3Br2NO,276.915,defined_single_substance,resolved,true,qsar,null,"{""identity_verification"":{""cid"":15531,""method"":""pubchem_cid_direct_structure"",""source"":""PubChem PUG REST"",""screening_envelope"":{""mw"":[30.0,500.0],""heavy_atoms"":[2,36]}},""offline_seed"":""pubchem-registry-20260724-v1""}",verified,1
bromoxynil heptanoate,,Bromoxynil heptanoate,[],[],,62119,CCCCCCC(=O)Oc1c(Br)cc(C#N)cc1Br,"InChI=1S/C14H15Br2NO2/c1-2-3-4-5-6-13(18)19-14-11(15)7-10(9-17)8-12(14)16/h7-8H,2-6H2,1H3",BHZWBQPHPLFZSV-UHFFFAOYSA-N,C14H15Br2NO2,389.087,defined_single_substance,resolved,true,qsar,null,"{""identity_verification"":{""cid"":62119,""method"":""pubchem_cid_direct_structure"",""source"":""PubChem PUG REST"",""screening_envelope"":{""mw"":[30.0,500.0],""heavy_atoms"":[2,36]}},""offline_seed"":""pubchem-registry-20260724-v1""}",verified,1
bromoxynil octanoate,,Bromoxynil octanoate,[],[],,15533,CCCCCCCC(=O)Oc1c(Br)cc(C#N)cc1Br,"InChI=1S/C15H17Br2NO2/c1-2-3-4-5-6-7-14(19)20-15-12(16)8-11(10-18)9-13(15)17/h8-9H,2-7H2,1H3",DQKWXTIYGWPGOO-UHFFFAOYSA-N,C15H17Br2NO2,403.11400000000003,defined_single_substance,resolved,true,qsar,null,"{""identity_verification"":{""cid"":15533,""method"":""pubchem_cid_direct_structure"",""source"":""PubChem PUG REST"",""screening_envelope"":{""mw"":[30.0,500.0],""heavy_atoms"":[2,36]}},""offline_seed"":""pubchem-registry-20260724-v1""}",verified,1
bronopol,,Bronopol,[],[],,2450,O=[N+]([O-])C(Br)(CO)CO,"InChI=1S/C3H6BrNO4/c4-3(1-6,2-7)5(8)9/h6-7H,1-2H2",LVDKZNITIUWNER-UHFFFAOYSA-N,C3H6BrNO4,199.988,defined_single_substance,resolved,true,qsar,null,"{""identity_verification"":{""cid"":2450,""method"":""pubchem_cid_direct_structure"",""source"":""PubChem PUG REST"",""screening_envelope"":{""mw"":[30.0,500.0],""heavy_atoms"":[2,36]}},""offline_seed"":""pubchem-registry-20260724-v1""}",verified,1
bupropion,,Bupropion,[],[],,444,CC(NC(C)(C)C)C(=O)c1cccc(Cl)c1,"InChI=1S/C13H18ClNO/c1-9(15-13(2,3)4)12(16)10-6-5-7-11(14)8-10/h5-9,15H,1-4H3",SNPPWIUOZRMYNY-UHFFFAOYSA-N,C13H18ClNO,239.74599999999998,defined_single_substance,resolved,true,qsar,null,"{""identity_verification"":{""cid"":444,""method"":""pubchem_cid_direct_structure"",""source"":""PubChem PUG REST"",""screening_envelope"":{""mw"":[30.0,500.0],""heavy_atoms"":[2,36]}},""offline_seed"":""pubchem-registry-20260724-v1""}",verified,1
"butanedioic acid, 2-(dodecen-1-yl)-, mono(2-methylpropyl) ester",,"Butanedioic acid, 2-(dodecen-1-yl)-, mono(2-methylpropyl) ester",[],[],,6436451,CCCCC/C=C/CCCCCC(CC(=O)OCC(C)C)C(=O)O,"InChI=1S/C20H36O4/c1-4-5-6-7-8-9-10-11-12-13-14-18(20(22)23)15-19(21)24-16-17(2)3/h8-9,17-18H,4-7,10-16H2,1-3H3,(H,22,23)/b9-8+",CTQNIJLFRBJWKZ-CMDGGOBGSA-N,C20H36O4,340.504,defined_single_substance,resolved,true,qsar,null,"{""identity_verification"":{""cid"":6436451,""method"":""pubchem_cid_direct_structure"",""source"":""PubChem PUG REST"",""screening_envelope"":{""mw"":[30.0,500.0],""heavy_atoms"":[2,36]}},""offline_seed"":""pubchem-registry-20260724-v1""}",verified,1
"butanedioic acid, 2-[(6-oxido-6h-dibenz[c,e][1,2]oxaphosphorin-6-yl)methyl]-",,"Butanedioic acid, 2-[(6-oxido-6H-dibenz[c,e][1,2]oxaphosphorin-6-yl)methyl]-",[],[],,6454648,O=C(O)CC(CP1(=O)Oc2ccccc2-c2ccccc21)C(=O)O,"InChI=1S/C17H15O6P/c18-16(19)9-11(17(20)21)10-24(22)15-8-4-2-6-13(15)12-5-1-3-7-14(12)23-24/h1-8,11H,9-10H2,(H,18,19)(H,20,21)",XZAXQWXHBDKYJI-UHFFFAOYSA-N,C17H15O6P,346.27500000000003,defined_single_substance,resolved,true,qsar,null,"{""identity_verification"":{""cid"":6454648,""method"":""pubchem_cid_direct_structure"",""source"":""PubChem PUG REST"",""screening_envelope"":{""mw"":[30.0,500.0],""heavy_atoms"":[2,36]}},""offline_seed"":""pubchem-registry-20260724-v1""}",verified,1
"butanedioic acid, hydroxy-, dimethyl ester, (2s)-",,"Butanedioic acid, hydroxy-, dimethyl ester, (2S)-",[],[],,10285815,COC(=O)C[C@H](O)C(=O)OC,"InChI=1S/C6H10O5/c1-10-5(8)3-4(7)6(9)11-2/h4,7H,3H2,1-2H3/t4-/m0/s1",YSEKNCXYRGKTBJ-BYPYZUCNSA-N,C6H10O5,162.141,defined_single_substance,resolved,true,qsar,null,"{""identity_verification"":{""cid"":10285815,""method"":""pubchem_cid_direct_structure"",""source"":""PubChem PUG REST"",""screening_envelope"":{""mw"":[30.0,500.0],""heavy_atoms"":[2,36]}},""offline_seed"":""pubchem-registry-20260724-v1""}",verified,1
butanediol diacrylate,,Butanediol diacrylate,[],[],,70613,C=CC(=O)OCCCCOC(=O)C=C,"InChI=1S/C10H14O4/c1-3-9(11)13-7-5-6-8-14-10(12)4-2/h3-4H,1-2,5-8H2",JHWGFJBTMHEZME-UHFFFAOYSA-N,C10H14O4,198.218,defined_single_substance,resolved,true,qsar,null,"{""identity_verification"":{""cid"":70613,""method"":""pubchem_cid_direct_structure"",""source"":""PubChem PUG REST"",""screening_envelope"":{""mw"":[30.0,500.0],""heavy_atoms"":[2,36]}},""offline_seed"":""pubchem-registry-20260724-v1""}",verified,1
butanedione,,Butanedione,[],[],,650,CC(=O)C(C)=O,InChI=1S/C4H6O2/c1-3(5)4(2)6/h1-2H3,QSJXEFYPDANLFS-UHFFFAOYSA-N,C4H6O2,86.08999999999999,defined_single_substance,resolved,true,qsar,null,"{""identity_verification"":{""cid"":650,""method"":""pubchem_cid_direct_structure"",""source"":""PubChem PUG REST"",""screening_envelope"":{""mw"":[30.0,500.0],""heavy_atoms"":[2,36]}},""offline_seed"":""pubchem-registry-20260724-v1""}",verified,1
butedronic acid,,Butedronic Acid,[],[],,189891,O=C(O)CC(C(=O)O)C(P(=O)(O)O)P(=O)(O)O,"InChI=1S/C5H10O10P2/c6-3(7)1-2(4(8)9)5(16(10,11)12)17(13,14)15/h2,5H,1H2,(H,6,7)(H,8,9)(H2,10,11,12)(H2,13,14,15)",LDTZSTJLVYBEKB-UHFFFAOYSA-N,C5H10O10P2,292.07300000000004,defined_single_substance,resolved,true,qsar,null,"{""identity_verification"":{""cid"":189891,""method"":""pubchem_cid_direct_structure"",""source"":""PubChem PUG REST"",""screening_envelope"":{""mw"":[30.0,500.0],""heavy_atoms"":[2,36]}},""offline_seed"":""pubchem-registry-20260724-v1""}",verified,1
butocarboxim,,Butocarboxim,[],[],,36879,CNC(=O)ON=C(C)C(C)SC,"InChI=1S/C7H14N2O2S/c1-5(6(2)12-4)9-11-7(10)8-3/h6H,1-4H3,(H,8,10)",SFNPDDSJBGRXLW-UHFFFAOYSA-N,C7H14N2O2S,190.26799999999997,defined_single_substance,resolved,true,qsar,null,"{""identity_verification"":{""cid"":36879,""method"":""pubchem_cid_direct_structure"",""source"":""PubChem PUG REST"",""screening_envelope"":{""mw"":[30.0,500.0],""heavy_atoms"":[2,36]}},""offline_seed"":""pubchem-registry-20260724-v1""}",verified,1
butroxydim,,Butroxydim,[],[],,135405255,CCCC(=O)c1c(C)cc(C)c(C2CC(=O)C(/C(CC)=N/OCC)=C(O)C2)c1C,"InChI=1S/C24H33NO4/c1-7-10-19(26)23-15(5)11-14(4)22(16(23)6)17-12-20(27)24(21(28)13-17)18(8-2)25-29-9-3/h11,17,27H,7-10,12-13H2,1-6H3/b25-18+",ZOGDSYNXUXQGHF-XIEYBQDHSA-N,C24H33NO4,399.5310000000002,defined_single_substance,resolved,true,qsar,null,"{""identity_verification"":{""cid"":135405255,""method"":""pubchem_cid_direct_structure"",""source"":""PubChem PUG REST"",""screening_envelope"":{""mw"":[30.0,500.0],""heavy_atoms"":[2,36]}},""offline_seed"":""pubchem-registry-20260724-v1""}",verified,1
butyl acrylate,,Butyl Acrylate,[],[],,8846,C=CC(=O)OCCCC,"InChI=1S/C7H12O2/c1-3-5-6-9-7(8)4-2/h4H,2-3,5-6H2,1H3",CQEYYJKEWSMYFG-UHFFFAOYSA-N,C7H12O2,128.17099999999996,defined_single_substance,resolved,true,qsar,null,"{""identity_verification"":{""cid"":8846,""method"":""pubchem_cid_direct_structure"",""source"":""PubChem PUG REST"",""screening_envelope"":{""mw"":[30.0,500.0],""heavy_atoms"":[2,36]}},""offline_seed"":""pubchem-registry-20260724-v1""}",verified,1
butyl chloroformate,,Butyl chloroformate,[],[],,61140,CCCCOC(=O)Cl,"InChI=1S/C5H9ClO2/c1-2-3-4-8-5(6)7/h2-4H2,1H3",NRDQFWXVTPZZAZ-UHFFFAOYSA-N,C5H9ClO2,136.57799999999997,defined_single_substance,resolved,true,qsar,null,"{""identity_verification"":{""cid"":61140,""method"":""pubchem_cid_direct_structure"",""source"":""PubChem PUG REST"",""screening_envelope"":{""mw"":[30.0,500.0],""heavy_atoms"":[2,36]}},""offline_seed"":""pubchem-registry-20260724-v1""}",verified,1
butyl ether,,Butyl ether,[],[],,8909,CCCCOCCCC,"InChI=1S/C8H18O/c1-3-5-7-9-8-6-4-2/h3-8H2,1-2H3",DURPTKYDGMDSBL-UHFFFAOYSA-N,C8H18O,130.231,defined_single_substance,resolved,true,qsar,null,"{""identity_verification"":{""cid"":8909,""method"":""pubchem_cid_direct_structure"",""source"":""PubChem PUG REST"",""screening_envelope"":{""mw"":[30.0,500.0],""heavy_atoms"":[2,36]}},""offline_seed"":""pubchem-registry-20260724-v1""}",verified,1
butyl glycidyl ether,,Butyl glycidyl ether,[],[],,17049,CCCCOCC1CO1,"InChI=1S/C7H14O2/c1-2-3-4-8-5-7-6-9-7/h7H,2-6H2,1H3",YSUQLAYJZDEMOT-UHFFFAOYSA-N,C7H14O2,130.18699999999998,defined_single_substance,resolved,true,qsar,null,"{""identity_verification"":{""cid"":17049,""method"":""pubchem_cid_direct_structure"",""source"":""PubChem PUG REST"",""screening_envelope"":{""mw"":[30.0,500.0],""heavy_atoms"":[2,36]}},""offline_seed"":""pubchem-registry-20260724-v1""}",verified,1
butyl methacrylate,,Butyl Methacrylate,[],[],,7354,C=C(C)C(=O)OCCCC,"InChI=1S/C8H14O2/c1-4-5-6-10-8(9)7(2)3/h2,4-6H2,1,3H3",SOGAXMICEFXMKE-UHFFFAOYSA-N,C8H14O2,142.19799999999998,defined_single_substance,resolved,true,qsar,null,"{""identity_verification"":{""cid"":7354,""method"":""pubchem_cid_direct_structure"",""source"":""PubChem PUG REST"",""screening_envelope"":{""mw"":[30.0,500.0],""heavy_atoms"":[2,36]}},""offline_seed"":""pubchem-registry-20260724-v1""}",verified,1
butyl nitrite,,Butyl nitrite,[],[],,10996,CCCCON=O,"InChI=1S/C4H9NO2/c1-2-3-4-7-5-6/h2-4H2,1H3",JQJPBYFTQAANLE-UHFFFAOYSA-N,C4H9NO2,103.121,defined_single_substance,resolved,true,qsar,null,"{""identity_verification"":{""cid"":10996,""method"":""pubchem_cid_direct_structure"",""source"":""PubChem PUG REST"",""screening_envelope"":{""mw"":[30.0,500.0],""heavy_atoms"":[2,36]}},""offline_seed"":""pubchem-registry-20260724-v1""}",verified,1
butylated hydroxyanisole,,Butylated Hydroxyanisole,[],[],,8456,COc1ccc(O)c(C(C)(C)C)c1,"InChI=1S/C11H16O2/c1-11(2,3)9-7-8(13-4)5-6-10(9)12/h5-7,12H,1-4H3",MRBKEAMVRSLQPH-UHFFFAOYSA-N,C11H16O2,180.24699999999999,defined_single_substance,resolved,true,qsar,null,"{""identity_verification"":{""cid"":8456,""method"":""pubchem_cid_direct_structure"",""source"":""PubChem PUG REST"",""screening_envelope"":{""mw"":[30.0,500.0],""heavy_atoms"":[2,36]}},""offline_seed"":""pubchem-registry-20260724-v1""}",verified,1
butylene glycol,Butylene Glycol,"1,3-Butanediol",[],"[""1,3-BUTANEDIOL"",""Butane-1,3-diol"",""107-88-0"",""1,3-Butylene glycol"",""Butylene glycol"",""1,3-Dihydroxybutane"",""beta-Butylene glycol"",""Methyltrimethylene glycol"",""1-Methyl-1,3-propanediol"",""1,3 Butylene glycol"",""1,3-Butandiol"",""(RS)-1,3-Butandiol"",""1,3-Butylenglykol"",""Caswell No. 128GG"",""DTXSID8026773"",""NSC-402145"",""3XUS85K0RA"",""BRN 1731276"",""AI3-11077"",""DTXCID306773"",""CHEBI:52683"",""NSC402145"",""Herbal Moxibustion"",""Chinese medicine patch"",""MUMMY MASK"",""RefChem:54584"",""3% Hyaluronic Acid Serum"",""Natural Oriental Herb Care"",""Srripo Biotin Hair Treatment"",""acmeros Lubricant X0026F3541"",""ShiZhenTaiYiTang Moxibustion Patch"",""LingLongJiuHuo Linglong Moxibustion"",""QIZHOUGUAI Chinese medicine patch"",""VSHELL Hair Treatment Biotin Conditioner"",""3CE SUPER SLIM PEN EYE LINER BLACK"",""3CE SUPER SLIM PEN EYE LINER BROWN"",""Water-based Personal Lubricant, ACVIOO 001"",""3CE SUPER SLIM PEN EYE LINER LIGHT BROWN"",""3CE SUPER SLIM PEN EYE LINER BURGUNDY BROWN"",""LingLongJiuHuo Linglong Moxibustion Wormwood Moxibustion Patch"",""203-529-7"",""(+/-)-1,3-Butanediol"",""1,3-Butanodiol"","".beta.-Butylene glycol"",""BD"",""MFCD00004554"",""NSC 402145"",""( inverted exclamation markA)-1,3-Butanediol"",""BUTANEDIOL,1,3-"",""NSC6966"",""Butylene Glycol (Butane-1,3-diol)"",""1,3-Butandiol [German]"",""1,3-butane diol"",""55251-78-0"",""CAS-107-88-0"",""1,3-Butylenglykol [German]"",""HSDB 153"",""1,3-Butanediol, (R)-"",""1,3-Butanediol, (S)-"",""EINECS 203-529-7"",""UNII-3XUS85K0RA"",""(S)-(+)-1,3-Butylene Glycol"",""b-Butylene glycol"",""1.3-butanediol"",""1,3 -butanediol"",""utane-1,3-diol"",""DL-1,3-butanediol"",""R-butane-1,3-diol"",""Butylene glycol (NF)"",""racemic 1,3-butanediol"",""BUTANEDIOL,3-"",""1,3-butanediol, DL-"",""(RS)-1,3-Butanediol"",""EC 203-529-7"",""SCHEMBL8176"",""(+/-) 1,3 butandiol"",""(+/-)-1,3-butandiol"",""1,3-Butanediol (Standard)"",""SCHEMBL19355"",""SCHEMBL94448"",""BUTYLENE GLYCOL [II]"",""0-01-00-00477 (Beilstein Handbook Reference)"",""SCHEMBL331940"",""SCHEMBL739193"",""orb1298236"",""orb3139093"",""SCHEMBL1044624"",""SCHEMBL1547914"",""SCHEMBL1749188"",""SCHEMBL2688282"",""SCHEMBL8023169"",""(.+/-.)-1,3-Butanediol"",""CHEMBL3186475"",""WLN: QY1 & 2Q"",""(S)-(+)-1,3-butane diol"",""1,3-BUTANEDIOL [HSDB]"",""1,3-BUTANDIOL [WHO-DD]"",""HY-77490AR"",""1,3-Butanediol, (.+/-.)-"",""1,3-BUTYLENE GLYCOL [MI]"",""NSC-6966"",""1,3-BUTYLENE GLYCOL [FCC]"",""Tox21_202408"",""Tox21_300085"",""1,3 BUTYLENE GLYCOL [FHFI]"",""BUTANE-1,3-DIOL [USP-RS]"",""EBC-26036"",""HY-77490A"",""AKOS000119043"",""DB14110"",""FB31081"",""MSK002151-100M"",""SB44648"",""SB44659"",""SB83779"",""NCGC00247900-01"",""NCGC00247900-02"",""NCGC00253944-01"",""NCGC00259957-01"",""SY009940"",""1,3 BUTYLENE GLYCOL, (+/-)-"",""DB-000434"",""DB-011642"",""(+/-)-1,3-Butanediol, analytical standard"",""B0679"",""B3770"",""CS-0115644"",""NS00008159"",""T9257"",""( inverted exclamation mark_)-1,3-Butanediol"",""1,3-Butanediol 100 |Ig/mL in Acetonitrile"",""EN300-19320"",""(+/-)-1,3-Butanediol, anhydrous, >=99%"",""1,3-Butanediol 100 microg/mL in Acetonitrile"",""C20335"",""D10695"",""F82621"",""1,3-Butanediol Solution in Methanol, 100ug/mL"",""F099380"",""Q161496"",""(+/-)-1,3-Butanediol, ReagentPlus(R), 99.5%"",""(+/-)-1,3-Butanediol, ReagentPlus(R), >=99.0%"",""(+/-)-1,3-Butanediol, SAJ first grade, >=98.0%"",""(+/-)-1,3-Butanediol, Vetec(TM) reagent grade, 98%"",""F8880-3340"",""Butane-1,3-diol, United States Pharmacopeia (USP) Reference Standard""]",107-88-0,7896,CC(O)CCO,"InChI=1S/C4H10O2/c1-4(6)2-3-5/h4-6H,2-3H2,1H3",PUPZLCDOIYMWBV-UHFFFAOYSA-N,C4H10O2,90.12,defined_single_substance,resolved,true,qsar,null,"{""pubchem"":{""cid"":7896,""reason_th"":""พบโครงสร้างโมเลกุลเดี่ยวจาก PubChem แต่ต้องยืนยันตัวตนก่อนส่งเข้า QSAR"",""fetched_at"":""2026-07-24T14:43:08.597090+00:00"",""source_url"":""https://pubchem.ncbi.nlm.nih.gov/compound/7896"",""reason_code"":""awaiting_verification"",""proposed_qsar_eligible"":true},""last_review"":{""action"":""verify"",""reviewed_at"":""2026-07-24T14:43:08.614683+00:00"",""reviewer_note"":""Catalog seed accepted only after exact canonical structure match with PubChem""},""first_source"":""manual:pubchem_lookup"",""observations"":[{""source"":""manual:pubchem_lookup"",""seen_at"":""2026-07-24T14:43:08.599254+00:00"",""observed_name"":""Butylene Glycol"",""ocr_confidence"":null}],""offline_seed"":""pubchem-registry-20260724-v1""}",verified,2
butyric acid,,Butyric Acid,[],[],,264,CCCC(=O)O,"InChI=1S/C4H8O2/c1-2-3-4(5)6/h2-3H2,1H3,(H,5,6)",FERIUCNNQQJTOY-UHFFFAOYSA-N,C4H8O2,88.10599999999998,defined_single_substance,resolved,true,qsar,null,"{""identity_verification"":{""cid"":264,""method"":""pubchem_cid_direct_structure"",""source"":""PubChem PUG REST"",""screening_envelope"":{""mw"":[30.0,500.0],""heavy_atoms"":[2,36]}},""offline_seed"":""pubchem-registry-20260724-v1""}",verified,1
butyronitrile,,Butyronitrile,[],[],,8008,CCCC#N,"InChI=1S/C4H7N/c1-2-3-4-5/h2-3H2,1H3",KVNRLNFWIYMESJ-UHFFFAOYSA-N,C4H7N,69.107,defined_single_substance,resolved,true,qsar,null,"{""identity_verification"":{""cid"":8008,""method"":""pubchem_cid_direct_structure"",""source"":""PubChem PUG REST"",""screening_envelope"":{""mw"":[30.0,500.0],""heavy_atoms"":[2,36]}},""offline_seed"":""pubchem-registry-20260724-v1""}",verified,1
butyryl chloride,,Butyryl chloride,[],[],,8855,CCCC(=O)Cl,"InChI=1S/C4H7ClO/c1-2-3-4(5)6/h2-3H2,1H3",DVECBJCOGJRVPX-UHFFFAOYSA-N,C4H7ClO,106.55199999999999,defined_single_substance,resolved,true,qsar,null,"{""identity_verification"":{""cid"":8855,""method"":""pubchem_cid_direct_structure"",""source"":""PubChem PUG REST"",""screening_envelope"":{""mw"":[30.0,500.0],""heavy_atoms"":[2,36]}},""offline_seed"":""pubchem-registry-20260724-v1""}",verified,1
c.i. disperse yellow 3,,C.I. Disperse Yellow 3,[],[],,17811,CC(=O)Nc1ccc(N=Nc2cc(C)ccc2O)cc1,"InChI=1S/C15H15N3O2/c1-10-3-8-15(20)14(9-10)18-17-13-6-4-12(5-7-13)16-11(2)19/h3-9,20H,1-2H3,(H,16,19)",PXOZAFXVEWKXED-UHFFFAOYSA-N,C15H15N3O2,269.30400000000003,defined_single_substance,resolved,true,qsar,null,"{""identity_verification"":{""cid"":17811,""method"":""pubchem_cid_direct_structure"",""source"":""PubChem PUG REST"",""screening_envelope"":{""mw"":[30.0,500.0],""heavy_atoms"":[2,36]}},""offline_seed"":""pubchem-registry-20260724-v1""}",verified,1
caffeine,Caffeine,Caffeine,[],"[""caffeine"",""58-08-2"",""Guaranine"",""1,3,7-Trimethylxanthine"",""Methyltheobromine"",""Theine"",""Thein"",""Cafeina"",""Caffein"",""Cafipel"",""Koffein"",""Mateina"",""Alert-pep"",""Coffeine"",""Anhydrous caffeine"",""Refresh'n"",""Caffedrine"",""Vivarin"",""Stim"",""No-Doz"",""Cafamil"",""Cafecon"",""Caffine"",""Dexitac"",""Nodaca"",""7-Methyltheophylline"",""Eldiatric C"",""Durvitan"",""Hycomine"",""Organex"",""Nix Nap"",""Methyltheobromide"",""Coffeinum"",""Coffein"",""3,7-Dihydro-1,3,7-trimethyl-1H-purine-2,6-dione"",""Tirend"",""1,3,7-Trimethylpurine-2,6-dione"",""1,3,7-Trimethyl-2,6-dioxopurine"",""Tri-Aqua"",""Kofein"",""Caffeine, anhydrous"",""1-methyltheobromine"",""1H-Purine-2,6-dione, 3,7-dihydro-1,3,7-trimethyl-"",""CAFFEINE ANHYDROUS"",""Methylxanthine theophylline"",""teina"",""Caffeina"",""1,3,7-Trimethyl-3,7-dihydro-1H-purine-2,6-dione"",""NCI-C02733"",""1,3,7-trimethyl-2,3,6,7-tetrahydro-1H-purine-2,6-dione"",""FEMA No. 2224"",""cafeine"",""Caffeinum"",""DTXSID0020232"",""1,3,7-trimethyl-1H-purine-2,6(3H,7H)-dione"",""NSC-5036"",""Caffeine melting point standard"",""3G6A5W338E"",""DTXCID40232"",""TREZIX COMPONENT CAFFEINE"",""CHEBI:27732"",""NSC5036"",""NoDoz Caplets and Chewable Tablets"",""5-26-13-00558 (Beilstein Handbook Reference)"",""Quick Pep"",""3,7-Dihydro-1,3,7-trimethyl-1H-purin-2,6-dion"",""QuickPep"",""NODOZ"",""Zanthine"",""Awake"",""NoSnooze"",""Allertness Aid"",""Diurex Ultimate"",""trimethylxanthine"",""Uplift Chewable"",""Alertness Aid"",""Diurex Ultra"",""Yeast-vite"",""Caffeine,"",""Conrx Alert"",""Pro-plus"",""Sprayable Energy"",""Stay Awake"",""Alert Aid"",""Hair Care"",""Nano Ppc"",""Caffeine 200mg"",""Diurex Water Pills"",""Topcare Stay Awake"",""Alert Alertness Aid"",""NoDoz Alertness Aid"",""Sohmed Alertness Aid"",""357 Super Magnum"",""Caffeine 1508"",""Awake Maximum Strength"",""RefChem:6623"",""Diurex Water Pills XPL"",""Caffeine 200 mg Tablets"",""Jet Alert Double Strength"",""Jet Alert Regular Strength"",""Caffeine Tablets, 200 mg"",""Stay Awake Maximum Strength"",""Caffeine tablet, film-coated"",""CHEBI:27134"",""Topcare Stay Awake Maximum Strength"",""GROWTH Hair Serum Serum Capillaire"",""NoDoz Alertness Aid Maximum Strength"",""Valumeds Maximum Strength Stay Awake"",""FEELSHION 6% Caffeine 1% Retinol Eye Cream"",""200-362-1"",""619-173-4"",""BIOTIN; CITRUS AURANTIUM BERGAMIA (BERGAMOT) FRUIT OIL; CITRUS TANGERINA (TANGERINE) FRUIT; CURCUMA LONGA (TURMERIC) ROOT; LEMON; LYSYLTHREONYLTHREONYLLYSYLSERINE; NICOTIANA BENTHAMIANA WHOLE; TOBACCO LEAF; TRIFOLIUM PRATENSE LEAF"",""Phensal"",""Caffeine, synthetic"",""Quick-Pep"",""Synalgos"",""Theophylline, 7-methyl"",""DHCplus"",""Miudol"",""Theobromine, 1-methyl-"",""Propoxyphene Compound 65"",""Kofein [Czech]"",""Coffein [German]"",""Koffein [German]"",""Caffeine (natural)"",""Xanthine, 1,3,7-trimethyl"",""Caffeina [Italian]"",""Theophylline Me"",""Theobromine Me"",""SK-65 Compound"",""Anacin"",""Anacin Maximum Strength"",""P-A-C Analgesic Tablets"",""HSDB 36"",""BRN 0017705"",""NSC 5036"",""A.S.A. and Codeine Compound"",""AI3-20154"",""MFCD00005758"",""CHEMBL113"",""CFF"",""caffenium"",""SK 65 Compound"",""Caffeine [BAN:JAN]"",""1,3,7-trimethyl-1,3,7-trihydropurine-2,6-dione"",""CAS-58-08-2"",""Caffeine (USP)"",""SMR000326667"",""CCRIS 1314"",""SR-01000075187"",""Anhydrous caffeine (TN)"",""EINECS 200-362-1"",""Monomethyl derivative of Theophylline"",""Caffeine [USP:BAN:JAN]"",""Anhydrous caffeine (JP15)"",""metilteobromina"",""Kafeina"",""trimetilksantina"",""UNII-3G6A5W338E"",""Guaranine;"",""Coffeine;"",""Caffeine RS"",""Theine;"",""Caffeine CRS"",""Methyltheobromine;"",""1gfz"",""Caffeine, BioXtra"",""Caffeine for system suitability CRS"",""TNP00310"",""Monohydrate Caffeine"",""Respia (TN)"",""1-methyl-Theobromine"",""Caffeine M.P. RS"",""7-methyl Theophylline"",""Cafergot (Salt/Mix)"",""1,7-Trimethylxanthine"",""Spectrum_001301"",""1l5q"",""1l7x"",""2a3b"",""3g6m"",""3,7-dihydro-1,3,7-trimethyl-1H-purine"",""CAFFEINE [FHFI]"",""CAFFEINE [HSDB]"",""CAFFEINE [IARC]"",""CAFFEINE [FCC]"",""Xanthine,3,7-trimethyl"",""CAFFEINE [II]"",""CAFFEINE [MI]"",""1 3 7-trimetilksantina"",""CAFFEINE [VANDF]"",""CAFFEINUM [HPUS]"",""Spectrum2_001261"",""Spectrum3_000321"",""Spectrum4_001782"",""Spectrum5_000423"",""Lopac-C-0750"",""1 3 7-Trimethylxanthine"",""CAFFEINE [MART.]"",""bmse000206""]",58-08-2,2519,Cn1c(=O)c2c(ncn2C)n(C)c1=O,"InChI=1S/C8H10N4O2/c1-10-4-9-6-5(10)7(13)12(3)8(14)11(6)2/h4H,1-3H3",RYYVLZVUVIJVGH-UHFFFAOYSA-N,C8H10N4O2,194.19,defined_single_substance,resolved,true,qsar,null,"{""pubchem"":{""cid"":2519,""reason_th"":""พบโครงสร้างโมเลกุลเดี่ยวจาก PubChem แต่ต้องยืนยันตัวตนก่อนส่งเข้า QSAR"",""fetched_at"":""2026-07-24T14:43:55.431909+00:00"",""source_url"":""https://pubchem.ncbi.nlm.nih.gov/compound/2519"",""reason_code"":""awaiting_verification"",""proposed_qsar_eligible"":true},""last_review"":{""action"":""verify"",""reviewed_at"":""2026-07-24T14:43:55.464517+00:00"",""reviewer_note"":""Catalog seed accepted only after exact canonical structure match with PubChem""},""first_source"":""manual:pubchem_lookup"",""observations"":[{""source"":""manual:pubchem_lookup"",""seen_at"":""2026-07-24T14:43:55.434124+00:00"",""observed_name"":""Caffeine"",""ocr_confidence"":null}],""offline_seed"":""pubchem-registry-20260724-v1""}",verified,2
camphene,,Camphene,[],[],,6616,C=C1C2CCC(C2)C1(C)C,"InChI=1S/C10H16/c1-7-8-4-5-9(6-8)10(7,2)3/h8-9H,1,4-6H2,2-3H3",CRPUJAZIXJMDBK-UHFFFAOYSA-N,C10H16,136.238,defined_single_substance,resolved,true,qsar,null,"{""identity_verification"":{""cid"":6616,""method"":""pubchem_cid_direct_structure"",""source"":""PubChem PUG REST"",""screening_envelope"":{""mw"":[30.0,500.0],""heavy_atoms"":[2,36]}},""offline_seed"":""pubchem-registry-20260724-v1""}",verified,1
camphor,,Camphor,[],[],,2537,CC12CCC(CC1=O)C2(C)C,"InChI=1S/C10H16O/c1-9(2)7-4-5-10(9,3)8(11)6-7/h7H,4-6H2,1-3H3",DSSYKIVIOFKYAU-UHFFFAOYSA-N,C10H16O,152.237,defined_single_substance,resolved,true,qsar,null,"{""identity_verification"":{""cid"":2537,""method"":""pubchem_cid_direct_structure"",""source"":""PubChem PUG REST"",""screening_envelope"":{""mw"":[30.0,500.0],""heavy_atoms"":[2,36]}},""offline_seed"":""pubchem-registry-20260724-v1""}",verified,1
canavanine,,Canavanine,[],[],,439202,NC(N)=NOCC[C@H](N)C(=O)O,"InChI=1S/C5H12N4O3/c6-3(4(10)11)1-2-12-9-5(7)8/h3H,1-2,6H2,(H,10,11)(H4,7,8,9)/t3-/m0/s1",FSBIGDSBMBYOPN-VKHMYHEASA-N,C5H12N4O3,176.17600000000002,defined_single_substance,resolved,true,qsar,null,"{""identity_verification"":{""cid"":439202,""method"":""pubchem_cid_direct_structure"",""source"":""PubChem PUG REST"",""screening_envelope"":{""mw"":[30.0,500.0],""heavy_atoms"":[2,36]}},""offline_seed"":""pubchem-registry-20260724-v1""}",verified,1
caprylyl glycol,Caprylyl Glycol,Caprylyl Glycol,[],"[""1,2-OCTANEDIOL"",""octane-1,2-diol"",""1117-86-8"",""1,2-Dihydroxyoctane"",""caprylyl glycol"",""1,2-Octylene glycol"",""LexGard O"",""DTXSID9036646"",""JEECIDE CAP"",""ORISTAR CPG"",""00YIU5438U"",""NSC-71546"",""DTXCID7016646"",""CHEBI:34056"",""RefChem:72113"",""214-254-7"",""MFCD00010738"",""Dermosoft Octiol"",""CAPRYL GLYCOL"",""FOH 8:0;O"",""UNII-00YIU5438U"",""1,2-octandiol"",""EINECS 214-254-7"",""NSC 71546"",""racemic 1,2-octanediol"",""AI3-13058"",""1,2-Octanediol, 98%"",""EC 214-254-7"",""NCIOpen2_000498"",""SCHEMBL62856"",""SCHEMBL1869680"",""SCHEMBL2960338"",""SCHEMBL3296343"",""SCHEMBL3677602"",""SCHEMBL3768074"",""SCHEMBL5134831"",""SCHEMBL6437290"",""CHEMBL3186864"",""SCHEMBL14686483"",""1,2-OCTANEDIOL [WHO-DD]"",""NSC71546"",""Tox21_301019"",""LMFA05000089"",""MSK161318"",""(+/-)-OCTANE-1,2-DIOL"",""AKOS015837551"",""CS-W018222"",""DB14589"",""SB45338"",""NCGC00248257-01"",""NCGC00254921-01"",""AS-17606"",""SY031445"",""CAS-1117-86-8"",""DB-027314"",""NS00010217"",""O0277"",""F21409"",""O-0990"",""1,2-Octanediol, Vetec(TM) reagent grade, 98%"",""F339957"",""Q27115777"",""1,2-Dihydroxyoctane; 1,2-Octanediol; 1,2-octylene glycol""]",1117-86-8,14231,CCCCCCC(O)CO,"InChI=1S/C8H18O2/c1-2-3-4-5-6-8(10)7-9/h8-10H,2-7H2,1H3",AEIJTFQOBWATKX-UHFFFAOYSA-N,C8H18O2,146.23,defined_single_substance,resolved,true,qsar,null,"{""pubchem"":{""cid"":14231,""fetched_at"":""2026-07-24T14:39:22.425538+00:00"",""source_url"":""https://pubchem.ncbi.nlm.nih.gov/compound/14231"",""metadata_only"":true},""first_source"":""ocr:local"",""observations"":[{""source"":""ocr:local"",""seen_at"":""2026-07-24T14:12:40.196458+00:00"",""observed_name"":""Caprylyl Glycol"",""ocr_confidence"":38.6},{""source"":""ocr:local"",""seen_at"":""2026-07-24T14:18:39.790154+00:00"",""observed_name"":""Caprylyl Glycol"",""ocr_confidence"":38.6},{""source"":""manual:pubchem_lookup"",""seen_at"":""2026-07-24T14:39:22.428639+00:00"",""observed_name"":""Caprylyl Glycol"",""ocr_confidence"":null}],""offline_seed"":""pubchem-registry-20260724-v1""}",verified,1
caprylyl/capryl glucoside,caprylyl/capryl glucoside,Caprylyl/Capryl Glucoside,[],"[""Caprylyl/Capryl Glucoside""]",,,,,,,,UVCB,variable_composition,false,knowledge_base,null,"{""first_source"":""ocr:curated"",""observations"":[{""source"":""ocr:curated"",""seen_at"":""2026-07-24T14:12:40.222109+00:00"",""observed_name"":""caprylyl/capryl glucoside"",""ocr_confidence"":38.6},{""source"":""ocr:curated"",""seen_at"":""2026-07-24T14:18:39.811011+00:00"",""observed_name"":""caprylyl/capryl glucoside"",""ocr_confidence"":38.6}],""offline_seed"":""pubchem-registry-20260724-v1""}",verified,1
capsaicin,,Capsaicin,[],[],,1548943,COc1cc(CNC(=O)CCCC/C=C/C(C)C)ccc1O,"InChI=1S/C18H27NO3/c1-14(2)8-6-4-5-7-9-18(21)19-13-15-10-11-16(20)17(12-15)22-3/h6,8,10-12,14,20H,4-5,7,9,13H2,1-3H3,(H,19,21)/b8-6+",YKPUWZUDDOIDPM-SOFGYWHQSA-N,C18H27NO3,305.41800000000006,defined_single_substance,resolved,true,qsar,null,"{""identity_verification"":{""cid"":1548943,""method"":""pubchem_cid_direct_structure"",""source"":""PubChem PUG REST"",""screening_envelope"":{""mw"":[30.0,500.0],""heavy_atoms"":[2,36]}},""offline_seed"":""pubchem-registry-20260724-v1""}",verified,1
captan,,Captan,[],[],,8606,O=C1C2CC=CCC2C(=O)N1SC(Cl)(Cl)Cl,"InChI=1S/C9H8Cl3NO2S/c10-9(11,12)16-13-7(14)5-3-1-2-4-6(5)8(13)15/h1-2,5-6H,3-4H2",LDVVMCZRFWMZSG-UHFFFAOYSA-N,C9H8Cl3NO2S,300.59399999999994,defined_single_substance,resolved,true,qsar,null,"{""identity_verification"":{""cid"":8606,""method"":""pubchem_cid_direct_structure"",""source"":""PubChem PUG REST"",""screening_envelope"":{""mw"":[30.0,500.0],""heavy_atoms"":[2,36]}},""offline_seed"":""pubchem-registry-20260724-v1""}",verified,1
captopril,,Captopril,[],[],,44093,C[C@H](CS)C(=O)N1CCC[C@H]1C(=O)O,"InChI=1S/C9H15NO3S/c1-6(5-14)8(11)10-4-2-3-7(10)9(12)13/h6-7,14H,2-5H2,1H3,(H,12,13)/t6-,7+/m1/s1",FAKRSMQSSFJEIM-RQJHMYQMSA-N,C9H15NO3S,217.28999999999996,defined_single_substance,resolved,true,qsar,null,"{""identity_verification"":{""cid"":44093,""method"":""pubchem_cid_direct_structure"",""source"":""PubChem PUG REST"",""screening_envelope"":{""mw"":[30.0,500.0],""heavy_atoms"":[2,36]}},""offline_seed"":""pubchem-registry-20260724-v1""}",verified,1
carbadox,,Carbadox,[],[],,135403805,COC(=O)NN=Cc1c[n+]([O-])c2ccccc2[n+]1[O-],"InChI=1S/C11H10N4O4/c1-19-11(16)13-12-6-8-7-14(17)9-4-2-3-5-10(9)15(8)18/h2-7H,1H3,(H,13,16)",OVGGLBAWFMIPPY-UHFFFAOYSA-N,C11H10N4O4,262.225,defined_single_substance,resolved,true,qsar,null,"{""identity_verification"":{""cid"":135403805,""method"":""pubchem_cid_direct_structure"",""source"":""PubChem PUG REST"",""screening_envelope"":{""mw"":[30.0,500.0],""heavy_atoms"":[2,36]}},""offline_seed"":""pubchem-registry-20260724-v1""}",verified,1
carbaryl,,Carbaryl,[],[],,6129,CNC(=O)Oc1cccc2ccccc12,"InChI=1S/C12H11NO2/c1-13-12(14)15-11-8-4-6-9-5-2-3-7-10(9)11/h2-8H,1H3,(H,13,14)",CVXBEEMKQHEXEN-UHFFFAOYSA-N,C12H11NO2,201.225,defined_single_substance,resolved,true,qsar,null,"{""identity_verification"":{""cid"":6129,""method"":""pubchem_cid_direct_structure"",""source"":""PubChem PUG REST"",""screening_envelope"":{""mw"":[30.0,500.0],""heavy_atoms"":[2,36]}},""offline_seed"":""pubchem-registry-20260724-v1""}",verified,1
carbofuran,,Carbofuran,[],[],,2566,CNC(=O)Oc1cccc2c1OC(C)(C)C2,"InChI=1S/C12H15NO3/c1-12(2)7-8-5-4-6-9(10(8)16-12)15-11(14)13-3/h4-6H,7H2,1-3H3,(H,13,14)",DUEPRVBVGDRKAG-UHFFFAOYSA-N,C12H15NO3,221.25599999999997,defined_single_substance,resolved,true,qsar,null,"{""identity_verification"":{""cid"":2566,""method"":""pubchem_cid_direct_structure"",""source"":""PubChem PUG REST"",""screening_envelope"":{""mw"":[30.0,500.0],""heavy_atoms"":[2,36]}},""offline_seed"":""pubchem-registry-20260724-v1""}",verified,1
carbon disulfide,,Carbon Disulfide,[],[],,6348,S=C=S,InChI=1S/CS2/c2-1-3,QGJOPFRUJISHPQ-UHFFFAOYSA-N,CS2,76.14500000000001,defined_single_substance,resolved,true,qsar,null,"{""identity_verification"":{""cid"":6348,""method"":""pubchem_cid_direct_structure"",""source"":""PubChem PUG REST"",""screening_envelope"":{""mw"":[30.0,500.0],""heavy_atoms"":[2,36]}},""offline_seed"":""pubchem-registry-20260724-v1""}",verified,1
carbon tetrachloride,,Carbon Tetrachloride,[],[],,5943,ClC(Cl)(Cl)Cl,"InChI=1S/CCl4/c2-1(3,4)5",VZGDMQKNWNREIO-UHFFFAOYSA-N,CCl4,153.823,defined_single_substance,resolved,true,qsar,null,"{""identity_verification"":{""cid"":5943,""method"":""pubchem_cid_direct_structure"",""source"":""PubChem PUG REST"",""screening_envelope"":{""mw"":[30.0,500.0],""heavy_atoms"":[2,36]}},""offline_seed"":""pubchem-registry-20260724-v1""}",verified,1
"carbonochloridic acid, 3-chloropropyl ester",,"Carbonochloridic acid, 3-chloropropyl ester",[],[],,69399,O=C(Cl)OCCCCl,InChI=1S/C4H6Cl2O2/c5-2-1-3-8-4(6)7/h1-3H2,MTXMEFUEBCFWCY-UHFFFAOYSA-N,C4H6Cl2O2,156.99599999999998,defined_single_substance,resolved,true,qsar,null,"{""identity_verification"":{""cid"":69399,""method"":""pubchem_cid_direct_structure"",""source"":""PubChem PUG REST"",""screening_envelope"":{""mw"":[30.0,500.0],""heavy_atoms"":[2,36]}},""offline_seed"":""pubchem-registry-20260724-v1""}",verified,1
carbonyl sulfide,,Carbonyl Sulfide,[],[],,10039,O=C=S,InChI=1S/COS/c2-1-3,JJWKPURADFRFRB-UHFFFAOYSA-N,COS,60.077,defined_single_substance,resolved,true,qsar,null,"{""identity_verification"":{""cid"":10039,""method"":""pubchem_cid_direct_structure"",""source"":""PubChem PUG REST"",""screening_envelope"":{""mw"":[30.0,500.0],""heavy_atoms"":[2,36]}},""offline_seed"":""pubchem-registry-20260724-v1""}",verified,1
carbophenothion,,Carbophenothion,[],[],,13081,CCOP(=S)(OCC)SCSc1ccc(Cl)cc1,"InChI=1S/C11H16ClO2PS3/c1-3-13-15(16,14-4-2)18-9-17-11-7-5-10(12)6-8-11/h5-8H,3-4,9H2,1-2H3",VEDTXTNSFWUXGQ-UHFFFAOYSA-N,C11H16ClO2PS3,342.875,defined_single_substance,resolved,true,qsar,null,"{""identity_verification"":{""cid"":13081,""method"":""pubchem_cid_direct_structure"",""source"":""PubChem PUG REST"",""screening_envelope"":{""mw"":[30.0,500.0],""heavy_atoms"":[2,36]}},""offline_seed"":""pubchem-registry-20260724-v1""}",verified,1
carbosulfan,,Carbosulfan,[],[],,41384,CCCCN(CCCC)SN(C)C(=O)Oc1cccc2c1OC(C)(C)C2,"InChI=1S/C20H32N2O3S/c1-6-8-13-22(14-9-7-2)26-21(5)19(23)24-17-12-10-11-16-15-20(3,4)25-18(16)17/h10-12H,6-9,13-15H2,1-5H3",JLQUFIHWVLZVTJ-UHFFFAOYSA-N,C20H32N2O3S,380.55400000000014,defined_single_substance,resolved,true,qsar,null,"{""identity_verification"":{""cid"":41384,""method"":""pubchem_cid_direct_structure"",""source"":""PubChem PUG REST"",""screening_envelope"":{""mw"":[30.0,500.0],""heavy_atoms"":[2,36]}},""offline_seed"":""pubchem-registry-20260724-v1""}",verified,1
catechol,,Catechol,[],[],,289,Oc1ccccc1O,"InChI=1S/C6H6O2/c7-5-3-1-2-4-6(5)8/h1-4,7-8H",YCIMNLLNPGFGHC-UHFFFAOYSA-N,C6H6O2,110.11199999999997,defined_single_substance,resolved,true,qsar,null,"{""identity_verification"":{""cid"":289,""method"":""pubchem_cid_direct_structure"",""source"":""PubChem PUG REST"",""screening_envelope"":{""mw"":[30.0,500.0],""heavy_atoms"":[2,36]}},""offline_seed"":""pubchem-registry-20260724-v1""}",verified,1
cetyl alcohol,Cetyl Alcohol,Cetyl Alcohol,[],"[""1-Hexadecanol"",""cetyl alcohol"",""Hexadecan-1-ol"",""36653-82-4"",""Palmityl alcohol"",""Cetanol"",""Hexadecyl alcohol"",""Cetaffine"",""N-Hexadecanol"",""n-Cetyl alcohol"",""Cetylol"",""n-1-Hexadecanol"",""Cetal"",""Ethal"",""Ethol"",""Cetylic alcohol"",""Crodacol C"",""n-Hexadecyl alcohol"",""Loxanol K"",""Atalco C"",""Cetalol CA"",""Crodacol-CAS"",""Crodacol-CAT"",""Loxanwachs SK"",""Loxanol K extra"",""Cachalot C-51"",""Elfacos C"",""1-Hexadecyl alcohol"",""Siponol CC"",""Lanol C"",""1-Cetanol"",""Adol"",""Adol 52"",""Hyfatol 16"",""Cachalot C-50"",""Cachalot C-52"",""Aldol 54"",""Dytol F-11"",""Adol 54"",""palmitic alcohol"",""Cyclal cetyl alcohol"",""Alfol 16"",""Lorol 24"",""Hyfatol"",""Adol 52 NF"",""1-Hexadecyl alc"",""16-Hexadecanol"",""Epal 16NF"",""C16 alcohol"",""Adol 520"",""FEMA No. 2554"",""Cetyl alchol"",""Alcohol cetylicus"",""FEMA Number 2554"",""Hexadecyl alcohol, normal"",""Normal primary hexadecyl alcohol"",""Adol 52NF"",""DTXSID4027991"",""Ceraphyl ICA"",""NSC-4194"",""936JST6JCN"",""NSC4194"",""DTXCID607991"",""CHEBI:16125"",""253-149-0"",""RefChem:32128"",""CETYL ALCOHOL 0.80%"",""Daily Moisturizing with Colloidal Oats"",""All Day Skin Relief with Colloidal Oats"",""7-((2-(2-amino-1,3-thiazol-4-yl)-2-methoxyiminoacetyl)amino)-3-((5-(carboxymethyl)-4-methyl-1,3-thiazol-2-yl)sulfanylmethyl)-8-oxo-5-thia-1-azabicyclo(4.2.0)oct-2-ene-2-carboxylic acid"",""Exxal 16"",""HEXADECANOL"",""Alcohol C-16"",""n-Hexadecan-1-ol"",""Cetylalkohol"",""Isocetyl alcohol"",""1-Hexanedecanol"",""CO-1670"",""CO-1695"",""Isohexadecyl alcohol"",""SSD RP"",""Lipocol C"",""Fancol CA"",""Cetyl alcohol NF"",""Crodacol C70"",""MFCD00004760"",""Rita CA"",""1-Hydroxyhexadecane"",""Lanette 16"",""Philcohol 1600"",""Cetyl alcohol (NF)"",""Cetyl alcohol [NF]"",""Lorol C16"",""LorolL 24"",""Cachalot C-50 NF"",""C16H34O"",""NCGC00159368-02"",""NCGC00159368-05"",""Hexadecanol (VAN)"",""Cetyl alcohol; hexadecan-1-ol"",""Caswell No. 165D"",""CAS-36653-82-4"",""HSDB 2643"",""NSC 4194"",""EINECS 253-149-0"",""UNII-936JST6JCN"",""EPA Pesticide Chemical Code 001508"",""Cetyl alcohol (hexadecanol)"",""BRN 1748475"",""hexadecylalcohol"",""AI3-00755"",""Hexadecanol NF"",""Cetyl alcohol CRS"",""Crodacol C95NF"",""Eutanol G16"",""Cetanol (TN)"",""Crodacol C95 NF"",""Laurex 16"",""Alfol 16RD"",""SSD (Salt/Mix)"",""Cetanol (JP18)"",""Epal 16"",""Hyfatol 16-95"",""Kalcol 6098"",""Loxiol VPG 1743"",""1-Hexadecanol, 95%"",""SSD RP (Salt/Mix)"",""CETANOL [JAN]"",""1-Hexadecanol (Standard)"",""bmse000487"",""CHEMBL706"",""Michel XO-150-16"",""EC 253-149-0"",""1-Hexadecanol, >=99%"",""CETYL ALCOHOL [II]"",""CETYL ALCOHOL [MI]"",""SCHEMBL3381"",""SCHEMBL72949"",""CETYL ALCOHOL [HSDB]"",""124-29-8"",""4-01-00-01876 (Beilstein Handbook Reference)"",""1-HEXADECANOL [FHFI]"",""CETYL ALCOHOL [VANDF]"",""SCHEMBL141735"",""SCHEMBL231055"",""SCHEMBL631586"",""CETYL ALCOHOL [MART.]"",""orb1222319"",""orb1300837"",""SCHEMBL2962646"",""SCHEMBL4602579"",""SCHEMBL8437507"",""CETYL ALCOHOL [USP-RS]"",""CETYL ALCOHOL [WHO-DD]"",""CETYL ALCOHOL [WHO-IP]"",""SCHEMBL10412274"",""HY-B1465R"",""Cetyl alcohol, analytical standard"",""Cetyl alcohol, puriss., 95.0%"",""HMS3652H05"",""HMS5082N04"",""CS-D1348"",""HY-B1465"",""EINECS 252-964-9"",""Tox21_111609"",""Tox21_300325"",""CETYL ALCOHOL [EP MONOGRAPH]"",""EBC-26290"",""LMFA05000061"",""s4173"",""SBB060167"",""STL283943"",""UNII-1800H64066"",""AKOS005287456"",""Tox21_111609_1"",""1-Hexadecanol, ReagentPlus(R), 99%"",""AT48057"",""CCG-266894"",""DB09494"",""FH37717"",""ALCOHOL CETYLICUS [WHO-IP LATIN]"",""NCGC00159368-03"",""NCGC00159368-04"",""NCGC00159368-06"",""NCGC00254286-01"",""BS-16666"",""ST075158"",""Cetyl alcohol, puriss., >=99.0% (GC)"",""H0071"",""NS00010707"",""SW219201-1"",""T6359"",""Cetyl alcohol, SAJ special grade, >=98.0%"",""Cetyl alcohol, Selectophore(TM), >=99.0%"",""EN300-19351"",""1-Hexadecanol, Vetec(TM) reagent grade, 94%"",""C00823"",""D00099"",""SBI-0635048.0002"",""AB01566915_01""]",36653-82-4,2682,CCCCCCCCCCCCCCCCO,"InChI=1S/C16H34O/c1-2-3-4-5-6-7-8-9-10-11-12-13-14-15-16-17/h17H,2-16H2,1H3",BXWNKGSJHAJOGX-UHFFFAOYSA-N,C16H34O,242.44,defined_single_substance,resolved,true,qsar,null,"{""pubchem"":{""cid"":2682,""reason_th"":""พบโครงสร้างโมเลกุลเดี่ยวจาก PubChem แต่ต้องยืนยันตัวตนก่อนส่งเข้า QSAR"",""fetched_at"":""2026-07-24T14:44:28.511997+00:00"",""source_url"":""https://pubchem.ncbi.nlm.nih.gov/compound/2682"",""reason_code"":""awaiting_verification"",""proposed_qsar_eligible"":true},""last_review"":{""action"":""verify"",""reviewed_at"":""2026-07-24T14:44:28.541025+00:00"",""reviewer_note"":""Catalog seed accepted only after exact canonical structure match with PubChem""},""first_source"":""manual:pubchem_lookup"",""observations"":[{""source"":""manual:pubchem_lookup"",""seen_at"":""2026-07-24T14:44:28.514557+00:00"",""observed_name"":""Cetyl Alcohol"",""ocr_confidence"":null}],""offline_seed"":""pubchem-registry-20260724-v1""}",verified,2
chinomethionat,,Chinomethionat,[],[],,17109,Cc1ccc2nc3sc(=O)sc3nc2c1,"InChI=1S/C10H6N2OS2/c1-5-2-3-6-7(4-5)12-9-8(11-6)14-10(13)15-9/h2-4H,1H3",FBQQHUGEACOBDN-UHFFFAOYSA-N,C10H6N2OS2,234.305,defined_single_substance,resolved,true,qsar,null,"{""identity_verification"":{""cid"":17109,""method"":""pubchem_cid_direct_structure"",""source"":""PubChem PUG REST"",""screening_envelope"":{""mw"":[30.0,500.0],""heavy_atoms"":[2,36]}},""offline_seed"":""pubchem-registry-20260724-v1""}",verified,1
chloral hydrate,,Chloral Hydrate,[],[],,2707,OC(O)C(Cl)(Cl)Cl,"InChI=1S/C2H3Cl3O2/c3-2(4,5)1(6)7/h1,6-7H",RNFNDJAIBTYOQL-UHFFFAOYSA-N,C2H3Cl3O2,165.40300000000002,defined_single_substance,resolved,true,qsar,null,"{""identity_verification"":{""cid"":2707,""method"":""pubchem_cid_direct_structure"",""source"":""PubChem PUG REST"",""screening_envelope"":{""mw"":[30.0,500.0],""heavy_atoms"":[2,36]}},""offline_seed"":""pubchem-registry-20260724-v1""}",verified,1
chloralose,,Chloralose,[],[],,7057995,OC[C@@H](O)[C@H]1O[C@@H]2O[C@H](C(Cl)(Cl)Cl)O[C@@H]2[C@H]1O,"InChI=1S/C8H11Cl3O6/c9-8(10,11)7-16-5-3(14)4(2(13)1-12)15-6(5)17-7/h2-7,12-14H,1H2/t2-,3+,4-,5-,6-,7-/m1/s1",OJYGBLRPYBAHRT-IPQSZEQASA-N,C8H11Cl3O6,309.529,defined_single_substance,resolved,true,qsar,null,"{""identity_verification"":{""cid"":7057995,""method"":""pubchem_cid_direct_structure"",""source"":""PubChem PUG REST"",""screening_envelope"":{""mw"":[30.0,500.0],""heavy_atoms"":[2,36]}},""offline_seed"":""pubchem-registry-20260724-v1""}",verified,1
chloranil,,Chloranil,[],[],,8371,O=C1C(Cl)=C(Cl)C(=O)C(Cl)=C1Cl,InChI=1S/C6Cl4O2/c7-1-2(8)6(12)4(10)3(9)5(1)11,UGNWTBMOAKPKBL-UHFFFAOYSA-N,C6Cl4O2,245.876,defined_single_substance,resolved,true,qsar,null,"{""identity_verification"":{""cid"":8371,""method"":""pubchem_cid_direct_structure"",""source"":""PubChem PUG REST"",""screening_envelope"":{""mw"":[30.0,500.0],""heavy_atoms"":[2,36]}},""offline_seed"":""pubchem-registry-20260724-v1""}",verified,1
chlordane,,Chlordane,[],[],,11954021,ClC1=C(Cl)[C@]2(Cl)C3C(Cl)C(Cl)CC3[C@@]1(Cl)C2(Cl)Cl,"InChI=1S/C10H6Cl8/c11-3-1-2-4(5(3)12)9(16)7(14)6(13)8(2,15)10(9,17)18/h2-5H,1H2/t2?,3?,4?,5?,8-,9+/m0/s1",BIWJNBZANLAXMG-YQELWRJZSA-N,C10H6Cl8,409.7819999999999,defined_single_substance,resolved,true,qsar,null,"{""identity_verification"":{""cid"":11954021,""method"":""pubchem_cid_direct_structure"",""source"":""PubChem PUG REST"",""screening_envelope"":{""mw"":[30.0,500.0],""heavy_atoms"":[2,36]}},""offline_seed"":""pubchem-registry-20260724-v1""}",verified,1
chlordecone,,Chlordecone,[],[],,299,O=C1C2(Cl)C3(Cl)C4(Cl)C(Cl)(Cl)C5(Cl)C3(Cl)C1(Cl)C5(Cl)C24Cl,"InChI=1S/C10Cl10O/c11-2-1(21)3(12)6(15)4(2,13)8(17)5(2,14)7(3,16)9(6,18)10(8,19)20",LHHGDZSESBACKH-UHFFFAOYSA-N,C10Cl10O,490.6389999999999,defined_single_substance,resolved,true,qsar,null,"{""identity_verification"":{""cid"":299,""method"":""pubchem_cid_direct_structure"",""source"":""PubChem PUG REST"",""screening_envelope"":{""mw"":[30.0,500.0],""heavy_atoms"":[2,36]}},""offline_seed"":""pubchem-registry-20260724-v1""}",verified,1
chlorendic anhydride,,Chlorendic Anhydride,[],[],,8265,O=C1OC(=O)C2C1C1(Cl)C(Cl)=C(Cl)C2(Cl)C1(Cl)Cl,"InChI=1S/C9H2Cl6O3/c10-3-4(11)8(13)2-1(5(16)18-6(2)17)7(3,12)9(8,14)15/h1-2H",FLBJFXNAEMSXGL-UHFFFAOYSA-N,C9H2Cl6O3,370.8299999999999,defined_single_substance,resolved,true,qsar,null,"{""identity_verification"":{""cid"":8265,""method"":""pubchem_cid_direct_structure"",""source"":""PubChem PUG REST"",""screening_envelope"":{""mw"":[30.0,500.0],""heavy_atoms"":[2,36]}},""offline_seed"":""pubchem-registry-20260724-v1""}",verified,1
chlorfenac,,Chlorfenac,[],[],,6805,O=C(O)Cc1c(Cl)ccc(Cl)c1Cl,"InChI=1S/C8H5Cl3O2/c9-5-1-2-6(10)8(11)4(5)3-7(12)13/h1-2H,3H2,(H,12,13)",QZXCCPZJCKEPSA-UHFFFAOYSA-N,C8H5Cl3O2,239.48499999999999,defined_single_substance,resolved,true,qsar,null,"{""identity_verification"":{""cid"":6805,""method"":""pubchem_cid_direct_structure"",""source"":""PubChem PUG REST"",""screening_envelope"":{""mw"":[30.0,500.0],""heavy_atoms"":[2,36]}},""offline_seed"":""pubchem-registry-20260724-v1""}",verified,1
chlorfenapyr,,Chlorfenapyr,[],[],,91778,CCOCn1c(-c2ccc(Cl)cc2)c(C#N)c(Br)c1C(F)(F)F,"InChI=1S/C15H11BrClF3N2O/c1-2-23-8-22-13(9-3-5-10(17)6-4-9)11(7-21)12(16)14(22)15(18,19)20/h3-6H,2,8H2,1H3",CWFOCCVIPCEQCK-UHFFFAOYSA-N,C15H11BrClF3N2O,407.6170000000001,defined_single_substance,resolved,true,qsar,null,"{""identity_verification"":{""cid"":91778,""method"":""pubchem_cid_direct_structure"",""source"":""PubChem PUG REST"",""screening_envelope"":{""mw"":[30.0,500.0],""heavy_atoms"":[2,36]}},""offline_seed"":""pubchem-registry-20260724-v1""}",verified,1
chlorfenprop-methyl,,Chlorfenprop-methyl,[],[],,26693,COC(=O)C(Cl)Cc1ccc(Cl)cc1,"InChI=1S/C10H10Cl2O2/c1-14-10(13)9(12)6-7-2-4-8(11)5-3-7/h2-5,9H,6H2,1H3",YJKIALIXRCSISK-UHFFFAOYSA-N,C10H10Cl2O2,233.094,defined_single_substance,resolved,true,qsar,null,"{""identity_verification"":{""cid"":26693,""method"":""pubchem_cid_direct_structure"",""source"":""PubChem PUG REST"",""screening_envelope"":{""mw"":[30.0,500.0],""heavy_atoms"":[2,36]}},""offline_seed"":""pubchem-registry-20260724-v1""}",verified,1
chlorfenson,,Chlorfenson,[],[],,6635,O=S(=O)(Oc1ccc(Cl)cc1)c1ccc(Cl)cc1,"InChI=1S/C12H8Cl2O3S/c13-9-1-5-11(6-2-9)17-18(15,16)12-7-3-10(14)4-8-12/h1-8H",RZXLPPRPEOUENN-UHFFFAOYSA-N,C12H8Cl2O3S,303.16599999999994,defined_single_substance,resolved,true,qsar,null,"{""identity_verification"":{""cid"":6635,""method"":""pubchem_cid_direct_structure"",""source"":""PubChem PUG REST"",""screening_envelope"":{""mw"":[30.0,500.0],""heavy_atoms"":[2,36]}},""offline_seed"":""pubchem-registry-20260724-v1""}",verified,1
chlorfenvinphos,,Chlorfenvinphos,[],[],,10107,CCOP(=O)(OCC)OC(=CCl)c1ccc(Cl)cc1Cl,"InChI=1S/C12H14Cl3O4P/c1-3-17-20(16,18-4-2)19-12(8-13)10-6-5-9(14)7-11(10)15/h5-8H,3-4H2,1-2H3",FSAVDKDHPDSCTO-UHFFFAOYSA-N,C12H14Cl3O4P,359.573,defined_single_substance,resolved,true,qsar,null,"{""identity_verification"":{""cid"":10107,""method"":""pubchem_cid_direct_structure"",""source"":""PubChem PUG REST"",""screening_envelope"":{""mw"":[30.0,500.0],""heavy_atoms"":[2,36]}},""offline_seed"":""pubchem-registry-20260724-v1""}",verified,1
chloridazon,,Chloridazon,[],[],,15546,Nc1cnn(-c2ccccc2)c(=O)c1Cl,"InChI=1S/C10H8ClN3O/c11-9-8(12)6-13-14(10(9)15)7-4-2-1-3-5-7/h1-6H,12H2",WYKYKTKDBLFHCY-UHFFFAOYSA-N,C10H8ClN3O,221.647,defined_single_substance,resolved,true,qsar,null,"{""identity_verification"":{""cid"":15546,""method"":""pubchem_cid_direct_structure"",""source"":""PubChem PUG REST"",""screening_envelope"":{""mw"":[30.0,500.0],""heavy_atoms"":[2,36]}},""offline_seed"":""pubchem-registry-20260724-v1""}",verified,1
chlorine,,Chlorine,[],[],,24526,ClCl,InChI=1S/Cl2/c1-2,KZBUYRJDOAKODT-UHFFFAOYSA-N,Cl2,70.906,defined_single_substance,resolved,true,qsar,null,"{""identity_verification"":{""cid"":24526,""method"":""pubchem_cid_direct_structure"",""source"":""PubChem PUG REST"",""screening_envelope"":{""mw"":[30.0,500.0],""heavy_atoms"":[2,36]}},""offline_seed"":""pubchem-registry-20260724-v1""}",verified,1
chlorine dioxide,,Chlorine Dioxide,[],[],,24870,[O][Cl+][O-],InChI=1S/ClO2/c2-1-3,OSVXSBDYLRYLIG-UHFFFAOYSA-N,ClO2,67.45100000000001,defined_single_substance,resolved,true,qsar,null,"{""identity_verification"":{""cid"":24870,""method"":""pubchem_cid_direct_structure"",""source"":""PubChem PUG REST"",""screening_envelope"":{""mw"":[30.0,500.0],""heavy_atoms"":[2,36]}},""offline_seed"":""pubchem-registry-20260724-v1""}",verified,1
chlormephos,,Chlormephos,[],[],,32739,CCOP(=S)(OCC)SCCl,"InChI=1S/C5H12ClO2PS2/c1-3-7-9(10,8-4-2)11-5-6/h3-5H2,1-2H3",QGTYWWGEWOBMAK-UHFFFAOYSA-N,C5H12ClO2PS2,234.70999999999998,defined_single_substance,resolved,true,qsar,null,"{""identity_verification"":{""cid"":32739,""method"":""pubchem_cid_direct_structure"",""source"":""PubChem PUG REST"",""screening_envelope"":{""mw"":[30.0,500.0],""heavy_atoms"":[2,36]}},""offline_seed"":""pubchem-registry-20260724-v1""}",verified,1
chloroacetaldehyde,,Chloroacetaldehyde,[],[],,33,O=CCCl,"InChI=1S/C2H3ClO/c3-1-2-4/h2H,1H2",QSKPIOLLBIHNAC-UHFFFAOYSA-N,C2H3ClO,78.49799999999999,defined_single_substance,resolved,true,qsar,null,"{""identity_verification"":{""cid"":33,""method"":""pubchem_cid_direct_structure"",""source"":""PubChem PUG REST"",""screening_envelope"":{""mw"":[30.0,500.0],""heavy_atoms"":[2,36]}},""offline_seed"":""pubchem-registry-20260724-v1""}",verified,1
chloroacetic acid,,Chloroacetic Acid,[],[],,300,O=C(O)CCl,"InChI=1S/C2H3ClO2/c3-1-2(4)5/h1H2,(H,4,5)",FOCAUTSVDIKZOP-UHFFFAOYSA-N,C2H3ClO2,94.49700000000001,defined_single_substance,resolved,true,qsar,null,"{""identity_verification"":{""cid"":300,""method"":""pubchem_cid_direct_structure"",""source"":""PubChem PUG REST"",""screening_envelope"":{""mw"":[30.0,500.0],""heavy_atoms"":[2,36]}},""offline_seed"":""pubchem-registry-20260724-v1""}",verified,1
chloroacetonitrile,,Chloroacetonitrile,[],[],,7856,N#CCCl,InChI=1S/C2H2ClN/c3-1-2-4/h1H2,RENMDAKOXSCIGH-UHFFFAOYSA-N,C2H2ClN,75.49799999999999,defined_single_substance,resolved,true,qsar,null,"{""identity_verification"":{""cid"":7856,""method"":""pubchem_cid_direct_structure"",""source"":""PubChem PUG REST"",""screening_envelope"":{""mw"":[30.0,500.0],""heavy_atoms"":[2,36]}},""offline_seed"":""pubchem-registry-20260724-v1""}",verified,1
chloroacetyl chloride,,Chloroacetyl chloride,[],[],,6577,O=C(Cl)CCl,InChI=1S/C2H2Cl2O/c3-1-2(4)5/h1H2,VGCXGMAHQTYDJK-UHFFFAOYSA-N,C2H2Cl2O,112.94300000000001,defined_single_substance,resolved,true,qsar,null,"{""identity_verification"":{""cid"":6577,""method"":""pubchem_cid_direct_structure"",""source"":""PubChem PUG REST"",""screening_envelope"":{""mw"":[30.0,500.0],""heavy_atoms"":[2,36]}},""offline_seed"":""pubchem-registry-20260724-v1""}",verified,1
chlorobenzene,,Chlorobenzene,[],[],,7964,Clc1ccccc1,InChI=1S/C6H5Cl/c7-6-4-2-1-3-5-6/h1-5H,MVPPADPHJFYWMZ-UHFFFAOYSA-N,C6H5Cl,112.55899999999998,defined_single_substance,resolved,true,qsar,null,"{""identity_verification"":{""cid"":7964,""method"":""pubchem_cid_direct_structure"",""source"":""PubChem PUG REST"",""screening_envelope"":{""mw"":[30.0,500.0],""heavy_atoms"":[2,36]}},""offline_seed"":""pubchem-registry-20260724-v1""}",verified,1
chlorobenzilate,,Chlorobenzilate,[],[],,10522,CCOC(=O)C(O)(c1ccc(Cl)cc1)c1ccc(Cl)cc1,"InChI=1S/C16H14Cl2O3/c1-2-21-15(19)16(20,11-3-7-13(17)8-4-11)12-5-9-14(18)10-6-12/h3-10,20H,2H2,1H3",RAPBNVDSDCTNRC-UHFFFAOYSA-N,C16H14Cl2O3,325.191,defined_single_substance,resolved,true,qsar,null,"{""identity_verification"":{""cid"":10522,""method"":""pubchem_cid_direct_structure"",""source"":""PubChem PUG REST"",""screening_envelope"":{""mw"":[30.0,500.0],""heavy_atoms"":[2,36]}},""offline_seed"":""pubchem-registry-20260724-v1""}",verified,1
chloroform,,Chloroform,[],[],,6212,ClC(Cl)Cl,InChI=1S/CHCl3/c2-1(3)4/h1H,HEDRZPFGACZZDS-UHFFFAOYSA-N,CHCl3,119.37800000000001,defined_single_substance,resolved,true,qsar,null,"{""identity_verification"":{""cid"":6212,""method"":""pubchem_cid_direct_structure"",""source"":""PubChem PUG REST"",""screening_envelope"":{""mw"":[30.0,500.0],""heavy_atoms"":[2,36]}},""offline_seed"":""pubchem-registry-20260724-v1""}",verified,1
chlorohydroxy benzophenone,,Chlorohydroxy benzophenone,[],[],,6799,O=C(c1ccccc1)c1cc(Cl)ccc1O,"InChI=1S/C13H9ClO2/c14-10-6-7-12(15)11(8-10)13(16)9-4-2-1-3-5-9/h1-8,15H",OMWSZDODENFLSV-UHFFFAOYSA-N,C13H9ClO2,232.666,defined_single_substance,resolved,true,qsar,null,"{""identity_verification"":{""cid"":6799,""method"":""pubchem_cid_direct_structure"",""source"":""PubChem PUG REST"",""screening_envelope"":{""mw"":[30.0,500.0],""heavy_atoms"":[2,36]}},""offline_seed"":""pubchem-registry-20260724-v1""}",verified,1
chloromethyl methyl ether,,Chloromethyl Methyl Ether,[],[],,7864,COCCl,"InChI=1S/C2H5ClO/c1-4-2-3/h2H2,1H3",XJUZRXYOEPSWMB-UHFFFAOYSA-N,C2H5ClO,80.51400000000001,defined_single_substance,resolved,true,qsar,null,"{""identity_verification"":{""cid"":7864,""method"":""pubchem_cid_direct_structure"",""source"":""PubChem PUG REST"",""screening_envelope"":{""mw"":[30.0,500.0],""heavy_atoms"":[2,36]}},""offline_seed"":""pubchem-registry-20260724-v1""}",verified,1
chlorophacinone,,Chlorophacinone,[],[],,19402,O=C1c2ccccc2C(=O)C1C(=O)C(c1ccccc1)c1ccc(Cl)cc1,"InChI=1S/C23H15ClO3/c24-16-12-10-15(11-13-16)19(14-6-2-1-3-7-14)23(27)20-21(25)17-8-4-5-9-18(17)22(20)26/h1-13,19-20H",UDHXJZHVNHGCEC-UHFFFAOYSA-N,C23H15ClO3,374.8230000000001,defined_single_substance,resolved,true,qsar,null,"{""identity_verification"":{""cid"":19402,""method"":""pubchem_cid_direct_structure"",""source"":""PubChem PUG REST"",""screening_envelope"":{""mw"":[30.0,500.0],""heavy_atoms"":[2,36]}},""offline_seed"":""pubchem-registry-20260724-v1""}",verified,1
chlorophene,,Chlorophene,[],[],,8425,Oc1ccc(Cl)cc1Cc1ccccc1,"InChI=1S/C13H11ClO/c14-12-6-7-13(15)11(9-12)8-10-4-2-1-3-5-10/h1-7,9,15H,8H2",NCKMMSIFQUPKCK-UHFFFAOYSA-N,C13H11ClO,218.683,defined_single_substance,resolved,true,qsar,null,"{""identity_verification"":{""cid"":8425,""method"":""pubchem_cid_direct_structure"",""source"":""PubChem PUG REST"",""screening_envelope"":{""mw"":[30.0,500.0],""heavy_atoms"":[2,36]}},""offline_seed"":""pubchem-registry-20260724-v1""}",verified,1
chloropicrin,,Chloropicrin,[],[],,6423,O=[N+]([O-])C(Cl)(Cl)Cl,"InChI=1S/CCl3NO2/c2-1(3,4)5(6)7",LFHISGNCFUNFFM-UHFFFAOYSA-N,CCl3NO2,164.37500000000003,defined_single_substance,resolved,true,qsar,null,"{""identity_verification"":{""cid"":6423,""method"":""pubchem_cid_direct_structure"",""source"":""PubChem PUG REST"",""screening_envelope"":{""mw"":[30.0,500.0],""heavy_atoms"":[2,36]}},""offline_seed"":""pubchem-registry-20260724-v1""}",verified,1
chloroprene,,Chloroprene,[],[],,31369,C=CC(=C)Cl,"InChI=1S/C4H5Cl/c1-3-4(2)5/h3H,1-2H2",YACLQRRMGMJLJV-UHFFFAOYSA-N,C4H5Cl,88.537,defined_single_substance,resolved,true,qsar,null,"{""identity_verification"":{""cid"":31369,""method"":""pubchem_cid_direct_structure"",""source"":""PubChem PUG REST"",""screening_envelope"":{""mw"":[30.0,500.0],""heavy_atoms"":[2,36]}},""offline_seed"":""pubchem-registry-20260724-v1""}",verified,1
chlorosuccinimide,,Chlorosuccinimide,[],[],,31398,O=C1CCC(=O)N1Cl,InChI=1S/C4H4ClNO2/c5-6-3(7)1-2-4(6)8/h1-2H2,JRNVZBWKYDBUCA-UHFFFAOYSA-N,C4H4ClNO2,133.534,defined_single_substance,resolved,true,qsar,null,"{""identity_verification"":{""cid"":31398,""method"":""pubchem_cid_direct_structure"",""source"":""PubChem PUG REST"",""screening_envelope"":{""mw"":[30.0,500.0],""heavy_atoms"":[2,36]}},""offline_seed"":""pubchem-registry-20260724-v1""}",verified,1
chlorosulfonic acid,,Chlorosulfonic acid,[],[],,24638,O=S(=O)(O)Cl,"InChI=1S/ClHO3S/c1-5(2,3)4/h(H,2,3,4)",XTHPWXDJESJLNJ-UHFFFAOYSA-N,ClHO3S,116.52499999999999,defined_single_substance,resolved,true,qsar,null,"{""identity_verification"":{""cid"":24638,""method"":""pubchem_cid_direct_structure"",""source"":""PubChem PUG REST"",""screening_envelope"":{""mw"":[30.0,500.0],""heavy_atoms"":[2,36]}},""offline_seed"":""pubchem-registry-20260724-v1""}",verified,1
chlorothalonil,,Chlorothalonil,[],[],,15910,N#Cc1c(Cl)c(Cl)c(Cl)c(C#N)c1Cl,InChI=1S/C8Cl4N2/c9-5-3(1-13)6(10)8(12)7(11)4(5)2-14,CRQQGFGUEAVUIL-UHFFFAOYSA-N,C8Cl4N2,265.914,defined_single_substance,resolved,true,qsar,null,"{""identity_verification"":{""cid"":15910,""method"":""pubchem_cid_direct_structure"",""source"":""PubChem PUG REST"",""screening_envelope"":{""mw"":[30.0,500.0],""heavy_atoms"":[2,36]}},""offline_seed"":""pubchem-registry-20260724-v1""}",verified,1
chlorpyrifos,,Chlorpyrifos,[],[],,2730,CCOP(=S)(OCC)Oc1nc(Cl)c(Cl)cc1Cl,"InChI=1S/C9H11Cl3NO3PS/c1-3-14-17(18,15-4-2)16-9-7(11)5-6(10)8(12)13-9/h5H,3-4H2,1-2H3",SBPBAQFWLVIOKP-UHFFFAOYSA-N,C9H11Cl3NO3PS,350.5909999999999,defined_single_substance,resolved,true,qsar,null,"{""identity_verification"":{""cid"":2730,""method"":""pubchem_cid_direct_structure"",""source"":""PubChem PUG REST"",""screening_envelope"":{""mw"":[30.0,500.0],""heavy_atoms"":[2,36]}},""offline_seed"":""pubchem-registry-20260724-v1""}",verified,1
chlorpyrifos-methyl,,Chlorpyrifos-methyl,[],[],,21803,COP(=S)(OC)Oc1nc(Cl)c(Cl)cc1Cl,"InChI=1S/C7H7Cl3NO3PS/c1-12-15(16,13-2)14-7-5(9)3-4(8)6(10)11-7/h3H,1-2H3",HRBKVYFZANMGRE-UHFFFAOYSA-N,C7H7Cl3NO3PS,322.5369999999999,defined_single_substance,resolved,true,qsar,null,"{""identity_verification"":{""cid"":21803,""method"":""pubchem_cid_direct_structure"",""source"":""PubChem PUG REST"",""screening_envelope"":{""mw"":[30.0,500.0],""heavy_atoms"":[2,36]}},""offline_seed"":""pubchem-registry-20260724-v1""}",verified,1
chlorthion,,Chlorthion,[],[],,10372,COP(=S)(OC)Oc1ccc([N+](=O)[O-])c(Cl)c1,"InChI=1S/C8H9ClNO5PS/c1-13-16(17,14-2)15-6-3-4-8(10(11)12)7(9)5-6/h3-5H,1-2H3",NZNRRXXETLSZRO-UHFFFAOYSA-N,C8H9ClNO5PS,297.65599999999995,defined_single_substance,resolved,true,qsar,null,"{""identity_verification"":{""cid"":10372,""method"":""pubchem_cid_direct_structure"",""source"":""PubChem PUG REST"",""screening_envelope"":{""mw"":[30.0,500.0],""heavy_atoms"":[2,36]}},""offline_seed"":""pubchem-registry-20260724-v1""}",verified,1
chlorthiophos i,,Chlorthiophos I,[],[],,30859,CCOP(=S)(OCC)Oc1cc(Cl)c(SC)cc1Cl,"InChI=1S/C11H15Cl2O3PS2/c1-4-14-17(18,15-5-2)16-10-6-9(13)11(19-3)7-8(10)12/h6-7H,4-5H2,1-3H3",JAZJVWLGNLCNDD-UHFFFAOYSA-N,C11H15Cl2O3PS2,361.25200000000007,defined_single_substance,resolved,true,qsar,null,"{""identity_verification"":{""cid"":30859,""method"":""pubchem_cid_direct_structure"",""source"":""PubChem PUG REST"",""screening_envelope"":{""mw"":[30.0,500.0],""heavy_atoms"":[2,36]}},""offline_seed"":""pubchem-registry-20260724-v1""}",verified,1
cid 106775,,CID 106775,[],[],,106775,CCC(O)C(C)=CC1(C)CC2C=CC1C2,"InChI=1S/C14H22O/c1-4-13(15)10(2)8-14(3)9-11-5-6-12(14)7-11/h5-6,8,11-13,15H,4,7,9H2,1-3H3",RZXAQFGBENAOAJ-UHFFFAOYSA-N,C14H22O,206.329,defined_single_substance,resolved,true,qsar,null,"{""identity_verification"":{""cid"":106775,""method"":""pubchem_cid_direct_structure"",""source"":""PubChem PUG REST"",""screening_envelope"":{""mw"":[30.0,500.0],""heavy_atoms"":[2,36]}},""offline_seed"":""pubchem-registry-20260724-v1""}",verified,1
cinnamaldehyde,Cinnamaldehyde,Cinnamaldehyde,[],"[""cinnamaldehyde"",""104-55-2"",""Zimtaldehyde"",""Cinnamal"",""3-Phenylacrylaldehyde"",""2-Propenal, 3-phenyl-"",""3-Phenylpropenal"",""Phenylacrolein"",""3-Phenyl-2-propenal"",""(E)-3-phenylprop-2-enal"",""Cassia aldehyde"",""Cinnamylaldehyde"",""3-Phenylacrolein"",""(E)-3-Phenyl-2-propenal"",""Cinnemaldehyde"",""Cinnamyl aldehyde"",""Abion CA"",""Benzylideneacetaldehyde"",""beta-Phenylcrolein"",""3-Fenylpropenal"",""3-Phenyl-2-propenaldehyde"",""3-Phenyl-2-propen-1-al"",""Acrolein, 3-phenyl-"",""FEMA No. 2286"",""Aldehyd skoricovy"",""NCI-C56111"",""Hefty Dog and Cat Repellent"",""SR60A3XG0F"",""NSC-16935"",""NSC-40346"",""(3E)-3-phenylprop-2-enal"",""(E)-3-Phenyl-propenal"",""XC-800"",""NSC16935"",""beta-phenylacrolein"",""RefChem:126247"",""cinnamic aldehyde, (E)-"",""trans-3-phenylprop-2-enaldehyde"",""203-213-9"",""604-377-8"",""805-158-1"",""3-phenylprop-2-enaldehyde"",""trans-Cinnamaldehyde"",""14371-10-9"",""Cinnamic aldehyde"",""(E)-Cinnamaldehyde"",""(2E)-3-phenylprop-2-enal"",""trans-Cinnamic aldehyde"",""2-propenal, 3-phenyl-, (2E)-"",""(E)-3-Phenylpropenal"",""trans-Cinnamylaldehyde"",""Cinnamaldehyde, (E)-"",""(2E)-3-Phenyl-2-propenal"",""trans-3-Phenyl-2-propenal"",""MFCD00007000"",""e-cinnamaldehyde"",""2-Propenal, 3-phenyl-, (E)-"",""(2E)-3-phenylacrylaldehyde"","".beta.-phenylacrolein"",""DTXSID6024834"",""Cinnamaldehyde, trans-"",""(E)-Cinnamic aldehyde"",""CHEMBL293492"",""CHEBI:16731"",""NCGC00091512-04"",""NSC 16935"",""WLN: VH1U1R"",""DTXCID504834"",""Caswell No. 221A"",""FEMA Number 2286"",""3-Fenylpropenal [Czech]"",""Aldehyd skoricovy [Czech]"",""Cinnamic aldehyde (natural)"",""CAS-14371-10-9"",""CCRIS 3189"",""CCRIS 6222"",""Cinnamaldehyde [NF]"",""HSDB 209"",""trans-3-Phenylacrylaldehyde"",""trans-cinnamyl aldehyde"",""EINECS 203-213-9"",""(E)-3-phenylacrylaldehyde"",""UNII-SR60A3XG0F"",""EPA Pesticide Chemical Code 040506"",""BRN 0605737"",""BRN 1071571"",""AI3-00473"",""AI3-33275"",""transcinnamaldehyde"",""trans cinnamaldehyde"",""CNMA"",""(trans)-cinnamaldehyde"",""trans cinnamic aldehyde"",""trans-cinnamic-aldehyde"",""trans-3-Phenylacrolein"",""trans-3-phenyl-propenal"",""bmse010257"",""Epitope ID:150921"",""CINNAMALDEHYDE [II]"",""CINNAMALDEHYDE [MI]"",""EC 203-213-9"",""SCHEMBL3441"",""trans-Cinnamaldehyde, 99%"",""(E)-3-phenyl-acrylaldehyde"",""CINNAMALDEHYDE [FCC]"",""SCHEMBL27745"",""CINNAMALDEHYDE [FHFI]"",""CINNAMALDEHYDE [HSDB]"",""2-07-00-00273 (Beilstein Handbook Reference)"",""4-07-00-00984 (Beilstein Handbook Reference)"",""MLS002454394"",""CINNAMALDEHYDE (TRANS)"",""trans-Cinnamaldehyde, >=99%"",""GTPL2423"",""orb1303386"",""orb3139931"",""SCHEMBL6765982"",""(E)-cinnamaldehyde (incorrect)"",""CINNAMALDEHYDE [USP-RS]"",""CINNAMALDEHYDE [WHO-DD]"",""trans-Cinnamaldehyde (Standard)"",""SCHEMBL20578746"",""trans-cinnamaldehyde (incorrect)"",""MSK2520"",""HMS2268O08"",""HMS3885E04"",""HMS5082M09"",""HY-N0609"",""HY-W019711R"",""NSC40346"",""Tox21_111144"",""Tox21_200272"",""Tox21_201804"",""Tox21_303271"",""BDBM50203065"",""EBC-00536"",""EBC-06164"",""s3763"",""SBB028652"",""AKOS000119171"",""Cinnamaldehyde, natural, >=95%, FG"",""CCG-266119"",""DB14184"",""FC30856"",""FT34719"",""T3S1553"",""T4S1551"",""Cinnamaldehyde 100 microg/mL in Toluene"",""NCGC00091512-01"",""NCGC00091512-02"",""NCGC00091512-05"",""NCGC00091512-06"",""NCGC00091512-07"",""NCGC00257017-01"",""NCGC00257826-01"",""NCGC00259353-01"",""trans-Cinnamaldehyde, analytical standard"",""AS-12078"",""AS-75456"",""CAS-104-55-2"",""SMR000112334"",""trans-Cinnamaldehyde, >=98%, FCC, FG"",""(E)-3-phenyl-2-propenal(E)-cinnamaldehyde"",""DB-003796"",""CS-0009609"",""NS00003408"",""ST50213393"",""EN300-19160"",""C00903"",""Cinnamaldehyde, Vetec(TM) reagent grade, 93%"",""D72477"",""EN300-735819"",""SBI-0635072.0002"",""(E)-Cinnamaldehyde; (2E)-3-phenyl-2-propenal"",""F224150"",""Q204036"",""BRD-K38088841-001-01-7"",""B99DD6C7-1C6D-4FE3-A172-54BFDB987683"",""Z3219847383"",""CINNAMALDEHYDE (CONSTITUENT OF CINNAMOMUM VERUM BARK) [DSC]"",""Cinnamaldehyde, United States Pharmacopeia (USP) Reference Standard"",""InChI=1/C9H8O/c10-8-4-7-9-5-2-1-3-6-9/h1-8H/b7-4"",""TRANS-CINNAMALDEHYDE (CONSTITUENT OF CINNAMOMUM CASSIA BARK) [DSC]""]",104-55-2,637511,O=C/C=C/c1ccccc1,InChI=1S/C9H8O/c10-8-4-7-9-5-2-1-3-6-9/h1-8H/b7-4+,KJPRLNWUNMBNBZ-QPJJXVBHSA-N,C9H8O,132.16,defined_single_substance,resolved,true,qsar,null,"{""pubchem"":{""cid"":637511,""reason_th"":""พบโครงสร้างโมเลกุลเดี่ยวจาก PubChem แต่ต้องยืนยันตัวตนก่อนส่งเข้า QSAR"",""fetched_at"":""2026-07-24T14:43:41.179325+00:00"",""source_url"":""https://pubchem.ncbi.nlm.nih.gov/compound/637511"",""reason_code"":""awaiting_verification"",""proposed_qsar_eligible"":true},""last_review"":{""action"":""verify"",""reviewed_at"":""2026-07-24T14:43:41.219993+00:00"",""reviewer_note"":""Catalog seed accepted only after exact canonical structure match with PubChem""},""first_source"":""manual:pubchem_lookup"",""observations"":[{""source"":""manual:pubchem_lookup"",""seen_at"":""2026-07-24T14:43:41.182420+00:00"",""observed_name"":""Cinnamaldehyde"",""ocr_confidence"":null}],""offline_seed"":""pubchem-registry-20260724-v1""}",verified,2
citric acid,Citric Acid,Citric Acid,[],"[""citric acid"",""77-92-9"",""2-hydroxypropane-1,2,3-tricarboxylic acid"",""Citric acid, anhydrous"",""Aciletten"",""Anhydrous citric acid"",""Citro"",""Citretten"",""Citric acid anhydrous"",""Chemfill"",""Hydrocerol A"",""1,2,3-Propanetricarboxylic acid, 2-hydroxy-"",""2-hydroxy-1,2,3-propanetricarboxylic acid"",""Kyselina citronova"",""2-Hydroxytricarballylic acid"",""beta-Hydroxytricarballylic acid"",""3-Carboxy-3-hydroxypentane-1,5-dioic acid"",""FEMA No. 2306"",""FEMA Number 2306"",""Citric acid,anhydrous"",""Citricum acidum"",""Citric acid monoglyceride"",""Acidum citricum"",""DTXSID3020332"",""Citric acid bp"",""XF417D3PSL"",""NSC-30279"",""Citric acid,hydrous"",""NSC-626579"",""Citric acid, hydrous"",""NSC30279"",""NSC-112226"",""E330"",""DTXCID50332"",""2-hydroxy-1,2,3-propanetricarboxyic acid"",""INS NO.330"",""CHEBI:30769"",""INS-330"",""B1650"",""E-330"",""CLENPIQ COMPONENT ANHYDROUS CITRIC ACID"",""2-hydroxy-1,2,3-propane-tricarboxylic acid"",""Bio-Active"",""Pleo Citro"",""Urologic G"",""ACD Solution Modified"",""RefChem:6630"",""Citric Buffered Normal Saline"",""BETA-HYDROXY-TRICARBOXYLIC ACID"",""2-(carboxymethyl)-2-hydroxybutanedioate;hydron"",""2-Hydroxy-1,2,3-propanetricarboxylic Acid, Anhydrous"",""201-069-1"",""680-681-4"",""920-306-6"",""921-454-4"",""hydron;2-hydroxypropane-1,2,3-tricarboxylate"",""Caswell No. 221C"",""2-Hydroxypropanetricarboxylic acid"",""C6H8O7"",""K-Lyte"",""Kyselina citronova [Czech]"",""K-Lyte DS"",""CCRIS 3292"",""HSDB 911"",""EPA Pesticide Chemical Code 021801"",""Uro-trainer"",""AI3-06286"",""Suby G"",""NSC 30279"",""NSC 626579"",""BRN 0782061"",""MFCD00011669"",""79586-22-4"",""CHEMBL1261"",""Kyselina 2-hydroxy-1,2,3-propantrikarbonova [Czech]"",""Kyselina 2-hydroxy-1,2,3-propantrikarbonova"",""Ubiquitin"","".beta.-Hydroxytricarballylic acid"",""citr"",""NSC626579"",""Citric acid, 99%"",""NCGC00090954-03"",""A1ERA"",""E 330"",""1,2,3-Tricarboxy-2-hydroxypropane;"",""Citric acid [USAN:JAN]"",""CAS-77-92-9"",""141633-96-7"",""1,3-Propanetricarboxylic acid, 2-hydroxy-"",""Boric acid-potassium chloride-sodium hydroxide buffer"",""FLC"",""EINECS 201-069-1"",""UNII-XF417D3PSL"",""Citraclean"",""Citronensaeure"",""citric-acid"",""Citric Acid Anhydrous; 2-Hydroxypropane-1,2,3-tricarboxylic acid"",""Anhydrous citrate"",""2fwp"",""4aci"",""4nrm"",""H3cit"",""Citric acid, anhydrous [USP:JAN]"",""Citric acid (8CI)"",""K-Lyte (Salt/Mix)"",""1i2s"",""1o4l"",""1rq2"",""1y4a"",""2bo4"",""2c4v"",""2fw6"",""4to8"",""Citraclean (Salt/Mix)"",""Spectrum3_001850"",""WLN: QV1XQVQ1VQ"",""beta-Hydroxytricarballylate"",""cid_311"",""K-Lyte/Cl (Salt/Mix)"",""CITRIC ACID [MI]"",""K-Lyte DS (Salt/Mix)"",""SCHEMBL842"",""bmse000076"",""HOC(CH2COOH)2COOH"",""EC 201-069-1"",""CITRIC ACID [FHFI]"",""CITRIC ACID [HSDB]"",""NCIStruc1_000057"",""NCIStruc2_000099"",""NCIOpen2_004062"",""NCIOpen2_004502"",""Oprea1_502996"",""BSPBio_003240"",""Citric acid (anhydrous) CRS"",""134367-01-4"",""4-03-00-01272 (Beilstein Handbook Reference)"",""Citric Acid, anhydrous, USP"",""MLS001066346"",""CITRIC ACID [WHO-DD]"",""Citric acid, anhydrous (USP)"",""CITRICUM ACIDUM [HPUS]"",""Anhydrous citric acid (JP18)"",""GTPL2478"",""orb1224014"",""orb1301333"",""orb3140422"",""Citric acid, analytical standard"",""BDBM14672"",""BETZ 6251"",""Citric acid, p.a., 99.5%"",""KBio3_002740"",""Citric Acid, anhydrous, granular"",""MSK4426"",""4o61"",""Citric acid, Electrophoresis Grade"",""HMS1787N01"",""HMS2268B04"",""HMS5085B05"",""Pharmakon1600-01300013"",""ANHYDROUS CITRIC ACID [II]"",""ANHYDROUS CITRIC ACID [JAN]"",""HY-N1428"",""STR12052"",""1,2,3-Tricarboxy-2-hydroxypropane"",""Tox21_113436"",""Tox21_202405"",""Tox21_300124"",""BBL002530"",""EBC-26171"",""NSC759606"",""s5761"",""SBB008922"",""STK286098"",""Citric Acid, anhydrous granular, ACS"",""CITRIC ACID,ANHYDROUS [VANDF]"",""AKOS000119911"",""ANHYDROUS CITRIC ACID [MART.]"",""Citric Acid, anhydrous, fine granular"",""Citric acid, LR, anhydrous, >=99%"",""ACIDUM CITRICUM [WHO-IP LATIN]"",""CS-6965"",""DB04272"",""FC02313"",""T5S0636"",""3-Carboxy-3-hydroxypentane-1,5-dioate"",""Citric acid, >=99.5%, FCC, FG"",""Citric acid, ACS reagent, >=99.5%"",""Citric Acid, anhydrous powder, A.C.S."",""2-Hydroxy-1,3-propanetricarboxylic acid"",""CITRIC ACID, ANHYDROUS [WHO-IP]"",""NCGC00090954-01"",""NCGC00090954-02"",""NCGC00090954-04"",""NCGC00090954-05"",""NCGC00090954-06"",""NCGC00254055-01"",""NCGC00259954-01"",""2-hydroxypropane-1,2,3-tricarboxylicacid"",""BP-31028"",""DA-72240""]",77-92-9,311,O=C(O)CC(O)(CC(=O)O)C(=O)O,"InChI=1S/C6H8O7/c7-3(8)1-6(13,5(11)12)2-4(9)10/h13H,1-2H2,(H,7,8)(H,9,10)(H,11,12)",KRKNYBCHXYNGOX-UHFFFAOYSA-N,C6H8O7,192.12,defined_single_substance,resolved,true,qsar,null,"{""pubchem"":{""cid"":311,""reason_th"":""พบโครงสร้างโมเลกุลเดี่ยวจาก PubChem แต่ต้องยืนยันตัวตนก่อนส่งเข้า QSAR"",""fetched_at"":""2026-07-24T14:43:18.214440+00:00"",""source_url"":""https://pubchem.ncbi.nlm.nih.gov/compound/311"",""reason_code"":""awaiting_verification"",""proposed_qsar_eligible"":true},""last_review"":{""action"":""verify"",""reviewed_at"":""2026-07-24T14:43:18.251625+00:00"",""reviewer_note"":""Catalog seed accepted only after exact canonical structure match with PubChem""},""first_source"":""manual:pubchem_lookup"",""observations"":[{""source"":""manual:pubchem_lookup"",""seen_at"":""2026-07-24T14:43:18.217037+00:00"",""observed_name"":""Citric Acid"",""ocr_confidence"":null}],""offline_seed"":""pubchem-registry-20260724-v1""}",verified,2
citronellal,,Citronellal,[],[],,7794,CC(C)=CCCC(C)CC=O,"InChI=1S/C10H18O/c1-9(2)5-4-6-10(3)7-8-11/h5,8,10H,4,6-7H2,1-3H3",NEHNMFOYXAPHSD-UHFFFAOYSA-N,C10H18O,154.253,defined_single_substance,resolved,true,qsar,null,"{""identity_verification"":{""cid"":7794,""method"":""pubchem_cid_direct_structure"",""source"":""PubChem PUG REST"",""screening_envelope"":{""mw"":[30.0,500.0],""heavy_atoms"":[2,36]}},""offline_seed"":""pubchem-registry-20260724-v1""}",verified,1
citronellol,,Citronellol,[],[],,8842,CC(C)=CCCC(C)CCO,"InChI=1S/C10H20O/c1-9(2)5-4-6-10(3)7-8-11/h5,10-11H,4,6-8H2,1-3H3",QMVPMAAFGQKVCJ-UHFFFAOYSA-N,C10H20O,156.26899999999998,defined_single_substance,resolved,true,qsar,null,"{""identity_verification"":{""cid"":8842,""method"":""pubchem_cid_direct_structure"",""source"":""PubChem PUG REST"",""screening_envelope"":{""mw"":[30.0,500.0],""heavy_atoms"":[2,36]}},""offline_seed"":""pubchem-registry-20260724-v1""}",verified,1
clethodim,,Clethodim,[],[],,136469009,CCSC(C)CC1CC(=O)C(C(CC)=NOC/C=C/Cl)=C(O)C1,"InChI=1S/C17H26ClNO3S/c1-4-14(19-22-8-6-7-18)17-15(20)10-13(11-16(17)21)9-12(3)23-5-2/h6-7,12-13,20H,4-5,8-11H2,1-3H3/b7-6+,19-14?",SILSDTWXNBZOGF-JWGBMQLESA-N,C17H26ClNO3S,359.91900000000004,defined_single_substance,resolved,true,qsar,null,"{""identity_verification"":{""cid"":136469009,""method"":""pubchem_cid_direct_structure"",""source"":""PubChem PUG REST"",""screening_envelope"":{""mw"":[30.0,500.0],""heavy_atoms"":[2,36]}},""offline_seed"":""pubchem-registry-20260724-v1""}",verified,1
clodinafop-propargyl,,Clodinafop-propargyl,[],[],,92431,C#CCOC(=O)[C@@H](C)Oc1ccc(Oc2ncc(Cl)cc2F)cc1,"InChI=1S/C17H13ClFNO4/c1-3-8-22-17(21)11(2)23-13-4-6-14(7-5-13)24-16-15(19)9-12(18)10-20-16/h1,4-7,9-11H,8H2,2H3/t11-/m1/s1",JBDHZKLJNAIJNC-LLVKDONJSA-N,C17H13ClFNO4,349.74500000000006,defined_single_substance,resolved,true,qsar,null,"{""identity_verification"":{""cid"":92431,""method"":""pubchem_cid_direct_structure"",""source"":""PubChem PUG REST"",""screening_envelope"":{""mw"":[30.0,500.0],""heavy_atoms"":[2,36]}},""offline_seed"":""pubchem-registry-20260724-v1""}",verified,1
clofop-isobutyl,,Clofop-isobutyl,[],[],,100039,CC(C)COC(=O)C(C)Oc1ccc(Oc2ccc(Cl)cc2)cc1,"InChI=1S/C19H21ClO4/c1-13(2)12-22-19(21)14(3)23-16-8-10-18(11-9-16)24-17-6-4-15(20)5-7-17/h4-11,13-14H,12H2,1-3H3",XNBRPBFBBCFVEH-UHFFFAOYSA-N,C19H21ClO4,348.826,defined_single_substance,resolved,true,qsar,null,"{""identity_verification"":{""cid"":100039,""method"":""pubchem_cid_direct_structure"",""source"":""PubChem PUG REST"",""screening_envelope"":{""mw"":[30.0,500.0],""heavy_atoms"":[2,36]}},""offline_seed"":""pubchem-registry-20260724-v1""}",verified,1
clopyralid,,Clopyralid,[],[],,15553,O=C(O)c1nc(Cl)ccc1Cl,"InChI=1S/C6H3Cl2NO2/c7-3-1-2-4(8)9-5(3)6(10)11/h1-2H,(H,10,11)",HUBANNPOLNYSAD-UHFFFAOYSA-N,C6H3Cl2NO2,192.001,defined_single_substance,resolved,true,qsar,null,"{""identity_verification"":{""cid"":15553,""method"":""pubchem_cid_direct_structure"",""source"":""PubChem PUG REST"",""screening_envelope"":{""mw"":[30.0,500.0],""heavy_atoms"":[2,36]}},""offline_seed"":""pubchem-registry-20260724-v1""}",verified,1
clothianidin,,Clothianidin,[],[],,86287519,CN/C(=N\[N+](=O)[O-])NCc1cnc(Cl)s1,"InChI=1S/C6H8ClN5O2S/c1-8-6(11-12(13)14)10-3-4-2-9-5(7)15-4/h2H,3H2,1H3,(H2,8,10,11)",PGOOBECODWQEAB-UHFFFAOYSA-N,C6H8ClN5O2S,249.683,defined_single_substance,resolved,true,qsar,null,"{""identity_verification"":{""cid"":86287519,""method"":""pubchem_cid_direct_structure"",""source"":""PubChem PUG REST"",""screening_envelope"":{""mw"":[30.0,500.0],""heavy_atoms"":[2,36]}},""offline_seed"":""pubchem-registry-20260724-v1""}",verified,1
clozapine,,Clozapine,[],[],,135398737,CN1CCN(C2=Nc3cc(Cl)ccc3Nc3ccccc32)CC1,"InChI=1S/C18H19ClN4/c1-22-8-10-23(11-9-22)18-14-4-2-3-5-15(14)20-16-7-6-13(19)12-17(16)21-18/h2-7,12,20H,8-11H2,1H3",QZUDBNBUXVUHMW-UHFFFAOYSA-N,C18H19ClN4,326.8310000000001,defined_single_substance,resolved,true,qsar,null,"{""identity_verification"":{""cid"":135398737,""method"":""pubchem_cid_direct_structure"",""source"":""PubChem PUG REST"",""screening_envelope"":{""mw"":[30.0,500.0],""heavy_atoms"":[2,36]}},""offline_seed"":""pubchem-registry-20260724-v1""}",verified,1
cocaine,,Cocaine,[],[],,446220,COC(=O)[C@H]1[C@@H](OC(=O)c2ccccc2)C[C@@H]2CC[C@H]1N2C,"InChI=1S/C17H21NO4/c1-18-12-8-9-13(18)15(17(20)21-2)14(10-12)22-16(19)11-6-4-3-5-7-11/h3-7,12-15H,8-10H2,1-2H3/t12-,13+,14-,15+/m0/s1",ZPUCINDJVBIVPJ-LJISPDSOSA-N,C17H21NO4,303.35800000000006,defined_single_substance,resolved,true,qsar,null,"{""identity_verification"":{""cid"":446220,""method"":""pubchem_cid_direct_structure"",""source"":""PubChem PUG REST"",""screening_envelope"":{""mw"":[30.0,500.0],""heavy_atoms"":[2,36]}},""offline_seed"":""pubchem-registry-20260724-v1""}",verified,1
codeine,,Codeine,[],[],,5284371,COc1ccc2c3c1O[C@H]1[C@@H](O)C=C[C@H]4[C@@H](C2)N(C)CC[C@@]341,"InChI=1S/C18H21NO3/c1-19-8-7-18-11-4-5-13(20)17(18)22-16-14(21-2)6-3-10(15(16)18)9-12(11)19/h3-6,11-13,17,20H,7-9H2,1-2H3/t11-,12+,13-,17-,18-/m0/s1",OROGSEYTTFOCAN-DNJOTXNNSA-N,C18H21NO3,299.37,defined_single_substance,resolved,true,qsar,null,"{""identity_verification"":{""cid"":5284371,""method"":""pubchem_cid_direct_structure"",""source"":""PubChem PUG REST"",""screening_envelope"":{""mw"":[30.0,500.0],""heavy_atoms"":[2,36]}},""offline_seed"":""pubchem-registry-20260724-v1""}",verified,1
coumafuryl,,Coumafuryl,[],[],,54689800,CC(=O)CC(c1ccco1)c1c(O)c2ccccc2oc1=O,"InChI=1S/C17H14O5/c1-10(18)9-12(13-7-4-8-21-13)15-16(19)11-5-2-3-6-14(11)22-17(15)20/h2-8,12,19H,9H2,1H3",JFIXKFSJCQNGEK-UHFFFAOYSA-N,C17H14O5,298.294,defined_single_substance,resolved,true,qsar,null,"{""identity_verification"":{""cid"":54689800,""method"":""pubchem_cid_direct_structure"",""source"":""PubChem PUG REST"",""screening_envelope"":{""mw"":[30.0,500.0],""heavy_atoms"":[2,36]}},""offline_seed"":""pubchem-registry-20260724-v1""}",verified,1
coumaphos,,Coumaphos,[],[],,2871,CCOP(=S)(OCC)Oc1ccc2c(C)c(Cl)c(=O)oc2c1,"InChI=1S/C14H16ClO5PS/c1-4-17-21(22,18-5-2)20-10-6-7-11-9(3)13(15)14(16)19-12(11)8-10/h6-8H,4-5H2,1-3H3",BXNANOICGRISHX-UHFFFAOYSA-N,C14H16ClO5PS,362.77100000000013,defined_single_substance,resolved,true,qsar,null,"{""identity_verification"":{""cid"":2871,""method"":""pubchem_cid_direct_structure"",""source"":""PubChem PUG REST"",""screening_envelope"":{""mw"":[30.0,500.0],""heavy_atoms"":[2,36]}},""offline_seed"":""pubchem-registry-20260724-v1""}",verified,1
coumarin,Coumarin,Coumarin,[],"[""coumarin"",""91-64-5"",""2H-Chromen-2-one"",""2H-1-Benzopyran-2-one"",""cumarin"",""1,2-Benzopyrone"",""chromen-2-one"",""Tonka bean camphor"",""Rattex"",""Coumarinic anhydride"",""Coumarine"",""cis-o-Coumarinic acid lactone"",""Coumarinic lactone"",""o-Hydroxycinnamic acid lactone"",""Benzo-alpha-pyrone"",""5,6-Benzo-2-pyrone"",""o-Hydroxycinnamic lactone"",""2-Oxo-1,2-benzopyran"",""Kumarin"",""2H-Benzo(b)pyran-2-one"",""2H-1-Benzopyran, 2-oxo-"",""5,6-Benzo-alpha-pyrone"",""Benzo-a-pyrone"",""o-Coumaric acid lactone"",""o-Hydroxyzimtsaure-lacton"",""Coumarinum"",""DTXSID7020348"",""cis-o-Coumaric acid anhydride"",""2H-Benzo[b]pyran-2-one"",""2-Propenoic acid, 3-(2-hydroxyphenyl)-, delta-lactone"",""2-oxo-2H-1-benzopyran"",""Cinnamic acid, o-hydroxy-, delta-lactone"",""NSC-8774"",""A4VZ22K1WT"",""Nci-c07103"",""Coumarin (prohibited)"",""CHEBI:28794"",""NSC8774"",""o-hydroxycinnamic acid delta-lactone"",""DTXCID50348"",""Lodema"",""Coumarin Phenolic"",""Coumarin 1513"",""RefChem:5706"",""202-086-7"",""Kumarin [Czech]"",""103802-83-1"",""Caswell No. 259C"",""NCI C07103"",""chromenone"",""o-Hydroxyzimtsaure-lacton [German]"",""NSC 8774"",""MFCD00006850"",""EPA Pesticide Chemical Code 127301"",""BRN 0383644"",""Benzo-.alpha.-pyrone"",""AI3-00753"",""3-(2-Hydroxyphenyl)-2-propenoic delta-lactone"",""CHEMBL6466"",""2-Propenoic acid, 3-(2-hydroxyphenyl)-delta-lactone"",""MLS000028741"",""NCGC00091502-01"",""Coumarin, >=98%"",""SMR000059040"",""ST023509"",""2h-chromene-2-one"",""2-Propenoic acid, 3-(2-hydroxyphenyl)-, d-lactone"",""1-Benzopyran-2-one"",""2-Propenoic acid, 3-(2-hydroxyphenyl)-, .delta.-lactone"",""benzopyranone"",""CAS-91-64-5"",""Coumarin [NF]"",""COU"",""CCRIS 181"",""2H-Benzopyran-2-one"",""HSDB 1623"",""SR-01000721887"",""EINECS 202-086-7"",""UNII-A4VZ22K1WT"",""chromen-one"",""a coumarin"",""coumarin-"",""Coumarin CRS"",""benzopyrylium olate"",""Coumarin (DCF)"",""1, 2-Benzopyrone"",""a 1,2-benzopyrone"",""Coumarin (Standard)"",""Venalot mono (TN)"",""Spectrum_001336"",""COUMARIN [HSDB]"",""COUMARIN [IARC]"",""Opera_ID_268"",""2H-Chromen-2-one #"",""COUMARIN [MI]"",""2H-1-benzopyran-2-on"",""Spectrum2_000303"",""Spectrum3_001772"",""Spectrum4_001818"",""Spectrum5_000555"",""COUMARINUM [HPUS]"",""COUMARIN [MART.]"",""bmse000077"",""COUMARIN [WHO-DD]"",""Epitope ID:114082"",""EC 202-086-7"",""SCHEMBL6252"",""WLN: T66 BOVJ"",""SCHEMBL25909"",""BSPBio_003263"",""KBioGR_002460"",""KBioSS_001816"",""5-17-10-00143 (Beilstein Handbook Reference)"",""MLS001148422"",""MLS002454395"",""{2H-Benzo[b]pyran-2-one}"",""BIDD:ER0667"",""SCHEMBL154753"",""SCHEMBL157615"",""SCHEMBL158062"",""SCHEMBL159837"",""SCHEMBL453408"",""SPECTRUM1400208"",""SPBio_000266"",""orb1223658"",""orb1310304"",""orb3025741"",""SCHEMBL1038138"",""SCHEMBL1041307"",""SCHEMBL3441294"",""Cinnamic acid, .delta.-lactone"",""Coumarin, >=99% (HPLC)"",""SCHEMBL12612026"",""SCHEMBL12612153"",""SCHEMBL16908406"",""SCHEMBL29385611"",""BDBM12342"",""HY-N0709R"",""KBio2_001816"",""KBio2_004384"",""KBio2_006952"",""KBio3_002764"",""GLXC-19130"",""HMS1923M11"",""HMS2091E19"",""HMS2232H18"",""HMS3369L08"",""HMS3652B05"",""HMS3885D09"",""HMS5082H04"",""Pharmakon1600-01400208"",""HY-N0709"",""Tox21_111141"",""Tox21_202427"",""Tox21_300057"",""CCG-38580"",""EBC-44176"",""MSK000944"",""NSC755852"",""s4170"",""SBB000094"",""STK066167"",""COUMARIN (PROHIBITED) [FHFI]"",""AKOS000120175"",""Tox21_111141_1"",""2H-chromen-2-one (ACD/Name 4.0)"",""CR-0048"",""CS-8148"",""DB04665"",""FC20572"",""NSC-755852"",""SDCCGMLS-0066912.P001"",""NCGC00091502-02"",""NCGC00091502-03"",""NCGC00091502-04"",""NCGC00091502-05"",""NCGC00091502-06"",""NCGC00091502-07"",""NCGC00091502-08"",""NCGC00091502-09"",""NCGC00091502-11"",""NCGC00091502-12"",""NCGC00091502-16"",""NCGC00254092-01"",""NCGC00259976-01"",""Coumarin 1000 microg/mL in Acetonitrile"",""NCI60_041938"",""SBI-0061760.P002"",""DB-057267"",""DB-261057"",""C5782"",""Cinnamic acid, o-hydroxy-, .delta.-lactone"",""Coumarin, Vetec(TM) reagent grade, >=99%"",""NS00002381"",""SW220278-1"",""EN300-18115"",""BIM-0061760.0001"",""C05851"",""D07751"",""D81844""]",91-64-5,323,O=c1ccc2ccccc2o1,InChI=1S/C9H6O2/c10-9-6-5-7-3-1-2-4-8(7)11-9/h1-6H,ZYGHJZDHTFUPRJ-UHFFFAOYSA-N,C9H6O2,146.14,defined_single_substance,resolved,true,qsar,null,"{""pubchem"":{""cid"":323,""reason_th"":""พบโครงสร้างโมเลกุลเดี่ยวจาก PubChem แต่ต้องยืนยันตัวตนก่อนส่งเข้า QSAR"",""fetched_at"":""2026-07-24T14:43:52.451629+00:00"",""source_url"":""https://pubchem.ncbi.nlm.nih.gov/compound/323"",""reason_code"":""awaiting_verification"",""proposed_qsar_eligible"":true},""last_review"":{""action"":""verify"",""reviewed_at"":""2026-07-24T14:43:52.470835+00:00"",""reviewer_note"":""Catalog seed accepted only after exact canonical structure match with PubChem""},""first_source"":""manual:pubchem_lookup"",""observations"":[{""source"":""manual:pubchem_lookup"",""seen_at"":""2026-07-24T14:43:52.454839+00:00"",""observed_name"":""Coumarin"",""ocr_confidence"":null}],""offline_seed"":""pubchem-registry-20260724-v1""}",verified,2
coumatetralyl,,Coumatetralyl,[],[],,54678504,O=c1oc2ccccc2c(O)c1C1CCCc2ccccc21,"InChI=1S/C19H16O3/c20-18-15-9-3-4-11-16(15)22-19(21)17(18)14-10-5-7-12-6-1-2-8-13(12)14/h1-4,6,8-9,11,14,20H,5,7,10H2",ULSLJYXHZDTLQK-UHFFFAOYSA-N,C19H16O3,292.334,defined_single_substance,resolved,true,qsar,null,"{""identity_verification"":{""cid"":54678504,""method"":""pubchem_cid_direct_structure"",""source"":""PubChem PUG REST"",""screening_envelope"":{""mw"":[30.0,500.0],""heavy_atoms"":[2,36]}},""offline_seed"":""pubchem-registry-20260724-v1""}",verified,1
coumithoate,,Coumithoate,[],[],,11307,CCOP(=S)(OCC)Oc1ccc2c3c(c(=O)oc2c1)CCCC3,"InChI=1S/C17H21O5PS/c1-3-19-23(24,20-4-2)22-12-9-10-14-13-7-5-6-8-15(13)17(18)21-16(14)11-12/h9-11H,3-8H2,1-2H3",NSMRHYDOKZAMKJ-UHFFFAOYSA-N,C17H21O5PS,368.39100000000025,defined_single_substance,resolved,true,qsar,null,"{""identity_verification"":{""cid"":11307,""method"":""pubchem_cid_direct_structure"",""source"":""PubChem PUG REST"",""screening_envelope"":{""mw"":[30.0,500.0],""heavy_atoms"":[2,36]}},""offline_seed"":""pubchem-registry-20260724-v1""}",verified,1
crotonaldehyde,,Crotonaldehyde,[],[],,447466,C/C=C/C=O,"InChI=1S/C4H6O/c1-2-3-4-5/h2-4H,1H3/b3-2+",MLUCVPSAIODCQM-NSCUHMNNSA-N,C4H6O,70.09100000000001,defined_single_substance,resolved,true,qsar,null,"{""identity_verification"":{""cid"":447466,""method"":""pubchem_cid_direct_structure"",""source"":""PubChem PUG REST"",""screening_envelope"":{""mw"":[30.0,500.0],""heavy_atoms"":[2,36]}},""offline_seed"":""pubchem-registry-20260724-v1""}",verified,1
crotoxyphos,,Crotoxyphos,[],[],,5371578,COP(=O)(OC)O/C(C)=C/C(=O)OC(C)c1ccccc1,"InChI=1S/C14H19O6P/c1-11(20-21(16,17-3)18-4)10-14(15)19-12(2)13-8-6-5-7-9-13/h5-10,12H,1-4H3/b11-10+",XXXSILNSXNPGKG-ZHACJKMWSA-N,C14H19O6P,314.274,defined_single_substance,resolved,true,qsar,null,"{""identity_verification"":{""cid"":5371578,""method"":""pubchem_cid_direct_structure"",""source"":""PubChem PUG REST"",""screening_envelope"":{""mw"":[30.0,500.0],""heavy_atoms"":[2,36]}},""offline_seed"":""pubchem-registry-20260724-v1""}",verified,1
crufomate,,Crufomate,[],[],,9300,CNP(=O)(OC)Oc1ccc(C(C)(C)C)cc1Cl,"InChI=1S/C12H19ClNO3P/c1-12(2,3)9-6-7-11(10(13)8-9)17-18(15,14-4)16-5/h6-8H,1-5H3,(H,14,15)",BOFHKBLZOYVHSI-UHFFFAOYSA-N,C12H19ClNO3P,291.7149999999999,defined_single_substance,resolved,true,qsar,null,"{""identity_verification"":{""cid"":9300,""method"":""pubchem_cid_direct_structure"",""source"":""PubChem PUG REST"",""screening_envelope"":{""mw"":[30.0,500.0],""heavy_atoms"":[2,36]}},""offline_seed"":""pubchem-registry-20260724-v1""}",verified,1
cyanofenphos,,Cyanofenphos,[],[],,25669,CCOP(=S)(Oc1ccc(C#N)cc1)c1ccccc1,"InChI=1S/C15H14NO2PS/c1-2-17-19(20,15-6-4-3-5-7-15)18-14-10-8-13(12-16)9-11-14/h3-11H,2H2,1H3",LRNJHZNPJSPMGK-UHFFFAOYSA-N,C15H14NO2PS,303.32300000000004,defined_single_substance,resolved,true,qsar,null,"{""identity_verification"":{""cid"":25669,""method"":""pubchem_cid_direct_structure"",""source"":""PubChem PUG REST"",""screening_envelope"":{""mw"":[30.0,500.0],""heavy_atoms"":[2,36]}},""offline_seed"":""pubchem-registry-20260724-v1""}",verified,1
cyanophos,,Cyanophos,[],[],,17522,COP(=S)(OC)Oc1ccc(C#N)cc1,"InChI=1S/C9H10NO3PS/c1-11-14(15,12-2)13-9-5-3-8(7-10)4-6-9/h3-6H,1-2H3",SCKHCCSZFPSHGR-UHFFFAOYSA-N,C9H10NO3PS,243.224,defined_single_substance,resolved,true,qsar,null,"{""identity_verification"":{""cid"":17522,""method"":""pubchem_cid_direct_structure"",""source"":""PubChem PUG REST"",""screening_envelope"":{""mw"":[30.0,500.0],""heavy_atoms"":[2,36]}},""offline_seed"":""pubchem-registry-20260724-v1""}",verified,1
cyanthoate,,Cyanthoate,[],[],,77322,CCOP(=O)(OCC)SCC(=O)NC(C)(C)C#N,"InChI=1S/C10H19N2O4PS/c1-5-15-17(14,16-6-2)18-7-9(13)12-10(3,4)8-11/h5-7H2,1-4H3,(H,12,13)",TWDJIKFUVRYBJF-UHFFFAOYSA-N,C10H19N2O4PS,294.31300000000005,defined_single_substance,resolved,true,qsar,null,"{""identity_verification"":{""cid"":77322,""method"":""pubchem_cid_direct_structure"",""source"":""PubChem PUG REST"",""screening_envelope"":{""mw"":[30.0,500.0],""heavy_atoms"":[2,36]}},""offline_seed"":""pubchem-registry-20260724-v1""}",verified,1
cyclobenzaprine,,Cyclobenzaprine,[],[],,2895,CN(C)CCC=C1c2ccccc2C=Cc2ccccc21,"InChI=1S/C20H21N/c1-21(2)15-7-12-20-18-10-5-3-8-16(18)13-14-17-9-4-6-11-19(17)20/h3-6,8-14H,7,15H2,1-2H3",JURKNVYFZMSNLP-UHFFFAOYSA-N,C20H21N,275.39500000000004,defined_single_substance,resolved,true,qsar,null,"{""identity_verification"":{""cid"":2895,""method"":""pubchem_cid_direct_structure"",""source"":""PubChem PUG REST"",""screening_envelope"":{""mw"":[30.0,500.0],""heavy_atoms"":[2,36]}},""offline_seed"":""pubchem-registry-20260724-v1""}",verified,1
cyclohexane,,Cyclohexane,[],[],,8078,C1CCCCC1,InChI=1S/C6H12/c1-2-4-6-5-3-1/h1-6H2,XDTMQSROBMDMFD-UHFFFAOYSA-N,C6H12,84.162,defined_single_substance,resolved,true,qsar,null,"{""identity_verification"":{""cid"":8078,""method"":""pubchem_cid_direct_structure"",""source"":""PubChem PUG REST"",""screening_envelope"":{""mw"":[30.0,500.0],""heavy_atoms"":[2,36]}},""offline_seed"":""pubchem-registry-20260724-v1""}",verified,1
"cyclohexane, (dimethoxymethylsilyl)-",,"Cyclohexane, (dimethoxymethylsilyl)-",[],[],,569301,CO[Si](C)(OC)C1CCCCC1,"InChI=1S/C9H20O2Si/c1-10-12(3,11-2)9-7-5-4-6-8-9/h9H,4-8H2,1-3H3",SJJCABYOVIHNPZ-UHFFFAOYSA-N,C9H20O2Si,188.34299999999996,defined_single_substance,resolved,true,qsar,null,"{""identity_verification"":{""cid"":569301,""method"":""pubchem_cid_direct_structure"",""source"":""PubChem PUG REST"",""screening_envelope"":{""mw"":[30.0,500.0],""heavy_atoms"":[2,36]}},""offline_seed"":""pubchem-registry-20260724-v1""}",verified,1
"cyclohexane, 1,4-bis[(ethenyloxy)methyl]-",,"Cyclohexane, 1,4-bis[(ethenyloxy)methyl]-",[],[],,3437285,C=COCC1CCC(COC=C)CC1,"InChI=1S/C12H20O2/c1-3-13-9-11-5-7-12(8-6-11)10-14-4-2/h3-4,11-12H,1-2,5-10H2",DQNSRQYYCSXZDF-UHFFFAOYSA-N,C12H20O2,196.28999999999996,defined_single_substance,resolved,true,qsar,null,"{""identity_verification"":{""cid"":3437285,""method"":""pubchem_cid_direct_structure"",""source"":""PubChem PUG REST"",""screening_envelope"":{""mw"":[30.0,500.0],""heavy_atoms"":[2,36]}},""offline_seed"":""pubchem-registry-20260724-v1""}",verified,1
"cyclohexaneacetaldehyde, alpha-methyl-",,"Cyclohexaneacetaldehyde, alpha-methyl-",[],[],,95560,CC(C=O)C1CCCCC1,"InChI=1S/C9H16O/c1-8(7-10)9-5-3-2-4-6-9/h7-9H,2-6H2,1H3",UQURIQWAEZGLAC-UHFFFAOYSA-N,C9H16O,140.226,defined_single_substance,resolved,true,qsar,null,"{""identity_verification"":{""cid"":95560,""method"":""pubchem_cid_direct_structure"",""source"":""PubChem PUG REST"",""screening_envelope"":{""mw"":[30.0,500.0],""heavy_atoms"":[2,36]}},""offline_seed"":""pubchem-registry-20260724-v1""}",verified,1
"cyclohexanecarboxylic acid, 2,2-dimethyl-6-methylene-, methyl ester",,"Cyclohexanecarboxylic acid, 2,2-dimethyl-6-methylene-, methyl ester",[],[],,11095260,C=C1CCCC(C)(C)C1C(=O)OC,"InChI=1S/C11H18O2/c1-8-6-5-7-11(2,3)9(8)10(12)13-4/h9H,1,5-7H2,2-4H3",SMJXJPQSPQXVMU-UHFFFAOYSA-N,C11H18O2,182.26299999999998,defined_single_substance,resolved,true,qsar,null,"{""identity_verification"":{""cid"":11095260,""method"":""pubchem_cid_direct_structure"",""source"":""PubChem PUG REST"",""screening_envelope"":{""mw"":[30.0,500.0],""heavy_atoms"":[2,36]}},""offline_seed"":""pubchem-registry-20260724-v1""}",verified,1
"cyclohexanemethanol, alpha-methyl-4-(1-methylethyl)-",,"Cyclohexanemethanol, alpha-methyl-4-(1-methylethyl)-",[],[],,114233,CC(C)C1CCC(C(C)O)CC1,"InChI=1S/C11H22O/c1-8(2)10-4-6-11(7-5-10)9(3)12/h8-12H,4-7H2,1-3H3",NEHPIUGJDUWSRR-UHFFFAOYSA-N,C11H22O,170.29600000000002,defined_single_substance,resolved,true,qsar,null,"{""identity_verification"":{""cid"":114233,""method"":""pubchem_cid_direct_structure"",""source"":""PubChem PUG REST"",""screening_envelope"":{""mw"":[30.0,500.0],""heavy_atoms"":[2,36]}},""offline_seed"":""pubchem-registry-20260724-v1""}",verified,1
cyclohexanol,,Cyclohexanol,[],[],,7966,OC1CCCCC1,"InChI=1S/C6H12O/c7-6-4-2-1-3-5-6/h6-7H,1-5H2",HPXRVTGHNJAIIH-UHFFFAOYSA-N,C6H12O,100.161,defined_single_substance,resolved,true,qsar,null,"{""identity_verification"":{""cid"":7966,""method"":""pubchem_cid_direct_structure"",""source"":""PubChem PUG REST"",""screening_envelope"":{""mw"":[30.0,500.0],""heavy_atoms"":[2,36]}},""offline_seed"":""pubchem-registry-20260724-v1""}",verified,1
"cyclohexanone, 2,4-bis(1,1-dimethylethyl)-",,"Cyclohexanone, 2,4-bis(1,1-dimethylethyl)-",[],[],,114442,CC(C)(C)C1CCC(=O)C(C(C)(C)C)C1,"InChI=1S/C14H26O/c1-13(2,3)10-7-8-12(15)11(9-10)14(4,5)6/h10-11H,7-9H2,1-6H3",NYOHMJCUHOBGBN-UHFFFAOYSA-N,C14H26O,210.36099999999996,defined_single_substance,resolved,true,qsar,null,"{""identity_verification"":{""cid"":114442,""method"":""pubchem_cid_direct_structure"",""source"":""PubChem PUG REST"",""screening_envelope"":{""mw"":[30.0,500.0],""heavy_atoms"":[2,36]}},""offline_seed"":""pubchem-registry-20260724-v1""}",verified,1
cyclohexyl acrylate,,Cyclohexyl acrylate,[],[],,18298,C=CC(=O)OC1CCCCC1,"InChI=1S/C9H14O2/c1-2-9(10)11-8-6-4-3-5-7-8/h2,8H,1,3-7H2",KBLWLMPSVYBVDK-UHFFFAOYSA-N,C9H14O2,154.20899999999997,defined_single_substance,resolved,true,qsar,null,"{""identity_verification"":{""cid"":18298,""method"":""pubchem_cid_direct_structure"",""source"":""PubChem PUG REST"",""screening_envelope"":{""mw"":[30.0,500.0],""heavy_atoms"":[2,36]}},""offline_seed"":""pubchem-registry-20260724-v1""}",verified,1
cyclooct-4-en-1-yl methyl carbonate,,Cyclooct-4-en-1-yl methyl carbonate,[],[],,54027559,COC(=O)OC1CCC=CCCC1,"InChI=1S/C10H16O3/c1-12-10(11)13-9-7-5-3-2-4-6-8-9/h2-3,9H,4-8H2,1H3",LDHHCYCOENSXIM-UHFFFAOYSA-N,C10H16O3,184.23499999999999,defined_single_substance,resolved,true,qsar,null,"{""identity_verification"":{""cid"":54027559,""method"":""pubchem_cid_direct_structure"",""source"":""PubChem PUG REST"",""screening_envelope"":{""mw"":[30.0,500.0],""heavy_atoms"":[2,36]}},""offline_seed"":""pubchem-registry-20260724-v1""}",verified,1
"cyclopentane, 1,1'-(dimethoxysilylene)bis-",,"Cyclopentane, 1,1'-(dimethoxysilylene)bis-",[],[],,9794573,CO[Si](OC)(C1CCCC1)C1CCCC1,"InChI=1S/C12H24O2Si/c1-13-15(14-2,11-7-3-4-8-11)12-9-5-6-10-12/h11-12H,3-10H2,1-2H3",JWCYDYZLEAQGJJ-UHFFFAOYSA-N,C12H24O2Si,228.40799999999993,defined_single_substance,resolved,true,qsar,null,"{""identity_verification"":{""cid"":9794573,""method"":""pubchem_cid_direct_structure"",""source"":""PubChem PUG REST"",""screening_envelope"":{""mw"":[30.0,500.0],""heavy_atoms"":[2,36]}},""offline_seed"":""pubchem-registry-20260724-v1""}",verified,1
"cyclopentanol, 1,2-dimethyl-3-(1-methylethenyl)-, 1-acetate",,"Cyclopentanol, 1,2-dimethyl-3-(1-methylethenyl)-, 1-acetate",[],[],,3086398,C=C(C)[C@@H]1CC[C@](C)(OC(C)=O)[C@@H]1C,"InChI=1S/C12H20O2/c1-8(2)11-6-7-12(5,9(11)3)14-10(4)13/h9,11H,1,6-7H2,2-5H3/t9-,11+,12+/m1/s1",NKWCOKZUKIEZAR-USWWRNFRSA-N,C12H20O2,196.28999999999996,defined_single_substance,resolved,true,qsar,null,"{""identity_verification"":{""cid"":3086398,""method"":""pubchem_cid_direct_structure"",""source"":""PubChem PUG REST"",""screening_envelope"":{""mw"":[30.0,500.0],""heavy_atoms"":[2,36]}},""offline_seed"":""pubchem-registry-20260724-v1""}",verified,1
"cyclopentanol, 2-cyclopentylidene-",,"Cyclopentanol, 2-cyclopentylidene-",[],[],,579236,OC1CCCC1=C1CCCC1,"InChI=1S/C10H16O/c11-10-7-3-6-9(10)8-4-1-2-5-8/h10-11H,1-7H2",QDNVHPQZFWWZNO-UHFFFAOYSA-N,C10H16O,152.237,defined_single_substance,resolved,true,qsar,null,"{""identity_verification"":{""cid"":579236,""method"":""pubchem_cid_direct_structure"",""source"":""PubChem PUG REST"",""screening_envelope"":{""mw"":[30.0,500.0],""heavy_atoms"":[2,36]}},""offline_seed"":""pubchem-registry-20260724-v1""}",verified,1
cyclopentanone,,Cyclopentanone,[],[],,8452,O=C1CCCC1,InChI=1S/C5H8O/c6-5-3-1-2-4-5/h1-4H2,BGTOWKSIORTVQH-UHFFFAOYSA-N,C5H8O,84.118,defined_single_substance,resolved,true,qsar,null,"{""identity_verification"":{""cid"":8452,""method"":""pubchem_cid_direct_structure"",""source"":""PubChem PUG REST"",""screening_envelope"":{""mw"":[30.0,500.0],""heavy_atoms"":[2,36]}},""offline_seed"":""pubchem-registry-20260724-v1""}",verified,1
cyclopentyl chloroformate,,Cyclopentyl chloroformate,[],[],,2735892,O=C(Cl)OC1CCCC1,"InChI=1S/C6H9ClO2/c7-6(8)9-5-3-1-2-4-5/h5H,1-4H2",ZFQCRLNKHHXELH-UHFFFAOYSA-N,C6H9ClO2,148.589,defined_single_substance,resolved,true,qsar,null,"{""identity_verification"":{""cid"":2735892,""method"":""pubchem_cid_direct_structure"",""source"":""PubChem PUG REST"",""screening_envelope"":{""mw"":[30.0,500.0],""heavy_atoms"":[2,36]}},""offline_seed"":""pubchem-registry-20260724-v1""}",verified,1
cyclopropylacetylene,,Cyclopropylacetylene,[],[],,138823,C#CC1CC1,"InChI=1S/C5H6/c1-2-5-3-4-5/h1,5H,3-4H2",NPTDXPDGUHAFKC-UHFFFAOYSA-N,C5H6,66.10300000000001,defined_single_substance,resolved,true,qsar,null,"{""identity_verification"":{""cid"":138823,""method"":""pubchem_cid_direct_structure"",""source"":""PubChem PUG REST"",""screening_envelope"":{""mw"":[30.0,500.0],""heavy_atoms"":[2,36]}},""offline_seed"":""pubchem-registry-20260724-v1""}",verified,1
cyfluthrin,,Cyfluthrin,[],[],,104926,CC1(C)C(C=C(Cl)Cl)C1C(=O)OC(C#N)c1ccc(F)c(Oc2ccccc2)c1,"InChI=1S/C22H18Cl2FNO3/c1-22(2)15(11-19(23)24)20(22)21(27)29-18(12-26)13-8-9-16(25)17(10-13)28-14-6-4-3-5-7-14/h3-11,15,18,20H,1-2H3",QQODLKZGRKWIFG-UHFFFAOYSA-N,C22H18Cl2FNO3,434.29400000000004,defined_single_substance,resolved,true,qsar,null,"{""identity_verification"":{""cid"":104926,""method"":""pubchem_cid_direct_structure"",""source"":""PubChem PUG REST"",""screening_envelope"":{""mw"":[30.0,500.0],""heavy_atoms"":[2,36]}},""offline_seed"":""pubchem-registry-20260724-v1""}",verified,1
cypermethrin,,Cypermethrin,[],[],,2912,CC1(C)C(C=C(Cl)Cl)C1C(=O)OC(C#N)c1cccc(Oc2ccccc2)c1,"InChI=1S/C22H19Cl2NO3/c1-22(2)17(12-19(23)24)20(22)21(26)28-18(13-25)14-7-6-10-16(11-14)27-15-8-4-3-5-9-15/h3-12,17-18,20H,1-2H3",KAATUXNTWXVJKI-UHFFFAOYSA-N,C22H19Cl2NO3,416.30400000000003,defined_single_substance,resolved,true,qsar,null,"{""identity_verification"":{""cid"":2912,""method"":""pubchem_cid_direct_structure"",""source"":""PubChem PUG REST"",""screening_envelope"":{""mw"":[30.0,500.0],""heavy_atoms"":[2,36]}},""offline_seed"":""pubchem-registry-20260724-v1""}",verified,1
cyprodinil,,Cyprodinil,[],[],,86367,Cc1cc(C2CC2)nc(Nc2ccccc2)n1,"InChI=1S/C14H15N3/c1-10-9-13(11-7-8-11)17-14(15-10)16-12-5-3-2-4-6-12/h2-6,9,11H,7-8H2,1H3,(H,15,16,17)",HAORKNGNJCEJBX-UHFFFAOYSA-N,C14H15N3,225.29500000000002,defined_single_substance,resolved,true,qsar,null,"{""identity_verification"":{""cid"":86367,""method"":""pubchem_cid_direct_structure"",""source"":""PubChem PUG REST"",""screening_envelope"":{""mw"":[30.0,500.0],""heavy_atoms"":[2,36]}},""offline_seed"":""pubchem-registry-20260724-v1""}",verified,1
dapsone,,Dapsone,[],[],,2955,Nc1ccc(S(=O)(=O)c2ccc(N)cc2)cc1,"InChI=1S/C12H12N2O2S/c13-9-1-5-11(6-2-9)17(15,16)12-7-3-10(14)4-8-12/h1-8H,13-14H2",MQJKPEGWNLWLTK-UHFFFAOYSA-N,C12H12N2O2S,248.307,defined_single_substance,resolved,true,qsar,null,"{""identity_verification"":{""cid"":2955,""method"":""pubchem_cid_direct_structure"",""source"":""PubChem PUG REST"",""screening_envelope"":{""mw"":[30.0,500.0],""heavy_atoms"":[2,36]}},""offline_seed"":""pubchem-registry-20260724-v1""}",verified,1
decanal,,Decanal,[],[],,8175,CCCCCCCCCC=O,"InChI=1S/C10H20O/c1-2-3-4-5-6-7-8-9-10-11/h10H,2-9H2,1H3",KSMVZQYAVGTKIV-UHFFFAOYSA-N,C10H20O,156.269,defined_single_substance,resolved,true,qsar,null,"{""identity_verification"":{""cid"":8175,""method"":""pubchem_cid_direct_structure"",""source"":""PubChem PUG REST"",""screening_envelope"":{""mw"":[30.0,500.0],""heavy_atoms"":[2,36]}},""offline_seed"":""pubchem-registry-20260724-v1""}",verified,1
decanoic acid,,Decanoic Acid,[],[],,2969,CCCCCCCCCC(=O)O,"InChI=1S/C10H20O2/c1-2-3-4-5-6-7-8-9-10(11)12/h2-9H2,1H3,(H,11,12)",GHVNFZFCNZKVNT-UHFFFAOYSA-N,C10H20O2,172.268,defined_single_substance,resolved,true,qsar,null,"{""identity_verification"":{""cid"":2969,""method"":""pubchem_cid_direct_structure"",""source"":""PubChem PUG REST"",""screening_envelope"":{""mw"":[30.0,500.0],""heavy_atoms"":[2,36]}},""offline_seed"":""pubchem-registry-20260724-v1""}",verified,1
decarbofuran,,Decarbofuran,[],[],,15279,CNC(=O)Oc1cccc2c1OC(C)C2,"InChI=1S/C11H13NO3/c1-7-6-8-4-3-5-9(10(8)14-7)15-11(13)12-2/h3-5,7H,6H2,1-2H3,(H,12,13)",JTBBRGSSVACAJM-UHFFFAOYSA-N,C11H13NO3,207.22899999999998,defined_single_substance,resolved,true,qsar,null,"{""identity_verification"":{""cid"":15279,""method"":""pubchem_cid_direct_structure"",""source"":""PubChem PUG REST"",""screening_envelope"":{""mw"":[30.0,500.0],""heavy_atoms"":[2,36]}},""offline_seed"":""pubchem-registry-20260724-v1""}",verified,1
deferiprone,,Deferiprone,[],[],,2972,Cc1c(O)c(=O)ccn1C,"InChI=1S/C7H9NO2/c1-5-7(10)6(9)3-4-8(5)2/h3-4,10H,1-2H3",TZXKOCQBRNJULO-UHFFFAOYSA-N,C7H9NO2,139.154,defined_single_substance,resolved,true,qsar,null,"{""identity_verification"":{""cid"":2972,""method"":""pubchem_cid_direct_structure"",""source"":""PubChem PUG REST"",""screening_envelope"":{""mw"":[30.0,500.0],""heavy_atoms"":[2,36]}},""offline_seed"":""pubchem-registry-20260724-v1""}",verified,1
dehydroacetic acid,,Dehydroacetic acid,[],[],,122903,CC(=O)C1C(=O)C=C(C)OC1=O,"InChI=1S/C8H8O4/c1-4-3-6(10)7(5(2)9)8(11)12-4/h3,7H,1-2H3",PGRHXDWITVMQBC-UHFFFAOYSA-N,C8H8O4,168.14799999999997,defined_single_substance,resolved,true,qsar,null,"{""identity_verification"":{""cid"":122903,""method"":""pubchem_cid_direct_structure"",""source"":""PubChem PUG REST"",""screening_envelope"":{""mw"":[30.0,500.0],""heavy_atoms"":[2,36]}},""offline_seed"":""pubchem-registry-20260724-v1""}",verified,1
demephion-o,,Demephion-O,[],[],,115123,COP(=S)(OC)OCCSC,"InChI=1S/C5H13O3PS2/c1-6-9(10,7-2)8-4-5-11-3/h4-5H2,1-3H3",IATBEFPCSHFQJS-UHFFFAOYSA-N,C5H13O3PS2,216.26399999999995,defined_single_substance,resolved,true,qsar,null,"{""identity_verification"":{""cid"":115123,""method"":""pubchem_cid_direct_structure"",""source"":""PubChem PUG REST"",""screening_envelope"":{""mw"":[30.0,500.0],""heavy_atoms"":[2,36]}},""offline_seed"":""pubchem-registry-20260724-v1""}",verified,1
demephion-s,,Demephion-S,[],[],,17423,COP(=O)(OC)SCCSC,"InChI=1S/C5H13O3PS2/c1-7-9(6,8-2)11-5-4-10-3/h4-5H2,1-3H3",PSTWJANBJOHFQJ-UHFFFAOYSA-N,C5H13O3PS2,216.26399999999995,defined_single_substance,resolved,true,qsar,null,"{""identity_verification"":{""cid"":17423,""method"":""pubchem_cid_direct_structure"",""source"":""PubChem PUG REST"",""screening_envelope"":{""mw"":[30.0,500.0],""heavy_atoms"":[2,36]}},""offline_seed"":""pubchem-registry-20260724-v1""}",verified,1
demeton-o,,Demeton-O,[],[],,9273,CCOP(=S)(OCC)OCCSCC,"InChI=1S/C8H19O3PS2/c1-4-9-12(13,10-5-2)11-7-8-14-6-3/h4-8H2,1-3H3",DGLIBALSRMUQDD-UHFFFAOYSA-N,C8H19O3PS2,258.3449999999999,defined_single_substance,resolved,true,qsar,null,"{""identity_verification"":{""cid"":9273,""method"":""pubchem_cid_direct_structure"",""source"":""PubChem PUG REST"",""screening_envelope"":{""mw"":[30.0,500.0],""heavy_atoms"":[2,36]}},""offline_seed"":""pubchem-registry-20260724-v1""}",verified,1
demeton-o-methyl,,Demeton-O-methyl,[],[],,13346,CCSCCOP(=S)(OC)OC,"InChI=1S/C6H15O3PS2/c1-4-12-6-5-9-10(11,7-2)8-3/h4-6H2,1-3H3",ZVZQKNVMDKSGGF-UHFFFAOYSA-N,C6H15O3PS2,230.291,defined_single_substance,resolved,true,qsar,null,"{""identity_verification"":{""cid"":13346,""method"":""pubchem_cid_direct_structure"",""source"":""PubChem PUG REST"",""screening_envelope"":{""mw"":[30.0,500.0],""heavy_atoms"":[2,36]}},""offline_seed"":""pubchem-registry-20260724-v1""}",verified,1
demeton-s,,Demeton-S,[],[],,24723,CCOP(=O)(OCC)SCCSCC,"InChI=1S/C8H19O3PS2/c1-4-10-12(9,11-5-2)14-8-7-13-6-3/h4-8H2,1-3H3",GRPRVIYRYGLIJU-UHFFFAOYSA-N,C8H19O3PS2,258.34499999999997,defined_single_substance,resolved,true,qsar,null,"{""identity_verification"":{""cid"":24723,""method"":""pubchem_cid_direct_structure"",""source"":""PubChem PUG REST"",""screening_envelope"":{""mw"":[30.0,500.0],""heavy_atoms"":[2,36]}},""offline_seed"":""pubchem-registry-20260724-v1""}",verified,1
demeton-s-methyl,,Demeton-S-methyl,[],[],,13526,CCSCCSP(=O)(OC)OC,"InChI=1S/C6H15O3PS2/c1-4-11-5-6-12-10(7,8-2)9-3/h4-6H2,1-3H3",WEBQKRLKWNIYKK-UHFFFAOYSA-N,C6H15O3PS2,230.29099999999997,defined_single_substance,resolved,true,qsar,null,"{""identity_verification"":{""cid"":13526,""method"":""pubchem_cid_direct_structure"",""source"":""PubChem PUG REST"",""screening_envelope"":{""mw"":[30.0,500.0],""heavy_atoms"":[2,36]}},""offline_seed"":""pubchem-registry-20260724-v1""}",verified,1
demeton-s-methylsulphon,,Demeton-S-methylsulphon,[],[],,28213,CCS(=O)(=O)CCSP(=O)(OC)OC,"InChI=1S/C6H15O5PS2/c1-4-14(8,9)6-5-13-12(7,10-2)11-3/h4-6H2,1-3H3",PZIRJMYRYORVIT-UHFFFAOYSA-N,C6H15O5PS2,262.289,defined_single_substance,resolved,true,qsar,null,"{""identity_verification"":{""cid"":28213,""method"":""pubchem_cid_direct_structure"",""source"":""PubChem PUG REST"",""screening_envelope"":{""mw"":[30.0,500.0],""heavy_atoms"":[2,36]}},""offline_seed"":""pubchem-registry-20260724-v1""}",verified,1
dextroamphetamine,,Dextroamphetamine,[],[],,5826,C[C@H](N)Cc1ccccc1,"InChI=1S/C9H13N/c1-8(10)7-9-5-3-2-4-6-9/h2-6,8H,7,10H2,1H3/t8-/m0/s1",KWTSXDURSIMDCE-QMMMGPOBSA-N,C9H13N,135.20999999999995,defined_single_substance,resolved,true,qsar,null,"{""identity_verification"":{""cid"":5826,""method"":""pubchem_cid_direct_structure"",""source"":""PubChem PUG REST"",""screening_envelope"":{""mw"":[30.0,500.0],""heavy_atoms"":[2,36]}},""offline_seed"":""pubchem-registry-20260724-v1""}",verified,1
di-allate,,Di-allate,[],[],,5284376,CC(C)N(C(=O)SC/C(Cl)=C/Cl)C(C)C,"InChI=1S/C10H17Cl2NOS/c1-7(2)13(8(3)4)10(14)15-6-9(12)5-11/h5,7-8H,6H2,1-4H3/b9-5-",SPANOECCGNXGNR-UITAMQMPSA-N,C10H17Cl2NOS,270.225,defined_single_substance,resolved,true,qsar,null,"{""identity_verification"":{""cid"":5284376,""method"":""pubchem_cid_direct_structure"",""source"":""PubChem PUG REST"",""screening_envelope"":{""mw"":[30.0,500.0],""heavy_atoms"":[2,36]}},""offline_seed"":""pubchem-registry-20260724-v1""}",verified,1
di-l-para-menthene,,di-L-para-menthene,[],[],,163420288,CC1=CCC(C(C)CC(C)(C)C2CC=C(C)CC2)CC1,"InChI=1S/C20H34/c1-15-6-10-18(11-7-15)17(3)14-20(4,5)19-12-8-16(2)9-13-19/h6,8,17-19H,7,9-14H2,1-5H3",AHWSBYUPIDJISG-UHFFFAOYSA-N,C20H34,274.492,defined_single_substance,resolved,true,qsar,null,"{""identity_verification"":{""cid"":163420288,""method"":""pubchem_cid_direct_structure"",""source"":""PubChem PUG REST"",""screening_envelope"":{""mw"":[30.0,500.0],""heavy_atoms"":[2,36]}},""offline_seed"":""pubchem-registry-20260724-v1""}",verified,1
diacetone alcohol,,Diacetone Alcohol,[],[],,31256,CC(=O)CC(C)(C)O,"InChI=1S/C6H12O2/c1-5(7)4-6(2,3)8/h8H,4H2,1-3H3",SWXVUIWOUIDPGS-UHFFFAOYSA-N,C6H12O2,116.15999999999998,defined_single_substance,resolved,true,qsar,null,"{""identity_verification"":{""cid"":31256,""method"":""pubchem_cid_direct_structure"",""source"":""PubChem PUG REST"",""screening_envelope"":{""mw"":[30.0,500.0],""heavy_atoms"":[2,36]}},""offline_seed"":""pubchem-registry-20260724-v1""}",verified,1
dialifor,,Dialifor,[],[],,25146,CCOP(=S)(OCC)SC(CCl)N1C(=O)c2ccccc2C1=O,"InChI=1S/C14H17ClNO4PS2/c1-3-19-21(22,20-4-2)23-12(9-15)16-13(17)10-7-5-6-8-11(10)14(16)18/h5-8,12H,3-4,9H2,1-2H3",MUMQYXACQUZOFP-UHFFFAOYSA-N,C14H17ClNO4PS2,393.85400000000016,defined_single_substance,resolved,true,qsar,null,"{""identity_verification"":{""cid"":25146,""method"":""pubchem_cid_direct_structure"",""source"":""PubChem PUG REST"",""screening_envelope"":{""mw"":[30.0,500.0],""heavy_atoms"":[2,36]}},""offline_seed"":""pubchem-registry-20260724-v1""}",verified,1
diallyl phthalate,,Diallyl phthalate,[],[],,8560,C=CCOC(=O)c1ccccc1C(=O)OCC=C,"InChI=1S/C14H14O4/c1-3-9-17-13(15)11-7-5-6-8-12(11)14(16)18-10-4-2/h3-8H,1-2,9-10H2",QUDWYFHPNIMBFC-UHFFFAOYSA-N,C14H14O4,246.26199999999994,defined_single_substance,resolved,true,qsar,null,"{""identity_verification"":{""cid"":8560,""method"":""pubchem_cid_direct_structure"",""source"":""PubChem PUG REST"",""screening_envelope"":{""mw"":[30.0,500.0],""heavy_atoms"":[2,36]}},""offline_seed"":""pubchem-registry-20260724-v1""}",verified,1
diazinon,,Diazinon,[],[],,3017,CCOP(=S)(OCC)Oc1cc(C)nc(C(C)C)n1,"InChI=1S/C12H21N2O3PS/c1-6-15-18(19,16-7-2)17-11-8-10(5)13-12(14-11)9(3)4/h8-9H,6-7H2,1-5H3",FHIVAFMUCKRCQO-UHFFFAOYSA-N,C12H21N2O3PS,304.35200000000003,defined_single_substance,resolved,true,qsar,null,"{""identity_verification"":{""cid"":3017,""method"":""pubchem_cid_direct_structure"",""source"":""PubChem PUG REST"",""screening_envelope"":{""mw"":[30.0,500.0],""heavy_atoms"":[2,36]}},""offline_seed"":""pubchem-registry-20260724-v1""}",verified,1
"dibenzo(a,e)pyrene",,"DIBENZO(a,e)PYRENE",[],[],,9126,c1ccc2c(c1)cc1c3ccccc3c3cccc4ccc2c1c43,InChI=1S/C24H14/c1-2-8-17-16(6-1)14-22-19-10-4-3-9-18(19)20-11-5-7-15-12-13-21(17)24(22)23(15)20/h1-14H,KGHMWBNEMFNJFZ-UHFFFAOYSA-N,C24H14,302.37600000000003,defined_single_substance,resolved,true,qsar,null,"{""identity_verification"":{""cid"":9126,""method"":""pubchem_cid_direct_structure"",""source"":""PubChem PUG REST"",""screening_envelope"":{""mw"":[30.0,500.0],""heavy_atoms"":[2,36]}},""offline_seed"":""pubchem-registry-20260724-v1""}",verified,1
dicamba,,Dicamba,[],[],,3030,COc1c(Cl)ccc(Cl)c1C(=O)O,"InChI=1S/C8H6Cl2O3/c1-13-7-5(10)3-2-4(9)6(7)8(11)12/h2-3H,1H3,(H,11,12)",IWEDIXLBFLAXBO-UHFFFAOYSA-N,C8H6Cl2O3,221.039,defined_single_substance,resolved,true,qsar,null,"{""identity_verification"":{""cid"":3030,""method"":""pubchem_cid_direct_structure"",""source"":""PubChem PUG REST"",""screening_envelope"":{""mw"":[30.0,500.0],""heavy_atoms"":[2,36]}},""offline_seed"":""pubchem-registry-20260724-v1""}",verified,1
dichlofenthion,,Dichlofenthion,[],[],,7328,CCOP(=S)(OCC)Oc1ccc(Cl)cc1Cl,"InChI=1S/C10H13Cl2O3PS/c1-3-13-16(17,14-4-2)15-10-6-5-8(11)7-9(10)12/h5-7H,3-4H2,1-2H3",WGOWCPGHOCIHBW-UHFFFAOYSA-N,C10H13Cl2O3PS,315.158,defined_single_substance,resolved,true,qsar,null,"{""identity_verification"":{""cid"":7328,""method"":""pubchem_cid_direct_structure"",""source"":""PubChem PUG REST"",""screening_envelope"":{""mw"":[30.0,500.0],""heavy_atoms"":[2,36]}},""offline_seed"":""pubchem-registry-20260724-v1""}",verified,1
dichlone,,Dichlone,[],[],,8342,O=C1C(Cl)=C(Cl)C(=O)c2ccccc21,InChI=1S/C10H4Cl2O2/c11-7-8(12)10(14)6-4-2-1-3-5(6)9(7)13/h1-4H,SVPKNMBRVBMTLB-UHFFFAOYSA-N,C10H4Cl2O2,227.04599999999996,defined_single_substance,resolved,true,qsar,null,"{""identity_verification"":{""cid"":8342,""method"":""pubchem_cid_direct_structure"",""source"":""PubChem PUG REST"",""screening_envelope"":{""mw"":[30.0,500.0],""heavy_atoms"":[2,36]}},""offline_seed"":""pubchem-registry-20260724-v1""}",verified,1
dichloro-(3-(3-chloro-4-fluorophenyl)propyl)methylsilane,,Dichloro-(3-(3-chloro-4-fluorophenyl)propyl)methylsilane,[],[],,10902186,C[Si](Cl)(Cl)CCCc1ccc(F)c(Cl)c1,"InChI=1S/C10H12Cl3FSi/c1-15(12,13)6-2-3-8-4-5-10(14)9(11)7-8/h4-5,7H,2-3,6H2,1H3",QUSFSEZZIRBGIP-UHFFFAOYSA-N,C10H12Cl3FSi,285.649,defined_single_substance,resolved,true,qsar,null,"{""identity_verification"":{""cid"":10902186,""method"":""pubchem_cid_direct_structure"",""source"":""PubChem PUG REST"",""screening_envelope"":{""mw"":[30.0,500.0],""heavy_atoms"":[2,36]}},""offline_seed"":""pubchem-registry-20260724-v1""}",verified,1
dichloroacetic acid,,Dichloroacetic Acid,[],[],,6597,O=C(O)C(Cl)Cl,"InChI=1S/C2H2Cl2O2/c3-1(4)2(5)6/h1H,(H,5,6)",JXTHNDFMNIQAHM-UHFFFAOYSA-N,C2H2Cl2O2,128.942,defined_single_substance,resolved,true,qsar,null,"{""identity_verification"":{""cid"":6597,""method"":""pubchem_cid_direct_structure"",""source"":""PubChem PUG REST"",""screening_envelope"":{""mw"":[30.0,500.0],""heavy_atoms"":[2,36]}},""offline_seed"":""pubchem-registry-20260724-v1""}",verified,1
dichloroacetyl chloride,,Dichloroacetyl chloride,[],[],,6593,O=C(Cl)C(Cl)Cl,InChI=1S/C2HCl3O/c3-1(4)2(5)6/h1H,FBCCMZVIWNDFMO-UHFFFAOYSA-N,C2HCl3O,147.388,defined_single_substance,resolved,true,qsar,null,"{""identity_verification"":{""cid"":6593,""method"":""pubchem_cid_direct_structure"",""source"":""PubChem PUG REST"",""screening_envelope"":{""mw"":[30.0,500.0],""heavy_atoms"":[2,36]}},""offline_seed"":""pubchem-registry-20260724-v1""}",verified,1
dichlorodimethylsilane,,Dichlorodimethylsilane,[],[],,6398,C[Si](C)(Cl)Cl,"InChI=1S/C2H6Cl2Si/c1-5(2,3)4/h1-2H3",LIKFHECYJZWXFJ-UHFFFAOYSA-N,C2H6Cl2Si,129.062,defined_single_substance,resolved,true,qsar,null,"{""identity_verification"":{""cid"":6398,""method"":""pubchem_cid_direct_structure"",""source"":""PubChem PUG REST"",""screening_envelope"":{""mw"":[30.0,500.0],""heavy_atoms"":[2,36]}},""offline_seed"":""pubchem-registry-20260724-v1""}",verified,1
dichloromethane,,Dichloromethane,[],[],,6344,ClCCl,InChI=1S/CH2Cl2/c2-1-3/h1H2,YMWUJEATGCHHMB-UHFFFAOYSA-N,CH2Cl2,84.933,defined_single_substance,resolved,true,qsar,null,"{""identity_verification"":{""cid"":6344,""method"":""pubchem_cid_direct_structure"",""source"":""PubChem PUG REST"",""screening_envelope"":{""mw"":[30.0,500.0],""heavy_atoms"":[2,36]}},""offline_seed"":""pubchem-registry-20260724-v1""}",verified,1
dichlorophen,,Dichlorophen,[],[],,3037,Oc1ccc(Cl)cc1Cc1cc(Cl)ccc1O,"InChI=1S/C13H10Cl2O2/c14-10-1-3-12(16)8(6-10)5-9-7-11(15)2-4-13(9)17/h1-4,6-7,16-17H,5H2",MDNWOSOZYLHTCG-UHFFFAOYSA-N,C13H10Cl2O2,269.127,defined_single_substance,resolved,true,qsar,null,"{""identity_verification"":{""cid"":3037,""method"":""pubchem_cid_direct_structure"",""source"":""PubChem PUG REST"",""screening_envelope"":{""mw"":[30.0,500.0],""heavy_atoms"":[2,36]}},""offline_seed"":""pubchem-registry-20260724-v1""}",verified,1
dichlorprop,,Dichlorprop,[],[],,8427,CC(Oc1ccc(Cl)cc1Cl)C(=O)O,"InChI=1S/C9H8Cl2O3/c1-5(9(12)13)14-8-3-2-6(10)4-7(8)11/h2-5H,1H3,(H,12,13)",MZHCENGPTKEIGP-UHFFFAOYSA-N,C9H8Cl2O3,235.066,defined_single_substance,resolved,true,qsar,null,"{""identity_verification"":{""cid"":8427,""method"":""pubchem_cid_direct_structure"",""source"":""PubChem PUG REST"",""screening_envelope"":{""mw"":[30.0,500.0],""heavy_atoms"":[2,36]}},""offline_seed"":""pubchem-registry-20260724-v1""}",verified,1
dichlorprop-p,,Dichlorprop-P,[],[],,119435,C[C@@H](Oc1ccc(Cl)cc1Cl)C(=O)O,"InChI=1S/C9H8Cl2O3/c1-5(9(12)13)14-8-3-2-6(10)4-7(8)11/h2-5H,1H3,(H,12,13)/t5-/m1/s1",MZHCENGPTKEIGP-RXMQYKEDSA-N,C9H8Cl2O3,235.066,defined_single_substance,resolved,true,qsar,null,"{""identity_verification"":{""cid"":119435,""method"":""pubchem_cid_direct_structure"",""source"":""PubChem PUG REST"",""screening_envelope"":{""mw"":[30.0,500.0],""heavy_atoms"":[2,36]}},""offline_seed"":""pubchem-registry-20260724-v1""}",verified,1
dichlorvos,,Dichlorvos,[],[],,3039,COP(=O)(OC)OC=C(Cl)Cl,"InChI=1S/C4H7Cl2O4P/c1-8-11(7,9-2)10-3-4(5)6/h3H,1-2H3",OEBRKCOSUFCWJD-UHFFFAOYSA-N,C4H7Cl2O4P,220.976,defined_single_substance,resolved,true,qsar,null,"{""identity_verification"":{""cid"":3039,""method"":""pubchem_cid_direct_structure"",""source"":""PubChem PUG REST"",""screening_envelope"":{""mw"":[30.0,500.0],""heavy_atoms"":[2,36]}},""offline_seed"":""pubchem-registry-20260724-v1""}",verified,1
diclofop-methyl,,Diclofop-methyl,[],[],,39985,COC(=O)C(C)Oc1ccc(Oc2ccc(Cl)cc2Cl)cc1,"InChI=1S/C16H14Cl2O4/c1-10(16(19)20-2)21-12-4-6-13(7-5-12)22-15-8-3-11(17)9-14(15)18/h3-10H,1-2H3",BACHBFVBHLGWSL-UHFFFAOYSA-N,C16H14Cl2O4,341.18999999999994,defined_single_substance,resolved,true,qsar,null,"{""identity_verification"":{""cid"":39985,""method"":""pubchem_cid_direct_structure"",""source"":""PubChem PUG REST"",""screening_envelope"":{""mw"":[30.0,500.0],""heavy_atoms"":[2,36]}},""offline_seed"":""pubchem-registry-20260724-v1""}",verified,1
dicloxacillin,,Dicloxacillin,[],[],,18381,Cc1onc(-c2c(Cl)cccc2Cl)c1C(=O)N[C@@H]1C(=O)N2[C@@H]1SC(C)(C)[C@@H]2C(=O)O,"InChI=1S/C19H17Cl2N3O5S/c1-7-10(12(23-29-7)11-8(20)5-4-6-9(11)21)15(25)22-13-16(26)24-14(18(27)28)19(2,3)30-17(13)24/h4-6,13-14,17H,1-3H3,(H,22,25)(H,27,28)/t13-,14+,17-/m1/s1",YFAGHNZHGGCZAX-JKIFEVAISA-N,C19H17Cl2N3O5S,470.3340000000002,defined_single_substance,resolved,true,qsar,null,"{""identity_verification"":{""cid"":18381,""method"":""pubchem_cid_direct_structure"",""source"":""PubChem PUG REST"",""screening_envelope"":{""mw"":[30.0,500.0],""heavy_atoms"":[2,36]}},""offline_seed"":""pubchem-registry-20260724-v1""}",verified,1
dicofol,,Dicofol,[],[],,8268,OC(c1ccc(Cl)cc1)(c1ccc(Cl)cc1)C(Cl)(Cl)Cl,"InChI=1S/C14H9Cl5O/c15-11-5-1-9(2-6-11)13(20,14(17,18)19)10-3-7-12(16)8-4-10/h1-8,20H",UOAMTSKGCBMZTC-UHFFFAOYSA-N,C14H9Cl5O,370.49,defined_single_substance,resolved,true,qsar,null,"{""identity_verification"":{""cid"":8268,""method"":""pubchem_cid_direct_structure"",""source"":""PubChem PUG REST"",""screening_envelope"":{""mw"":[30.0,500.0],""heavy_atoms"":[2,36]}},""offline_seed"":""pubchem-registry-20260724-v1""}",verified,1
dicoumarol,,Dicoumarol,[],[],,54676038,O=c1oc2ccccc2c(O)c1Cc1c(O)c2ccccc2oc1=O,"InChI=1S/C19H12O6/c20-16-10-5-1-3-7-14(10)24-18(22)12(16)9-13-17(21)11-6-2-4-8-15(11)25-19(13)23/h1-8,20-21H,9H2",DOBMPNYZJYQDGZ-UHFFFAOYSA-N,C19H12O6,336.29900000000004,defined_single_substance,resolved,true,qsar,null,"{""identity_verification"":{""cid"":54676038,""method"":""pubchem_cid_direct_structure"",""source"":""PubChem PUG REST"",""screening_envelope"":{""mw"":[30.0,500.0],""heavy_atoms"":[2,36]}},""offline_seed"":""pubchem-registry-20260724-v1""}",verified,1
dicrotophos,,Dicrotophos,[],[],,5371560,COP(=O)(OC)O/C(C)=C/C(=O)N(C)C,"InChI=1S/C8H16NO5P/c1-7(6-8(10)9(2)3)14-15(11,12-4)13-5/h6H,1-5H3/b7-6+",VEENJGZXVHKXNB-VOTSOKGWSA-N,C8H16NO5P,237.19199999999998,defined_single_substance,resolved,true,qsar,null,"{""identity_verification"":{""cid"":5371560,""method"":""pubchem_cid_direct_structure"",""source"":""PubChem PUG REST"",""screening_envelope"":{""mw"":[30.0,500.0],""heavy_atoms"":[2,36]}},""offline_seed"":""pubchem-registry-20260724-v1""}",verified,1
dicumyl peroxide,,Dicumyl peroxide,[],[],,6641,CC(C)(OOC(C)(C)c1ccccc1)c1ccccc1,"InChI=1S/C18H22O2/c1-17(2,15-11-7-5-8-12-15)19-20-18(3,4)16-13-9-6-10-14-16/h5-14H,1-4H3",XMNIXWIUMCBBBL-UHFFFAOYSA-N,C18H22O2,270.37199999999996,defined_single_substance,resolved,true,qsar,null,"{""identity_verification"":{""cid"":6641,""method"":""pubchem_cid_direct_structure"",""source"":""PubChem PUG REST"",""screening_envelope"":{""mw"":[30.0,500.0],""heavy_atoms"":[2,36]}},""offline_seed"":""pubchem-registry-20260724-v1""}",verified,1
dicyclohexyl phthalate,,Dicyclohexyl phthalate,[],[],,6777,O=C(OC1CCCCC1)c1ccccc1C(=O)OC1CCCCC1,"InChI=1S/C20H26O4/c21-19(23-15-9-3-1-4-10-15)17-13-7-8-14-18(17)20(22)24-16-11-5-2-6-12-16/h7-8,13-16H,1-6,9-12H2",VOWAEIGWURALJQ-UHFFFAOYSA-N,C20H26O4,330.4240000000002,defined_single_substance,resolved,true,qsar,null,"{""identity_verification"":{""cid"":6777,""method"":""pubchem_cid_direct_structure"",""source"":""PubChem PUG REST"",""screening_envelope"":{""mw"":[30.0,500.0],""heavy_atoms"":[2,36]}},""offline_seed"":""pubchem-registry-20260724-v1""}",verified,1
dicyclopentadiene,,Dicyclopentadiene,[],[],,6492,C1=CC2C3C=CC(C3)C2C1,"InChI=1S/C10H12/c1-2-9-7-4-5-8(6-7)10(9)3-1/h1-2,4-5,7-10H,3,6H2",HECLRDQVFMWTQS-UHFFFAOYSA-N,C10H12,132.206,defined_single_substance,resolved,true,qsar,null,"{""identity_verification"":{""cid"":6492,""method"":""pubchem_cid_direct_structure"",""source"":""PubChem PUG REST"",""screening_envelope"":{""mw"":[30.0,500.0],""heavy_atoms"":[2,36]}},""offline_seed"":""pubchem-registry-20260724-v1""}",verified,1
dieldrin,,Dieldrin,[],[],,969491,ClC1=C(Cl)[C@]2(Cl)[C@@H]3[C@@H]4C[C@@H]([C@H]5O[C@@H]45)[C@@H]3[C@@]1(Cl)C2(Cl)Cl,"InChI=1S/C12H8Cl6O/c13-8-9(14)11(16)5-3-1-2(6-7(3)19-6)4(5)10(8,15)12(11,17)18/h2-7H,1H2/t2-,3+,4+,5-,6-,7+,10+,11-",DFBKLUNHFCTMDC-PICURKEMSA-N,C12H8Cl6O,380.9129999999999,defined_single_substance,resolved,true,qsar,null,"{""identity_verification"":{""cid"":969491,""method"":""pubchem_cid_direct_structure"",""source"":""PubChem PUG REST"",""screening_envelope"":{""mw"":[30.0,500.0],""heavy_atoms"":[2,36]}},""offline_seed"":""pubchem-registry-20260724-v1""}",verified,1
diepoxybutane,,Diepoxybutane,[],[],,11254,C1OC1C1CO1,"InChI=1S/C4H6O2/c1-3(5-1)4-2-6-4/h3-4H,1-2H2",ZFIVKAOQEXOYFY-UHFFFAOYSA-N,C4H6O2,86.09,defined_single_substance,resolved,true,qsar,null,"{""identity_verification"":{""cid"":11254,""method"":""pubchem_cid_direct_structure"",""source"":""PubChem PUG REST"",""screening_envelope"":{""mw"":[30.0,500.0],""heavy_atoms"":[2,36]}},""offline_seed"":""pubchem-registry-20260724-v1""}",verified,1
diethanolamine,,Diethanolamine,[],[],,8113,OCCNCCO,"InChI=1S/C4H11NO2/c6-3-1-5-2-4-7/h5-7H,1-4H2",ZBCBWPMODOFKDW-UHFFFAOYSA-N,C4H11NO2,105.137,defined_single_substance,resolved,true,qsar,null,"{""identity_verification"":{""cid"":8113,""method"":""pubchem_cid_direct_structure"",""source"":""PubChem PUG REST"",""screening_envelope"":{""mw"":[30.0,500.0],""heavy_atoms"":[2,36]}},""offline_seed"":""pubchem-registry-20260724-v1""}",verified,1
diethyl ether,,Diethyl Ether,[],[],,3283,CCOCC,"InChI=1S/C4H10O/c1-3-5-4-2/h3-4H2,1-2H3",RTZKZFJDLAIYFH-UHFFFAOYSA-N,C4H10O,74.123,defined_single_substance,resolved,true,qsar,null,"{""identity_verification"":{""cid"":3283,""method"":""pubchem_cid_direct_structure"",""source"":""PubChem PUG REST"",""screening_envelope"":{""mw"":[30.0,500.0],""heavy_atoms"":[2,36]}},""offline_seed"":""pubchem-registry-20260724-v1""}",verified,1
diethyl oxalate,,Diethyl Oxalate,[],[],,7268,CCOC(=O)C(=O)OCC,"InChI=1S/C6H10O4/c1-3-9-5(7)6(8)10-4-2/h3-4H2,1-2H3",WYACBZDAHNBPPB-UHFFFAOYSA-N,C6H10O4,146.14199999999997,defined_single_substance,resolved,true,qsar,null,"{""identity_verification"":{""cid"":7268,""method"":""pubchem_cid_direct_structure"",""source"":""PubChem PUG REST"",""screening_envelope"":{""mw"":[30.0,500.0],""heavy_atoms"":[2,36]}},""offline_seed"":""pubchem-registry-20260724-v1""}",verified,1
diethyl sulfate,,Diethyl Sulfate,[],[],,6163,CCOS(=O)(=O)OCC,"InChI=1S/C4H10O4S/c1-3-7-9(5,6)8-4-2/h3-4H2,1-2H3",DENRZWYUOJLTMF-UHFFFAOYSA-N,C4H10O4S,154.18699999999998,defined_single_substance,resolved,true,qsar,null,"{""identity_verification"":{""cid"":6163,""method"":""pubchem_cid_direct_structure"",""source"":""PubChem PUG REST"",""screening_envelope"":{""mw"":[30.0,500.0],""heavy_atoms"":[2,36]}},""offline_seed"":""pubchem-registry-20260724-v1""}",verified,1
diethyl thiophosphoryl (z)-(2-aminothiazol-4-yl)methoxyimino acetate,,Diethyl thiophosphoryl (Z)-(2-aminothiazol-4-yl)methoxyimino acetate,[],[],,45357829,CCOP(=S)(OCC)OC(=O)/C(=N\OC)c1csc(N)n1,"InChI=1S/C10H16N3O5PS2/c1-4-16-19(20,17-5-2)18-9(14)8(13-15-3)7-6-21-10(11)12-7/h6H,4-5H2,1-3H3,(H2,11,12)/b13-8-",JNSGIVNNHKGGRU-JYRVWZFOSA-N,C10H16N3O5PS2,353.362,defined_single_substance,resolved,true,qsar,null,"{""identity_verification"":{""cid"":45357829,""method"":""pubchem_cid_direct_structure"",""source"":""PubChem PUG REST"",""screening_envelope"":{""mw"":[30.0,500.0],""heavy_atoms"":[2,36]}},""offline_seed"":""pubchem-registry-20260724-v1""}",verified,1
diethyl((p-ethoxyanilino)methylene)malonate,,Diethyl((p-ethoxyanilino)methylene)malonate,[],[],,2267551,CCOC(=O)C(=CNc1ccc(OCC)cc1)C(=O)OCC,"InChI=1S/C16H21NO5/c1-4-20-13-9-7-12(8-10-13)17-11-14(15(18)21-5-2)16(19)22-6-3/h7-11,17H,4-6H2,1-3H3",WQQOKAKJKDTIBY-UHFFFAOYSA-N,C16H21NO5,307.34600000000006,defined_single_substance,resolved,true,qsar,null,"{""identity_verification"":{""cid"":2267551,""method"":""pubchem_cid_direct_structure"",""source"":""PubChem PUG REST"",""screening_envelope"":{""mw"":[30.0,500.0],""heavy_atoms"":[2,36]}},""offline_seed"":""pubchem-registry-20260724-v1""}",verified,1
diethylamine,,Diethylamine,[],[],,8021,CCNCC,"InChI=1S/C4H11N/c1-3-5-4-2/h5H,3-4H2,1-2H3",HPNMFZURTQLUMO-UHFFFAOYSA-N,C4H11N,73.139,defined_single_substance,resolved,true,qsar,null,"{""identity_verification"":{""cid"":8021,""method"":""pubchem_cid_direct_structure"",""source"":""PubChem PUG REST"",""screening_envelope"":{""mw"":[30.0,500.0],""heavy_atoms"":[2,36]}},""offline_seed"":""pubchem-registry-20260724-v1""}",verified,1
diethylaminoethyl methacrylate,,Diethylaminoethyl Methacrylate,[],[],,61012,C=C(C)C(=O)OCCN(CC)CC,"InChI=1S/C10H19NO2/c1-5-11(6-2)7-8-13-10(12)9(3)4/h3,5-8H2,1-2,4H3",SJIXRGNQPBQWMK-UHFFFAOYSA-N,C10H19NO2,185.26699999999997,defined_single_substance,resolved,true,qsar,null,"{""identity_verification"":{""cid"":61012,""method"":""pubchem_cid_direct_structure"",""source"":""PubChem PUG REST"",""screening_envelope"":{""mw"":[30.0,500.0],""heavy_atoms"":[2,36]}},""offline_seed"":""pubchem-registry-20260724-v1""}",verified,1
diethylcarbamoyl chloride,,Diethylcarbamoyl chloride,[],[],,6916,CCN(CC)C(=O)Cl,"InChI=1S/C5H10ClNO/c1-3-7(4-2)5(6)8/h3-4H2,1-2H3",OFCCYDUUBNUJIB-UHFFFAOYSA-N,C5H10ClNO,135.594,defined_single_substance,resolved,true,qsar,null,"{""identity_verification"":{""cid"":6916,""method"":""pubchem_cid_direct_structure"",""source"":""PubChem PUG REST"",""screening_envelope"":{""mw"":[30.0,500.0],""heavy_atoms"":[2,36]}},""offline_seed"":""pubchem-registry-20260724-v1""}",verified,1
diethylene glycol,,Diethylene Glycol,[],[],,8117,OCCOCCO,"InChI=1S/C4H10O3/c5-1-3-7-4-2-6/h5-6H,1-4H2",MTHSVFCYNBDYFN-UHFFFAOYSA-N,C4H10O3,106.12099999999998,defined_single_substance,resolved,true,qsar,null,"{""identity_verification"":{""cid"":8117,""method"":""pubchem_cid_direct_structure"",""source"":""PubChem PUG REST"",""screening_envelope"":{""mw"":[30.0,500.0],""heavy_atoms"":[2,36]}},""offline_seed"":""pubchem-registry-20260724-v1""}",verified,1
diethylene glycol diacrylate,,Diethylene glycol diacrylate,[],[],,19996,C=CC(=O)OCCOCCOC(=O)C=C,"InChI=1S/C10H14O5/c1-3-9(11)14-7-5-13-6-8-15-10(12)4-2/h3-4H,1-2,5-8H2",LEJBBGNFPAFPKQ-UHFFFAOYSA-N,C10H14O5,214.21699999999996,defined_single_substance,resolved,true,qsar,null,"{""identity_verification"":{""cid"":19996,""method"":""pubchem_cid_direct_structure"",""source"":""PubChem PUG REST"",""screening_envelope"":{""mw"":[30.0,500.0],""heavy_atoms"":[2,36]}},""offline_seed"":""pubchem-registry-20260724-v1""}",verified,1
diethylene glycol dinitrate,,Diethylene glycol dinitrate,[],[],,61198,O=[N+]([O-])OCCOCCO[N+](=O)[O-],InChI=1S/C4H8N2O7/c7-5(8)12-3-1-11-2-4-13-6(9)10/h1-4H2,LYAGTVMJGHTIDH-UHFFFAOYSA-N,C4H8N2O7,196.11499999999998,defined_single_substance,resolved,true,qsar,null,"{""identity_verification"":{""cid"":61198,""method"":""pubchem_cid_direct_structure"",""source"":""PubChem PUG REST"",""screening_envelope"":{""mw"":[30.0,500.0],""heavy_atoms"":[2,36]}},""offline_seed"":""pubchem-registry-20260724-v1""}",verified,1
diethylene glycol monobutyl ether,,Diethylene Glycol Monobutyl Ether,[],[],,8177,CCCCOCCOCCO,"InChI=1S/C8H18O3/c1-2-3-5-10-7-8-11-6-4-9/h9H,2-8H2,1H3",OAYXUHPQHDHDDZ-UHFFFAOYSA-N,C8H18O3,162.22899999999998,defined_single_substance,resolved,true,qsar,null,"{""identity_verification"":{""cid"":8177,""method"":""pubchem_cid_direct_structure"",""source"":""PubChem PUG REST"",""screening_envelope"":{""mw"":[30.0,500.0],""heavy_atoms"":[2,36]}},""offline_seed"":""pubchem-registry-20260724-v1""}",verified,1
diethylene glycol monohexyl ether,,Diethylene glycol monohexyl ether,[],[],,8199,CCCCCCOCCOCCO,"InChI=1S/C10H22O3/c1-2-3-4-5-7-12-9-10-13-8-6-11/h11H,2-10H2,1H3",GZMAAYIALGURDQ-UHFFFAOYSA-N,C10H22O3,190.28299999999996,defined_single_substance,resolved,true,qsar,null,"{""identity_verification"":{""cid"":8199,""method"":""pubchem_cid_direct_structure"",""source"":""PubChem PUG REST"",""screening_envelope"":{""mw"":[30.0,500.0],""heavy_atoms"":[2,36]}},""offline_seed"":""pubchem-registry-20260724-v1""}",verified,1
"diethylene glycol, bischloroformate",,"Diethylene glycol, bischloroformate",[],[],,7828,O=C(Cl)OCCOCCOC(=O)Cl,InChI=1S/C6H8Cl2O5/c7-5(9)12-3-1-11-2-4-13-6(8)10/h1-4H2,XFSAZBKSWGOXRH-UHFFFAOYSA-N,C6H8Cl2O5,231.03099999999995,defined_single_substance,resolved,true,qsar,null,"{""identity_verification"":{""cid"":7828,""method"":""pubchem_cid_direct_structure"",""source"":""PubChem PUG REST"",""screening_envelope"":{""mw"":[30.0,500.0],""heavy_atoms"":[2,36]}},""offline_seed"":""pubchem-registry-20260724-v1""}",verified,1
diethylethanolamine,,Diethylethanolamine,[],[],,7497,CCN(CC)CCO,"InChI=1S/C6H15NO/c1-3-7(4-2)5-6-8/h8H,3-6H2,1-2H3",BFSVOASYOCHEOV-UHFFFAOYSA-N,C6H15NO,117.192,defined_single_substance,resolved,true,qsar,null,"{""identity_verification"":{""cid"":7497,""method"":""pubchem_cid_direct_structure"",""source"":""PubChem PUG REST"",""screening_envelope"":{""mw"":[30.0,500.0],""heavy_atoms"":[2,36]}},""offline_seed"":""pubchem-registry-20260724-v1""}",verified,1
diethylmethoxyborane,,Diethylmethoxyborane,[],[],,522516,CCB(CC)OC,"InChI=1S/C5H13BO/c1-4-6(5-2)7-3/h4-5H2,1-3H3",FESAXEDIWWXCNG-UHFFFAOYSA-N,C5H13BO,99.96999999999998,defined_single_substance,resolved,true,qsar,null,"{""identity_verification"":{""cid"":522516,""method"":""pubchem_cid_direct_structure"",""source"":""PubChem PUG REST"",""screening_envelope"":{""mw"":[30.0,500.0],""heavy_atoms"":[2,36]}},""offline_seed"":""pubchem-registry-20260724-v1""}",verified,1
difenacoum,,Difenacoum,[],[],,54676884,O=c1oc2ccccc2c(O)c1C1CC(c2ccc(-c3ccccc3)cc2)Cc2ccccc21,"InChI=1S/C31H24O3/c32-30-26-12-6-7-13-28(26)34-31(33)29(30)27-19-24(18-23-10-4-5-11-25(23)27)22-16-14-21(15-17-22)20-8-2-1-3-9-20/h1-17,24,27,32H,18-19H2",FVQITOLOYMWVFU-UHFFFAOYSA-N,C31H24O3,444.53000000000014,defined_single_substance,resolved,true,qsar,null,"{""identity_verification"":{""cid"":54676884,""method"":""pubchem_cid_direct_structure"",""source"":""PubChem PUG REST"",""screening_envelope"":{""mw"":[30.0,500.0],""heavy_atoms"":[2,36]}},""offline_seed"":""pubchem-registry-20260724-v1""}",verified,1
digoxigenin,,Digoxigenin,[],[],,15478,C[C@]12CC[C@H](O)C[C@H]1CC[C@@H]1[C@@H]2C[C@@H](O)[C@]2(C)[C@@H](C3=CC(=O)OC3)CC[C@]12O,"InChI=1S/C23H34O5/c1-21-7-5-15(24)10-14(21)3-4-17-18(21)11-19(25)22(2)16(6-8-23(17,22)27)13-9-20(26)28-12-13/h9,14-19,24-25,27H,3-8,10-12H2,1-2H3/t14-,15+,16-,17-,18+,19-,21+,22+,23+/m1/s1",SHIBSTMRCDJXLN-KCZCNTNESA-N,C23H34O5,390.5200000000001,defined_single_substance,resolved,true,qsar,null,"{""identity_verification"":{""cid"":15478,""method"":""pubchem_cid_direct_structure"",""source"":""PubChem PUG REST"",""screening_envelope"":{""mw"":[30.0,500.0],""heavy_atoms"":[2,36]}},""offline_seed"":""pubchem-registry-20260724-v1""}",verified,1
diisopropanolamine,,Diisopropanolamine,[],[],,8086,CC(O)CNCC(C)O,"InChI=1S/C6H15NO2/c1-5(8)3-7-4-6(2)9/h5-9H,3-4H2,1-2H3",LVTYICIALWPMFW-UHFFFAOYSA-N,C6H15NO2,133.191,defined_single_substance,resolved,true,qsar,null,"{""identity_verification"":{""cid"":8086,""method"":""pubchem_cid_direct_structure"",""source"":""PubChem PUG REST"",""screening_envelope"":{""mw"":[30.0,500.0],""heavy_atoms"":[2,36]}},""offline_seed"":""pubchem-registry-20260724-v1""}",verified,1
dimefox,,Dimefox,[],[],,8264,CN(C)P(=O)(F)N(C)C,"InChI=1S/C4H12FN2OP/c1-6(2)9(5,8)7(3)4/h1-4H3",PGJBQBDNXAZHBP-UHFFFAOYSA-N,C4H12FN2OP,154.125,defined_single_substance,resolved,true,qsar,null,"{""identity_verification"":{""cid"":8264,""method"":""pubchem_cid_direct_structure"",""source"":""PubChem PUG REST"",""screening_envelope"":{""mw"":[30.0,500.0],""heavy_atoms"":[2,36]}},""offline_seed"":""pubchem-registry-20260724-v1""}",verified,1
dimepranol,,Dimepranol,[],[],,37511,CC(O)CN(C)C,"InChI=1S/C5H13NO/c1-5(7)4-6(2)3/h5,7H,4H2,1-3H3",NCXUNZWLEYGQAH-UHFFFAOYSA-N,C5H13NO,103.16499999999998,defined_single_substance,resolved,true,qsar,null,"{""identity_verification"":{""cid"":37511,""method"":""pubchem_cid_direct_structure"",""source"":""PubChem PUG REST"",""screening_envelope"":{""mw"":[30.0,500.0],""heavy_atoms"":[2,36]}},""offline_seed"":""pubchem-registry-20260724-v1""}",verified,1
dimetan,,Dimetan,[],[],,31201,CN(C)C(=O)OC1=CC(=O)CC(C)(C)C1,"InChI=1S/C11H17NO3/c1-11(2)6-8(13)5-9(7-11)15-10(14)12(3)4/h5H,6-7H2,1-4H3",ITEQSCBLCCNACE-UHFFFAOYSA-N,C11H17NO3,211.26099999999997,defined_single_substance,resolved,true,qsar,null,"{""identity_verification"":{""cid"":31201,""method"":""pubchem_cid_direct_structure"",""source"":""PubChem PUG REST"",""screening_envelope"":{""mw"":[30.0,500.0],""heavy_atoms"":[2,36]}},""offline_seed"":""pubchem-registry-20260724-v1""}",verified,1
dimethenamid-p,,Dimethenamid-P,[],[],,13633097,COC[C@H](C)N(C(=O)CCl)c1c(C)csc1C,"InChI=1S/C12H18ClNO2S/c1-8-7-17-10(3)12(8)14(11(15)5-13)9(2)6-16-4/h7,9H,5-6H2,1-4H3/t9-/m0/s1",JLYFCTQDENRSOL-VIFPVBQESA-N,C12H18ClNO2S,275.801,defined_single_substance,resolved,true,qsar,null,"{""identity_verification"":{""cid"":13633097,""method"":""pubchem_cid_direct_structure"",""source"":""PubChem PUG REST"",""screening_envelope"":{""mw"":[30.0,500.0],""heavy_atoms"":[2,36]}},""offline_seed"":""pubchem-registry-20260724-v1""}",verified,1
dimethoate,,Dimethoate,[],[],,3082,CNC(=O)CSP(=S)(OC)OC,"InChI=1S/C5H12NO3PS2/c1-6-5(7)4-12-10(11,8-2)9-3/h4H2,1-3H3,(H,6,7)",MCWXGJITAZMZEV-UHFFFAOYSA-N,C5H12NO3PS2,229.26299999999998,defined_single_substance,resolved,true,qsar,null,"{""identity_verification"":{""cid"":3082,""method"":""pubchem_cid_direct_structure"",""source"":""PubChem PUG REST"",""screening_envelope"":{""mw"":[30.0,500.0],""heavy_atoms"":[2,36]}},""offline_seed"":""pubchem-registry-20260724-v1""}",verified,1
dimethyl 4-(methylthio)phenyl phosphate,,Dimethyl 4-(methylthio)phenyl phosphate,[],[],,18621,COP(=O)(OC)Oc1ccc(SC)cc1,"InChI=1S/C9H13O4PS/c1-11-14(10,12-2)13-8-4-6-9(15-3)7-5-8/h4-7H,1-3H3",BUDNNLHZOCBLAU-UHFFFAOYSA-N,C9H13O4PS,248.24,defined_single_substance,resolved,true,qsar,null,"{""identity_verification"":{""cid"":18621,""method"":""pubchem_cid_direct_structure"",""source"":""PubChem PUG REST"",""screening_envelope"":{""mw"":[30.0,500.0],""heavy_atoms"":[2,36]}},""offline_seed"":""pubchem-registry-20260724-v1""}",verified,1
dimethyl fumarate,,Dimethyl Fumarate,[],[],,637568,COC(=O)/C=C/C(=O)OC,"InChI=1S/C6H8O4/c1-9-5(7)3-4-6(8)10-2/h3-4H,1-2H3/b4-3+",LDCRTTXIJACKKU-ONEGZZNKSA-N,C6H8O4,144.12599999999998,defined_single_substance,resolved,true,qsar,null,"{""identity_verification"":{""cid"":637568,""method"":""pubchem_cid_direct_structure"",""source"":""PubChem PUG REST"",""screening_envelope"":{""mw"":[30.0,500.0],""heavy_atoms"":[2,36]}},""offline_seed"":""pubchem-registry-20260724-v1""}",verified,1
dimethyl sulfate,,Dimethyl Sulfate,[],[],,6497,COS(=O)(=O)OC,"InChI=1S/C2H6O4S/c1-5-7(3,4)6-2/h1-2H3",VAYGXNSJCAHWJZ-UHFFFAOYSA-N,C2H6O4S,126.13299999999998,defined_single_substance,resolved,true,qsar,null,"{""identity_verification"":{""cid"":6497,""method"":""pubchem_cid_direct_structure"",""source"":""PubChem PUG REST"",""screening_envelope"":{""mw"":[30.0,500.0],""heavy_atoms"":[2,36]}},""offline_seed"":""pubchem-registry-20260724-v1""}",verified,1
dimethyl-p-toluidine,,Dimethyl-p-toluidine,[],[],,7471,Cc1ccc(N(C)C)cc1,"InChI=1S/C9H13N/c1-8-4-6-9(7-5-8)10(2)3/h4-7H,1-3H3",GYVGXEWAOAAJEU-UHFFFAOYSA-N,C9H13N,135.21,defined_single_substance,resolved,true,qsar,null,"{""identity_verification"":{""cid"":7471,""method"":""pubchem_cid_direct_structure"",""source"":""PubChem PUG REST"",""screening_envelope"":{""mw"":[30.0,500.0],""heavy_atoms"":[2,36]}},""offline_seed"":""pubchem-registry-20260724-v1""}",verified,1
dimethylamine,,Dimethylamine,[],[],,674,CNC,"InChI=1S/C2H7N/c1-3-2/h3H,1-2H3",ROSDSFDQCJNGOL-UHFFFAOYSA-N,C2H7N,45.085,defined_single_substance,resolved,true,qsar,null,"{""identity_verification"":{""cid"":674,""method"":""pubchem_cid_direct_structure"",""source"":""PubChem PUG REST"",""screening_envelope"":{""mw"":[30.0,500.0],""heavy_atoms"":[2,36]}},""offline_seed"":""pubchem-registry-20260724-v1""}",verified,1
dimethylcarbamoyl chloride,,Dimethylcarbamoyl Chloride,[],[],,6598,CN(C)C(=O)Cl,InChI=1S/C3H6ClNO/c1-5(2)3(4)6/h1-2H3,YIIMEMSDCNDGTB-UHFFFAOYSA-N,C3H6ClNO,107.53999999999999,defined_single_substance,resolved,true,qsar,null,"{""identity_verification"":{""cid"":6598,""method"":""pubchem_cid_direct_structure"",""source"":""PubChem PUG REST"",""screening_envelope"":{""mw"":[30.0,500.0],""heavy_atoms"":[2,36]}},""offline_seed"":""pubchem-registry-20260724-v1""}",verified,1
dimethyldiphenylmethane,,Dimethyldiphenylmethane,[],[],,13065,CC(C)(c1ccccc1)c1ccccc1,"InChI=1S/C15H16/c1-15(2,13-9-5-3-6-10-13)14-11-7-4-8-12-14/h3-12H,1-2H3",MILSYCKGLDDVLM-UHFFFAOYSA-N,C15H16,196.29299999999998,defined_single_substance,resolved,true,qsar,null,"{""identity_verification"":{""cid"":13065,""method"":""pubchem_cid_direct_structure"",""source"":""PubChem PUG REST"",""screening_envelope"":{""mw"":[30.0,500.0],""heavy_atoms"":[2,36]}},""offline_seed"":""pubchem-registry-20260724-v1""}",verified,1
dimethylsulphamoyl chloride,,Dimethylsulphamoyl chloride,[],[],,83372,CN(C)S(=O)(=O)Cl,"InChI=1S/C2H6ClNO2S/c1-4(2)7(3,5)6/h1-2H3",JFCHSQDLLFJHOA-UHFFFAOYSA-N,C2H6ClNO2S,143.595,defined_single_substance,resolved,true,qsar,null,"{""identity_verification"":{""cid"":83372,""method"":""pubchem_cid_direct_structure"",""source"":""PubChem PUG REST"",""screening_envelope"":{""mw"":[30.0,500.0],""heavy_atoms"":[2,36]}},""offline_seed"":""pubchem-registry-20260724-v1""}",verified,1
dimexano,,Dimexano,[],[],,15115,COC(=S)SSC(=S)OC,InChI=1S/C4H6O2S4/c1-5-3(7)9-10-4(8)6-2/h1-2H3,FVCPXLWAKNJIKK-UHFFFAOYSA-N,C4H6O2S4,214.358,defined_single_substance,resolved,true,qsar,null,"{""identity_verification"":{""cid"":15115,""method"":""pubchem_cid_direct_structure"",""source"":""PubChem PUG REST"",""screening_envelope"":{""mw"":[30.0,500.0],""heavy_atoms"":[2,36]}},""offline_seed"":""pubchem-registry-20260724-v1""}",verified,1
dimorpholinomethane,,Dimorpholinomethane,[],[],,21839,C1CN(CN2CCOCC2)CCO1,InChI=1S/C9H18N2O2/c1-5-12-6-2-10(1)9-11-3-7-13-8-4-11/h1-9H2,MIFZZKZNMWTHJK-UHFFFAOYSA-N,C9H18N2O2,186.25499999999997,defined_single_substance,resolved,true,qsar,null,"{""identity_verification"":{""cid"":21839,""method"":""pubchem_cid_direct_structure"",""source"":""PubChem PUG REST"",""screening_envelope"":{""mw"":[30.0,500.0],""heavy_atoms"":[2,36]}},""offline_seed"":""pubchem-registry-20260724-v1""}",verified,1
dinex,,Dinex,[],[],,8540,O=[N+]([O-])c1cc(C2CCCCC2)c(O)c([N+](=O)[O-])c1,"InChI=1S/C12H14N2O5/c15-12-10(8-4-2-1-3-5-8)6-9(13(16)17)7-11(12)14(18)19/h6-8,15H,1-5H2",QJYHUJAGJUHXJN-UHFFFAOYSA-N,C12H14N2O5,266.253,defined_single_substance,resolved,true,qsar,null,"{""identity_verification"":{""cid"":8540,""method"":""pubchem_cid_direct_structure"",""source"":""PubChem PUG REST"",""screening_envelope"":{""mw"":[30.0,500.0],""heavy_atoms"":[2,36]}},""offline_seed"":""pubchem-registry-20260724-v1""}",verified,1
dinobuton,,Dinobuton,[],[],,13783,CCC(C)c1cc([N+](=O)[O-])cc([N+](=O)[O-])c1OC(=O)OC(C)C,"InChI=1S/C14H18N2O7/c1-5-9(4)11-6-10(15(18)19)7-12(16(20)21)13(11)23-14(17)22-8(2)3/h6-9H,5H2,1-4H3",HDWLUGYOLUHEMN-UHFFFAOYSA-N,C14H18N2O7,326.30500000000006,defined_single_substance,resolved,true,qsar,null,"{""identity_verification"":{""cid"":13783,""method"":""pubchem_cid_direct_structure"",""source"":""PubChem PUG REST"",""screening_envelope"":{""mw"":[30.0,500.0],""heavy_atoms"":[2,36]}},""offline_seed"":""pubchem-registry-20260724-v1""}",verified,1
dinosam,,Dinosam,[],[],,20041,CCCC(C)c1cc([N+](=O)[O-])cc([N+](=O)[O-])c1O,"InChI=1S/C11H14N2O5/c1-3-4-7(2)9-5-8(12(15)16)6-10(11(9)14)13(17)18/h5-7,14H,3-4H2,1-2H3",PSOZMUMWCXLRKX-UHFFFAOYSA-N,C11H14N2O5,254.242,defined_single_substance,resolved,true,qsar,null,"{""identity_verification"":{""cid"":20041,""method"":""pubchem_cid_direct_structure"",""source"":""PubChem PUG REST"",""screening_envelope"":{""mw"":[30.0,500.0],""heavy_atoms"":[2,36]}},""offline_seed"":""pubchem-registry-20260724-v1""}",verified,1
dinoseb,,Dinoseb,[],[],,6950,CCC(C)c1cc([N+](=O)[O-])cc([N+](=O)[O-])c1O,"InChI=1S/C10H12N2O5/c1-3-6(2)8-4-7(11(14)15)5-9(10(8)13)12(16)17/h4-6,13H,3H2,1-2H3",OWZPCEFYPSAJFR-UHFFFAOYSA-N,C10H12N2O5,240.21499999999997,defined_single_substance,resolved,true,qsar,null,"{""identity_verification"":{""cid"":6950,""method"":""pubchem_cid_direct_structure"",""source"":""PubChem PUG REST"",""screening_envelope"":{""mw"":[30.0,500.0],""heavy_atoms"":[2,36]}},""offline_seed"":""pubchem-registry-20260724-v1""}",verified,1
dinotefuran,,Dinotefuran,[],[],,197701,CN=C(NCC1CCOC1)N[N+](=O)[O-],"InChI=1S/C7H14N4O3/c1-8-7(10-11(12)13)9-4-6-2-3-14-5-6/h6H,2-5H2,1H3,(H2,8,9,10)",YKBZOVFACRVRJN-UHFFFAOYSA-N,C7H14N4O3,202.214,defined_single_substance,resolved,true,qsar,null,"{""identity_verification"":{""cid"":197701,""method"":""pubchem_cid_direct_structure"",""source"":""PubChem PUG REST"",""screening_envelope"":{""mw"":[30.0,500.0],""heavy_atoms"":[2,36]}},""offline_seed"":""pubchem-registry-20260724-v1""}",verified,1
dinoterb,,Dinoterb,[],[],,14994,CC(C)(C)c1cc([N+](=O)[O-])cc([N+](=O)[O-])c1O,"InChI=1S/C10H12N2O5/c1-10(2,3)7-4-6(11(14)15)5-8(9(7)13)12(16)17/h4-5,13H,1-3H3",IIPZYDQGBIWLBU-UHFFFAOYSA-N,C10H12N2O5,240.21499999999997,defined_single_substance,resolved,true,qsar,null,"{""identity_verification"":{""cid"":14994,""method"":""pubchem_cid_direct_structure"",""source"":""PubChem PUG REST"",""screening_envelope"":{""mw"":[30.0,500.0],""heavy_atoms"":[2,36]}},""offline_seed"":""pubchem-registry-20260724-v1""}",verified,1
dioxacarb,,Dioxacarb,[],[],,23421,CNC(=O)Oc1ccccc1C1OCCO1,"InChI=1S/C11H13NO4/c1-12-11(13)16-9-5-3-2-4-8(9)10-14-6-7-15-10/h2-5,10H,6-7H2,1H3,(H,12,13)",SDKQRNRRDYRQKY-UHFFFAOYSA-N,C11H13NO4,223.22799999999995,defined_single_substance,resolved,true,qsar,null,"{""identity_verification"":{""cid"":23421,""method"":""pubchem_cid_direct_structure"",""source"":""PubChem PUG REST"",""screening_envelope"":{""mw"":[30.0,500.0],""heavy_atoms"":[2,36]}},""offline_seed"":""pubchem-registry-20260724-v1""}",verified,1
dioxathion,,Dioxathion,[],[],,6531,CCOP(=S)(OCC)SC1OCCOC1SP(=S)(OCC)OCC,"InChI=1S/C12H26O6P2S4/c1-5-15-19(21,16-6-2)23-11-12(14-10-9-13-11)24-20(22,17-7-3)18-8-4/h11-12H,5-10H2,1-4H3",VBKKVDGJXVOLNE-UHFFFAOYSA-N,C12H26O6P2S4,456.5500000000002,defined_single_substance,resolved,true,qsar,null,"{""identity_verification"":{""cid"":6531,""method"":""pubchem_cid_direct_structure"",""source"":""PubChem PUG REST"",""screening_envelope"":{""mw"":[30.0,500.0],""heavy_atoms"":[2,36]}},""offline_seed"":""pubchem-registry-20260724-v1""}",verified,1
diphacinone,,Diphacinone,[],[],,6719,O=C1c2ccccc2C(=O)C1C(=O)C(c1ccccc1)c1ccccc1,"InChI=1S/C23H16O3/c24-21-17-13-7-8-14-18(17)22(25)20(21)23(26)19(15-9-3-1-4-10-15)16-11-5-2-6-12-16/h1-14,19-20H",JYGLAHSAISAEAL-UHFFFAOYSA-N,C23H16O3,340.37800000000004,defined_single_substance,resolved,true,qsar,null,"{""identity_verification"":{""cid"":6719,""method"":""pubchem_cid_direct_structure"",""source"":""PubChem PUG REST"",""screening_envelope"":{""mw"":[30.0,500.0],""heavy_atoms"":[2,36]}},""offline_seed"":""pubchem-registry-20260724-v1""}",verified,1
diphenyl ether,,Diphenyl Ether,[],[],,7583,c1ccc(Oc2ccccc2)cc1,InChI=1S/C12H10O/c1-3-7-11(8-4-1)13-12-9-5-2-6-10-12/h1-10H,USIUVYZYUHIAEV-UHFFFAOYSA-N,C12H10O,170.21099999999998,defined_single_substance,resolved,true,qsar,null,"{""identity_verification"":{""cid"":7583,""method"":""pubchem_cid_direct_structure"",""source"":""PubChem PUG REST"",""screening_envelope"":{""mw"":[30.0,500.0],""heavy_atoms"":[2,36]}},""offline_seed"":""pubchem-registry-20260724-v1""}",verified,1
diphenyl n-cyanocarbonimidate,,Diphenyl N-Cyanocarbonimidate,[],[],,688090,N#CN=C(Oc1ccccc1)Oc1ccccc1,InChI=1S/C14H10N2O2/c15-11-16-14(17-12-7-3-1-4-8-12)18-13-9-5-2-6-10-13/h1-10H,SLIKWVTWIGHFJE-UHFFFAOYSA-N,C14H10N2O2,238.246,defined_single_substance,resolved,true,qsar,null,"{""identity_verification"":{""cid"":688090,""method"":""pubchem_cid_direct_structure"",""source"":""PubChem PUG REST"",""screening_envelope"":{""mw"":[30.0,500.0],""heavy_atoms"":[2,36]}},""offline_seed"":""pubchem-registry-20260724-v1""}",verified,1
disperse blue 1,,Disperse Blue 1,[],[],,17190,Nc1ccc(N)c2c1C(=O)c1c(N)ccc(N)c1C2=O,"InChI=1S/C14H12N4O2/c15-5-1-2-6(16)10-9(5)13(19)11-7(17)3-4-8(18)12(11)14(10)20/h1-4H,15-18H2",JSFUMBWFPQSADC-UHFFFAOYSA-N,C14H12N4O2,268.27599999999995,defined_single_substance,resolved,true,qsar,null,"{""identity_verification"":{""cid"":17190,""method"":""pubchem_cid_direct_structure"",""source"":""PubChem PUG REST"",""screening_envelope"":{""mw"":[30.0,500.0],""heavy_atoms"":[2,36]}},""offline_seed"":""pubchem-registry-20260724-v1""}",verified,1
disul,,Disul,[],[],,8701,O=S(=O)(O)OCCOc1ccc(Cl)cc1Cl,"InChI=1S/C8H8Cl2O5S/c9-6-1-2-8(7(10)5-6)14-3-4-15-16(11,12)13/h1-2,5H,3-4H2,(H,11,12,13)",HJEINPVZRDJRBY-UHFFFAOYSA-N,C8H8Cl2O5S,287.11999999999995,defined_single_substance,resolved,true,qsar,null,"{""identity_verification"":{""cid"":8701,""method"":""pubchem_cid_direct_structure"",""source"":""PubChem PUG REST"",""screening_envelope"":{""mw"":[30.0,500.0],""heavy_atoms"":[2,36]}},""offline_seed"":""pubchem-registry-20260724-v1""}",verified,1
disulfiram,,Disulfiram,[],[],,3117,CCN(CC)C(=S)SSC(=S)N(CC)CC,"InChI=1S/C10H20N2S4/c1-5-11(6-2)9(13)15-16-10(14)12(7-3)8-4/h5-8H2,1-4H3",AUZONCFQVSMFAP-UHFFFAOYSA-N,C10H20N2S4,296.5520000000001,defined_single_substance,resolved,true,qsar,null,"{""identity_verification"":{""cid"":3117,""method"":""pubchem_cid_direct_structure"",""source"":""PubChem PUG REST"",""screening_envelope"":{""mw"":[30.0,500.0],""heavy_atoms"":[2,36]}},""offline_seed"":""pubchem-registry-20260724-v1""}",verified,1
disulfoton,,Disulfoton,[],[],,3118,CCOP(=S)(OCC)SCCSCC,"InChI=1S/C8H19O2PS3/c1-4-9-11(12,10-5-2)14-8-7-13-6-3/h4-8H2,1-3H3",DOFZAZXDOSGAJZ-UHFFFAOYSA-N,C8H19O2PS3,274.413,defined_single_substance,resolved,true,qsar,null,"{""identity_verification"":{""cid"":3118,""method"":""pubchem_cid_direct_structure"",""source"":""PubChem PUG REST"",""screening_envelope"":{""mw"":[30.0,500.0],""heavy_atoms"":[2,36]}},""offline_seed"":""pubchem-registry-20260724-v1""}",verified,1
ditalimfos,,Ditalimfos,[],[],,21207,CCOP(=S)(OCC)N1C(=O)c2ccccc2C1=O,"InChI=1S/C12H14NO4PS/c1-3-16-18(19,17-4-2)13-11(14)9-7-5-6-8-10(9)12(13)15/h5-8H,3-4H2,1-2H3",MTBZIGHNGSTDJV-UHFFFAOYSA-N,C12H14NO4PS,299.28800000000007,defined_single_substance,resolved,true,qsar,null,"{""identity_verification"":{""cid"":21207,""method"":""pubchem_cid_direct_structure"",""source"":""PubChem PUG REST"",""screening_envelope"":{""mw"":[30.0,500.0],""heavy_atoms"":[2,36]}},""offline_seed"":""pubchem-registry-20260724-v1""}",verified,1
diuron,,Diuron,[],[],,3120,CN(C)C(=O)Nc1ccc(Cl)c(Cl)c1,"InChI=1S/C9H10Cl2N2O/c1-13(2)9(14)12-6-3-4-7(10)8(11)5-6/h3-5H,1-2H3,(H,12,14)",XMTQQYYKAHVGBJ-UHFFFAOYSA-N,C9H10Cl2N2O,233.09799999999998,defined_single_substance,resolved,true,qsar,null,"{""identity_verification"":{""cid"":3120,""method"":""pubchem_cid_direct_structure"",""source"":""PubChem PUG REST"",""screening_envelope"":{""mw"":[30.0,500.0],""heavy_atoms"":[2,36]}},""offline_seed"":""pubchem-registry-20260724-v1""}",verified,1
dixanthogen,,Dixanthogen,[],[],,10404,CCOC(=S)SSC(=S)OCC,"InChI=1S/C6H10O2S4/c1-3-7-5(9)11-12-6(10)8-4-2/h3-4H2,1-2H3",FVIGODVHAVLZOO-UHFFFAOYSA-N,C6H10O2S4,242.412,defined_single_substance,resolved,true,qsar,null,"{""identity_verification"":{""cid"":10404,""method"":""pubchem_cid_direct_structure"",""source"":""PubChem PUG REST"",""screening_envelope"":{""mw"":[30.0,500.0],""heavy_atoms"":[2,36]}},""offline_seed"":""pubchem-registry-20260724-v1""}",verified,1
dodecyl gallate,,Dodecyl Gallate,[],[],,14425,CCCCCCCCCCCCOC(=O)c1cc(O)c(O)c(O)c1,"InChI=1S/C19H30O5/c1-2-3-4-5-6-7-8-9-10-11-12-24-19(23)15-13-16(20)18(22)17(21)14-15/h13-14,20-22H,2-12H2,1H3",RPWFJAMTCNSJKK-UHFFFAOYSA-N,C19H30O5,338.444,defined_single_substance,resolved,true,qsar,null,"{""identity_verification"":{""cid"":14425,""method"":""pubchem_cid_direct_structure"",""source"":""PubChem PUG REST"",""screening_envelope"":{""mw"":[30.0,500.0],""heavy_atoms"":[2,36]}},""offline_seed"":""pubchem-registry-20260724-v1""}",verified,1
domoic acid,,Domoic Acid,[],[],,5282253,C/C(=C/C=C/[C@@H](C)C(=O)O)[C@H]1CN[C@H](C(=O)O)[C@H]1CC(=O)O,"InChI=1S/C15H21NO6/c1-8(4-3-5-9(2)14(19)20)11-7-16-13(15(21)22)10(11)6-12(17)18/h3-5,9-11,13,16H,6-7H2,1-2H3,(H,17,18)(H,19,20)(H,21,22)/b5-3+,8-4-/t9-,10+,11-,13+/m1/s1",VZFRNCSOCOPNDB-AOKDLOFSSA-N,C15H21NO6,311.334,defined_single_substance,resolved,true,qsar,null,"{""identity_verification"":{""cid"":5282253,""method"":""pubchem_cid_direct_structure"",""source"":""PubChem PUG REST"",""screening_envelope"":{""mw"":[30.0,500.0],""heavy_atoms"":[2,36]}},""offline_seed"":""pubchem-registry-20260724-v1""}",verified,1
droloxifene,,Droloxifene,[],[],,3033767,CC/C(=C(/c1ccc(OCCN(C)C)cc1)c1cccc(O)c1)c1ccccc1,"InChI=1S/C26H29NO2/c1-4-25(20-9-6-5-7-10-20)26(22-11-8-12-23(28)19-22)21-13-15-24(16-14-21)29-18-17-27(2)3/h5-16,19,28H,4,17-18H2,1-3H3/b26-25+",ZQZFYGIXNQKOAV-OCEACIFDSA-N,C26H29NO2,387.52299999999997,defined_single_substance,resolved,true,qsar,null,"{""identity_verification"":{""cid"":3033767,""method"":""pubchem_cid_direct_structure"",""source"":""PubChem PUG REST"",""screening_envelope"":{""mw"":[30.0,500.0],""heavy_atoms"":[2,36]}},""offline_seed"":""pubchem-registry-20260724-v1""}",verified,1
duloxetine,,Duloxetine,[],[],,60835,CNCC[C@H](Oc1cccc2ccccc12)c1cccs1,"InChI=1S/C18H19NOS/c1-19-12-11-17(18-10-5-13-21-18)20-16-9-4-7-14-6-2-3-8-15(14)16/h2-10,13,17,19H,11-12H2,1H3/t17-/m0/s1",ZEUITGRIYCTCEM-KRWDZBQOSA-N,C18H19NOS,297.423,defined_single_substance,resolved,true,qsar,null,"{""identity_verification"":{""cid"":60835,""method"":""pubchem_cid_direct_structure"",""source"":""PubChem PUG REST"",""screening_envelope"":{""mw"":[30.0,500.0],""heavy_atoms"":[2,36]}},""offline_seed"":""pubchem-registry-20260724-v1""}",verified,1
edifenphos,,Edifenphos,[],[],,28292,CCOP(=O)(Sc1ccccc1)Sc1ccccc1,"InChI=1S/C14H15O2PS2/c1-2-16-17(15,18-13-9-5-3-6-10-13)19-14-11-7-4-8-12-14/h3-12H,2H2,1H3",AWZOLILCOUMRDG-UHFFFAOYSA-N,C14H15O2PS2,310.38000000000005,defined_single_substance,resolved,true,qsar,null,"{""identity_verification"":{""cid"":28292,""method"":""pubchem_cid_direct_structure"",""source"":""PubChem PUG REST"",""screening_envelope"":{""mw"":[30.0,500.0],""heavy_atoms"":[2,36]}},""offline_seed"":""pubchem-registry-20260724-v1""}",verified,1
endosulfan,,Endosulfan,[],[],,3224,O=S1OCC2C(CO1)C1(Cl)C(Cl)=C(Cl)C2(Cl)C1(Cl)Cl,"InChI=1S/C9H6Cl6O3S/c10-5-6(11)8(13)4-2-18-19(16)17-1-3(4)7(5,12)9(8,14)15/h3-4H,1-2H2",RDYMFSUJUZBWLH-UHFFFAOYSA-N,C9H6Cl6O3S,406.92899999999986,defined_single_substance,resolved,true,qsar,null,"{""identity_verification"":{""cid"":3224,""method"":""pubchem_cid_direct_structure"",""source"":""PubChem PUG REST"",""screening_envelope"":{""mw"":[30.0,500.0],""heavy_atoms"":[2,36]}},""offline_seed"":""pubchem-registry-20260724-v1""}",verified,1
endothall,,Endothall,[],[],,168842,O=C(O)[C@@H]1[C@H](C(=O)O)[C@H]2CC[C@@H]1O2,"InChI=1S/C8H10O5/c9-7(10)5-3-1-2-4(13-3)6(5)8(11)12/h3-6H,1-2H2,(H,9,10)(H,11,12)/t3-,4+,5-,6+",GXEKYRXVRROBEV-FBXFSONDSA-N,C8H10O5,186.16299999999998,defined_single_substance,resolved,true,qsar,null,"{""identity_verification"":{""cid"":168842,""method"":""pubchem_cid_direct_structure"",""source"":""PubChem PUG REST"",""screening_envelope"":{""mw"":[30.0,500.0],""heavy_atoms"":[2,36]}},""offline_seed"":""pubchem-registry-20260724-v1""}",verified,1
endothion,,Endothion,[],[],,17717,COc1coc(CSP(=O)(OC)OC)cc1=O,"InChI=1S/C9H13O6PS/c1-12-9-5-15-7(4-8(9)10)6-17-16(11,13-2)14-3/h4-5H,6H2,1-3H3",YCAGGFXSFQFVQL-UHFFFAOYSA-N,C9H13O6PS,280.238,defined_single_substance,resolved,true,qsar,null,"{""identity_verification"":{""cid"":17717,""method"":""pubchem_cid_direct_structure"",""source"":""PubChem PUG REST"",""screening_envelope"":{""mw"":[30.0,500.0],""heavy_atoms"":[2,36]}},""offline_seed"":""pubchem-registry-20260724-v1""}",verified,1
endrin,,Endrin,[],[],,12358480,ClC1=C(Cl)[C@]2(Cl)[C@@H]3[C@H]4C[C@H]([C@@H]5O[C@H]45)[C@@H]3[C@@]1(Cl)C2(Cl)Cl,"InChI=1S/C12H8Cl6O/c13-8-9(14)11(16)5-3-1-2(6-7(3)19-6)4(5)10(8,15)12(11,17)18/h2-7H,1H2/t2-,3+,4-,5+,6-,7+,10-,11+",DFBKLUNHFCTMDC-GKRDHZSOSA-N,C12H8Cl6O,380.9129999999999,defined_single_substance,resolved,true,qsar,null,"{""identity_verification"":{""cid"":12358480,""method"":""pubchem_cid_direct_structure"",""source"":""PubChem PUG REST"",""screening_envelope"":{""mw"":[30.0,500.0],""heavy_atoms"":[2,36]}},""offline_seed"":""pubchem-registry-20260724-v1""}",verified,1
epichlorohydrin,,Epichlorohydrin,[],[],,7835,ClCC1CO1,"InChI=1S/C3H5ClO/c4-1-3-2-5-3/h3H,1-2H2",BRLQWZUYTZBJKN-UHFFFAOYSA-N,C3H5ClO,92.525,defined_single_substance,resolved,true,qsar,null,"{""identity_verification"":{""cid"":7835,""method"":""pubchem_cid_direct_structure"",""source"":""PubChem PUG REST"",""screening_envelope"":{""mw"":[30.0,500.0],""heavy_atoms"":[2,36]}},""offline_seed"":""pubchem-registry-20260724-v1""}",verified,1
eprosartan,,Eprosartan,[],[],,5281037,CCCCc1ncc(/C=C(\Cc2cccs2)C(=O)O)n1Cc1ccc(C(=O)O)cc1,"InChI=1S/C23H24N2O4S/c1-2-3-6-21-24-14-19(12-18(23(28)29)13-20-5-4-11-30-20)25(21)15-16-7-9-17(10-8-16)22(26)27/h4-5,7-12,14H,2-3,6,13,15H2,1H3,(H,26,27)(H,28,29)/b18-12+",OROAFUQRIXKEMV-LDADJPATSA-N,C23H24N2O4S,424.52200000000016,defined_single_substance,resolved,true,qsar,null,"{""identity_verification"":{""cid"":5281037,""method"":""pubchem_cid_direct_structure"",""source"":""PubChem PUG REST"",""screening_envelope"":{""mw"":[30.0,500.0],""heavy_atoms"":[2,36]}},""offline_seed"":""pubchem-registry-20260724-v1""}",verified,1
eptam,,Eptam,[],[],,12968,CCCN(CCC)C(=O)SCC,"InChI=1S/C9H19NOS/c1-4-7-10(8-5-2)9(11)12-6-3/h4-8H2,1-3H3",GUVLYNGULCJVDO-UHFFFAOYSA-N,C9H19NOS,189.32399999999998,defined_single_substance,resolved,true,qsar,null,"{""identity_verification"":{""cid"":12968,""method"":""pubchem_cid_direct_structure"",""source"":""PubChem PUG REST"",""screening_envelope"":{""mw"":[30.0,500.0],""heavy_atoms"":[2,36]}},""offline_seed"":""pubchem-registry-20260724-v1""}",verified,1
erbon,,Erbon,[],[],,8686,CC(Cl)(Cl)C(=O)OCCOc1cc(Cl)c(Cl)cc1Cl,"InChI=1S/C11H9Cl5O3/c1-11(15,16)10(17)19-3-2-18-9-5-7(13)6(12)4-8(9)14/h4-5H,2-3H2,1H3",KMHZPJNVPCAUMN-UHFFFAOYSA-N,C11H9Cl5O3,366.4549999999999,defined_single_substance,resolved,true,qsar,null,"{""identity_verification"":{""cid"":8686,""method"":""pubchem_cid_direct_structure"",""source"":""PubChem PUG REST"",""screening_envelope"":{""mw"":[30.0,500.0],""heavy_atoms"":[2,36]}},""offline_seed"":""pubchem-registry-20260724-v1""}",verified,1
ergocalciferol,,Ergocalciferol,[],[],,5280793,C=C1CC[C@H](O)C/C1=C/C=C1\CCC[C@]2(C)[C@@H]([C@H](C)/C=C/[C@H](C)C(C)C)CC[C@@H]12,"InChI=1S/C28H44O/c1-19(2)20(3)9-10-22(5)26-15-16-27-23(8-7-17-28(26,27)6)12-13-24-18-25(29)14-11-21(24)4/h9-10,12-13,19-20,22,25-27,29H,4,7-8,11,14-18H2,1-3,5-6H3/b10-9+,23-12+,24-13-/t20-,22+,25-,26+,27-,28+/m0/s1",MECHNRXZTMCUDQ-RKHKHRCZSA-N,C28H44O,396.65900000000016,defined_single_substance,resolved,true,qsar,null,"{""identity_verification"":{""cid"":5280793,""method"":""pubchem_cid_direct_structure"",""source"":""PubChem PUG REST"",""screening_envelope"":{""mw"":[30.0,500.0],""heavy_atoms"":[2,36]}},""offline_seed"":""pubchem-registry-20260724-v1""}",verified,1
esfenvalerate,,Esfenvalerate,[],[],,10342051,CC(C)[C@H](C(=O)O[C@H](C#N)c1cccc(Oc2ccccc2)c1)c1ccc(Cl)cc1,"InChI=1S/C25H22ClNO3/c1-17(2)24(18-11-13-20(26)14-12-18)25(28)30-23(16-27)19-7-6-10-22(15-19)29-21-8-4-3-5-9-21/h3-15,17,23-24H,1-2H3/t23-,24+/m1/s1",NYPJDWWKZLNGGM-RPWUZVMVSA-N,C25H22ClNO3,419.90800000000013,defined_single_substance,resolved,true,qsar,null,"{""identity_verification"":{""cid"":10342051,""method"":""pubchem_cid_direct_structure"",""source"":""PubChem PUG REST"",""screening_envelope"":{""mw"":[30.0,500.0],""heavy_atoms"":[2,36]}},""offline_seed"":""pubchem-registry-20260724-v1""}",verified,1
estragole,,Estragole,[],[],,8815,C=CCc1ccc(OC)cc1,"InChI=1S/C10H12O/c1-3-4-9-5-7-10(11-2)8-6-9/h3,5-8H,1,4H2,2H3",ZFMSMUAANRJZFM-UHFFFAOYSA-N,C10H12O,148.20499999999998,defined_single_substance,resolved,true,qsar,null,"{""identity_verification"":{""cid"":8815,""method"":""pubchem_cid_direct_structure"",""source"":""PubChem PUG REST"",""screening_envelope"":{""mw"":[30.0,500.0],""heavy_atoms"":[2,36]}},""offline_seed"":""pubchem-registry-20260724-v1""}",verified,1
etacelasil,,Etacelasil,[],[],,93200,COCCO[Si](CCCl)(OCCOC)OCCOC,"InChI=1S/C11H25ClO6Si/c1-13-5-8-16-19(11-4-12,17-9-6-14-2)18-10-7-15-3/h4-11H2,1-3H3",SLZWEMYSYKOWCG-UHFFFAOYSA-N,C11H25ClO6Si,316.8540000000001,defined_single_substance,resolved,true,qsar,null,"{""identity_verification"":{""cid"":93200,""method"":""pubchem_cid_direct_structure"",""source"":""PubChem PUG REST"",""screening_envelope"":{""mw"":[30.0,500.0],""heavy_atoms"":[2,36]}},""offline_seed"":""pubchem-registry-20260724-v1""}",verified,1
ethanethiol,,Ethanethiol,[],[],,6343,CCS,"InChI=1S/C2H6S/c1-2-3/h3H,2H2,1H3",DNJIEGIFACGWOD-UHFFFAOYSA-N,C2H6S,62.137,defined_single_substance,resolved,true,qsar,null,"{""identity_verification"":{""cid"":6343,""method"":""pubchem_cid_direct_structure"",""source"":""PubChem PUG REST"",""screening_envelope"":{""mw"":[30.0,500.0],""heavy_atoms"":[2,36]}},""offline_seed"":""pubchem-registry-20260724-v1""}",verified,1
ethanol,Ethanol,Ethanol,[],"[""ethanol"",""ethyl alcohol"",""alcohol"",""64-17-5"",""grain alcohol"",""Methylcarbinol"",""Ethyl hydroxide"",""Ethyl hydrate"",""Tecsol"",""Algrain"",""Anhydrol"",""EtOH"",""Hydroxyethane"",""Alkohol"",""Jaysol S"",""Potato alcohol"",""Absolute ethanol"",""1-Hydroxyethane"",""Ethanol 200 proof"",""Aethylalkohol"",""Denatured ethanol"",""Aethanol"",""Dehydrated ethanol"",""Alcool ethylique"",""etanol"",""Fermentation alcohol"",""Tecsol C"",""Alcool etilico"",""Alcohol, ethyl"",""Alcohol, diluted"",""Dehydrated alcohol"",""Etanolo"",""Jaysol"",""Etylowy alkohol"",""absolute alcohol"",""Alcohol dehydrated"",""Alkoholu etylowego"",""Ethyl alcohol usp"",""Synasol"",""Alcohol, anhydrous"",""Ethyl alcohol anhydrous"",""Alcohol anhydrous"",""Ethylalcohol"",""Alcohol, dehydrated"",""Spirt"",""Alcare Hand Degermer"",""Ethyl alcohol & water, 5%"",""Anhydrous ethanol"",""Ethyl alcohol & water, 10%"",""Ethyl alcohol & water, 20%"",""Ethyl alcohol & water, 30%"",""Ethyl alcohol & water, 40%"",""Ethyl alcohol & water, 50%"",""Ethyl alcohol & water, 60%"",""Ethyl alcohol & water, 70%"",""Ethyl alcohol & water, 80%"",""Ethyl alcohol & water, 95%"",""Ethyl alcohol & water, 96%"",""Alcohol, Absolute"",""Alcohol (ethyl alcohol)"",""Hinetoless"",""Ethicap"",""NCI-C03134"",""FEMA No. 2419"",""C2H5OH"",""Ethylicum"",""Edible alcohol"",""Alcohol,ethyl"",""Alcohol denatured"",""Alcohol,dehydrated"",""SD alcohol 23-hydrogen"",""Alcohol, denatured"",""DTXSID9020584"",""Ethanol, dehydrated"",""Alcoholum"",""Ethanolum"",""Ethyl alcohol, absolute"",""Sd alcohol"",""Ethyl alcohol, dehydrated"",""Alcohol determination--alcohol"",""ABLYSINOL"",""STANDARD"",""Alcohol 190 proof"",""3K9958V90M"",""DTXCID30584"",""CHEBI:16236"",""PM-6193-200"",""NSC85228"",""Alcohol, Grain"",""Ethylic alcohol"",""Ethyl Alcohol 70%"",""Ethyl Alcohol 75%"",""Ethyl Alcohol 80%"",""Alcohol Hand Sanitizer"",""Instant Hand Sanitizer"",""dicolor"",""handsanttizer"",""simplepleasures"",""Activessence"",""Antiseptique"",""Baishichen"",""Bodycology"",""Cleansified"",""Cleanslate"",""Dentovations"",""Freshorize"",""Germstarcitrus"",""germstarGel"",""germstarLuxe"",""Gingerbread"",""Handsanitizer"",""Handzitizer"",""Hygienigel"",""Instafresh"",""Kingspoint"",""Margaritaville"",""Microsilver"",""Professional"",""Sanitizetek"",""Sanitizing"",""Santotizer"",""Spatheraphy"",""Spatherapy"",""Advanced"",""Alchohol"",""Alcochol"",""Alcoscrub"",""Alochol"",""Alvaclean"",""Applause"",""Biopure"",""Biorell"",""Biosilk"",""Caresour"",""Cavalry"",""Claires"",""Clensil"",""Cupcake"",""Deconimo"",""Dermokil"",""Dynamic"",""enMotion"",""Evergreen"",""Facilipro"",""Fressly"",""Gelclor"",""Hanitizer"",""Hygenize"",""Instant"",""Kandesn"",""Kanechom"",""Kleanops"",""Livpure"",""livWell"",""Lollipop"",""Medline"",""Medpanol"",""Mixline"",""Naturals"",""Novagel"",""Oilogic"",""Previcare"",""Primeauty"",""Proandre"",""Promedic"",""Prosanca"",""Purador"",""Pureforce"",""Puretize"",""Quiclean"",""Rainwater"",""Refresher"",""Regimen"",""Rubbing"",""Safeguard"",""Safesha"",""Safeway"",""Sanetto"",""Sanibeads"",""Sanifoam"",""Sanigen"",""Sanihands"",""Sanikit"",""Sanilso"",""Sanimep"",""Sanitizer"",""SanitizerSpray"",""SanitizingSpray"",""Santigel"",""Santihand"",""Satsuma"",""SimpliSanitized"",""Skinact"",""Skininc"",""Spirigel"",""Terragel"",""Trailways"",""Unichem"",""Unscented"",""Vfender""]",64-17-5,702,CCO,"InChI=1S/C2H6O/c1-2-3/h3H,2H2,1H3",LFQSCWFLJHTTHZ-UHFFFAOYSA-N,C2H6O,46.07,defined_single_substance,resolved,true,qsar,null,"{""pubchem"":{""cid"":702,""reason_th"":""พบโครงสร้างโมเลกุลเดี่ยวจาก PubChem แต่ต้องยืนยันตัวตนก่อนส่งเข้า QSAR"",""fetched_at"":""2026-07-24T14:43:02.099178+00:00"",""source_url"":""https://pubchem.ncbi.nlm.nih.gov/compound/702"",""reason_code"":""awaiting_verification"",""proposed_qsar_eligible"":true},""last_review"":{""action"":""verify"",""reviewed_at"":""2026-07-24T14:43:02.146171+00:00"",""reviewer_note"":""Catalog seed accepted only after exact canonical structure match with PubChem""},""first_source"":""manual:pubchem_lookup"",""observations"":[{""source"":""manual:pubchem_lookup"",""seen_at"":""2026-07-24T14:43:02.101665+00:00"",""observed_name"":""Ethanol"",""ocr_confidence"":null}],""offline_seed"":""pubchem-registry-20260724-v1""}",verified,2
ethanolamine,,Ethanolamine,[],[],,700,NCCO,"InChI=1S/C2H7NO/c3-1-2-4/h4H,1-3H2",HZAXFHJVJLSVMW-UHFFFAOYSA-N,C2H7NO,61.083999999999996,defined_single_substance,resolved,true,qsar,null,"{""identity_verification"":{""cid"":700,""method"":""pubchem_cid_direct_structure"",""source"":""PubChem PUG REST"",""screening_envelope"":{""mw"":[30.0,500.0],""heavy_atoms"":[2,36]}},""offline_seed"":""pubchem-registry-20260724-v1""}",verified,1
ethephon,,Ethephon,[],[],,27982,O=P(O)(O)CCCl,"InChI=1S/C2H6ClO3P/c3-1-2-7(4,5)6/h1-2H2,(H2,4,5,6)",UDPGUMQDCGORJQ-UHFFFAOYSA-N,C2H6ClO3P,144.494,defined_single_substance,resolved,true,qsar,null,"{""identity_verification"":{""cid"":27982,""method"":""pubchem_cid_direct_structure"",""source"":""PubChem PUG REST"",""screening_envelope"":{""mw"":[30.0,500.0],""heavy_atoms"":[2,36]}},""offline_seed"":""pubchem-registry-20260724-v1""}",verified,1
ethiofencarb,,Ethiofencarb,[],[],,34766,CCSCc1ccccc1OC(=O)NC,"InChI=1S/C11H15NO2S/c1-3-15-8-9-6-4-5-7-10(9)14-11(13)12-2/h4-7H,3,8H2,1-2H3,(H,12,13)",HEZNVIYQEUHLNI-UHFFFAOYSA-N,C11H15NO2S,225.313,defined_single_substance,resolved,true,qsar,null,"{""identity_verification"":{""cid"":34766,""method"":""pubchem_cid_direct_structure"",""source"":""PubChem PUG REST"",""screening_envelope"":{""mw"":[30.0,500.0],""heavy_atoms"":[2,36]}},""offline_seed"":""pubchem-registry-20260724-v1""}",verified,1
ethion,,Ethion,[],[],,3286,CCOP(=S)(OCC)SCSP(=S)(OCC)OCC,"InChI=1S/C9H22O4P2S4/c1-5-10-14(16,11-6-2)18-9-19-15(17,12-7-3)13-8-4/h5-9H2,1-4H3",RIZMRRKBZQXFOY-UHFFFAOYSA-N,C9H22O4P2S4,384.4870000000002,defined_single_substance,resolved,true,qsar,null,"{""identity_verification"":{""cid"":3286,""method"":""pubchem_cid_direct_structure"",""source"":""PubChem PUG REST"",""screening_envelope"":{""mw"":[30.0,500.0],""heavy_atoms"":[2,36]}},""offline_seed"":""pubchem-registry-20260724-v1""}",verified,1
ethoate-methyl,,Ethoate-methyl,[],[],,8297,CCNC(=O)CSP(=S)(OC)OC,"InChI=1S/C6H14NO3PS2/c1-4-7-6(8)5-13-11(12,9-2)10-3/h4-5H2,1-3H3,(H,7,8)",DICRHEJCQXFJBY-UHFFFAOYSA-N,C6H14NO3PS2,243.28999999999996,defined_single_substance,resolved,true,qsar,null,"{""identity_verification"":{""cid"":8297,""method"":""pubchem_cid_direct_structure"",""source"":""PubChem PUG REST"",""screening_envelope"":{""mw"":[30.0,500.0],""heavy_atoms"":[2,36]}},""offline_seed"":""pubchem-registry-20260724-v1""}",verified,1
ethoprophos,,Ethoprophos,[],[],,3289,CCCSP(=O)(OCC)SCCC,"InChI=1S/C8H19O2PS2/c1-4-7-12-11(9,10-6-3)13-8-5-2/h4-8H2,1-3H3",VJYFKVYYMZPMAB-UHFFFAOYSA-N,C8H19O2PS2,242.34599999999995,defined_single_substance,resolved,true,qsar,null,"{""identity_verification"":{""cid"":3289,""method"":""pubchem_cid_direct_structure"",""source"":""PubChem PUG REST"",""screening_envelope"":{""mw"":[30.0,500.0],""heavy_atoms"":[2,36]}},""offline_seed"":""pubchem-registry-20260724-v1""}",verified,1
"ethyl (1s,5r,6s)-5-(1-ethylpropoxy)-7-oxabicyclo[4.1.0]hept-3-ene-3-carboxylate",,"ethyl (1S,5R,6S)-5-(1-ethylpropoxy)-7-oxabicyclo[4.1.0]hept-3-ene-3-carboxylate",[],[],,10131259,CCOC(=O)C1=C[C@@H](OC(CC)CC)[C@H]2O[C@H]2C1,"InChI=1S/C14H22O4/c1-4-10(5-2)17-11-7-9(14(15)16-6-3)8-12-13(11)18-12/h7,10-13H,4-6,8H2,1-3H3/t11-,12+,13-/m1/s1",XZXCGRFGEVXWIT-FRRDWIJNSA-N,C14H22O4,254.32599999999994,defined_single_substance,resolved,true,qsar,null,"{""identity_verification"":{""cid"":10131259,""method"":""pubchem_cid_direct_structure"",""source"":""PubChem PUG REST"",""screening_envelope"":{""mw"":[30.0,500.0],""heavy_atoms"":[2,36]}},""offline_seed"":""pubchem-registry-20260724-v1""}",verified,1
ethyl (2e)-4-oxo-4-phenyl-2-butenoate,,Ethyl (2E)-4-oxo-4-phenyl-2-butenoate,[],[],,5369605,CCOC(=O)/C=C/C(=O)c1ccccc1,"InChI=1S/C12H12O3/c1-2-15-12(14)9-8-11(13)10-6-4-3-5-7-10/h3-9H,2H2,1H3/b9-8+",ACXLBHHUHSJENU-CMDGGOBGSA-N,C12H12O3,204.225,defined_single_substance,resolved,true,qsar,null,"{""identity_verification"":{""cid"":5369605,""method"":""pubchem_cid_direct_structure"",""source"":""PubChem PUG REST"",""screening_envelope"":{""mw"":[30.0,500.0],""heavy_atoms"":[2,36]}},""offline_seed"":""pubchem-registry-20260724-v1""}",verified,1
"ethyl (3-cyanomethyl-3,4-dihydro-4-oxophthalazin-1-yl)acetate",,"Ethyl (3-cyanomethyl-3,4-dihydro-4-oxophthalazin-1-yl)acetate",[],[],,2821704,CCOC(=O)Cc1nn(CC#N)c(=O)c2ccccc12,"InChI=1S/C14H13N3O3/c1-2-20-13(18)9-12-10-5-3-4-6-11(10)14(19)17(16-12)8-7-15/h3-6H,2,8-9H2,1H3",VSAMVTQRKTVMHH-UHFFFAOYSA-N,C14H13N3O3,271.276,defined_single_substance,resolved,true,qsar,null,"{""identity_verification"":{""cid"":2821704,""method"":""pubchem_cid_direct_structure"",""source"":""PubChem PUG REST"",""screening_envelope"":{""mw"":[30.0,500.0],""heavy_atoms"":[2,36]}},""offline_seed"":""pubchem-registry-20260724-v1""}",verified,1
ethyl (3r)-4-cyano-3-hydroxybutanoate,,Ethyl (3R)-4-cyano-3-hydroxybutanoate,[],[],,2733879,CCOC(=O)C[C@H](O)CC#N,"InChI=1S/C7H11NO3/c1-2-11-7(10)5-6(9)3-4-8/h6,9H,2-3,5H2,1H3/t6-/m1/s1",LOQFROBMBSKWQY-ZCFIWIBFSA-N,C7H11NO3,157.16899999999998,defined_single_substance,resolved,true,qsar,null,"{""identity_verification"":{""cid"":2733879,""method"":""pubchem_cid_direct_structure"",""source"":""PubChem PUG REST"",""screening_envelope"":{""mw"":[30.0,500.0],""heavy_atoms"":[2,36]}},""offline_seed"":""pubchem-registry-20260724-v1""}",verified,1
"ethyl 1-ethyl-6,7,8-trifluoro-1,4-dihydro-4-oxoquinoline-3-carboxylate",,"Ethyl 1-ethyl-6,7,8-trifluoro-1,4-dihydro-4-oxoquinoline-3-carboxylate",[],[],,5140913,CCOC(=O)c1cn(CC)c2c(F)c(F)c(F)cc2c1=O,"InChI=1S/C14H12F3NO3/c1-3-18-6-8(14(20)21-4-2)13(19)7-5-9(15)10(16)11(17)12(7)18/h5-6H,3-4H2,1-2H3",LWLLHOVWIFISMG-UHFFFAOYSA-N,C14H12F3NO3,299.248,defined_single_substance,resolved,true,qsar,null,"{""identity_verification"":{""cid"":5140913,""method"":""pubchem_cid_direct_structure"",""source"":""PubChem PUG REST"",""screening_envelope"":{""mw"":[30.0,500.0],""heavy_atoms"":[2,36]}},""offline_seed"":""pubchem-registry-20260724-v1""}",verified,1
ethyl 2-(1-cyanocyclohexyl)acetate,,Ethyl 2-(1-cyanocyclohexyl)acetate,[],[],,10965422,CCOC(=O)CC1(C#N)CCCCC1,"InChI=1S/C11H17NO2/c1-2-14-10(13)8-11(9-12)6-4-3-5-7-11/h2-8H2,1H3",MRYZGCDTKUSBFA-UHFFFAOYSA-N,C11H17NO2,195.26199999999997,defined_single_substance,resolved,true,qsar,null,"{""identity_verification"":{""cid"":10965422,""method"":""pubchem_cid_direct_structure"",""source"":""PubChem PUG REST"",""screening_envelope"":{""mw"":[30.0,500.0],""heavy_atoms"":[2,36]}},""offline_seed"":""pubchem-registry-20260724-v1""}",verified,1
ethyl 2-(3-benzoylphenyl)propanoate,,Ethyl 2-(3-benzoylphenyl)propanoate,[],[],,9878873,CCOC(=O)C(C)c1cccc(C(=O)c2ccccc2)c1,"InChI=1S/C18H18O3/c1-3-21-18(20)13(2)15-10-7-11-16(12-15)17(19)14-8-5-4-6-9-14/h4-13H,3H2,1-2H3",CQSMNXCTDMLMLM-UHFFFAOYSA-N,C18H18O3,282.339,defined_single_substance,resolved,true,qsar,null,"{""identity_verification"":{""cid"":9878873,""method"":""pubchem_cid_direct_structure"",""source"":""PubChem PUG REST"",""screening_envelope"":{""mw"":[30.0,500.0],""heavy_atoms"":[2,36]}},""offline_seed"":""pubchem-registry-20260724-v1""}",verified,1
ethyl 2-(3-nitrobenzylidene)acetoacetate,,Ethyl 2-(3-nitrobenzylidene)acetoacetate,[],[],,768581,CCOC(=O)/C(=C/c1cccc([N+](=O)[O-])c1)C(C)=O,"InChI=1S/C13H13NO5/c1-3-19-13(16)12(9(2)15)8-10-5-4-6-11(7-10)14(17)18/h4-8H,3H2,1-2H3/b12-8+",YOPMSDPIOQUWFE-XYOKQWHBSA-N,C13H13NO5,263.24899999999997,defined_single_substance,resolved,true,qsar,null,"{""identity_verification"":{""cid"":768581,""method"":""pubchem_cid_direct_structure"",""source"":""PubChem PUG REST"",""screening_envelope"":{""mw"":[30.0,500.0],""heavy_atoms"":[2,36]}},""offline_seed"":""pubchem-registry-20260724-v1""}",verified,1
ethyl 2-(4-phenoxyphenyl)lactate,,Ethyl 2-(4-phenoxyphenyl)lactate,[],[],,10859095,CCOC(=O)C(C)(O)c1ccc(Oc2ccccc2)cc1,"InChI=1S/C17H18O4/c1-3-20-16(18)17(2,19)13-9-11-15(12-10-13)21-14-7-5-4-6-8-14/h4-12,19H,3H2,1-2H3",NFJAMPAQUJUQEH-UHFFFAOYSA-N,C17H18O4,286.327,defined_single_substance,resolved,true,qsar,null,"{""identity_verification"":{""cid"":10859095,""method"":""pubchem_cid_direct_structure"",""source"":""PubChem PUG REST"",""screening_envelope"":{""mw"":[30.0,500.0],""heavy_atoms"":[2,36]}},""offline_seed"":""pubchem-registry-20260724-v1""}",verified,1
ethyl 2-carboxy-3-(2-thienyl)propionate,,Ethyl 2-carboxy-3-(2-thienyl)propionate,[],[],,14952883,CCOC(=O)C(Cc1cccs1)C(=O)O,"InChI=1S/C10H12O4S/c1-2-14-10(13)8(9(11)12)6-7-4-3-5-15-7/h3-5,8H,2,6H2,1H3,(H,11,12)",PMJNEQWWZRSFCE-UHFFFAOYSA-N,C10H12O4S,228.269,defined_single_substance,resolved,true,qsar,null,"{""identity_verification"":{""cid"":14952883,""method"":""pubchem_cid_direct_structure"",""source"":""PubChem PUG REST"",""screening_envelope"":{""mw"":[30.0,500.0],""heavy_atoms"":[2,36]}},""offline_seed"":""pubchem-registry-20260724-v1""}",verified,1
ethyl 3-hydroxy-5-oxo-3-cyclohexene-1-carboxylate,,Ethyl 3-hydroxy-5-oxo-3-cyclohexene-1-carboxylate,[],[],,10559379,CCOC(=O)C1CC(=O)C=C(O)C1,"InChI=1S/C9H12O4/c1-2-13-9(12)6-3-7(10)5-8(11)4-6/h5-6,10H,2-4H2,1H3",SSXUXPNPVFUMDJ-UHFFFAOYSA-N,C9H12O4,184.19099999999997,defined_single_substance,resolved,true,qsar,null,"{""identity_verification"":{""cid"":10559379,""method"":""pubchem_cid_direct_structure"",""source"":""PubChem PUG REST"",""screening_envelope"":{""mw"":[30.0,500.0],""heavy_atoms"":[2,36]}},""offline_seed"":""pubchem-registry-20260724-v1""}",verified,1
"ethyl 6,8-dichlorooctanoate",,"Ethyl 6,8-dichlorooctanoate",[],[],,14053,CCOC(=O)CCCCC(Cl)CCCl,"InChI=1S/C10H18Cl2O2/c1-2-14-10(13)6-4-3-5-9(12)7-8-11/h9H,2-8H2,1H3",RFYDWSNYTVVKBR-UHFFFAOYSA-N,C10H18Cl2O2,241.158,defined_single_substance,resolved,true,qsar,null,"{""identity_verification"":{""cid"":14053,""method"":""pubchem_cid_direct_structure"",""source"":""PubChem PUG REST"",""screening_envelope"":{""mw"":[30.0,500.0],""heavy_atoms"":[2,36]}},""offline_seed"":""pubchem-registry-20260724-v1""}",verified,1
"ethyl 7-chloro-1-(2,4-difluorophenyl)-6-fluoro-1,4-dihydro-4-oxo-1,8-naphthyridine-3-carboxylate",,"Ethyl 7-chloro-1-(2,4-difluorophenyl)-6-fluoro-1,4-dihydro-4-oxo-1,8-naphthyridine-3-carboxylate",[],[],,1268243,CCOC(=O)c1cn(-c2ccc(F)cc2F)c2nc(Cl)c(F)cc2c1=O,"InChI=1S/C17H10ClF3N2O3/c1-2-26-17(25)10-7-23(13-4-3-8(19)5-11(13)20)16-9(14(10)24)6-12(21)15(18)22-16/h3-7H,2H2,1H3",JLSXYCZRMYCIMY-UHFFFAOYSA-N,C17H10ClF3N2O3,382.725,defined_single_substance,resolved,true,qsar,null,"{""identity_verification"":{""cid"":1268243,""method"":""pubchem_cid_direct_structure"",""source"":""PubChem PUG REST"",""screening_envelope"":{""mw"":[30.0,500.0],""heavy_atoms"":[2,36]}},""offline_seed"":""pubchem-registry-20260724-v1""}",verified,1
ethyl acetate,,Ethyl Acetate,[],[],,8857,CCOC(C)=O,"InChI=1S/C4H8O2/c1-3-6-4(2)5/h3H2,1-2H3",XEKOWRVHYACXOJ-UHFFFAOYSA-N,C4H8O2,88.106,defined_single_substance,resolved,true,qsar,null,"{""identity_verification"":{""cid"":8857,""method"":""pubchem_cid_direct_structure"",""source"":""PubChem PUG REST"",""screening_envelope"":{""mw"":[30.0,500.0],""heavy_atoms"":[2,36]}},""offline_seed"":""pubchem-registry-20260724-v1""}",verified,1
ethyl acrylate,,Ethyl Acrylate,[],[],,8821,C=CC(=O)OCC,"InChI=1S/C5H8O2/c1-3-5(6)7-4-2/h3H,1,4H2,2H3",JIGUQPWFLRLWPJ-UHFFFAOYSA-N,C5H8O2,100.11699999999999,defined_single_substance,resolved,true,qsar,null,"{""identity_verification"":{""cid"":8821,""method"":""pubchem_cid_direct_structure"",""source"":""PubChem PUG REST"",""screening_envelope"":{""mw"":[30.0,500.0],""heavy_atoms"":[2,36]}},""offline_seed"":""pubchem-registry-20260724-v1""}",verified,1
ethyl bromide,,Ethyl Bromide,[],[],,6332,CCBr,"InChI=1S/C2H5Br/c1-2-3/h2H2,1H3",RDHPKYGYEGBMSE-UHFFFAOYSA-N,C2H5Br,108.966,defined_single_substance,resolved,true,qsar,null,"{""identity_verification"":{""cid"":6332,""method"":""pubchem_cid_direct_structure"",""source"":""PubChem PUG REST"",""screening_envelope"":{""mw"":[30.0,500.0],""heavy_atoms"":[2,36]}},""offline_seed"":""pubchem-registry-20260724-v1""}",verified,1
ethyl bromoacetate,,Ethyl bromoacetate,[],[],,7748,CCOC(=O)CBr,"InChI=1S/C4H7BrO2/c1-2-7-4(6)3-5/h2-3H2,1H3",PQJJJMRNHATNKG-UHFFFAOYSA-N,C4H7BrO2,167.002,defined_single_substance,resolved,true,qsar,null,"{""identity_verification"":{""cid"":7748,""method"":""pubchem_cid_direct_structure"",""source"":""PubChem PUG REST"",""screening_envelope"":{""mw"":[30.0,500.0],""heavy_atoms"":[2,36]}},""offline_seed"":""pubchem-registry-20260724-v1""}",verified,1
ethyl butylacetylaminopropionate,,Ethyl butylacetylaminopropionate,[],[],,104150,CCCCN(CCC(=O)OCC)C(C)=O,"InChI=1S/C11H21NO3/c1-4-6-8-12(10(3)13)9-7-11(14)15-5-2/h4-9H2,1-3H3",VZRKEAFHFMSHCD-UHFFFAOYSA-N,C11H21NO3,215.29299999999995,defined_single_substance,resolved,true,qsar,null,"{""identity_verification"":{""cid"":104150,""method"":""pubchem_cid_direct_structure"",""source"":""PubChem PUG REST"",""screening_envelope"":{""mw"":[30.0,500.0],""heavy_atoms"":[2,36]}},""offline_seed"":""pubchem-registry-20260724-v1""}",verified,1
ethyl butyrate,,Ethyl butyrate,[],[],,7762,CCCC(=O)OCC,"InChI=1S/C6H12O2/c1-3-5-6(7)8-4-2/h3-5H2,1-2H3",OBNCKNCVKJNDBV-UHFFFAOYSA-N,C6H12O2,116.15999999999998,defined_single_substance,resolved,true,qsar,null,"{""identity_verification"":{""cid"":7762,""method"":""pubchem_cid_direct_structure"",""source"":""PubChem PUG REST"",""screening_envelope"":{""mw"":[30.0,500.0],""heavy_atoms"":[2,36]}},""offline_seed"":""pubchem-registry-20260724-v1""}",verified,1
ethyl chloroacetate,,Ethyl chloroacetate,[],[],,7751,CCOC(=O)CCl,"InChI=1S/C4H7ClO2/c1-2-7-4(6)3-5/h2-3H2,1H3",VEUUMBGHMNQHGO-UHFFFAOYSA-N,C4H7ClO2,122.551,defined_single_substance,resolved,true,qsar,null,"{""identity_verification"":{""cid"":7751,""method"":""pubchem_cid_direct_structure"",""source"":""PubChem PUG REST"",""screening_envelope"":{""mw"":[30.0,500.0],""heavy_atoms"":[2,36]}},""offline_seed"":""pubchem-registry-20260724-v1""}",verified,1
ethyl chloroformate,,Ethyl chloroformate,[],[],,10928,CCOC(=O)Cl,"InChI=1S/C3H5ClO2/c1-2-6-3(4)5/h2H2,1H3",RIFGWPKJUGCATF-UHFFFAOYSA-N,C3H5ClO2,108.524,defined_single_substance,resolved,true,qsar,null,"{""identity_verification"":{""cid"":10928,""method"":""pubchem_cid_direct_structure"",""source"":""PubChem PUG REST"",""screening_envelope"":{""mw"":[30.0,500.0],""heavy_atoms"":[2,36]}},""offline_seed"":""pubchem-registry-20260724-v1""}",verified,1
ethyl cyanoacrylate,,Ethyl cyanoacrylate,[],[],,81530,C=C(C#N)C(=O)OCC,"InChI=1S/C6H7NO2/c1-3-9-6(8)5(2)4-7/h2-3H2,1H3",FGBJXOREULPLGL-UHFFFAOYSA-N,C6H7NO2,125.127,defined_single_substance,resolved,true,qsar,null,"{""identity_verification"":{""cid"":81530,""method"":""pubchem_cid_direct_structure"",""source"":""PubChem PUG REST"",""screening_envelope"":{""mw"":[30.0,500.0],""heavy_atoms"":[2,36]}},""offline_seed"":""pubchem-registry-20260724-v1""}",verified,1
ethyl formate,,Ethyl formate,[],[],,8025,CCOC=O,"InChI=1S/C3H6O2/c1-2-5-3-4/h3H,2H2,1H3",WBJINCZRORDGAQ-UHFFFAOYSA-N,C3H6O2,74.07900000000001,defined_single_substance,resolved,true,qsar,null,"{""identity_verification"":{""cid"":8025,""method"":""pubchem_cid_direct_structure"",""source"":""PubChem PUG REST"",""screening_envelope"":{""mw"":[30.0,500.0],""heavy_atoms"":[2,36]}},""offline_seed"":""pubchem-registry-20260724-v1""}",verified,1
ethyl lactate,,Ethyl Lactate,[],[],,7344,CCOC(=O)C(C)O,"InChI=1S/C5H10O3/c1-3-8-5(7)4(2)6/h4,6H,3H2,1-2H3",LZCLXQDLBQLTDK-UHFFFAOYSA-N,C5H10O3,118.13199999999998,defined_single_substance,resolved,true,qsar,null,"{""identity_verification"":{""cid"":7344,""method"":""pubchem_cid_direct_structure"",""source"":""PubChem PUG REST"",""screening_envelope"":{""mw"":[30.0,500.0],""heavy_atoms"":[2,36]}},""offline_seed"":""pubchem-registry-20260724-v1""}",verified,1
ethyl methacrylate,,Ethyl Methacrylate,[],[],,7343,C=C(C)C(=O)OCC,"InChI=1S/C6H10O2/c1-4-8-6(7)5(2)3/h2,4H2,1,3H3",SUPCQIBBMFXVTL-UHFFFAOYSA-N,C6H10O2,114.14399999999999,defined_single_substance,resolved,true,qsar,null,"{""identity_verification"":{""cid"":7343,""method"":""pubchem_cid_direct_structure"",""source"":""PubChem PUG REST"",""screening_envelope"":{""mw"":[30.0,500.0],""heavy_atoms"":[2,36]}},""offline_seed"":""pubchem-registry-20260724-v1""}",verified,1
ethyl nitrite,,Ethyl Nitrite,[],[],,8026,CCON=O,"InChI=1S/C2H5NO2/c1-2-5-3-4/h2H2,1H3",QQZWEECEMNQSTG-UHFFFAOYSA-N,C2H5NO2,75.067,defined_single_substance,resolved,true,qsar,null,"{""identity_verification"":{""cid"":8026,""method"":""pubchem_cid_direct_structure"",""source"":""PubChem PUG REST"",""screening_envelope"":{""mw"":[30.0,500.0],""heavy_atoms"":[2,36]}},""offline_seed"":""pubchem-registry-20260724-v1""}",verified,1
ethyl p-nitrophenyl benzenethiophosphonate,,Ethyl p-nitrophenyl benzenethiophosphonate,[],[],,16421,CCOP(=S)(Oc1ccc([N+](=O)[O-])cc1)c1ccccc1,"InChI=1S/C14H14NO4PS/c1-2-18-20(21,14-6-4-3-5-7-14)19-13-10-8-12(9-11-13)15(16)17/h3-11H,2H2,1H3",AIGRXSNSLVJMEA-UHFFFAOYSA-N,C14H14NO4PS,323.31000000000006,defined_single_substance,resolved,true,qsar,null,"{""identity_verification"":{""cid"":16421,""method"":""pubchem_cid_direct_structure"",""source"":""PubChem PUG REST"",""screening_envelope"":{""mw"":[30.0,500.0],""heavy_atoms"":[2,36]}},""offline_seed"":""pubchem-registry-20260724-v1""}",verified,1
ethyl trans-3-dimethylaminoacrylate,,Ethyl trans-3-dimethylaminoacrylate,[],[],,5369162,CCOC(=O)/C=C/N(C)C,"InChI=1S/C7H13NO2/c1-4-10-7(9)5-6-8(2)3/h5-6H,4H2,1-3H3/b6-5+",MVUMJYQUKKUOHO-AATRIKPKSA-N,C7H13NO2,143.18599999999998,defined_single_substance,resolved,true,qsar,null,"{""identity_verification"":{""cid"":5369162,""method"":""pubchem_cid_direct_structure"",""source"":""PubChem PUG REST"",""screening_envelope"":{""mw"":[30.0,500.0],""heavy_atoms"":[2,36]}},""offline_seed"":""pubchem-registry-20260724-v1""}",verified,1
ethylamine,,Ethylamine,[],[],,6341,CCN,"InChI=1S/C2H7N/c1-2-3/h2-3H2,1H3",QUSNBJAOOMFDIB-UHFFFAOYSA-N,C2H7N,45.084999999999994,defined_single_substance,resolved,true,qsar,null,"{""identity_verification"":{""cid"":6341,""method"":""pubchem_cid_direct_structure"",""source"":""PubChem PUG REST"",""screening_envelope"":{""mw"":[30.0,500.0],""heavy_atoms"":[2,36]}},""offline_seed"":""pubchem-registry-20260724-v1""}",verified,1
ethylene glycol,,Ethylene Glycol,[],[],,174,OCCO,"InChI=1S/C2H6O2/c3-1-2-4/h3-4H,1-2H2",LYCAIKOWRPUZTN-UHFFFAOYSA-N,C2H6O2,62.068000000000005,defined_single_substance,resolved,true,qsar,null,"{""identity_verification"":{""cid"":174,""method"":""pubchem_cid_direct_structure"",""source"":""PubChem PUG REST"",""screening_envelope"":{""mw"":[30.0,500.0],""heavy_atoms"":[2,36]}},""offline_seed"":""pubchem-registry-20260724-v1""}",verified,1
ethylene glycol diethyl ether,,Ethylene glycol diethyl ether,[],[],,12375,CCOCCOCC,"InChI=1S/C6H14O2/c1-3-7-5-6-8-4-2/h3-6H2,1-2H3",LZDKZFUFMNSQCJ-UHFFFAOYSA-N,C6H14O2,118.176,defined_single_substance,resolved,true,qsar,null,"{""identity_verification"":{""cid"":12375,""method"":""pubchem_cid_direct_structure"",""source"":""PubChem PUG REST"",""screening_envelope"":{""mw"":[30.0,500.0],""heavy_atoms"":[2,36]}},""offline_seed"":""pubchem-registry-20260724-v1""}",verified,1
ethylene glycol dimethacrylate,,Ethylene glycol dimethacrylate,[],[],,7355,C=C(C)C(=O)OCCOC(=O)C(=C)C,"InChI=1S/C10H14O4/c1-7(2)9(11)13-5-6-14-10(12)8(3)4/h1,3,5-6H2,2,4H3",STVZJERGLQHEKB-UHFFFAOYSA-N,C10H14O4,198.21799999999996,defined_single_substance,resolved,true,qsar,null,"{""identity_verification"":{""cid"":7355,""method"":""pubchem_cid_direct_structure"",""source"":""PubChem PUG REST"",""screening_envelope"":{""mw"":[30.0,500.0],""heavy_atoms"":[2,36]}},""offline_seed"":""pubchem-registry-20260724-v1""}",verified,1
ethylene glycol dinitrate,,Ethylene glycol dinitrate,[],[],,40818,O=[N+]([O-])OCCO[N+](=O)[O-],InChI=1S/C2H4N2O6/c5-3(6)9-1-2-10-4(7)8/h1-2H2,UQXKXGWGFRWILX-UHFFFAOYSA-N,C2H4N2O6,152.06199999999998,defined_single_substance,resolved,true,qsar,null,"{""identity_verification"":{""cid"":40818,""method"":""pubchem_cid_direct_structure"",""source"":""PubChem PUG REST"",""screening_envelope"":{""mw"":[30.0,500.0],""heavy_atoms"":[2,36]}},""offline_seed"":""pubchem-registry-20260724-v1""}",verified,1
ethylene glycol monomethyl ether acetate,,Ethylene glycol monomethyl ether acetate,[],[],,8054,COCCOC(C)=O,"InChI=1S/C5H10O3/c1-5(6)8-4-3-7-2/h3-4H2,1-2H3",XLLIQLLCWZCATF-UHFFFAOYSA-N,C5H10O3,118.132,defined_single_substance,resolved,true,qsar,null,"{""identity_verification"":{""cid"":8054,""method"":""pubchem_cid_direct_structure"",""source"":""PubChem PUG REST"",""screening_envelope"":{""mw"":[30.0,500.0],""heavy_atoms"":[2,36]}},""offline_seed"":""pubchem-registry-20260724-v1""}",verified,1
ethylene oxide,,Ethylene Oxide,[],[],,6354,C1CO1,InChI=1S/C2H4O/c1-2-3-1/h1-2H2,IAYPIBMASNFSPL-UHFFFAOYSA-N,C2H4O,44.053,defined_single_substance,resolved,true,qsar,null,"{""identity_verification"":{""cid"":6354,""method"":""pubchem_cid_direct_structure"",""source"":""PubChem PUG REST"",""screening_envelope"":{""mw"":[30.0,500.0],""heavy_atoms"":[2,36]}},""offline_seed"":""pubchem-registry-20260724-v1""}",verified,1
ethylenediaminetetraacetic acid,,Ethylenediaminetetraacetic Acid,[],[],,6049,O=C(O)CN(CCN(CC(=O)O)CC(=O)O)CC(=O)O,"InChI=1S/C10H16N2O8/c13-7(14)3-11(4-8(15)16)1-2-12(5-9(17)18)6-10(19)20/h1-6H2,(H,13,14)(H,15,16)(H,17,18)(H,19,20)",KCXVZYZYPLLWCC-UHFFFAOYSA-N,C10H16N2O8,292.24399999999997,defined_single_substance,resolved,true,qsar,null,"{""identity_verification"":{""cid"":6049,""method"":""pubchem_cid_direct_structure"",""source"":""PubChem PUG REST"",""screening_envelope"":{""mw"":[30.0,500.0],""heavy_atoms"":[2,36]}},""offline_seed"":""pubchem-registry-20260724-v1""}",verified,1
ethylhexylglycerin,Ethylhexylglycerin,"3-((2-Ethylhexyl)oxy)-1,2-propanediol",[],"[""70445-33-9"",""Ethylhexylglycerin"",""Octoxyglycerin"",""3-(2-ethylhexyloxy)propane-1,2-diol"",""3-[(2-Ethylhexyl)oxy]-1,2-propanediol"",""147D247K3P"",""3-((2-ethylhexyl)oxy)-1,2-propanediol"",""LADY GOONG"",""RefChem:57651"",""Ethylhexylglycerin 0.5%"",""GZE SELF TAN ERASER"",""408-080-2"",""3-[2-(Ethylhexyl)oxyl]-1,2-propandiol"",""3-(2-ethylhexoxy)propane-1,2-diol"",""3-((2-Ethylhexyl)oxy)propane-1,2-diol"",""3-(2-ethylhexyloxy)-1,2-propanediol"",""MFCD03790878"",""3-[(2-ethylhexyl)oxy]propane-1,2-diol"",""1,2-Propanediol, 3-((2-ethylhexyl)oxy)-"",""C11H24O3"",""Glycerol alpha-(2-Ethylhexyl) Ether"",""UNII-147D247K3P"",""ethyl hexyl glycerine"",""EC 408-080-2"",""SCHEMBL99276"",""orb2664738"",""orb2900336"",""DTXSID80990652"",""ETHYLHEXYLGLYCERIN [MART.]"",""ETHYLHEXYLGLYCERIN [WHO-DD]"",""2-ethyl-1-hexyl monoglyceryl ether"",""AKOS030240472"",""DB14557"",""AS-63022"",""FE151191"",""SY055478"",""CS-0152371"",""E1044"",""NS00001816"",""D71207"",""T84120"",""F689668"",""Q5404486"",""1,2-Propanediol,3-(2-ethylhexyl)oxy;2-propanediol,3-[(2-ethylhexyl)oxy]-1""]",70445-33-9,9859093,CCCCC(CC)COCC(O)CO,"InChI=1S/C11H24O3/c1-3-5-6-10(4-2)8-14-9-11(13)7-12/h10-13H,3-9H2,1-2H3",NCZPCONIKBICGS-UHFFFAOYSA-N,C11H24O3,204.31,defined_single_substance,resolved,true,qsar,null,"{""pubchem"":{""cid"":9859093,""reason_th"":""พบโครงสร้างโมเลกุลเดี่ยวจาก PubChem แต่ต้องยืนยันตัวตนก่อนส่งเข้า QSAR"",""fetched_at"":""2026-07-24T14:43:12.475802+00:00"",""source_url"":""https://pubchem.ncbi.nlm.nih.gov/compound/9859093"",""reason_code"":""awaiting_verification"",""proposed_qsar_eligible"":true},""last_review"":{""action"":""verify"",""reviewed_at"":""2026-07-24T14:43:12.504238+00:00"",""reviewer_note"":""Catalog seed accepted only after exact canonical structure match with PubChem""},""first_source"":""manual:pubchem_lookup"",""observations"":[{""source"":""manual:pubchem_lookup"",""seen_at"":""2026-07-24T14:43:12.478404+00:00"",""observed_name"":""Ethylhexylglycerin"",""ocr_confidence"":null}],""offline_seed"":""pubchem-registry-20260724-v1""}",verified,2
ethylparaben,Ethylparaben,Ethylparaben,[],"[""Ethylparaben"",""ETHYL 4-HYDROXYBENZOATE"",""120-47-8"",""Ethyl paraben"",""Ethyl p-hydroxybenzoate"",""Tegosept E"",""Mycocten"",""Ethyl parasept"",""4-Hydroxybenzoic acid ethyl ester"",""Aseptoform E"",""Nipagin A"",""Easeptol"",""Ethyl parahydroxybenzoate"",""Ethyl butex"",""Napagin A"",""Nipazin A"",""Solbrol A"",""Sobrol A"",""p-Hydroxybenzoic acid ethyl ester"",""Ethyl p-oxybenzoate"",""Bonomold OE"",""Benzoic acid, 4-hydroxy-, ethyl ester"",""p-Carbethoxyphenol"",""Ethyl-p-hydroxybenzoate"",""Mekkings E"",""Aseptin A"",""Ethyl hydroxybenzoate"",""Carbethoxyphenol"",""p-Oxybenzoesaeureaethylester"",""DTXSID9022528"",""p-Hydroxybenzoate ethyl ester"",""Ins no.214"",""E214"",""Ethylester kyseliny p-hydroxybenzoove"",""Ins-214"",""NSC-23514"",""Benzoic acid, p-hydroxy-, ethyl ester"",""Ethyl parahydroxybenzoate e214"",""Ethylis hydroxybenzoas"",""E-214"",""14255EXE39"",""p-Hydroxybenzoic ethyl ester"",""DTXCID002528"",""CHEBI:31575"",""RefChem:921321"",""204-399-4"",""Ethyl para-hydroxybenzoate"",""Ethyl-4-hydroxybenzoate"",""4-Carbethoxyphenol"",""4-(Ethoxycarbonyl)phenol"",""4-Hydroxy-benzoic acid ethyl ester"",""NSC 23514"",""Ethylparaben [NF]"",""4-Hydroxybenzoic acid, ethyl ester"",""Para-hydroxybenzoic acid ethyl ester"",""MFCD00002353"",""Ester etylowykwasu p-hydroksybenzoesowego"",""4-hydroxybenzoic acid-ethyl ester"",""Ethylparaben (NF)"",""NCGC00160654-01"",""ethyl-paraben"",""WLN: QR DVO2"",""Caswell No. 447"",""Methyldopa Impurity 1"",""p-Hydroxybenzoic acid, ethyl ester"",""CAS-120-47-8"",""HSDB 938"",""EINECS 204-399-4"",""p-Oxybenzoesaeureaethylester [German]"",""EPA Pesticide Chemical Code 061202"",""BRN 1101972"",""Ethyl chemosept"",""AI3-30960"",""Aseptine a"",""Nipagina A"",""Ethylester kyseliny p-hydroxybenzoove [Czech]"",""UNII-14255EXE39"",""Ester etylowykwasu p-hydroksybenzoesowego [Polish]"",""Ethyl p-hydroxbenzoate"",""Ethylparaben (Standard)"",""Ethyl 4-hydroxy-benzoate"",""ETHYLPARABEN [II]"",""ETHYLPARABEN [MI]"",""Ethyl 4-hydroxyl-benzoate"",""Ethylparaben, INN, USAN"",""bmse010255"",""EC 204-399-4"",""ETHYLPARABEN [HSDB]"",""SCHEMBL28368"",""Ethyl parahydroxybenzoate CRS"",""4-10-00-00367 (Beilstein Handbook Reference)"",""BIDD:ER0023"",""CHEMBL15841"",""ETHYLPARABEN [USP-RS]"",""orb1226805"",""orb1310250"",""orb3139640"",""SCHEMBL2458641"",""ethyl 4-hydroxybenzenecarboxylate"",""SCHEMBL11773691"",""SCHEMBL27883668"",""SCHEMBL28748274"",""HY-B0934R"",""MSK2510"",""NSC8510"",""Ethyl parahydroxybenzoate (JP18)"",""HMS2091E17"",""HMS5083P05"",""Parahydroxybenzoic acid ethyl ester"",""Pharmakon1600-01400151"",""4-hydroxy benzoic acid ethyl ester"",""HY-B0934"",""NSC-8510"",""NSC23514"",""Tox21_111961"",""Tox21_300335"",""BBL012166"",""BDBM50428380"",""Catalase from bovine liver(Filtered)"",""EBC-03339"",""NSC755851"",""s4525"",""SBB038536"",""STK070911"",""ETHYL HYDROXYBENZOATE [MART.]"",""AKOS000120512"",""Catalase from bovine liver(Suspension)"",""ETHYL HYDROXYBENZOATE [WHO-DD]"",""ETHYL HYDROXYBENZOATE [WHO-IP]"",""Tox21_111961_1"",""Catalase from bovine liver(Lyophilized)"",""CCG-213682"",""CS-4403"",""DB13628"",""ETHYL PARAHYDROXYBENZOATE [JAN]"",""FE23063"",""NSC-755851"",""NCGC00160654-02"",""NCGC00160654-03"",""NCGC00160654-04"",""NCGC00160654-06"",""NCGC00254462-01"",""AC-11586"",""AC-34532"",""AS-11988"",""DA-73229"",""NCI60_041866"",""SBI-0206674.P002"",""ETHYL ESTER OF P-HYDROXYBENZOIC ACID"",""E0884"",""ETHYLIS HYDROXYBENZOAS [WHO-IP LATIN]"",""H0211"",""NS00008316"",""ST50210582"",""EN300-16106"",""D01647"",""Ethyl 4-hydroxybenzoate, ReagentPlus(R), 99%"",""ETHYL PARAHYDROXYBENZOATE [EP IMPURITY]"",""ETHYL PARAHYDROXYBENZOATE [EP MONOGRAPH]"",""W18471"",""AB00375765_03"",""AE-646/31213037"",""F209419"",""Q229976"",""SR-05000001552"",""SR-05000001552-1"",""BRD-K02464583-001-01-4"",""BRD-K02464583-001-02-2"",""Ethyl 4-hydroxybenzoate, SAJ first grade, >=99.0%"",""PROPYL HYDROXYBENZOATE IMPURITY C [EP IMPURITY]"",""Z53833636"",""Ethyl 4-hydroxybenzoate, Vetec(TM) reagent grade, 99%"",""Ethylparaben, certified reference material, TraceCERT(R)"",""F0728-0009"",""METHYL PARAHYDROXYBENZOATE IMPURITY B [EP IMPURITY]"",""4-Hydroxybenzoic acid-ethyl ester 1000 |Ig/mL in Acetonitrile"",""4-Hydroxybenzoic acid-ethyl ester 1000 microg/mL in Acetonitrile"",""Ethyl 4-Hydroxybenzoate; Propyl Parahydroxybenzoate EP Impurity C"",""Ethylparaben, United States Pharmacopeia (USP) Reference Standard"",""Ethyl parahydroxybenzoate, European Pharmacopoeia (EP) Reference Standard"",""Ethylparaben, Pharmaceutical Secondary Standard; Certified Reference Material"",""InChI=1/C9H10O3/c1-2-12-9(11)7-3-5-8(10)6-4-7/h3-6,10H,2H2,1H"",""201305-16-0"",""E4B""]",120-47-8,8434,CCOC(=O)c1ccc(O)cc1,"InChI=1S/C9H10O3/c1-2-12-9(11)7-3-5-8(10)6-4-7/h3-6,10H,2H2,1H3",NUVBSKCKDOMJSU-UHFFFAOYSA-N,C9H10O3,166.17,defined_single_substance,resolved,true,qsar,null,"{""pubchem"":{""cid"":8434,""reason_th"":""พบโครงสร้างโมเลกุลเดี่ยวจาก PubChem แต่ต้องยืนยันตัวตนก่อนส่งเข้า QSAR"",""fetched_at"":""2026-07-24T14:43:29.896489+00:00"",""source_url"":""https://pubchem.ncbi.nlm.nih.gov/compound/8434"",""reason_code"":""awaiting_verification"",""proposed_qsar_eligible"":true},""last_review"":{""action"":""verify"",""reviewed_at"":""2026-07-24T14:43:29.935768+00:00"",""reviewer_note"":""Catalog seed accepted only after exact canonical structure match with PubChem""},""first_source"":""manual:pubchem_lookup"",""observations"":[{""source"":""manual:pubchem_lookup"",""seen_at"":""2026-07-24T14:43:29.898938+00:00"",""observed_name"":""Ethylparaben"",""ocr_confidence"":null}],""offline_seed"":""pubchem-registry-20260724-v1""}",verified,2
ethylvanillin,,Ethylvanillin,[],[],,8467,CCOc1cc(C=O)ccc1O,"InChI=1S/C9H10O3/c1-2-12-9-5-7(6-10)3-4-8(9)11/h3-6,11H,2H2,1H3",CBOQJANXLMLOSS-UHFFFAOYSA-N,C9H10O3,166.176,defined_single_substance,resolved,true,qsar,null,"{""identity_verification"":{""cid"":8467,""method"":""pubchem_cid_direct_structure"",""source"":""PubChem PUG REST"",""screening_envelope"":{""mw"":[30.0,500.0],""heavy_atoms"":[2,36]}},""offline_seed"":""pubchem-registry-20260724-v1""}",verified,1
etrimfos,,Etrimfos,[],[],,37995,CCOc1cc(OP(=S)(OC)OC)nc(CC)n1,"InChI=1S/C10H17N2O4PS/c1-5-8-11-9(15-6-2)7-10(12-8)16-17(18,13-3)14-4/h7H,5-6H2,1-4H3",FGIWFCGDPUIBEZ-UHFFFAOYSA-N,C10H17N2O4PS,292.297,defined_single_substance,resolved,true,qsar,null,"{""identity_verification"":{""cid"":37995,""method"":""pubchem_cid_direct_structure"",""source"":""PubChem PUG REST"",""screening_envelope"":{""mw"":[30.0,500.0],""heavy_atoms"":[2,36]}},""offline_seed"":""pubchem-registry-20260724-v1""}",verified,1
eugenol,Eugenol,Eugenol,[],"[""eugenol"",""97-53-0"",""4-Allyl-2-methoxyphenol"",""4-Allylguaiacol"",""Eugenic acid"",""Allylguaiacol"",""Caryophyllic acid"",""p-Eugenol"",""2-Methoxy-4-prop-2-enylphenol"",""p-Allylguaiacol"",""Engenol"",""2-Methoxy-4-allylphenol"",""Phenol, 2-methoxy-4-(2-propenyl)-"",""5-Allylguaiacol"",""2-Methoxy-4-(2-propenyl)phenol"",""Synthetic eugenol"",""1,3,4-Eugenol"",""4-Allylcatechol-2-methyl ether"",""1-Hydroxy-2-methoxy-4-allylbenzene"",""2-methoxy-4-(prop-2-en-1-yl)phenol"",""2-Methoxy-1-hydroxy-4-allylbenzene"",""4-Allyl-1-hydroxy-2-methoxybenzene"",""bioxeda"",""Phenol, 4-allyl-2-methoxy-"",""FEMA No. 2467"",""4-Allylcatechol 2-methyl ether"",""4-Hydroxy-3-methoxyallylbenzene"",""1-Hydroxy-2-methoxy-4-prop-2-enylbenzene"",""1-allyl-4-hydroxy-3-methoxybenzene"",""4-Hydroxy-3-methoxy-1-allylbenzene"",""2-Hydroxy-5-allylanisole"",""2-Methoxy-4-(2-propen-1-yl)phenol"",""NCI-C50453"",""Caryophillic acid"",""2-Metoksy-4-allilofenol"",""DTXSID9020617"",""FA 100"",""NSC-8895"",""Eugenol (USP)"",""Eugenol [USP]"",""NSC-209525"",""CHEBI:4917"",""3T8H1794QW"",""DTXCID90617"",""Dentek Eugenol"",""Teething Gel"",""Nuby Teething Gel"",""Red Cross Toothache"",""Eugenol 1518"",""RefChem:6433"",""AnaDent Childrens Kanka Gel"",""Eugenol Toothache Medication"",""Walgreens Natural Eugenol/Toothache Medication"",""Walgreens Natural Eugenol/toothache Medication With Cotton Pellets and Tweezers"",""202-589-1"",""1-Hydroxy-2-methoxy-4-propenylbenzene"",""Eugenol (natural)"",""1-Allyl-3-methoxy-4-hydroxybenzene"",""Phenol, 2-methoxy-4-(2-propen-1-yl)-"",""4-allyl-2-methoxy-Phenol"",""MFCD00008654"",""NSC 209525"",""naturel"",""CHEMBL42710"",""2-Methoxy-4-(3-propenyl)phenol"",""NCGC00091449-05"",""Eugenol [USAN]"",""WLN: 1U2R DQ CO1"",""Caswell No. 456BC"",""FEMA Number 2467"",""CAS-97-53-0"",""CCRIS 306"",""HSDB 210"",""2-Metoksy-4-allilofenol [Polish]"",""SR-05000002043"",""EINECS 202-589-1"",""EPA Pesticide Chemical Code 102701"",""allylguaicol"",""BRN 1366759"",""natural"",""naturale"",""oogenol"",""phenylpropanoid"",""redistillation"",""fractionation,"",""animal feed"",""water white"",""UNII-3T8H1794QW"",""AI3-00086"",""alim ue"",""fami qs"",""ugenol,"",""eugenic acid,"",""clove,"",""Isolate,"",""US Pharmacopoeia"",""Eugenol BP"",""flash distillation"",""Eugenol CRS"",""4-(2-Propenyl)-2-methoxyphenol"",""clove oil fraction"",""12-(2-Cyanoethyl)-6,7,12,13-tetrahydro-13-methyl-5-oxo-5H-indolo[2,3-a]pyrrolo[3,4-c]carbazole; Goe 6976; 5,6,7,13-Tetrahydro-13-methyl-5-oxo-12H-indolo[2,3-a]pyrrolo[3,4-c]carbazole-12-propanenitrile;"",""Eugenol (Standard)"",""British Pharmacopoeia"",""clove oil terpeneless"",""eugenol for synthesis"",""4-allyl-2methoxyphenol"",""3s0e"",""EFEUF,"",""EUGENOL [VANDF]"",""EUGENOL [FHFI]"",""EUGENOL [HSDB]"",""EUGENOL [IARC]"",""4-allyl 2-methoxyphenol"",""EUGENOL [FCC]"",""EUGENOL [II]"",""EUGENOL [MI]"",""EUGENOL [MART.]"",""Spectrum2_001264"",""Spectrum3_000646"",""Spectrum4_001783"",""Spectrum5_000425"",""EUGENOL [USP-RS]"",""EUGENOL [WHO-DD]"",""4-Allyl-2-methoxyphenol;"",""bmse010053"",""Epitope ID:114091"",""Eugenol, puriss., 98%"",""EC 202-589-1"",""SCHEMBL20361"",""BSPBio_002251"",""KBioGR_002327"",""MLS000028901"",""SEUGE0001"",""BIDD:ER0696"",""DivK1c_000692"",""SPECTRUM1500296"",""SPBio_001228"",""EUGENOL [EP MONOGRAPH]"",""GTPL2425"",""orb1223495"",""orb1309073"",""orb3139726"",""SCHEMBL4317663"",""EUGENOL [USP MONOGRAPH]"",""SCHEMBL10339964"",""SCHEMBL10946373"",""SCHEMBL29364978"",""HMS502C14"",""HY-N0337R"",""KBio1_000692"",""KBio3_001471"",""2-methoxy-4-prop-2-enyl-phenol"",""Eugenol, ReagentPlus(R), 99%"",""NSC8895"",""Eugenol, natural, >=98%, FG"",""NINDS_000692"",""Eugenol, >=98%, FCC, FG"",""HMS1920O08"",""HMS2091F09"",""HMS5083K18"",""HMS6019P07"",""Pharmakon1600-01500296"",""2-methoxy-4-(2-propenyl) phenol"",""2-methoxy-4-(2-propenyl)-phenol"",""HY-N0337"",""MSK21043"",""Tox21_111134"",""Tox21_202040"",""Tox21_300105"",""BDBM50164168"",""CCG-38827"",""EBC-12073"",""Eugenol,98% (stabilized with TBC)"",""NSC209525"",""NSC757030"",""s4706"",""SBB012362"",""1-Allyl-4-hydroxy-3-methoxybenzene;"",""Eugenol, tested according to Ph.Eur."",""3-(3-methoxy-4-hydroxyphenyl)propene"",""AKOS000121354"",""Tox21_111134_1"",""CS-7807"",""DB09086"",""FA12114"",""FS-2702"",""NSC-757030"",""SDCCGMLS-0066578.P001"",""IDI1_000692"",""Eugenol 1000 microg/mL in Acetonitrile"",""NCGC00091449-01"",""NCGC00091449-02"",""NCGC00091449-03"",""NCGC00091449-04"",""NCGC00091449-06"",""NCGC00091449-07"",""NCGC00091449-08"",""NCGC00091449-10"",""NCGC00253915-01""]",97-53-0,3314,C=CCc1ccc(O)c(OC)c1,"InChI=1S/C10H12O2/c1-3-4-8-5-6-9(11)10(7-8)12-2/h3,5-7,11H,1,4H2,2H3",RRAFCDWBNXTKKO-UHFFFAOYSA-N,C10H12O2,164.2,defined_single_substance,resolved,true,qsar,null,"{""pubchem"":{""cid"":3314,""reason_th"":""พบโครงสร้างโมเลกุลเดี่ยวจาก PubChem แต่ต้องยืนยันตัวตนก่อนส่งเข้า QSAR"",""fetched_at"":""2026-07-24T14:43:43.723107+00:00"",""source_url"":""https://pubchem.ncbi.nlm.nih.gov/compound/3314"",""reason_code"":""awaiting_verification"",""proposed_qsar_eligible"":true},""last_review"":{""action"":""verify"",""reviewed_at"":""2026-07-24T14:43:43.779098+00:00"",""reviewer_note"":""Catalog seed accepted only after exact canonical structure match with PubChem""},""first_source"":""manual:pubchem_lookup"",""observations"":[{""source"":""manual:pubchem_lookup"",""seen_at"":""2026-07-24T14:43:43.731377+00:00"",""observed_name"":""Eugenol"",""ocr_confidence"":null}],""offline_seed"":""pubchem-registry-20260724-v1""}",verified,2
exo-1-methyl-4-(1-methylethyl)-7-oxabicyclo(2.2.1)heptan-2-ol,,exo-1-Methyl-4-(1-methylethyl)-7-oxabicyclo(2.2.1)heptan-2-ol,[],[],,159051,CC(C)[C@@]12CC[C@@](C)(O1)[C@@H](O)C2,"InChI=1S/C10H18O2/c1-7(2)10-5-4-9(3,12-10)8(11)6-10/h7-8,11H,4-6H2,1-3H3/t8-,9+,10-/m0/s1",IFQZADDJTDGGCP-AEJSXWLSSA-N,C10H18O2,170.25199999999998,defined_single_substance,resolved,true,qsar,null,"{""identity_verification"":{""cid"":159051,""method"":""pubchem_cid_direct_structure"",""source"":""PubChem PUG REST"",""screening_envelope"":{""mw"":[30.0,500.0],""heavy_atoms"":[2,36]}},""offline_seed"":""pubchem-registry-20260724-v1""}",verified,1
fenamiphos,,Fenamiphos,[],[],,31070,CCOP(=O)(NC(C)C)Oc1ccc(SC)c(C)c1,"InChI=1S/C13H22NO3PS/c1-6-16-18(15,14-10(2)3)17-12-7-8-13(19-5)11(4)9-12/h7-10H,6H2,1-5H3,(H,14,15)",ZCJPOPBZHLUFHF-UHFFFAOYSA-N,C13H22NO3PS,303.36400000000003,defined_single_substance,resolved,true,qsar,null,"{""identity_verification"":{""cid"":31070,""method"":""pubchem_cid_direct_structure"",""source"":""PubChem PUG REST"",""screening_envelope"":{""mw"":[30.0,500.0],""heavy_atoms"":[2,36]}},""offline_seed"":""pubchem-registry-20260724-v1""}",verified,1
fenchlorphos,,Fenchlorphos,[],[],,9298,COP(=S)(OC)Oc1cc(Cl)c(Cl)cc1Cl,"InChI=1S/C8H8Cl3O3PS/c1-12-15(16,13-2)14-8-4-6(10)5(9)3-7(8)11/h3-4H,1-2H3",JHJOOSLFWRRSGU-UHFFFAOYSA-N,C8H8Cl3O3PS,321.549,defined_single_substance,resolved,true,qsar,null,"{""identity_verification"":{""cid"":9298,""method"":""pubchem_cid_direct_structure"",""source"":""PubChem PUG REST"",""screening_envelope"":{""mw"":[30.0,500.0],""heavy_atoms"":[2,36]}},""offline_seed"":""pubchem-registry-20260724-v1""}",verified,1
fenitrothion,,Fenitrothion,[],[],,31200,COP(=S)(OC)Oc1ccc([N+](=O)[O-])c(C)c1,"InChI=1S/C9H12NO5PS/c1-7-6-8(4-5-9(7)10(11)12)15-16(17,13-2)14-3/h4-6H,1-3H3",ZNOLGFHPUIJIMJ-UHFFFAOYSA-N,C9H12NO5PS,277.238,defined_single_substance,resolved,true,qsar,null,"{""identity_verification"":{""cid"":31200,""method"":""pubchem_cid_direct_structure"",""source"":""PubChem PUG REST"",""screening_envelope"":{""mw"":[30.0,500.0],""heavy_atoms"":[2,36]}},""offline_seed"":""pubchem-registry-20260724-v1""}",verified,1
fenobucarb,,Fenobucarb,[],[],,19588,CCC(C)c1ccccc1OC(=O)NC,"InChI=1S/C12H17NO2/c1-4-9(2)10-7-5-6-8-11(10)15-12(14)13-3/h5-9H,4H2,1-3H3,(H,13,14)",DIRFUJHNVNOBMY-UHFFFAOYSA-N,C12H17NO2,207.27299999999997,defined_single_substance,resolved,true,qsar,null,"{""identity_verification"":{""cid"":19588,""method"":""pubchem_cid_direct_structure"",""source"":""PubChem PUG REST"",""screening_envelope"":{""mw"":[30.0,500.0],""heavy_atoms"":[2,36]}},""offline_seed"":""pubchem-registry-20260724-v1""}",verified,1
fenoprop,,Fenoprop,[],[],,7158,CC(Oc1cc(Cl)c(Cl)cc1Cl)C(=O)O,"InChI=1S/C9H7Cl3O3/c1-4(9(13)14)15-8-3-6(11)5(10)2-7(8)12/h2-4H,1H3,(H,13,14)",ZLSWBLPERHFHIS-UHFFFAOYSA-N,C9H7Cl3O3,269.51099999999997,defined_single_substance,resolved,true,qsar,null,"{""identity_verification"":{""cid"":7158,""method"":""pubchem_cid_direct_structure"",""source"":""PubChem PUG REST"",""screening_envelope"":{""mw"":[30.0,500.0],""heavy_atoms"":[2,36]}},""offline_seed"":""pubchem-registry-20260724-v1""}",verified,1
fenoxaprop-ethyl,,Fenoxaprop-ethyl,[],[],,47938,CCOC(=O)C(C)Oc1ccc(Oc2nc3ccc(Cl)cc3o2)cc1,"InChI=1S/C18H16ClNO5/c1-3-22-17(21)11(2)23-13-5-7-14(8-6-13)24-18-20-15-9-4-12(19)10-16(15)25-18/h4-11H,3H2,1-2H3",PQKBPHSEKWERTG-UHFFFAOYSA-N,C18H16ClNO5,361.78100000000006,defined_single_substance,resolved,true,qsar,null,"{""identity_verification"":{""cid"":47938,""method"":""pubchem_cid_direct_structure"",""source"":""PubChem PUG REST"",""screening_envelope"":{""mw"":[30.0,500.0],""heavy_atoms"":[2,36]}},""offline_seed"":""pubchem-registry-20260724-v1""}",verified,1
fenoxaprop-p-ethyl,,Fenoxaprop-P-ethyl,[],[],,91707,CCOC(=O)[C@@H](C)Oc1ccc(Oc2nc3ccc(Cl)cc3o2)cc1,"InChI=1S/C18H16ClNO5/c1-3-22-17(21)11(2)23-13-5-7-14(8-6-13)24-18-20-15-9-4-12(19)10-16(15)25-18/h4-11H,3H2,1-2H3/t11-/m1/s1",PQKBPHSEKWERTG-LLVKDONJSA-N,C18H16ClNO5,361.78100000000006,defined_single_substance,resolved,true,qsar,null,"{""identity_verification"":{""cid"":91707,""method"":""pubchem_cid_direct_structure"",""source"":""PubChem PUG REST"",""screening_envelope"":{""mw"":[30.0,500.0],""heavy_atoms"":[2,36]}},""offline_seed"":""pubchem-registry-20260724-v1""}",verified,1
fenpropathrin,,Fenpropathrin,[],[],,47326,CC1(C)C(C(=O)OC(C#N)c2cccc(Oc3ccccc3)c2)C1(C)C,"InChI=1S/C22H23NO3/c1-21(2)19(22(21,3)4)20(24)26-18(14-23)15-9-8-12-17(13-15)25-16-10-6-5-7-11-16/h5-13,18-19H,1-4H3",XQUXKZZNEFRCAW-UHFFFAOYSA-N,C22H23NO3,349.4300000000001,defined_single_substance,resolved,true,qsar,null,"{""identity_verification"":{""cid"":47326,""method"":""pubchem_cid_direct_structure"",""source"":""PubChem PUG REST"",""screening_envelope"":{""mw"":[30.0,500.0],""heavy_atoms"":[2,36]}},""offline_seed"":""pubchem-registry-20260724-v1""}",verified,1
fenpyroximate,,Fenpyroximate,[],[],,9576412,Cc1nn(C)c(Oc2ccccc2)c1/C=N/OCc1ccc(C(=O)OC(C)(C)C)cc1,"InChI=1S/C24H27N3O4/c1-17-21(22(27(5)26-17)30-20-9-7-6-8-10-20)15-25-29-16-18-11-13-19(14-12-18)23(28)31-24(2,3)4/h6-15H,16H2,1-5H3/b25-15+",YYJNOYZRYGDPNH-MFKUBSTISA-N,C24H27N3O4,421.4970000000002,defined_single_substance,resolved,true,qsar,null,"{""identity_verification"":{""cid"":9576412,""method"":""pubchem_cid_direct_structure"",""source"":""PubChem PUG REST"",""screening_envelope"":{""mw"":[30.0,500.0],""heavy_atoms"":[2,36]}},""offline_seed"":""pubchem-registry-20260724-v1""}",verified,1
fensulfothion,,Fensulfothion,[],[],,8292,CCOP(=S)(OCC)Oc1ccc(S(C)=O)cc1,"InChI=1S/C11H17O4PS2/c1-4-13-16(17,14-5-2)15-10-6-8-11(9-7-10)18(3)12/h6-9H,4-5H2,1-3H3",XDNBJTQLKCIJBV-UHFFFAOYSA-N,C11H17O4PS2,308.36100000000005,defined_single_substance,resolved,true,qsar,null,"{""identity_verification"":{""cid"":8292,""method"":""pubchem_cid_direct_structure"",""source"":""PubChem PUG REST"",""screening_envelope"":{""mw"":[30.0,500.0],""heavy_atoms"":[2,36]}},""offline_seed"":""pubchem-registry-20260724-v1""}",verified,1
fenthion,,Fenthion,[],[],,3346,COP(=S)(OC)Oc1ccc(SC)c(C)c1,"InChI=1S/C10H15O3PS2/c1-8-7-9(5-6-10(8)16-4)13-14(15,11-2)12-3/h5-7H,1-4H3",PNVJTZOFSHSLTO-UHFFFAOYSA-N,C10H15O3PS2,278.335,defined_single_substance,resolved,true,qsar,null,"{""identity_verification"":{""cid"":3346,""method"":""pubchem_cid_direct_structure"",""source"":""PubChem PUG REST"",""screening_envelope"":{""mw"":[30.0,500.0],""heavy_atoms"":[2,36]}},""offline_seed"":""pubchem-registry-20260724-v1""}",verified,1
fipronil,,Fipronil,[],[],,3352,N#Cc1nn(-c2c(Cl)cc(C(F)(F)F)cc2Cl)c(N)c1S(=O)C(F)(F)F,"InChI=1S/C12H4Cl2F6N4OS/c13-5-1-4(11(15,16)17)2-6(14)8(5)24-10(22)9(7(3-21)23-24)26(25)12(18,19)20/h1-2H,22H2",ZOCSXAVNDGMNBV-UHFFFAOYSA-N,C12H4Cl2F6N4OS,437.15200000000004,defined_single_substance,resolved,true,qsar,null,"{""identity_verification"":{""cid"":3352,""method"":""pubchem_cid_direct_structure"",""source"":""PubChem PUG REST"",""screening_envelope"":{""mw"":[30.0,500.0],""heavy_atoms"":[2,36]}},""offline_seed"":""pubchem-registry-20260724-v1""}",verified,1
flibanserin,,Flibanserin,[],[],,6918248,O=c1[nH]c2ccccc2n1CCN1CCN(c2cccc(C(F)(F)F)c2)CC1,"InChI=1S/C20H21F3N4O/c21-20(22,23)15-4-3-5-16(14-15)26-11-8-25(9-12-26)10-13-27-18-7-2-1-6-17(18)24-19(27)28/h1-7,14H,8-13H2,(H,24,28)",PPRRDFIXUUSXRA-UHFFFAOYSA-N,C20H21F3N4O,390.4090000000001,defined_single_substance,resolved,true,qsar,null,"{""identity_verification"":{""cid"":6918248,""method"":""pubchem_cid_direct_structure"",""source"":""PubChem PUG REST"",""screening_envelope"":{""mw"":[30.0,500.0],""heavy_atoms"":[2,36]}},""offline_seed"":""pubchem-registry-20260724-v1""}",verified,1
fluenetil,,Fluenetil,[],[],,20288,O=C(Cc1ccc(-c2ccccc2)cc1)OCCF,"InChI=1S/C16H15FO2/c17-10-11-19-16(18)12-13-6-8-15(9-7-13)14-4-2-1-3-5-14/h1-9H,10-12H2",XAERLJMOUYEBAB-UHFFFAOYSA-N,C16H15FO2,258.2919999999999,defined_single_substance,resolved,true,qsar,null,"{""identity_verification"":{""cid"":20288,""method"":""pubchem_cid_direct_structure"",""source"":""PubChem PUG REST"",""screening_envelope"":{""mw"":[30.0,500.0],""heavy_atoms"":[2,36]}},""offline_seed"":""pubchem-registry-20260724-v1""}",verified,1
fluoranthene,,Fluoranthene,[],[],,9154,c1ccc2c(c1)-c1cccc3cccc-2c13,InChI=1S/C16H10/c1-2-8-13-12(7-1)14-9-3-5-11-6-4-10-15(13)16(11)14/h1-10H,GVEPBJHOBDJJJI-UHFFFAOYSA-N,C16H10,202.25599999999997,defined_single_substance,resolved,true,qsar,null,"{""identity_verification"":{""cid"":9154,""method"":""pubchem_cid_direct_structure"",""source"":""PubChem PUG REST"",""screening_envelope"":{""mw"":[30.0,500.0],""heavy_atoms"":[2,36]}},""offline_seed"":""pubchem-registry-20260724-v1""}",verified,1
fluoroacetic acid,,Fluoroacetic acid,[],[],,5237,O=C(O)CF,"InChI=1S/C2H3FO2/c3-1-2(4)5/h1H2,(H,4,5)",QEWYKACRFQMRMB-UHFFFAOYSA-N,C2H3FO2,78.042,defined_single_substance,resolved,true,qsar,null,"{""identity_verification"":{""cid"":5237,""method"":""pubchem_cid_direct_structure"",""source"":""PubChem PUG REST"",""screening_envelope"":{""mw"":[30.0,500.0],""heavy_atoms"":[2,36]}},""offline_seed"":""pubchem-registry-20260724-v1""}",verified,1
fluoroquinolonic acid,,Fluoroquinolonic acid,[],[],,483180,O=C(O)c1cn(C2CC2)c2cc(Cl)c(F)cc2c1=O,"InChI=1S/C13H9ClFNO3/c14-9-4-11-7(3-10(9)15)12(17)8(13(18)19)5-16(11)6-1-2-6/h3-6H,1-2H2,(H,18,19)",ISPVACVJFUIDPD-UHFFFAOYSA-N,C13H9ClFNO3,281.66999999999996,defined_single_substance,resolved,true,qsar,null,"{""identity_verification"":{""cid"":483180,""method"":""pubchem_cid_direct_structure"",""source"":""PubChem PUG REST"",""screening_envelope"":{""mw"":[30.0,500.0],""heavy_atoms"":[2,36]}},""offline_seed"":""pubchem-registry-20260724-v1""}",verified,1
flusilazole,,Flusilazole,[],[],,73675,C[Si](Cn1cncn1)(c1ccc(F)cc1)c1ccc(F)cc1,"InChI=1S/C16H15F2N3Si/c1-22(12-21-11-19-10-20-21,15-6-2-13(17)3-7-15)16-8-4-14(18)5-9-16/h2-11H,12H2,1H3",FQKUGOMFVDPBIZ-UHFFFAOYSA-N,C16H15F2N3Si,315.399,defined_single_substance,resolved,true,qsar,null,"{""identity_verification"":{""cid"":73675,""method"":""pubchem_cid_direct_structure"",""source"":""PubChem PUG REST"",""screening_envelope"":{""mw"":[30.0,500.0],""heavy_atoms"":[2,36]}},""offline_seed"":""pubchem-registry-20260724-v1""}",verified,1
fomesafen,,Fomesafen,[],[],,51556,CS(=O)(=O)NC(=O)c1cc(Oc2ccc(C(F)(F)F)cc2Cl)ccc1[N+](=O)[O-],"InChI=1S/C15H10ClF3N2O6S/c1-28(25,26)20-14(22)10-7-9(3-4-12(10)21(23)24)27-13-5-2-8(6-11(13)16)15(17,18)19/h2-7H,1H3,(H,20,22)",BGZZWXTVIYUUEY-UHFFFAOYSA-N,C15H10ClF3N2O6S,438.7670000000001,defined_single_substance,resolved,true,qsar,null,"{""identity_verification"":{""cid"":51556,""method"":""pubchem_cid_direct_structure"",""source"":""PubChem PUG REST"",""screening_envelope"":{""mw"":[30.0,500.0],""heavy_atoms"":[2,36]}},""offline_seed"":""pubchem-registry-20260724-v1""}",verified,1
fonofos,,Fonofos,[],[],,13676,CCOP(=S)(CC)Sc1ccccc1,"InChI=1S/C10H15OPS2/c1-3-11-12(13,4-2)14-10-8-6-5-7-9-10/h5-9H,3-4H2,1-2H3",KVGLBTYUCJYMND-UHFFFAOYSA-N,C10H15OPS2,246.33700000000005,defined_single_substance,resolved,true,qsar,null,"{""identity_verification"":{""cid"":13676,""method"":""pubchem_cid_direct_structure"",""source"":""PubChem PUG REST"",""screening_envelope"":{""mw"":[30.0,500.0],""heavy_atoms"":[2,36]}},""offline_seed"":""pubchem-registry-20260724-v1""}",verified,1
formaldehyde,,Formaldehyde,[],[],,712,C=O,InChI=1S/CH2O/c1-2/h1H2,WSFSSNUMVMOOMR-UHFFFAOYSA-N,CH2O,30.026,defined_single_substance,resolved,true,qsar,null,"{""identity_verification"":{""cid"":712,""method"":""pubchem_cid_direct_structure"",""source"":""PubChem PUG REST"",""screening_envelope"":{""mw"":[30.0,500.0],""heavy_atoms"":[2,36]}},""offline_seed"":""pubchem-registry-20260724-v1""}",verified,1
formetanate,,Formetanate,[],[],,31099,CNC(=O)Oc1cccc(N=CN(C)C)c1,"InChI=1S/C11H15N3O2/c1-12-11(15)16-10-6-4-5-9(7-10)13-8-14(2)3/h4-8H,1-3H3,(H,12,15)",RMFNNCGOSPBBAD-UHFFFAOYSA-N,C11H15N3O2,221.26,defined_single_substance,resolved,true,qsar,null,"{""identity_verification"":{""cid"":31099,""method"":""pubchem_cid_direct_structure"",""source"":""PubChem PUG REST"",""screening_envelope"":{""mw"":[30.0,500.0],""heavy_atoms"":[2,36]}},""offline_seed"":""pubchem-registry-20260724-v1""}",verified,1
formic acid,,Formic Acid,[],[],,284,O=CO,"InChI=1S/CH2O2/c2-1-3/h1H,(H,2,3)",BDAGIHXWWSANSR-UHFFFAOYSA-N,CH2O2,46.025000000000006,defined_single_substance,resolved,true,qsar,null,"{""identity_verification"":{""cid"":284,""method"":""pubchem_cid_direct_structure"",""source"":""PubChem PUG REST"",""screening_envelope"":{""mw"":[30.0,500.0],""heavy_atoms"":[2,36]}},""offline_seed"":""pubchem-registry-20260724-v1""}",verified,1
formothion,,Formothion,[],[],,17345,COP(=S)(OC)SCC(=O)N(C)C=O,"InChI=1S/C6H12NO4PS2/c1-7(5-8)6(9)4-14-12(13,10-2)11-3/h5H,4H2,1-3H3",AIKKULXCBHRFOS-UHFFFAOYSA-N,C6H12NO4PS2,257.27299999999997,defined_single_substance,resolved,true,qsar,null,"{""identity_verification"":{""cid"":17345,""method"":""pubchem_cid_direct_structure"",""source"":""PubChem PUG REST"",""screening_envelope"":{""mw"":[30.0,500.0],""heavy_atoms"":[2,36]}},""offline_seed"":""pubchem-registry-20260724-v1""}",verified,1
fosthiazate,,Fosthiazate,[],[],,91758,CCOP(=O)(SC(C)CC)N1CCSC1=O,"InChI=1S/C9H18NO3PS2/c1-4-8(3)16-14(12,13-5-2)10-6-7-15-9(10)11/h8H,4-7H2,1-3H3",DUFVKSUJRWYZQP-UHFFFAOYSA-N,C9H18NO3PS2,283.355,defined_single_substance,resolved,true,qsar,null,"{""identity_verification"":{""cid"":91758,""method"":""pubchem_cid_direct_structure"",""source"":""PubChem PUG REST"",""screening_envelope"":{""mw"":[30.0,500.0],""heavy_atoms"":[2,36]}},""offline_seed"":""pubchem-registry-20260724-v1""}",verified,1
fosthietan,,Fosthietan,[],[],,30684,CCOP(=O)(N=C1SCS1)OCC,"InChI=1S/C6H12NO3PS2/c1-3-9-11(8,10-4-2)7-6-12-5-13-6/h3-5H2,1-2H3",RHJOIOVESMTJEK-UHFFFAOYSA-N,C6H12NO3PS2,241.27399999999997,defined_single_substance,resolved,true,qsar,null,"{""identity_verification"":{""cid"":30684,""method"":""pubchem_cid_direct_structure"",""source"":""PubChem PUG REST"",""screening_envelope"":{""mw"":[30.0,500.0],""heavy_atoms"":[2,36]}},""offline_seed"":""pubchem-registry-20260724-v1""}",verified,1
fumaric acid,,Fumaric Acid,[],[],,444972,O=C(O)/C=C/C(=O)O,"InChI=1S/C4H4O4/c5-3(6)1-2-4(7)8/h1-2H,(H,5,6)(H,7,8)/b2-1+",VZCYOOQTPOCHFL-OWOJBTEDSA-N,C4H4O4,116.07199999999997,defined_single_substance,resolved,true,qsar,null,"{""identity_verification"":{""cid"":444972,""method"":""pubchem_cid_direct_structure"",""source"":""PubChem PUG REST"",""screening_envelope"":{""mw"":[30.0,500.0],""heavy_atoms"":[2,36]}},""offline_seed"":""pubchem-registry-20260724-v1""}",verified,1
furan,,Furan,[],[],,8029,c1ccoc1,InChI=1S/C4H4O/c1-2-4-5-3-1/h1-4H,YLQBMQCUIZJEEH-UHFFFAOYSA-N,C4H4O,68.075,defined_single_substance,resolved,true,qsar,null,"{""identity_verification"":{""cid"":8029,""method"":""pubchem_cid_direct_structure"",""source"":""PubChem PUG REST"",""screening_envelope"":{""mw"":[30.0,500.0],""heavy_atoms"":[2,36]}},""offline_seed"":""pubchem-registry-20260724-v1""}",verified,1
furaneol,,Furaneol,[],[],,19309,CC1=C(O)C(=O)C(C)O1,"InChI=1S/C6H8O3/c1-3-5(7)6(8)4(2)9-3/h3,8H,1-2H3",INAXVXBDKKUCGI-UHFFFAOYSA-N,C6H8O3,128.12699999999998,defined_single_substance,resolved,true,qsar,null,"{""identity_verification"":{""cid"":19309,""method"":""pubchem_cid_direct_structure"",""source"":""PubChem PUG REST"",""screening_envelope"":{""mw"":[30.0,500.0],""heavy_atoms"":[2,36]}},""offline_seed"":""pubchem-registry-20260724-v1""}",verified,1
furathiocarb,,Furathiocarb,[],[],,47759,CCCCOC(=O)N(C)SN(C)C(=O)Oc1cccc2c1OC(C)(C)C2,"InChI=1S/C18H26N2O5S/c1-6-7-11-23-16(21)19(4)26-20(5)17(22)24-14-10-8-9-13-12-18(2,3)25-15(13)14/h8-10H,6-7,11-12H2,1-5H3",HAWJXYBZNNRMNO-UHFFFAOYSA-N,C18H26N2O5S,382.48200000000014,defined_single_substance,resolved,true,qsar,null,"{""identity_verification"":{""cid"":47759,""method"":""pubchem_cid_direct_structure"",""source"":""PubChem PUG REST"",""screening_envelope"":{""mw"":[30.0,500.0],""heavy_atoms"":[2,36]}},""offline_seed"":""pubchem-registry-20260724-v1""}",verified,1
furfural,,Furfural,[],[],,7362,O=Cc1ccco1,InChI=1S/C5H4O2/c6-4-5-2-1-3-7-5/h1-4H,HYBBIBNJHNGZAN-UHFFFAOYSA-N,C5H4O2,96.08499999999998,defined_single_substance,resolved,true,qsar,null,"{""identity_verification"":{""cid"":7362,""method"":""pubchem_cid_direct_structure"",""source"":""PubChem PUG REST"",""screening_envelope"":{""mw"":[30.0,500.0],""heavy_atoms"":[2,36]}},""offline_seed"":""pubchem-registry-20260724-v1""}",verified,1
furfuryl alcohol,,Furfuryl Alcohol,[],[],,7361,OCc1ccco1,"InChI=1S/C5H6O2/c6-4-5-2-1-3-7-5/h1-3,6H,4H2",XPFVYQJUAUNWIW-UHFFFAOYSA-N,C5H6O2,98.10099999999998,defined_single_substance,resolved,true,qsar,null,"{""identity_verification"":{""cid"":7361,""method"":""pubchem_cid_direct_structure"",""source"":""PubChem PUG REST"",""screening_envelope"":{""mw"":[30.0,500.0],""heavy_atoms"":[2,36]}},""offline_seed"":""pubchem-registry-20260724-v1""}",verified,1
gabapentin,,Gabapentin,[],[],,3446,NCC1(CC(=O)O)CCCCC1,"InChI=1S/C9H17NO2/c10-7-9(6-8(11)12)4-2-1-3-5-9/h1-7,10H2,(H,11,12)",UGJMXCAKCUNAIE-UHFFFAOYSA-N,C9H17NO2,171.23999999999998,defined_single_substance,resolved,true,qsar,null,"{""identity_verification"":{""cid"":3446,""method"":""pubchem_cid_direct_structure"",""source"":""PubChem PUG REST"",""screening_envelope"":{""mw"":[30.0,500.0],""heavy_atoms"":[2,36]}},""offline_seed"":""pubchem-registry-20260724-v1""}",verified,1
geraniol,Geraniol,Geraniol,[],[],,,CC(C)=CCCC(C)=CCO,"InChI=1S/C10H18O/c1-9(2)5-4-6-10(3)7-8-11/h5,7,11H,4,6,8H2,1-3H3",GLZPCOQZEFWAFX-UHFFFAOYSA-N,,,defined_single_substance,resolved,true,qsar,null,"{""last_review"":{""action"":""verify"",""reviewed_at"":""2026-07-24T14:43:48.263330+00:00"",""reviewer_note"":""Catalog seed accepted only after exact canonical structure match with PubChem""},""first_source"":""ocr:local"",""observations"":[{""source"":""ocr:local"",""seen_at"":""2026-07-24T14:12:40.207176+00:00"",""observed_name"":""Geraniol"",""ocr_confidence"":38.6},{""source"":""ocr:local"",""seen_at"":""2026-07-24T14:18:39.799337+00:00"",""observed_name"":""Geraniol"",""ocr_confidence"":38.6},{""source"":""manual:pubchem_lookup"",""seen_at"":""2026-07-24T14:39:15.882555+00:00"",""observed_name"":""Geraniol"",""ocr_confidence"":null},{""source"":""manual:pubchem_lookup"",""seen_at"":""2026-07-24T14:43:48.247479+00:00"",""observed_name"":""Geraniol"",""ocr_confidence"":null},{""source"":""manual:pubchem_lookup"",""seen_at"":""2026-07-24T14:44:39.452793+00:00"",""observed_name"":""Geraniol"",""ocr_confidence"":null}],""pubchem_identity_conflict"":{""cid"":637566,""source_url"":""https://pubchem.ncbi.nlm.nih.gov/compound/637566"",""detected_at"":""2026-07-24T14:44:39.455044+00:00"",""observed_name"":""Geraniol"",""existing_canonical_smiles"":""CC(C)=CCCC(C)=CCO"",""proposed_canonical_smiles"":""CC(C)=CCC/C(C)=C/CO""},""offline_seed"":""pubchem-registry-20260724-v1""}",verified,2
geraniol [cid 637566],,Geraniol,[],[],,637566,CC(C)=CCC/C(C)=C/CO,"InChI=1S/C10H18O/c1-9(2)5-4-6-10(3)7-8-11/h5,7,11H,4,6,8H2,1-3H3/b10-7+",GLZPCOQZEFWAFX-JXMROGBWSA-N,C10H18O,154.253,defined_single_substance,resolved,true,qsar,null,"{""identity_verification"":{""cid"":637566,""method"":""pubchem_cid_direct_structure"",""source"":""PubChem PUG REST"",""screening_envelope"":{""mw"":[30.0,500.0],""heavy_atoms"":[2,36]}},""offline_seed"":""pubchem-registry-20260724-v1""}",verified,1
glutaraldehyde,,Glutaraldehyde,[],[],,3485,O=CCCCC=O,"InChI=1S/C5H8O2/c6-4-2-1-3-5-7/h4-5H,1-3H2",SXRSQZLOMIGNAQ-UHFFFAOYSA-N,C5H8O2,100.11699999999999,defined_single_substance,resolved,true,qsar,null,"{""identity_verification"":{""cid"":3485,""method"":""pubchem_cid_direct_structure"",""source"":""PubChem PUG REST"",""screening_envelope"":{""mw"":[30.0,500.0],""heavy_atoms"":[2,36]}},""offline_seed"":""pubchem-registry-20260724-v1""}",verified,1
glycerin,Glycerin,Glycerin,[],"[""glycerol"",""glycerin"",""56-81-5"",""Glycerine"",""1,2,3-Propanetriol"",""Glycyl alcohol"",""Trihydroxypropane"",""Glyceritol"",""Osmoglyn"",""1,2,3-trihydroxypropane"",""Glyrol"",""Glysanin"",""Grocolene"",""Ophthalgan"",""Glycerinum"",""Vitrosupos"",""Dagralax"",""Glycerin, anhydrous"",""Synthetic glycerin"",""Optim"",""Moon"",""Synthetic glycerine"",""Incorporation factor"",""90 Technical glycerine"",""Citifluor AF 2"",""Glycerolum"",""Glicerol"",""FEMA No. 2525"",""Tryhydroxypropane"",""Glycerin,anhydrous"",""Clyzerin, wasserfrei"",""Glicerina"",""DTXSID9020663"",""Monoctanoin Component D"",""PDC6A3C0OX"",""NSC-9230"",""Glycerol 85%"",""INS NO.422"",""CHEBI:17754"",""INS-422"",""NSC9230"",""M 314429"",""PZN 7474853"",""DTXCID40662"",""E-422"",""200-289-5"",""glicerolo"",""keragel"",""Glycogelatin"",""Waterhouse"",""Antizom"",""Firming"",""Inclear"",""keragelT"",""Keybells"",""Monagra"",""Nirolex"",""blink boost"",""MeWrinkle"",""myCellCare"",""RepoveSolutionA"",""RepoveSolutionB"",""Sayak"",""Scrub"",""Tixylix toddler"",""Brazilian Firm"",""Dryness Relief"",""Glycerin Adult"",""Glycerin Cream"",""Glycerin Serum"",""Glycerin Toner"",""Lemon Glycerin"",""Lemon Glycerine"",""Moisture Cream"",""Peptide Easter"",""Tixylix baby"",""Aloe Soothing"",""aloe, glycerin"",""Apple Bubble"",""Baby Essence"",""Biotoc Regen"",""Blister Balm"",""Dianas Dream"",""Glycerin Oil"",""Regener-Eyes"",""Renewal Serum"",""Retinol Serum"",""Snail Repair"",""The Prestige"",""Dark spot"",""MedPride Lemon"",""Pedia-lax"",""Ato Pollen"",""Avedana Glycerin"",""Derma Glide"",""Dynarex Hydrogel"",""Illite Whitening"",""NO itching"",""Scalp Scrub"",""Scar Serum"",""Yoni bar"",""DooBony Mosrepel"",""Gamma HCream"",""Eye Cream"",""Hydro Gel"",""Niagara S"",""WeTTrust Gold"",""Yeo Danbi"",""Absolute PPC"",""Baby Oil"",""Derma First Duo"",""Fedora Cinderella"",""Galentic Hydrogel"",""Glycerin Children"",""Glycerin Laxative"",""Moisturizing Body"",""My Lovely Butts"",""Hum Body Liner"",""Man Power Pack"",""CP Medi theraphy"",""Derma First Mask"",""Derma Honey Mask"",""Flex Power Cream"",""ZNSP Ampoule"",""Coral S"",""CP Bebe wash"",""Flexpower Recovery"",""Oasis Tears PF"",""Oriental Fermented"",""Personal Lubricant"",""ZNSP Repair"",""AT Alpha"",""AT Alpha Plus"",""GMDANSU Ampoule"",""OR Serum"",""Black Paint Rubar"",""Bliss GVS"",""Glycerin suspension"",""Hair Growth Cream"",""Herbal Skin Toner"",""Orange facial mask"",""Premiu Serum Mask"",""Regener-Eyes PRO"",""Rite-Aid Glycerin"",""Bio DNA Serum"",""OASIS Tears"",""CP Bebe"",""CP Medi"",""EGF-FGF Ampoule"",""Haesum Marine Fill"",""HYDRA Rose Mask"",""Queen Perfume Hair"",""Miracle SOS Green"",""Anti Wrinkle effect"",""Glycerin, Allantoin"",""OASIS Tears Plus"",""all-in-one cleanser"",""Bliss GVS Children"",""Deer Velvet Ampoule"",""Glycerin Body Scrub"",""Glycerin Suppository"",""isLeaf Energy Water"",""Necbody All in one"",""Obeo 7way Moisture"",""Regener-Eyes LITE"",""Skin Protectant Gel"",""Topwin Speedy Enema"",""DR.SERSE Serum"",""Female sensual cream"",""Glycerin 20%"",""Glycerin 25%"",""Hum CC"",""O Sha mpoo Premium"",""Dr Deep Deep Fresh"",""Hyalucollagen Essence"",""LANBELLE Cleansing"",""AQUATO"",""Clear Eyes Nighttime"",""HUITOMI"",""Im V-Tox"",""MORAN"",""Viva Hydration Boost"",""Senokot direct relief"",""Elikin Aqua MaskPack"",""La face All in One"",""The Cica Serum Plus"",""AC Clear Sheet Mask"",""BAZAHEI Batana Oil"",""Brazilian Booty Cream"",""CIZAR First Calming"",""Enlarging BreastLotion"",""Glizigen Gel Intimate"",""Glyzigen Gel Intimate"",""Hyalucollagen Moisture"",""Moisture Essence Mist"",""Natural Cocktail Pack"",""Wrinkle Power Filling"",""AMAZING AMPOULE"",""BULUBIU BATANA"",""Clapiel Vita C Serum""]",56-81-5,753,OCC(O)CO,"InChI=1S/C3H8O3/c4-1-3(6)2-5/h3-6H,1-2H2",PEDCQBHIVMGVHV-UHFFFAOYSA-N,C3H8O3,92.09,defined_single_substance,resolved,true,qsar,null,"{""pubchem"":{""cid"":753,""fetched_at"":""2026-07-24T14:39:26.258342+00:00"",""source_url"":""https://pubchem.ncbi.nlm.nih.gov/compound/753"",""metadata_only"":true},""first_source"":""ocr:local"",""observations"":[{""source"":""ocr:local"",""seen_at"":""2026-07-24T14:12:40.190661+00:00"",""observed_name"":""Glycerin"",""ocr_confidence"":38.6},{""source"":""ocr:local"",""seen_at"":""2026-07-24T14:18:39.784451+00:00"",""observed_name"":""Glycerin"",""ocr_confidence"":38.6},{""source"":""manual:pubchem_lookup"",""seen_at"":""2026-07-24T14:39:26.261087+00:00"",""observed_name"":""Glycerin"",""ocr_confidence"":null}],""offline_seed"":""pubchem-registry-20260724-v1""}",verified,1
glycidol,,Glycidol,[],[],,11164,OCC1CO1,"InChI=1S/C3H6O2/c4-1-3-2-5-3/h3-4H,1-2H2",CTKINSOISVBQLD-UHFFFAOYSA-N,C3H6O2,74.079,defined_single_substance,resolved,true,qsar,null,"{""identity_verification"":{""cid"":11164,""method"":""pubchem_cid_direct_structure"",""source"":""PubChem PUG REST"",""screening_envelope"":{""mw"":[30.0,500.0],""heavy_atoms"":[2,36]}},""offline_seed"":""pubchem-registry-20260724-v1""}",verified,1
glycidyl acrylate,,Glycidyl acrylate,[],[],,7836,C=CC(=O)OCC1CO1,"InChI=1S/C6H8O3/c1-2-6(7)9-4-5-3-8-5/h2,5H,1,3-4H2",RPQRDASANLAFCM-UHFFFAOYSA-N,C6H8O3,128.12699999999998,defined_single_substance,resolved,true,qsar,null,"{""identity_verification"":{""cid"":7836,""method"":""pubchem_cid_direct_structure"",""source"":""PubChem PUG REST"",""screening_envelope"":{""mw"":[30.0,500.0],""heavy_atoms"":[2,36]}},""offline_seed"":""pubchem-registry-20260724-v1""}",verified,1
glycidyl methacrylate,,Glycidyl methacrylate,[],[],,7837,C=C(C)C(=O)OCC1CO1,"InChI=1S/C7H10O3/c1-5(2)7(8)10-4-6-3-9-6/h6H,1,3-4H2,2H3",VOZRXNHHFUQHIL-UHFFFAOYSA-N,C7H10O3,142.154,defined_single_substance,resolved,true,qsar,null,"{""identity_verification"":{""cid"":7837,""method"":""pubchem_cid_direct_structure"",""source"":""PubChem PUG REST"",""screening_envelope"":{""mw"":[30.0,500.0],""heavy_atoms"":[2,36]}},""offline_seed"":""pubchem-registry-20260724-v1""}",verified,1
glycol monoethyl ether,,Glycol monoethyl ether,[],[],,8076,CCOCCO,"InChI=1S/C4H10O2/c1-2-6-4-3-5/h5H,2-4H2,1H3",ZNQVEEAIQZEUHB-UHFFFAOYSA-N,C4H10O2,90.122,defined_single_substance,resolved,true,qsar,null,"{""identity_verification"":{""cid"":8076,""method"":""pubchem_cid_direct_structure"",""source"":""PubChem PUG REST"",""screening_envelope"":{""mw"":[30.0,500.0],""heavy_atoms"":[2,36]}},""offline_seed"":""pubchem-registry-20260724-v1""}",verified,1
glycol monoethyl ether acetate,,Glycol monoethyl ether acetate,[],[],,8095,CCOCCOC(C)=O,"InChI=1S/C6H12O3/c1-3-8-4-5-9-6(2)7/h3-5H2,1-2H3",SVONRAPFKPVNKG-UHFFFAOYSA-N,C6H12O3,132.159,defined_single_substance,resolved,true,qsar,null,"{""identity_verification"":{""cid"":8095,""method"":""pubchem_cid_direct_structure"",""source"":""PubChem PUG REST"",""screening_envelope"":{""mw"":[30.0,500.0],""heavy_atoms"":[2,36]}},""offline_seed"":""pubchem-registry-20260724-v1""}",verified,1
glycol monohexyl ether,,Glycol monohexyl ether,[],[],,8170,CCCCCCOCCO,"InChI=1S/C8H18O2/c1-2-3-4-5-7-10-8-6-9/h9H,2-8H2,1H3",UPGSWASWQBLSKZ-UHFFFAOYSA-N,C8H18O2,146.23,defined_single_substance,resolved,true,qsar,null,"{""identity_verification"":{""cid"":8170,""method"":""pubchem_cid_direct_structure"",""source"":""PubChem PUG REST"",""screening_envelope"":{""mw"":[30.0,500.0],""heavy_atoms"":[2,36]}},""offline_seed"":""pubchem-registry-20260724-v1""}",verified,1
glycol monopropyl ether,,Glycol monopropyl ether,[],[],,17756,CCCOCCO,"InChI=1S/C5H12O2/c1-2-4-7-5-3-6/h6H,2-5H2,1H3",YEYKMVJDLWJFOA-UHFFFAOYSA-N,C5H12O2,104.14899999999999,defined_single_substance,resolved,true,qsar,null,"{""identity_verification"":{""cid"":17756,""method"":""pubchem_cid_direct_structure"",""source"":""PubChem PUG REST"",""screening_envelope"":{""mw"":[30.0,500.0],""heavy_atoms"":[2,36]}},""offline_seed"":""pubchem-registry-20260724-v1""}",verified,1
glycolic acid,Glycolic Acid,Glycolic Acid,[],"[""glycolic acid"",""2-Hydroxyacetic acid"",""79-14-1"",""hydroxyacetic acid"",""Hydroxyethanoic acid"",""Glycollic acid"",""glycolate"",""alpha-Hydroxyacetic acid"",""2-Hydroxyethanoic acid"",""Kyselina glykolova"",""Kyselina hydroxyoctova"",""GLYCOLLATE"",""DTXSID0025363"",""NSC-166"",""0WT12SX38S"",""DTXCID105363"",""CHEBI:17497"",""4-03-00-00571 (Beilstein Handbook Reference)"",""2-oxonioacetate"",""CHEBI:29805"",""OceanBlu Barrier"",""OceanBlu Pre-Post"",""RefChem:5867"",""Jungshea Glycolic Acid Pads"",""InstaMix Glycolic Concentrate"",""pari 30% Glycolic Acid Peel"",""pari 70% Glycolic Acid Peel"",""Glycolic Acid 7% Toning Solution"",""GLYCOLIC Acid 35 Skin Chemical Peel"",""GLYCOLIC Acid 50 Skin Chemical Peel"",""GLYCOLIC Acid 70 Skin Chemical Peel"",""AHA Glycolic Acid Foam Cleanser (Sulfate-Free)-7.5 oz"",""VILLAGE 11 FACTORY RELAX DAY AHA EXFOLIATING BODY"",""201-180-5"",""Pads"",""Acetic acid, hydroxy-"",""Acetic acid, 2-hydroxy-"",""Caswell No. 470"",""GlyPure"",""C2H4O3"",""Kyselina glykolova [Czech]"",""HOCH2COOH"",""MFCD00004312"",""Kyselina hydroxyoctova [Czech]"",""Glycocide"",""EPA Pesticide Chemical Code 000101"",""HSDB 5227"",""NSC 166"",""AI3-15362"",""GlyPure 70"",""BRN 1209322"","".alpha.-Hydroxyacetic acid"",""NSC166"",""GOA"",""C2H3O3-"",""glycolicacid"",""EINECS 201-180-5"",""Glycolate Standard: C2H3O3- @ 1000 microg/mL in H2O"",""UNII-0WT12SX38S"",""Glykolsure"",""Hydroxyethanoate"",""Glycol acid"",""a-Hydroxyacetate"",""CCRIS 9474"",""26009-03-0"",""hydroxy-acetic acid"",""2-Hydroxyaceticacid"",""alpha-Hydroxyacetate"",""(R)-hydroxy ester"",""a-Hydroxyacetic acid"",""Glycolic acid polymer"",""2-hydroxy acetic acid"",""2-hydroxy-acetic acid"",""Acetic acid 2-hydroxy-"",""2-hydroxyl ethanoic acid"",""Glycolic acid (Standard)"",""HO-CH2-COOH"",""bmse000245"",""WLN: QV1Q"",""EC 201-180-5"",""GLYCOLIC ACID [MI]"",""SCHEMBL1222"",""Glycolic acid (7CI,8CI)"",""SCHEMBL95391"",""GLYCOLIC ACID [VANDF]"",""SCHEMBL596773"",""Glycolic acid, p.a., 98%"",""GLYCOLIC ACID [MART.]"",""Acetic acid, hydroxy- (9CI)"",""CHEMBL252557"",""orb1220566"",""orb1301368"",""orb3139706"",""SCHEMBL1903685"",""SCHEMBL4580634"",""SCHEMBL8650885"",""GLYCOLIC ACID [WHO-DD]"",""SCHEMBL31361798"",""CHEBI:17375"",""Glycolic Acid, Crystal, Reagent"",""HYDROXYACETIC ACID [HSDB]"",""CHEBI:231641"",""HMS5085I14"",""Glycolic acid, >=97.0% (T)"",""HY-W015967R"",""STR00936"",""(2S)-2-hydroxy monocarboxylic acid"",""Tox21_301298"",""(2S)-2-hydroxy monocarboxylic acids"",""EBC-26032"",""MSK000963"",""s6272"",""STL197955"",""AKOS000118921"",""Glycolic acid - 70% aqueous solution"",""Glycolic acid, ReagentPlus(R), 99%"",""CS-W016683"",""DB03085"",""FG23693"",""FG59493"",""HY-W015967"",""MSK000963-100W"",""SB83760"",""CAS-79-14-1"",""MSK000963-1000W"",""NCGC00160612-01"",""NCGC00160612-02"",""NCGC00257533-01"",""DA-73802"",""Glycolic acid 100 |Ig/mL in Acetonitrile"",""Glycolic acid solution, 70 wt. % in H2O"",""G0110"",""G0196"",""Glycolic acid 100 microg/mL in Acetonitrile"",""NS00009686"",""T5985"",""EN300-19242"",""Glycolic acid, SAJ special grade, >=98.0%"",""C00160"",""C03547"",""D78078"",""Glycolic acid, Vetec(TM) reagent grade, 98%"",""HYDROXYACETIC ACID; HYDROXYETHANOIC ACID"",""Glycolic acid, BioXtra, >=98.0% (titration)"",""Hydroxyacetic Acid Solution in Water, 100ug/mL"",""F318224"",""Hydroxyacetic Acid Solution in Water, 1000ug/mL"",""Q409373"",""doi:10.14272/AEMRFAOFKBGASW-UHFFFAOYSA-N.1"",""F2191-0224"",""Z104473274"",""287EB351-FF9F-4A67-B4B9-D626406C9B13"",""Glycolic acid, certified reference material, TraceCERT(R)"",""InChI=1/C2H4O3/c3-1-2(4)5/h3H,1H2,(H,4,5"",""Glycolic acid, anhydrous, free-flowing, Redi-Dri(TM), ReagentPlus(R), 99%"",""Glycolic Acid, Pharmaceutical Secondary Standard; Certified Reference Material"",""5980-14-3"",""O7Z""]",79-14-1,757,O=C(O)CO,"InChI=1S/C2H4O3/c3-1-2(4)5/h3H,1H2,(H,4,5)",AEMRFAOFKBGASW-UHFFFAOYSA-N,C2H4O3,76.05,defined_single_substance,resolved,true,qsar,null,"{""pubchem"":{""cid"":757,""reason_th"":""พบโครงสร้างโมเลกุลเดี่ยวจาก PubChem แต่ต้องยืนยันตัวตนก่อนส่งเข้า QSAR"",""fetched_at"":""2026-07-24T14:43:14.429887+00:00"",""source_url"":""https://pubchem.ncbi.nlm.nih.gov/compound/757"",""reason_code"":""awaiting_verification"",""proposed_qsar_eligible"":true},""last_review"":{""action"":""verify"",""reviewed_at"":""2026-07-24T14:43:14.448596+00:00"",""reviewer_note"":""Catalog seed accepted only after exact canonical structure match with PubChem""},""first_source"":""manual:pubchem_lookup"",""observations"":[{""source"":""manual:pubchem_lookup"",""seen_at"":""2026-07-24T14:43:14.432807+00:00"",""observed_name"":""Glycolic Acid"",""ocr_confidence"":null}],""offline_seed"":""pubchem-registry-20260724-v1""}",verified,2
glyoxal,,Glyoxal,[],[],,7860,O=CC=O,InChI=1S/C2H2O2/c3-1-2-4/h1-2H,LEQAOMBKQFMDFZ-UHFFFAOYSA-N,C2H2O2,58.036,defined_single_substance,resolved,true,qsar,null,"{""identity_verification"":{""cid"":7860,""method"":""pubchem_cid_direct_structure"",""source"":""PubChem PUG REST"",""screening_envelope"":{""mw"":[30.0,500.0],""heavy_atoms"":[2,36]}},""offline_seed"":""pubchem-registry-20260724-v1""}",verified,1
glyphosate,,Glyphosate,[],[],,3496,O=C(O)CNCP(=O)(O)O,"InChI=1S/C3H8NO5P/c5-3(6)1-4-2-10(7,8)9/h4H,1-2H2,(H,5,6)(H2,7,8,9)",XDDAORKBJWWYJS-UHFFFAOYSA-N,C3H8NO5P,169.073,defined_single_substance,resolved,true,qsar,null,"{""identity_verification"":{""cid"":3496,""method"":""pubchem_cid_direct_structure"",""source"":""PubChem PUG REST"",""screening_envelope"":{""mw"":[30.0,500.0],""heavy_atoms"":[2,36]}},""offline_seed"":""pubchem-registry-20260724-v1""}",verified,1
glyphosine,,Glyphosine,[],[],,17112,O=C(O)CN(CP(=O)(O)O)CP(=O)(O)O,"InChI=1S/C4H11NO8P2/c6-4(7)1-5(2-14(8,9)10)3-15(11,12)13/h1-3H2,(H,6,7)(H2,8,9,10)(H2,11,12,13)",OXHDYFKENBXUEM-UHFFFAOYSA-N,C4H11NO8P2,263.079,defined_single_substance,resolved,true,qsar,null,"{""identity_verification"":{""cid"":17112,""method"":""pubchem_cid_direct_structure"",""source"":""PubChem PUG REST"",""screening_envelope"":{""mw"":[30.0,500.0],""heavy_atoms"":[2,36]}},""offline_seed"":""pubchem-registry-20260724-v1""}",verified,1
guaiacol,,Guaiacol,[],[],,460,COc1ccccc1O,"InChI=1S/C7H8O2/c1-9-7-5-3-2-4-6(7)8/h2-5,8H,1H3",LHGVFZTZFXWLCP-UHFFFAOYSA-N,C7H8O2,124.13899999999997,defined_single_substance,resolved,true,qsar,null,"{""identity_verification"":{""cid"":460,""method"":""pubchem_cid_direct_structure"",""source"":""PubChem PUG REST"",""screening_envelope"":{""mw"":[30.0,500.0],""heavy_atoms"":[2,36]}},""offline_seed"":""pubchem-registry-20260724-v1""}",verified,1
haloxyfop-etotyl,,Haloxyfop-etotyl,[],[],,91743,CCOCCOC(=O)C(C)Oc1ccc(Oc2ncc(C(F)(F)F)cc2Cl)cc1,"InChI=1S/C19H19ClF3NO5/c1-3-26-8-9-27-18(25)12(2)28-14-4-6-15(7-5-14)29-17-16(20)10-13(11-24-17)19(21,22)23/h4-7,10-12H,3,8-9H2,1-2H3",MIJLZGZLQLAQCM-UHFFFAOYSA-N,C19H19ClF3NO5,433.81000000000006,defined_single_substance,resolved,true,qsar,null,"{""identity_verification"":{""cid"":91743,""method"":""pubchem_cid_direct_structure"",""source"":""PubChem PUG REST"",""screening_envelope"":{""mw"":[30.0,500.0],""heavy_atoms"":[2,36]}},""offline_seed"":""pubchem-registry-20260724-v1""}",verified,1
haloxyfop-p-methyl,,haloxyfop-P-methyl,[],[],,13363033,COC(=O)[C@@H](C)Oc1ccc(Oc2ncc(C(F)(F)F)cc2Cl)cc1,"InChI=1S/C16H13ClF3NO4/c1-9(15(22)23-2)24-11-3-5-12(6-4-11)25-14-13(17)7-10(8-21-14)16(18,19)20/h3-9H,1-2H3/t9-/m1/s1",MFSWTRQUCLNFOM-SECBINFHSA-N,C16H13ClF3NO4,375.73,defined_single_substance,resolved,true,qsar,null,"{""identity_verification"":{""cid"":13363033,""method"":""pubchem_cid_direct_structure"",""source"":""PubChem PUG REST"",""screening_envelope"":{""mw"":[30.0,500.0],""heavy_atoms"":[2,36]}},""offline_seed"":""pubchem-registry-20260724-v1""}",verified,1
hc violet no. 2,,HC Violet No. 2,[],[],,13907760,O=[N+]([O-])c1cc(N(CCO)CCO)ccc1NCCCO,"InChI=1S/C13H21N3O5/c17-7-1-4-14-12-3-2-11(10-13(12)16(20)21)15(5-8-18)6-9-19/h2-3,10,14,17-19H,1,4-9H2",YHSOWKGIYXECIF-UHFFFAOYSA-N,C13H21N3O5,299.32700000000006,defined_single_substance,resolved,true,qsar,null,"{""identity_verification"":{""cid"":13907760,""method"":""pubchem_cid_direct_structure"",""source"":""PubChem PUG REST"",""screening_envelope"":{""mw"":[30.0,500.0],""heavy_atoms"":[2,36]}},""offline_seed"":""pubchem-registry-20260724-v1""}",verified,1
hc yellow no. 12,,HC Yellow no. 12,[],[],,5182864,O=[N+]([O-])c1cc(Cl)ccc1NCCO,"InChI=1S/C8H9ClN2O3/c9-6-1-2-7(10-3-4-12)8(5-6)11(13)14/h1-2,5,10,12H,3-4H2",LGGKGPQFSCBUOR-UHFFFAOYSA-N,C8H9ClN2O3,216.624,defined_single_substance,resolved,true,qsar,null,"{""identity_verification"":{""cid"":5182864,""method"":""pubchem_cid_direct_structure"",""source"":""PubChem PUG REST"",""screening_envelope"":{""mw"":[30.0,500.0],""heavy_atoms"":[2,36]}},""offline_seed"":""pubchem-registry-20260724-v1""}",verified,1
hc yellow no. 6,,HC Yellow No. 6,[],[],,5463805,O=[N+]([O-])c1cc(C(F)(F)F)ccc1NCC(O)CO,"InChI=1S/C10H11F3N2O4/c11-10(12,13)6-1-2-8(9(3-6)15(18)19)14-4-7(17)5-16/h1-3,7,14,16-17H,4-5H2",XDHQHBSDKYPJRG-UHFFFAOYSA-N,C10H11F3N2O4,280.202,defined_single_substance,resolved,true,qsar,null,"{""identity_verification"":{""cid"":5463805,""method"":""pubchem_cid_direct_structure"",""source"":""PubChem PUG REST"",""screening_envelope"":{""mw"":[30.0,500.0],""heavy_atoms"":[2,36]}},""offline_seed"":""pubchem-registry-20260724-v1""}",verified,1
heptachlor,,Heptachlor,[],[],,3589,ClC1=C(Cl)C2(Cl)C3C(Cl)C=CC3C1(Cl)C2(Cl)Cl,"InChI=1S/C10H5Cl7/c11-4-2-1-3-5(4)9(15)7(13)6(12)8(3,14)10(9,16)17/h1-5H",FRCCEHPWNOQAEU-UHFFFAOYSA-N,C10H5Cl7,373.3209999999999,defined_single_substance,resolved,true,qsar,null,"{""identity_verification"":{""cid"":3589,""method"":""pubchem_cid_direct_structure"",""source"":""PubChem PUG REST"",""screening_envelope"":{""mw"":[30.0,500.0],""heavy_atoms"":[2,36]}},""offline_seed"":""pubchem-registry-20260724-v1""}",verified,1
heptachlor epoxide,,Heptachlor Epoxide,[],[],,15559699,ClC1=C(Cl)[C@]2(Cl)[C@@H]3[C@@H](Cl)[C@H]4O[C@H]4[C@@H]3[C@@]1(Cl)C2(Cl)Cl,"InChI=1S/C10H5Cl7O/c11-3-1-2(4-5(3)18-4)9(15)7(13)6(12)8(1,14)10(9,16)17/h1-5H/t1-,2+,3+,4-,5+,8+,9-/m0/s1",ZXFXBSWRVIQKOD-UOFFAGTMSA-N,C10H5Cl7O,389.31999999999994,defined_single_substance,resolved,true,qsar,null,"{""identity_verification"":{""cid"":15559699,""method"":""pubchem_cid_direct_structure"",""source"":""PubChem PUG REST"",""screening_envelope"":{""mw"":[30.0,500.0],""heavy_atoms"":[2,36]}},""offline_seed"":""pubchem-registry-20260724-v1""}",verified,1
heptanoic acid,,Heptanoic Acid,[],[],,8094,CCCCCCC(=O)O,"InChI=1S/C7H14O2/c1-2-3-4-5-6-7(8)9/h2-6H2,1H3,(H,8,9)",MNWFXJYAOYHMED-UHFFFAOYSA-N,C7H14O2,130.187,defined_single_substance,resolved,true,qsar,null,"{""identity_verification"":{""cid"":8094,""method"":""pubchem_cid_direct_structure"",""source"":""PubChem PUG REST"",""screening_envelope"":{""mw"":[30.0,500.0],""heavy_atoms"":[2,36]}},""offline_seed"":""pubchem-registry-20260724-v1""}",verified,1
heptenophos,,Heptenophos,[],[],,62773,COP(=O)(OC)OC1=C(Cl)C2C=CCC12,"InChI=1S/C9H12ClO4P/c1-12-15(11,13-2)14-9-7-5-3-4-6(7)8(9)10/h3-4,6-7H,5H2,1-2H3",GBAWQJNHVWMTLU-UHFFFAOYSA-N,C9H12ClO4P,250.618,defined_single_substance,resolved,true,qsar,null,"{""identity_verification"":{""cid"":62773,""method"":""pubchem_cid_direct_structure"",""source"":""PubChem PUG REST"",""screening_envelope"":{""mw"":[30.0,500.0],""heavy_atoms"":[2,36]}},""offline_seed"":""pubchem-registry-20260724-v1""}",verified,1
heroin,,Heroin,[],[],,5462328,CC(=O)Oc1ccc2c3c1O[C@H]1[C@@H](OC(C)=O)C=C[C@H]4[C@@H](C2)N(C)CC[C@@]341,"InChI=1S/C21H23NO5/c1-11(23)25-16-6-4-13-10-15-14-5-7-17(26-12(2)24)20-21(14,8-9-22(15)3)18(13)19(16)27-20/h4-7,14-15,17,20H,8-10H2,1-3H3/t14-,15+,17-,20-,21-/m0/s1",GVGLGOZIDCSQPN-PVHGPHFFSA-N,C21H23NO5,369.41700000000014,defined_single_substance,resolved,true,qsar,null,"{""identity_verification"":{""cid"":5462328,""method"":""pubchem_cid_direct_structure"",""source"":""PubChem PUG REST"",""screening_envelope"":{""mw"":[30.0,500.0],""heavy_atoms"":[2,36]}},""offline_seed"":""pubchem-registry-20260724-v1""}",verified,1
hexachloroacetone,,Hexachloroacetone,[],[],,8303,O=C(C(Cl)(Cl)Cl)C(Cl)(Cl)Cl,"InChI=1S/C3Cl6O/c4-2(5,6)1(10)3(7,8)9",DOJXGHGHTWFZHK-UHFFFAOYSA-N,C3Cl6O,264.75,defined_single_substance,resolved,true,qsar,null,"{""identity_verification"":{""cid"":8303,""method"":""pubchem_cid_direct_structure"",""source"":""PubChem PUG REST"",""screening_envelope"":{""mw"":[30.0,500.0],""heavy_atoms"":[2,36]}},""offline_seed"":""pubchem-registry-20260724-v1""}",verified,1
hexachlorocyclohexane,,Hexachlorocyclohexane,[],[],,727,ClC1C(Cl)C(Cl)C(Cl)C(Cl)C1Cl,InChI=1S/C6H6Cl6/c7-1-2(8)4(10)6(12)5(11)3(1)9/h1-6H,JLYXXMFPNIAWKQ-UHFFFAOYSA-N,C6H6Cl6,290.832,defined_single_substance,resolved,true,qsar,null,"{""identity_verification"":{""cid"":727,""method"":""pubchem_cid_direct_structure"",""source"":""PubChem PUG REST"",""screening_envelope"":{""mw"":[30.0,500.0],""heavy_atoms"":[2,36]}},""offline_seed"":""pubchem-registry-20260724-v1""}",verified,1
hexachlorocyclopentadiene,,Hexachlorocyclopentadiene,[],[],,6478,ClC1=C(Cl)C(Cl)(Cl)C(Cl)=C1Cl,"InChI=1S/C5Cl6/c6-1-2(7)4(9)5(10,11)3(1)8",VUNCWTMEJYMOOR-UHFFFAOYSA-N,C5Cl6,272.773,defined_single_substance,resolved,true,qsar,null,"{""identity_verification"":{""cid"":6478,""method"":""pubchem_cid_direct_structure"",""source"":""PubChem PUG REST"",""screening_envelope"":{""mw"":[30.0,500.0],""heavy_atoms"":[2,36]}},""offline_seed"":""pubchem-registry-20260724-v1""}",verified,1
hexachlorophene,,Hexachlorophene,[],[],,3598,Oc1c(Cl)cc(Cl)c(Cl)c1Cc1c(O)c(Cl)cc(Cl)c1Cl,"InChI=1S/C13H6Cl6O2/c14-6-2-8(16)12(20)4(10(6)18)1-5-11(19)7(15)3-9(17)13(5)21/h2-3,20-21H,1H2",ACGUYXCXAPNIKK-UHFFFAOYSA-N,C13H6Cl6O2,406.9069999999999,defined_single_substance,resolved,true,qsar,null,"{""identity_verification"":{""cid"":3598,""method"":""pubchem_cid_direct_structure"",""source"":""PubChem PUG REST"",""screening_envelope"":{""mw"":[30.0,500.0],""heavy_atoms"":[2,36]}},""offline_seed"":""pubchem-registry-20260724-v1""}",verified,1
hexadecane,,Hexadecane,[],[],,11006,CCCCCCCCCCCCCCCC,"InChI=1S/C16H34/c1-3-5-7-9-11-13-15-16-14-12-10-8-6-4-2/h3-16H2,1-2H3",DCAYPVUWAIABOU-UHFFFAOYSA-N,C16H34,226.44799999999992,defined_single_substance,resolved,true,qsar,null,"{""identity_verification"":{""cid"":11006,""method"":""pubchem_cid_direct_structure"",""source"":""PubChem PUG REST"",""screening_envelope"":{""mw"":[30.0,500.0],""heavy_atoms"":[2,36]}},""offline_seed"":""pubchem-registry-20260724-v1""}",verified,1
"hexadecanoic acid, (2e)-3,7-dimethyl-2,6-octadien-1-yl ester",,"Hexadecanoic acid, (2E)-3,7-dimethyl-2,6-octadien-1-yl ester",[],[],,11246350,CCCCCCCCCCCCCCCC(=O)OC/C=C(\C)CCC=C(C)C,"InChI=1S/C26H48O2/c1-5-6-7-8-9-10-11-12-13-14-15-16-17-21-26(27)28-23-22-25(4)20-18-19-24(2)3/h19,22H,5-18,20-21,23H2,1-4H3/b25-22+",CRFQQFDSKWNZIZ-YYDJUVGSSA-N,C26H48O2,392.6680000000002,defined_single_substance,resolved,true,qsar,null,"{""identity_verification"":{""cid"":11246350,""method"":""pubchem_cid_direct_structure"",""source"":""PubChem PUG REST"",""screening_envelope"":{""mw"":[30.0,500.0],""heavy_atoms"":[2,36]}},""offline_seed"":""pubchem-registry-20260724-v1""}",verified,1
hexamethylenetetramine,,Hexamethylenetetramine,[],[],,4101,C1N2CN3CN1CN(C2)C3,InChI=1S/C6H12N4/c1-7-2-9-4-8(1)5-10(3-7)6-9/h1-6H2,VKYKSIONXSXAKP-UHFFFAOYSA-N,C6H12N4,140.19,defined_single_substance,resolved,true,qsar,null,"{""identity_verification"":{""cid"":4101,""method"":""pubchem_cid_direct_structure"",""source"":""PubChem PUG REST"",""screening_envelope"":{""mw"":[30.0,500.0],""heavy_atoms"":[2,36]}},""offline_seed"":""pubchem-registry-20260724-v1""}",verified,1
hexanal,,Hexanal,[],[],,6184,CCCCCC=O,"InChI=1S/C6H12O/c1-2-3-4-5-6-7/h6H,2-5H2,1H3",JARKCYVAAOWBJS-UHFFFAOYSA-N,C6H12O,100.16099999999999,defined_single_substance,resolved,true,qsar,null,"{""identity_verification"":{""cid"":6184,""method"":""pubchem_cid_direct_structure"",""source"":""PubChem PUG REST"",""screening_envelope"":{""mw"":[30.0,500.0],""heavy_atoms"":[2,36]}},""offline_seed"":""pubchem-registry-20260724-v1""}",verified,1
hexane,,Hexane,[],[],,8058,CCCCCC,"InChI=1S/C6H14/c1-3-5-6-4-2/h3-6H2,1-2H3",VLKZOEOYAKHREP-UHFFFAOYSA-N,C6H14,86.178,defined_single_substance,resolved,true,qsar,null,"{""identity_verification"":{""cid"":8058,""method"":""pubchem_cid_direct_structure"",""source"":""PubChem PUG REST"",""screening_envelope"":{""mw"":[30.0,500.0],""heavy_atoms"":[2,36]}},""offline_seed"":""pubchem-registry-20260724-v1""}",verified,1
hexazinone,,Hexazinone,[],[],,39965,CN(C)c1nc(=O)n(C2CCCCC2)c(=O)n1C,"InChI=1S/C12H20N4O2/c1-14(2)10-13-11(17)16(12(18)15(10)3)9-7-5-4-6-8-9/h9H,4-8H2,1-3H3",CAWXEEYDBZRFPE-UHFFFAOYSA-N,C12H20N4O2,252.31799999999993,defined_single_substance,resolved,true,qsar,null,"{""identity_verification"":{""cid"":39965,""method"":""pubchem_cid_direct_structure"",""source"":""PubChem PUG REST"",""screening_envelope"":{""mw"":[30.0,500.0],""heavy_atoms"":[2,36]}},""offline_seed"":""pubchem-registry-20260724-v1""}",verified,1
hexyl acrylate,,Hexyl acrylate,[],[],,17259,C=CC(=O)OCCCCCC,"InChI=1S/C9H16O2/c1-3-5-6-7-8-11-9(10)4-2/h4H,2-3,5-8H2,1H3",LNMQRPPRQDGUDR-UHFFFAOYSA-N,C9H16O2,156.225,defined_single_substance,resolved,true,qsar,null,"{""identity_verification"":{""cid"":17259,""method"":""pubchem_cid_direct_structure"",""source"":""PubChem PUG REST"",""screening_envelope"":{""mw"":[30.0,500.0],""heavy_atoms"":[2,36]}},""offline_seed"":""pubchem-registry-20260724-v1""}",verified,1
hexylene glycol,,Hexylene Glycol,[],[],,7870,CC(O)CC(C)(C)O,"InChI=1S/C6H14O2/c1-5(7)4-6(2,3)8/h5,7-8H,4H2,1-3H3",SVTBMSDMJJWYQN-UHFFFAOYSA-N,C6H14O2,118.17599999999997,defined_single_substance,resolved,true,qsar,null,"{""identity_verification"":{""cid"":7870,""method"":""pubchem_cid_direct_structure"",""source"":""PubChem PUG REST"",""screening_envelope"":{""mw"":[30.0,500.0],""heavy_atoms"":[2,36]}},""offline_seed"":""pubchem-registry-20260724-v1""}",verified,1
hydrazobenzene,,Hydrazobenzene,[],[],,31222,c1ccc(NNc2ccccc2)cc1,"InChI=1S/C12H12N2/c1-3-7-11(8-4-1)13-14-12-9-5-2-6-10-12/h1-10,13-14H",YBQZXXMEJHZYMB-UHFFFAOYSA-N,C12H12N2,184.24200000000002,defined_single_substance,resolved,true,qsar,null,"{""identity_verification"":{""cid"":31222,""method"":""pubchem_cid_direct_structure"",""source"":""PubChem PUG REST"",""screening_envelope"":{""mw"":[30.0,500.0],""heavy_atoms"":[2,36]}},""offline_seed"":""pubchem-registry-20260724-v1""}",verified,1
hydrocodone,,Hydrocodone,[],[],,5284569,COc1ccc2c3c1O[C@H]1C(=O)CC[C@H]4[C@@H](C2)N(C)CC[C@]314,"InChI=1S/C18H21NO3/c1-19-8-7-18-11-4-5-13(20)17(18)22-16-14(21-2)6-3-10(15(16)18)9-12(11)19/h3,6,11-12,17H,4-5,7-9H2,1-2H3/t11-,12+,17-,18-/m0/s1",LLPOLZWFYMWNKH-CMKMFDCUSA-N,C18H21NO3,299.37000000000006,defined_single_substance,resolved,true,qsar,null,"{""identity_verification"":{""cid"":5284569,""method"":""pubchem_cid_direct_structure"",""source"":""PubChem PUG REST"",""screening_envelope"":{""mw"":[30.0,500.0],""heavy_atoms"":[2,36]}},""offline_seed"":""pubchem-registry-20260724-v1""}",verified,1
hydroquinone,,Hydroquinone,[],[],,785,Oc1ccc(O)cc1,"InChI=1S/C6H6O2/c7-5-1-2-6(8)4-3-5/h1-4,7-8H",QIGBRXMKCJKVMJ-UHFFFAOYSA-N,C6H6O2,110.11199999999997,defined_single_substance,resolved,true,qsar,null,"{""identity_verification"":{""cid"":785,""method"":""pubchem_cid_direct_structure"",""source"":""PubChem PUG REST"",""screening_envelope"":{""mw"":[30.0,500.0],""heavy_atoms"":[2,36]}},""offline_seed"":""pubchem-registry-20260724-v1""}",verified,1
hydroxyacetophenone,Hydroxyacetophenone,Hydroxyacetophenone,[],"[""4'-Hydroxyacetophenone"",""99-93-4"",""4-Hydroxyacetophenone"",""1-(4-Hydroxyphenyl)ethanone"",""P-HYDROXYACETOPHENONE"",""4-Acetylphenol"",""p-Hydroxyphenyl methyl ketone"",""Ethanone, 1-(4-hydroxyphenyl)-"",""Methyl p-hydroxyphenyl ketone"",""para-Hydroxyacetophenone"",""(4-Hydroxyphenyl)ethan-1-one"",""HYDROXYACETOPHENONE, PARA"",""DTXSID0029133"",""G1L3HT4CMH"",""NSC-3698"",""DTXCID209133"",""FEMA NO. 4330"",""CHEBI:28032"",""RefChem:523982"",""CHEBI:24668"",""202-802-8"",""Hydroxyacetophenone"",""Piceol"",""p-Acetylphenol"",""p-Oxyacetophenone"",""1-(4-Hydroxyphenyl)Ethan-1-One"",""4-Acetophenol"",""4-hydroxy acetophenone"",""Acetophenone, 4'-hydroxy-"",""Phenol, p-acetyl-"",""Acetophenone, p-hydroxy-"",""USAF KF-15"",""Paracetamol EP Impurity E"",""MFCD00002359"",""4-Hydroksyacetofenol"",""4'-hydroxy acetophenone"",""1-(4-Hydroxy-phenyl)-ethanone"",""NSC 3698"",""Paracetamol Impurity E"",""4-Hydroxyphenyl Methyl Ketone"",""CHEMBL201083"",""c0694"",""1-acetyl-4-hydroxybenzene"",""AC6"",""CAS-99-93-4"",""Methyl-p-hydroxyphenyl ketone"",""4-Hydroksyacetofenol [Polish]"",""1-(4-Hydroxyphenyl)ethanone (4-Hydroxyacetophenone)"",""EINECS 202-802-8"",""UNII-G1L3HT4CMH"",""AI3-12133"",""1-(4-Hydroxyphenyl)ethanone; Paracetamol Imp. E (EP); 4-Hydroxyacetophenone; Paracetamol Impurity E"",""p-Hydroxacetophenone"",""parahydroxyacetophenone"",""4'-hyroxyacetophenone"",""p-hydroxy acetophenone"",""p-hydroxy-acetophenone"",""rho-hydroxyacetophenone"",""4?-Hydroxyacetophenone"",""4''-hydroxyacetophenone"",""4\\'-Hydroxypropiophenone"",""(4-hydroxyphenyl)ethanone"",""acetophenone, 4-hydroxy-"",""bmse000593"",""bmse000670"",""bmse010030"",""EC 202-802-8"",""WLN: QR DV1"",""4-HAP"",""SCHEMBL40866"",""SCHEMBL80529"",""BIDD:ER0242"",""SCHEMBL517762"",""1-(4-hydroxyphenyl) ethanone"",""1-(4-hydroxyphenyl)-ethanone"",""4'-Hydroxyacetophenone, 99%"",""278564_ALDRICH"",""orb1221576"",""orb1303804"",""orb3025995"",""SCHEMBL2889295"",""HY-Y0073R"",""1-(4-hydroxyphenyl)-1-ethanone"",""4-Hydroxyacetophenone (Standard)"",""NSC3698"",""2o48"",""CS-D1120"",""HY-Y0073"",""STR01114"",""Tox21_200228"",""Tox21_303602"",""4-HYDROXYACETOPHENONE [FHFI]"",""BDBM50177409"",""EBC-03962"",""LT0047"",""SBB040251"",""STK397448"",""ZINC00330136"",""AKOS000118915"",""AC-6123"",""FH24301"",""NCGC00248570-01"",""NCGC00248570-02"",""NCGC00257375-01"",""NCGC00257782-01"",""261172-42-3"",""DA-49721"",""SY009665"",""4'-Hydroxyacetophenone, analytical standard"",""DB-269493"",""H0193"",""NS00003966"",""PARACETAMOL IMPURITY E [EP IMPURITY]"",""ST50213412"",""EN300-17800"",""4 inverted exclamation mark -Hydroxyacetophenone"",""AB00443569-03"",""4 inverted exclamation mark(R)-Hydroxyacetophenone"",""AB-131/40179700"",""F053479"",""Q7190613"",""Z57040434"",""F0001-2341"",""2,5-CYCLOHEXADIEN-1-ONE, 4-(1-HYDROXYETHYLIDENE)-"",""InChI=1/C8H8O2/c1-6(9)7-2-4-8(10)5-3-7/h2-5,10H,1H"",""4'-Hydroxyacetophenone (Acetaminophen Impurity E), Pharmaceutical Secondary Standards; Certified Reference Material""]",99-93-4,7469,CC(=O)c1ccc(O)cc1,"InChI=1S/C8H8O2/c1-6(9)7-2-4-8(10)5-3-7/h2-5,10H,1H3",TXFPEBPIARQUIG-UHFFFAOYSA-N,C8H8O2,136.15,defined_single_substance,resolved,true,qsar,null,"{""pubchem"":{""cid"":7469,""fetched_at"":""2026-07-24T14:39:28.220561+00:00"",""source_url"":""https://pubchem.ncbi.nlm.nih.gov/compound/7469"",""metadata_only"":true},""first_source"":""ocr:local"",""observations"":[{""source"":""ocr:local"",""seen_at"":""2026-07-24T14:12:40.187251+00:00"",""observed_name"":""Hydroxyacetophenone"",""ocr_confidence"":38.6},{""source"":""ocr:local"",""seen_at"":""2026-07-24T14:18:39.781004+00:00"",""observed_name"":""Hydroxyacetophenone"",""ocr_confidence"":38.6},{""source"":""manual:pubchem_lookup"",""seen_at"":""2026-07-24T14:39:28.222902+00:00"",""observed_name"":""Hydroxyacetophenone"",""ocr_confidence"":null}],""offline_seed"":""pubchem-registry-20260724-v1""}",verified,1
hydroxyethyl-2-nitro-p-toluidine,,Hydroxyethyl-2-nitro-p-toluidine,[],[],,10130360,Cc1ccc(NCCO)c([N+](=O)[O-])c1,"InChI=1S/C9H12N2O3/c1-7-2-3-8(10-4-5-12)9(6-7)11(13)14/h2-3,6,10,12H,4-5H2,1H3",SCZQUWZLEIYDBD-UHFFFAOYSA-N,C9H12N2O3,196.206,defined_single_substance,resolved,true,qsar,null,"{""identity_verification"":{""cid"":10130360,""method"":""pubchem_cid_direct_structure"",""source"":""PubChem PUG REST"",""screening_envelope"":{""mw"":[30.0,500.0],""heavy_atoms"":[2,36]}},""offline_seed"":""pubchem-registry-20260724-v1""}",verified,1
"hydroxylamine, o-ethyl-",,"Hydroxylamine, O-ethyl-",[],[],,69357,CCON,"InChI=1S/C2H7NO/c1-2-4-3/h2-3H2,1H3",AQFWNELGMODZGC-UHFFFAOYSA-N,C2H7NO,61.083999999999996,defined_single_substance,resolved,true,qsar,null,"{""identity_verification"":{""cid"":69357,""method"":""pubchem_cid_direct_structure"",""source"":""PubChem PUG REST"",""screening_envelope"":{""mw"":[30.0,500.0],""heavy_atoms"":[2,36]}},""offline_seed"":""pubchem-registry-20260724-v1""}",verified,1
hydroxyphenoxy propionic acid,,Hydroxyphenoxy propionic acid,[],[],,179741,C[C@@H](Oc1ccc(O)cc1)C(=O)O,"InChI=1S/C9H10O4/c1-6(9(11)12)13-8-4-2-7(10)3-5-8/h2-6,10H,1H3,(H,11,12)/t6-/m1/s1",AQIHDXGKQHFBNW-ZCFIWIBFSA-N,C9H10O4,182.17499999999998,defined_single_substance,resolved,true,qsar,null,"{""identity_verification"":{""cid"":179741,""method"":""pubchem_cid_direct_structure"",""source"":""PubChem PUG REST"",""screening_envelope"":{""mw"":[30.0,500.0],""heavy_atoms"":[2,36]}},""offline_seed"":""pubchem-registry-20260724-v1""}",verified,1
hydroxyphosphonoacetic acid,,Hydroxyphosphonoacetic acid,[],[],,73189,O=C(O)C(O)P(=O)(O)O,"InChI=1S/C2H5O6P/c3-1(4)2(5)9(6,7)8/h2,5H,(H,3,4)(H2,6,7,8)",UTCHNZLBVKHYKC-UHFFFAOYSA-N,C2H5O6P,156.03,defined_single_substance,resolved,true,qsar,null,"{""identity_verification"":{""cid"":73189,""method"":""pubchem_cid_direct_structure"",""source"":""PubChem PUG REST"",""screening_envelope"":{""mw"":[30.0,500.0],""heavy_atoms"":[2,36]}},""offline_seed"":""pubchem-registry-20260724-v1""}",verified,1
i2-ionone,,I2-Ionone,[],[],,638014,CC(=O)/C=C/C1=C(C)CCCC1(C)C,"InChI=1S/C13H20O/c1-10-6-5-9-13(3,4)12(10)8-7-11(2)14/h7-8H,5-6,9H2,1-4H3/b8-7+",PSQYTAPXSHCGMF-BQYQJAHWSA-N,C13H20O,192.302,defined_single_substance,resolved,true,qsar,null,"{""identity_verification"":{""cid"":638014,""method"":""pubchem_cid_direct_structure"",""source"":""PubChem PUG REST"",""screening_envelope"":{""mw"":[30.0,500.0],""heavy_atoms"":[2,36]}},""offline_seed"":""pubchem-registry-20260724-v1""}",verified,1
imidacloprid,,Imidacloprid,[],[],,86287518,O=[N+]([O-])/N=C1\NCCN1Cc1ccc(Cl)nc1,"InChI=1S/C9H10ClN5O2/c10-8-2-1-7(5-12-8)6-14-4-3-11-9(14)13-15(16)17/h1-2,5H,3-4,6H2,(H,11,13)",YWTYJOPNNQFBPC-UHFFFAOYSA-N,C9H10ClN5O2,255.665,defined_single_substance,resolved,true,qsar,null,"{""identity_verification"":{""cid"":86287518,""method"":""pubchem_cid_direct_structure"",""source"":""PubChem PUG REST"",""screening_envelope"":{""mw"":[30.0,500.0],""heavy_atoms"":[2,36]}},""offline_seed"":""pubchem-registry-20260724-v1""}",verified,1
"indoline-2-carboxylic acid, (s)-",,"Indoline-2-carboxylic acid, (S)-",[],[],,2733920,O=C(O)[C@@H]1Cc2ccccc2N1,"InChI=1S/C9H9NO2/c11-9(12)8-5-6-3-1-2-4-7(6)10-8/h1-4,8,10H,5H2,(H,11,12)/t8-/m0/s1",QNRXNRGSOJZINA-QMMMGPOBSA-N,C9H9NO2,163.17599999999996,defined_single_substance,resolved,true,qsar,null,"{""identity_verification"":{""cid"":2733920,""method"":""pubchem_cid_direct_structure"",""source"":""PubChem PUG REST"",""screening_envelope"":{""mw"":[30.0,500.0],""heavy_atoms"":[2,36]}},""offline_seed"":""pubchem-registry-20260724-v1""}",verified,1
indomethacin,,Indomethacin,[],[],,3715,COc1ccc2c(c1)c(CC(=O)O)c(C)n2C(=O)c1ccc(Cl)cc1,"InChI=1S/C19H16ClNO4/c1-11-15(10-18(22)23)16-9-14(25-2)7-8-17(16)21(11)19(24)12-3-5-13(20)6-4-12/h3-9H,10H2,1-2H3,(H,22,23)",CGIGDMFJXJATDK-UHFFFAOYSA-N,C19H16ClNO4,357.7930000000002,defined_single_substance,resolved,true,qsar,null,"{""identity_verification"":{""cid"":3715,""method"":""pubchem_cid_direct_structure"",""source"":""PubChem PUG REST"",""screening_envelope"":{""mw"":[30.0,500.0],""heavy_atoms"":[2,36]}},""offline_seed"":""pubchem-registry-20260724-v1""}",verified,1
iodoacetic acid,,Iodoacetic Acid,[],[],,5240,O=C(O)CI,"InChI=1S/C2H3IO2/c3-1-2(4)5/h1H2,(H,4,5)",JDNTWHVOXJZDSN-UHFFFAOYSA-N,C2H3IO2,185.948,defined_single_substance,resolved,true,qsar,null,"{""identity_verification"":{""cid"":5240,""method"":""pubchem_cid_direct_structure"",""source"":""PubChem PUG REST"",""screening_envelope"":{""mw"":[30.0,500.0],""heavy_atoms"":[2,36]}},""offline_seed"":""pubchem-registry-20260724-v1""}",verified,1
ioxynil,,Ioxynil,[],[],,15530,N#Cc1cc(I)c(O)c(I)c1,"InChI=1S/C7H3I2NO/c8-5-1-4(3-10)2-6(9)7(5)11/h1-2,11H",NRXQIUSYPAHGNM-UHFFFAOYSA-N,C7H3I2NO,370.915,defined_single_substance,resolved,true,qsar,null,"{""identity_verification"":{""cid"":15530,""method"":""pubchem_cid_direct_structure"",""source"":""PubChem PUG REST"",""screening_envelope"":{""mw"":[30.0,500.0],""heavy_atoms"":[2,36]}},""offline_seed"":""pubchem-registry-20260724-v1""}",verified,1
ioxynil octanoate,,Ioxynil octanoate,[],[],,19730,CCCCCCCC(=O)Oc1c(I)cc(C#N)cc1I,"InChI=1S/C15H17I2NO2/c1-2-3-4-5-6-7-14(19)20-15-12(16)8-11(10-18)9-13(15)17/h8-9H,2-7H2,1H3",QBEXFUOWUYCXNI-UHFFFAOYSA-N,C15H17I2NO2,497.11400000000003,defined_single_substance,resolved,true,qsar,null,"{""identity_verification"":{""cid"":19730,""method"":""pubchem_cid_direct_structure"",""source"":""PubChem PUG REST"",""screening_envelope"":{""mw"":[30.0,500.0],""heavy_atoms"":[2,36]}},""offline_seed"":""pubchem-registry-20260724-v1""}",verified,1
iprobenfos,,Iprobenfos,[],[],,33294,CC(C)OP(=O)(OC(C)C)SCc1ccccc1,"InChI=1S/C13H21O3PS/c1-11(2)15-17(14,16-12(3)4)18-10-13-8-6-5-7-9-13/h5-9,11-12H,10H2,1-4H3",FCOAHACKGGIURQ-UHFFFAOYSA-N,C13H21O3PS,288.349,defined_single_substance,resolved,true,qsar,null,"{""identity_verification"":{""cid"":33294,""method"":""pubchem_cid_direct_structure"",""source"":""PubChem PUG REST"",""screening_envelope"":{""mw"":[30.0,500.0],""heavy_atoms"":[2,36]}},""offline_seed"":""pubchem-registry-20260724-v1""}",verified,1
ipsp,,Ipsp,[],[],,22083,CCS(=O)CSP(=S)(OC(C)C)OC(C)C,"InChI=1S/C9H21O3PS3/c1-6-16(10)7-15-13(14,11-8(2)3)12-9(4)5/h8-9H,6-7H2,1-5H3",KOTOUBGHZHWCCJ-UHFFFAOYSA-N,C9H21O3PS3,304.4390000000001,defined_single_substance,resolved,true,qsar,null,"{""identity_verification"":{""cid"":22083,""method"":""pubchem_cid_direct_structure"",""source"":""PubChem PUG REST"",""screening_envelope"":{""mw"":[30.0,500.0],""heavy_atoms"":[2,36]}},""offline_seed"":""pubchem-registry-20260724-v1""}",verified,1
isatoic anhydride,,Isatoic Anhydride,[],[],,8359,O=c1[nH]c2ccccc2c(=O)o1,"InChI=1S/C8H5NO3/c10-7-5-3-1-2-4-6(5)9-8(11)12-7/h1-4H,(H,9,11)",TXJUTRJFNRYTHH-UHFFFAOYSA-N,C8H5NO3,163.13199999999998,defined_single_substance,resolved,true,qsar,null,"{""identity_verification"":{""cid"":8359,""method"":""pubchem_cid_direct_structure"",""source"":""PubChem PUG REST"",""screening_envelope"":{""mw"":[30.0,500.0],""heavy_atoms"":[2,36]}},""offline_seed"":""pubchem-registry-20260724-v1""}",verified,1
isazofos,,Isazofos,[],[],,39223,CCOP(=S)(OCC)Oc1nc(Cl)n(C(C)C)n1,"InChI=1S/C9H17ClN3O3PS/c1-5-14-17(18,15-6-2)16-9-11-8(10)13(12-9)7(3)4/h7H,5-6H2,1-4H3",XRHGWAGWAHHFLF-UHFFFAOYSA-N,C9H17ClN3O3PS,313.74700000000007,defined_single_substance,resolved,true,qsar,null,"{""identity_verification"":{""cid"":39223,""method"":""pubchem_cid_direct_structure"",""source"":""PubChem PUG REST"",""screening_envelope"":{""mw"":[30.0,500.0],""heavy_atoms"":[2,36]}},""offline_seed"":""pubchem-registry-20260724-v1""}",verified,1
isobenzan,,Isobenzan,[],[],,9271,ClC1=C(Cl)C2(Cl)C3C(Cl)OC(Cl)C3C1(Cl)C2(Cl)Cl,"InChI=1S/C9H4Cl8O/c10-3-4(11)8(15)2-1(5(12)18-6(2)13)7(3,14)9(8,16)17/h1-2,5-6H",LRWHHSXTGZSMSN-UHFFFAOYSA-N,C9H4Cl8O,411.7539999999999,defined_single_substance,resolved,true,qsar,null,"{""identity_verification"":{""cid"":9271,""method"":""pubchem_cid_direct_structure"",""source"":""PubChem PUG REST"",""screening_envelope"":{""mw"":[30.0,500.0],""heavy_atoms"":[2,36]}},""offline_seed"":""pubchem-registry-20260724-v1""}",verified,1
isoborneol,,Isoborneol,[],[],,6321405,CC1(C)[C@@H]2CC[C@@]1(C)[C@H](O)C2,"InChI=1S/C10H18O/c1-9(2)7-4-5-10(9,3)8(11)6-7/h7-8,11H,4-6H2,1-3H3/t7-,8-,10+/m1/s1",DTGKSKDOIYIVQL-MRTMQBJTSA-N,C10H18O,154.25300000000001,defined_single_substance,resolved,true,qsar,null,"{""identity_verification"":{""cid"":6321405,""method"":""pubchem_cid_direct_structure"",""source"":""PubChem PUG REST"",""screening_envelope"":{""mw"":[30.0,500.0],""heavy_atoms"":[2,36]}},""offline_seed"":""pubchem-registry-20260724-v1""}",verified,1
isobutanol,,Isobutanol,[],[],,6560,CC(C)CO,"InChI=1S/C4H10O/c1-4(2)3-5/h4-5H,3H2,1-2H3",ZXEKIIBDNHEJCQ-UHFFFAOYSA-N,C4H10O,74.12299999999999,defined_single_substance,resolved,true,qsar,null,"{""identity_verification"":{""cid"":6560,""method"":""pubchem_cid_direct_structure"",""source"":""PubChem PUG REST"",""screening_envelope"":{""mw"":[30.0,500.0],""heavy_atoms"":[2,36]}},""offline_seed"":""pubchem-registry-20260724-v1""}",verified,1
"isobutyl 3,4-epoxybutyrate",,"Isobutyl 3,4-epoxybutyrate",[],[],,5463767,CC(C)COC(=O)CC1CO1,"InChI=1S/C8H14O3/c1-6(2)4-11-8(9)3-7-5-10-7/h6-7H,3-5H2,1-2H3",KLQCEQLRGRMLBI-UHFFFAOYSA-N,C8H14O3,158.19699999999997,defined_single_substance,resolved,true,qsar,null,"{""identity_verification"":{""cid"":5463767,""method"":""pubchem_cid_direct_structure"",""source"":""PubChem PUG REST"",""screening_envelope"":{""mw"":[30.0,500.0],""heavy_atoms"":[2,36]}},""offline_seed"":""pubchem-registry-20260724-v1""}",verified,1
isobutyl acrylate,,Isobutyl acrylate,[],[],,7819,C=CC(=O)OCC(C)C,"InChI=1S/C7H12O2/c1-4-7(8)9-5-6(2)3/h4,6H,1,5H2,2-3H3",CFVWNXQPGQOHRJ-UHFFFAOYSA-N,C7H12O2,128.17099999999996,defined_single_substance,resolved,true,qsar,null,"{""identity_verification"":{""cid"":7819,""method"":""pubchem_cid_direct_structure"",""source"":""PubChem PUG REST"",""screening_envelope"":{""mw"":[30.0,500.0],""heavy_atoms"":[2,36]}},""offline_seed"":""pubchem-registry-20260724-v1""}",verified,1
isobutyl methacrylate,,Isobutyl Methacrylate,[],[],,7352,C=C(C)C(=O)OCC(C)C,"InChI=1S/C8H14O2/c1-6(2)5-10-8(9)7(3)4/h6H,3,5H2,1-2,4H3",RUMACXVDVNRZJZ-UHFFFAOYSA-N,C8H14O2,142.19799999999998,defined_single_substance,resolved,true,qsar,null,"{""identity_verification"":{""cid"":7352,""method"":""pubchem_cid_direct_structure"",""source"":""PubChem PUG REST"",""screening_envelope"":{""mw"":[30.0,500.0],""heavy_atoms"":[2,36]}},""offline_seed"":""pubchem-registry-20260724-v1""}",verified,1
isobutyl nitrite,,Isobutyl nitrite,[],[],,10958,CC(C)CON=O,"InChI=1S/C4H9NO2/c1-4(2)3-7-5-6/h4H,3H2,1-2H3",APNSGVMLAYLYCT-UHFFFAOYSA-N,C4H9NO2,103.121,defined_single_substance,resolved,true,qsar,null,"{""identity_verification"":{""cid"":10958,""method"":""pubchem_cid_direct_structure"",""source"":""PubChem PUG REST"",""screening_envelope"":{""mw"":[30.0,500.0],""heavy_atoms"":[2,36]}},""offline_seed"":""pubchem-registry-20260724-v1""}",verified,1
isobutylisopropyldimethoxysilane,,Isobutylisopropyldimethoxysilane,[],[],,86305,CO[Si](CC(C)C)(OC)C(C)C,"InChI=1S/C9H22O2Si/c1-8(2)7-12(10-5,11-6)9(3)4/h8-9H,7H2,1-6H3",XFAOZKNGVLIXLC-UHFFFAOYSA-N,C9H22O2Si,190.35899999999995,defined_single_substance,resolved,true,qsar,null,"{""identity_verification"":{""cid"":86305,""method"":""pubchem_cid_direct_structure"",""source"":""PubChem PUG REST"",""screening_envelope"":{""mw"":[30.0,500.0],""heavy_atoms"":[2,36]}},""offline_seed"":""pubchem-registry-20260724-v1""}",verified,1
isobutyric acid,,Isobutyric Acid,[],[],,6590,CC(C)C(=O)O,"InChI=1S/C4H8O2/c1-3(2)4(5)6/h3H,1-2H3,(H,5,6)",KQNPFQTWMSNSAP-UHFFFAOYSA-N,C4H8O2,88.10599999999998,defined_single_substance,resolved,true,qsar,null,"{""identity_verification"":{""cid"":6590,""method"":""pubchem_cid_direct_structure"",""source"":""PubChem PUG REST"",""screening_envelope"":{""mw"":[30.0,500.0],""heavy_atoms"":[2,36]}},""offline_seed"":""pubchem-registry-20260724-v1""}",verified,1
isobutyronitrile,,Isobutyronitrile,[],[],,6559,CC(C)C#N,"InChI=1S/C4H7N/c1-4(2)3-5/h4H,1-2H3",LRDFRRGEGBBSRN-UHFFFAOYSA-N,C4H7N,69.107,defined_single_substance,resolved,true,qsar,null,"{""identity_verification"":{""cid"":6559,""method"":""pubchem_cid_direct_structure"",""source"":""PubChem PUG REST"",""screening_envelope"":{""mw"":[30.0,500.0],""heavy_atoms"":[2,36]}},""offline_seed"":""pubchem-registry-20260724-v1""}",verified,1
isobutyryl chloride,,Isobutyryl chloride,[],[],,62325,CC(C)C(=O)Cl,"InChI=1S/C4H7ClO/c1-3(2)4(5)6/h3H,1-2H3",DGMOBVGABMBZSB-UHFFFAOYSA-N,C4H7ClO,106.55199999999999,defined_single_substance,resolved,true,qsar,null,"{""identity_verification"":{""cid"":62325,""method"":""pubchem_cid_direct_structure"",""source"":""PubChem PUG REST"",""screening_envelope"":{""mw"":[30.0,500.0],""heavy_atoms"":[2,36]}},""offline_seed"":""pubchem-registry-20260724-v1""}",verified,1
isodrin,,Isodrin,[],[],,12310946,ClC1=C(Cl)[C@]2(Cl)[C@H]3[C@H]([C@H]4C=C[C@@H]3C4)[C@@]1(Cl)C2(Cl)Cl,"InChI=1S/C12H8Cl6/c13-8-9(14)11(16)7-5-2-1-4(3-5)6(7)10(8,15)12(11,17)18/h1-2,4-7H,3H2/t4-,5+,6-,7+,10-,11+",QBYJBZPUGVGKQQ-DIFDVCDBSA-N,C12H8Cl6,364.9139999999999,defined_single_substance,resolved,true,qsar,null,"{""identity_verification"":{""cid"":12310946,""method"":""pubchem_cid_direct_structure"",""source"":""PubChem PUG REST"",""screening_envelope"":{""mw"":[30.0,500.0],""heavy_atoms"":[2,36]}},""offline_seed"":""pubchem-registry-20260724-v1""}",verified,1
isofenphos,,Isofenphos,[],[],,32872,CCOP(=S)(NC(C)C)Oc1ccccc1C(=O)OC(C)C,"InChI=1S/C15H24NO4PS/c1-6-18-21(22,16-11(2)3)20-14-10-8-7-9-13(14)15(17)19-12(4)5/h7-12H,6H2,1-5H3,(H,16,22)",HOQADATXFBOEGG-UHFFFAOYSA-N,C15H24NO4PS,345.4010000000002,defined_single_substance,resolved,true,qsar,null,"{""identity_verification"":{""cid"":32872,""method"":""pubchem_cid_direct_structure"",""source"":""PubChem PUG REST"",""screening_envelope"":{""mw"":[30.0,500.0],""heavy_atoms"":[2,36]}},""offline_seed"":""pubchem-registry-20260724-v1""}",verified,1
isolan,,Isolan,[],[],,8393,Cc1cc(OC(=O)N(C)C)n(C(C)C)n1,"InChI=1S/C10H17N3O2/c1-7(2)13-9(6-8(3)11-13)15-10(14)12(4)5/h6-7H,1-5H3",RNNBHZYEKNHLKT-UHFFFAOYSA-N,C10H17N3O2,211.26499999999996,defined_single_substance,resolved,true,qsar,null,"{""identity_verification"":{""cid"":8393,""method"":""pubchem_cid_direct_structure"",""source"":""PubChem PUG REST"",""screening_envelope"":{""mw"":[30.0,500.0],""heavy_atoms"":[2,36]}},""offline_seed"":""pubchem-registry-20260724-v1""}",verified,1
isooctyl acrylate,,Isooctyl acrylate,[],[],,165746,C=CC(=O)OCCCCCC(C)C,"InChI=1S/C11H20O2/c1-4-11(12)13-9-7-5-6-8-10(2)3/h4,10H,1,5-9H2,2-3H3",DXPPIEDUBFUSEZ-UHFFFAOYSA-N,C11H20O2,184.279,defined_single_substance,resolved,true,qsar,null,"{""identity_verification"":{""cid"":165746,""method"":""pubchem_cid_direct_structure"",""source"":""PubChem PUG REST"",""screening_envelope"":{""mw"":[30.0,500.0],""heavy_atoms"":[2,36]}},""offline_seed"":""pubchem-registry-20260724-v1""}",verified,1
isophorone,,Isophorone,[],[],,6544,CC1=CC(=O)CC(C)(C)C1,"InChI=1S/C9H14O/c1-7-4-8(10)6-9(2,3)5-7/h4H,5-6H2,1-3H3",HJOVHMDZYOCNQW-UHFFFAOYSA-N,C9H14O,138.21,defined_single_substance,resolved,true,qsar,null,"{""identity_verification"":{""cid"":6544,""method"":""pubchem_cid_direct_structure"",""source"":""PubChem PUG REST"",""screening_envelope"":{""mw"":[30.0,500.0],""heavy_atoms"":[2,36]}},""offline_seed"":""pubchem-registry-20260724-v1""}",verified,1
isoprocarb,,Isoprocarb,[],[],,17517,CNC(=O)Oc1ccccc1C(C)C,"InChI=1S/C11H15NO2/c1-8(2)9-6-4-5-7-10(9)14-11(13)12-3/h4-8H,1-3H3,(H,12,13)",QBSJMKIUCUGGNG-UHFFFAOYSA-N,C11H15NO2,193.24599999999995,defined_single_substance,resolved,true,qsar,null,"{""identity_verification"":{""cid"":17517,""method"":""pubchem_cid_direct_structure"",""source"":""PubChem PUG REST"",""screening_envelope"":{""mw"":[30.0,500.0],""heavy_atoms"":[2,36]}},""offline_seed"":""pubchem-registry-20260724-v1""}",verified,1
isopropanol,Isopropanol,Isopropanol,[],"[""Isopropyl alcohol"",""isopropanol"",""2-Propanol"",""Propan-2-ol"",""67-63-0"",""2-Hydroxypropane"",""Dimethylcarbinol"",""sec-Propyl alcohol"",""Alkolave"",""Avantine"",""Hartosol"",""Petrohol"",""i-Propanol"",""1-Methylethanol"",""Takineocol"",""Alcojel"",""Avantin"",""2-Propyl alcohol"",""Alcolo"",""Isohol"",""Lavacol"",""Lutosol"",""Propol"",""Alcosolve 2"",""Imsol A"",""Alcosolve"",""Arquad DMCB"",""Spectrar"",""1-Methylethyl alcohol"",""i-Propylalkohol"",""Combi-schutz"",""n-Propan-2-ol"",""Iso-propylalkohol"",""Isopropyl alcohol, rubbing"",""Alcool isopropilico"",""Alcool isopropylique"",""Visco 1152"",""sec-Propanol"",""Sterisol hand disinfectant"",""Iso-propyl alcohol"",""FEMA No. 2929"",""Alcohol, rubbing"",""Alcohol,isopropyl"",""FEMA Number 2929"",""Alcohol, Isopropyl"",""DTXSID7020762"",""Isopropylalkohol"",""isopropy alcohol"",""2-propanolum"",""NSC-135801"",""ZURAGARD"",""AI3-01636"",""Isopropyl alcohol (USP)"",""Isopropyl alcohol [USP]"",""ND2M416302"",""DTXCID50762"",""CHEBI:17824"",""NSC135801"",""SOLUPREP COMPONENT ISOPROPYL ALCOHOL"",""dimethyl carbinol"",""2 Propanol"",""freshnails"",""isopropyl"",""sparkle"",""Omnitrenidol"",""Protection"",""Stanitizer"",""Aerowipe"",""Aplicare"",""Cornells"",""Handwipe"",""Hanitize"",""Hyronan"",""Manugel"",""Medpride"",""Pharmadel"",""Purifie"",""Sanacare"",""Septinol"",""Sterets"",""Xyliderm"",""Meijer"",""Purity"",""ChemBrite"",""Clean"",""Curad"",""Germstaroriginal"",""SaniClean"",""Swabs"",""CarePure"",""Iris"",""Wish"",""Alcohol Sterile"",""Dollar General"",""Jianze Alcohol"",""Publix Alcohol"",""Quality Choice"",""Rush Sanitizers"",""Sanitizing Wipe"",""Sterile Alcohol"",""Winner Alcohol"",""Wise shield"",""Alcohol Pads"",""Alcohol Prep"",""Alcohol Swab"",""Alcohol Swabs"",""Alcohol Wipe"",""Aurora Fresh"",""Betalido Kit"",""Curad Alcohol"",""Enoxiluv Kit"",""Harris Teeter"",""Magnesium Oil"",""Members Mark"",""Premier Value"",""Protector Gel"",""School Health"",""Simple Green"",""Travel Wipes"",""Medi-swab"",""Sterets h"",""Debrox Kids"",""Dexlido Kit"",""DoubleDex Kit"",""Korkay Sanitizer"",""lsopropyl alcohol"",""Sani-Spray"",""Simple Sanitizer"",""Swim-ear"",""Thompson Alcohol"",""Walgreen Alcohol"",""United CleanPlus"",""AMSure"",""Anti Germ"",""Easy-Ceft"",""Germs Out"",""Insta San"",""Oido Sana"",""Real clean hands"",""Alcohol Cleansing"",""Alcohol Swabstick"",""Aramark Isopropyl"",""Auro Dri"",""B-Protek"",""Bee Well"",""Divas Wintergreen"",""Incontrol Alcohol"",""Instant Ear Dry"",""Isopropanol Wipes"",""Isoprpoyl Alcohol"",""Medi-swab h"",""Medt Pad"",""Prevent Sanitizer"",""Sani Clean Plus"",""Sani eZe"",""Sanitizer Cleaner"",""Zee Clean Wipes"",""Ear Drying Aid"",""ER Alcohol Prep"",""Fossaoprin SPG2"",""Fossaoprin SPG4"",""Ready Care Kit"",""SDA Alcohol"",""Testone CIK"",""Venipuncture Px1"",""Acqua Di Gabrial"",""Aurora Fresh Gel"",""Cvs Alcohol Prep"",""Dexlido-M Kit"",""Dri-Ear Drops"",""First Aid Kit"",""Isopro First Aid"",""Marbeta L Kit"",""Sani-Ultra Wipes"",""AUM Alcohol Pad"",""Biomax USA"",""CoSE Clean"",""CT-Mirco Guard"",""Dri-Ear"",""Dyural L Kit"",""H-Paxin"",""Isoprpopyl Alcohol"",""Roots Aromatherapy"",""Sis Sar"",""Tintura de Arnica"",""Tize-It"",""ADCLEAN-Medical"",""Dyural LM Kit"",""XS Guard"",""70% Isopropanol"",""91% Isopropanol"",""Acunistat-30"",""Acunistat-60"",""Acunivive 90"",""Alcohol Prep Pads"",""Antibac on the go"",""Bay Rum Constanza"",""Cobra Clean Hands"",""EUZ-Clean"",""IPA Wipes""]",67-63-0,3776,CC(C)O,"InChI=1S/C3H8O/c1-3(2)4/h3-4H,1-2H3",KFZMGEQAYNKOFK-UHFFFAOYSA-N,C3H8O,60.1,defined_single_substance,resolved,true,qsar,null,"{""pubchem"":{""cid"":3776,""reason_th"":""พบโครงสร้างโมเลกุลเดี่ยวจาก PubChem แต่ต้องยืนยันตัวตนก่อนส่งเข้า QSAR"",""fetched_at"":""2026-07-24T14:43:04.749368+00:00"",""source_url"":""https://pubchem.ncbi.nlm.nih.gov/compound/3776"",""reason_code"":""awaiting_verification"",""proposed_qsar_eligible"":true},""last_review"":{""action"":""verify"",""reviewed_at"":""2026-07-24T14:43:04.777585+00:00"",""reviewer_note"":""Catalog seed accepted only after exact canonical structure match with PubChem""},""first_source"":""manual:pubchem_lookup"",""observations"":[{""source"":""manual:pubchem_lookup"",""seen_at"":""2026-07-24T14:43:04.751535+00:00"",""observed_name"":""Isopropanol"",""ocr_confidence"":null}],""offline_seed"":""pubchem-registry-20260724-v1""}",verified,2
isopropyl chloroacetate,,Isopropyl chloroacetate,[],[],,7759,CC(C)OC(=O)CCl,"InChI=1S/C5H9ClO2/c1-4(2)8-5(7)3-6/h4H,3H2,1-2H3",VODRWDBLLGYRJT-UHFFFAOYSA-N,C5H9ClO2,136.578,defined_single_substance,resolved,true,qsar,null,"{""identity_verification"":{""cid"":7759,""method"":""pubchem_cid_direct_structure"",""source"":""PubChem PUG REST"",""screening_envelope"":{""mw"":[30.0,500.0],""heavy_atoms"":[2,36]}},""offline_seed"":""pubchem-registry-20260724-v1""}",verified,1
isopropyl myristate,Isopropyl Myristate,Isopropyl Myristate,[],"[""ISOPROPYL MYRISTATE"",""110-27-0"",""Isopropyl tetradecanoate"",""Isomyst"",""Bisomel"",""Estergel"",""Tetradecanoic acid, 1-methylethyl ester"",""Deltyl Extra"",""propan-2-yl tetradecanoate"",""Kesscomir"",""Promyr"",""Crodamol IPM"",""Tegester"",""Wickenol 101"",""Sinnoester MIP"",""Plymoutm IPM"",""Starfol IPM"",""Unimate IPM"",""Kessco IPM"",""Stepan D-50"",""Emcol-IM"",""Emerest 2314"",""1-Methylethyl tetradecanoate"",""Deltylextra"",""JA-FA IPM"",""Crodamol I.P.M."",""Kessco isopropyl myristate"",""Tetradecanoic acid, isopropyl"",""FEMA No. 3556"",""Myristic acid, isopropyl ester"",""Tetradecanoic acid, isopropyl ester"",""DTXSID0026838"",""1-Tridecanecarboxylic acid, isopropyl ester"",""0RE8K4LNJS"",""NSC-406280"",""DTXCID306838"",""isopropylmyristate"",""tetradecanoic acid 1-methylethyl ester"",""RefChem:5921"",""203-751-4"",""Myristic acid isopropyl ester"",""Isopropyl myristate [USAN]"",""MFCD00008982"",""Estergel (TN)"",""Myristic acid-isopropyl ester"",""NSC 406280"",""methylethyl tetradecanoate"",""iso-Propyl N-tetradecanoate"",""1405-98-7"",""Tetradecanoic acid methyethyl ester"",""NCGC00164071-01"",""WE(2:0(1Me)/14:0)"",""Isopropyl myristate, 98%"",""Caswell No. 511E"",""CAS-110-27-0"",""HSDB 626"",""Isopropyl myristate; 1-Methylethyl tetradecanoate"",""EINECS 203-751-4"",""UNII-0RE8K4LNJS"",""EPA Pesticide Chemical Code 000207"",""BRN 1781127"",""Tegosoft M"",""Isopropyl myristate [USAN:NF]"",""Liponate IPM"",""Crodamol 1PM"",""IPM 100"",""tetradecanoic acid isopropyl ester"",""isopropyl-myristate"",""Lexol IPM"",""Iso Propyl Myristate"",""Isopropyltetradecanoate"",""Radia 7190"",""Isopropyl myristate (NF)"",""EC 203-751-4"",""Isopropyl tetradecanoic acid"",""SCHEMBL2442"",""Isopropyl tetradecanoate CRS"",""Isopropyl myristate, >=98%"",""Isopropyl myristate (Standard)"",""CHEMBL207602"",""orb1219107"",""orb1306783"",""orb3025433"",""ISOPROPYL MYRISTATE [II]"",""ISOPROPYL MYRISTATE [MI]"",""WLN: 13VOY1&1"",""CHEBI:90027"",""FEMA 3556"",""HMS5086H21"",""ISOPROPYL MYRISTATE [FHFI]"",""ISOPROPYL MYRISTATE [HSDB]"",""ISOPROPYL MYRISTATE [VANDF]"",""ISOPROPYL MYRISTATE [MART.]"",""Isopropyl myristate, >=90% (GC)"",""Tox21_112080"",""Tox21_202065"",""Tox21_303171"",""EBC-26387"",""ISOPROPYL MYRISTATE [USP-RS]"",""ISOPROPYL MYRISTATE [WHO-DD]"",""LMFA07010677"",""NSC406280"",""s2428"",""AKOS015902296"",""Tox21_112080_1"",""DB13966"",""FI32552"",""HY-124190R"",""SFE 2:0(1Me)/14:0"",""NCGC00164071-02"",""NCGC00164071-03"",""NCGC00256937-01"",""NCGC00259614-01"",""ISOPROPYL MYRISTATE [EP MONOGRAPH]"",""LS-14615"",""DB-040910"",""HY-124190"",""CS-0085813"",""M0481"",""NS00006471"",""Isopropyl Myristate Solution. 500mL, Sterile"",""MYRISTIC ACID, ISOPROPYL ALCOHOL ESTER"",""D02296"",""F71211"",""SBI-0654218.0001"",""T20005"",""TETRADECONOIC ACID, 1-METHYLETHYL ESTER"",""EN300-25299830"",""F546911"",""Q416222"",""SR-01000944751"",""Isopropyl myristate, Vetec(TM) reagent grade, 98%"",""SR-01000944751-1"",""BRD-K13409143-001-01-9"",""Isopropyl myristate, United States Pharmacopeia (USP) Reference Standard"",""TETRADECANOIC ACID,ISOPROPYL ESTER  (MYRISTATE,ISOPROPYL ESTER)"",""Isopropyl myristate, Pharmaceutical Secondary Standard; Certified Reference Material"",""InChI=1/C17H34O2/c1-4-5-6-7-8-9-10-11-12-13-14-15-17(18)19-16(2)3/h16H,4-15H2,1-3H""]",110-27-0,8042,CCCCCCCCCCCCCC(=O)OC(C)C,"InChI=1S/C17H34O2/c1-4-5-6-7-8-9-10-11-12-13-14-15-17(18)19-16(2)3/h16H,4-15H2,1-3H3",AXISYYRBXTVTFY-UHFFFAOYSA-N,C17H34O2,270.5,defined_single_substance,resolved,true,qsar,null,"{""pubchem"":{""cid"":8042,""reason_th"":""พบโครงสร้างโมเลกุลเดี่ยวจาก PubChem แต่ต้องยืนยันตัวตนก่อนส่งเข้า QSAR"",""fetched_at"":""2026-07-24T14:44:26.105392+00:00"",""source_url"":""https://pubchem.ncbi.nlm.nih.gov/compound/8042"",""reason_code"":""awaiting_verification"",""proposed_qsar_eligible"":true},""last_review"":{""action"":""verify"",""reviewed_at"":""2026-07-24T14:44:26.126617+00:00"",""reviewer_note"":""Catalog seed accepted only after exact canonical structure match with PubChem""},""first_source"":""manual:pubchem_lookup"",""observations"":[{""source"":""manual:pubchem_lookup"",""seen_at"":""2026-07-24T14:44:26.109495+00:00"",""observed_name"":""Isopropyl Myristate"",""ocr_confidence"":null}],""offline_seed"":""pubchem-registry-20260724-v1""}",verified,2
isopropylamine,,Isopropylamine,[],[],,6363,CC(C)N,"InChI=1S/C3H9N/c1-3(2)4/h3H,4H2,1-2H3",JJWLVOIRVHMVIS-UHFFFAOYSA-N,C3H9N,59.111999999999995,defined_single_substance,resolved,true,qsar,null,"{""identity_verification"":{""cid"":6363,""method"":""pubchem_cid_direct_structure"",""source"":""PubChem PUG REST"",""screening_envelope"":{""mw"":[30.0,500.0],""heavy_atoms"":[2,36]}},""offline_seed"":""pubchem-registry-20260724-v1""}",verified,1
isopropylethanediol,,Isopropylethanediol,[],[],,7996,CC(C)OCCO,"InChI=1S/C5H12O2/c1-5(2)7-4-3-6/h5-6H,3-4H2,1-2H3",HCGFUIQPSOCUHI-UHFFFAOYSA-N,C5H12O2,104.149,defined_single_substance,resolved,true,qsar,null,"{""identity_verification"":{""cid"":7996,""method"":""pubchem_cid_direct_structure"",""source"":""PubChem PUG REST"",""screening_envelope"":{""mw"":[30.0,500.0],""heavy_atoms"":[2,36]}},""offline_seed"":""pubchem-registry-20260724-v1""}",verified,1
isopsoralen,,Isopsoralen,[],[],,10658,O=c1ccc2ccc3occc3c2o1,InChI=1S/C11H6O3/c12-10-4-2-7-1-3-9-8(5-6-13-9)11(7)14-10/h1-6H,XDROKJSWHURZGO-UHFFFAOYSA-N,C11H6O3,186.16599999999997,defined_single_substance,resolved,true,qsar,null,"{""identity_verification"":{""cid"":10658,""method"":""pubchem_cid_direct_structure"",""source"":""PubChem PUG REST"",""screening_envelope"":{""mw"":[30.0,500.0],""heavy_atoms"":[2,36]}},""offline_seed"":""pubchem-registry-20260724-v1""}",verified,1
isosafrole,,Isosafrole,[],[],,637796,C/C=C/c1ccc2c(c1)OCO2,"InChI=1S/C10H10O2/c1-2-3-8-4-5-9-10(6-8)12-7-11-9/h2-6H,7H2,1H3/b3-2+",VHVOLFRBFDOUSH-NSCUHMNNSA-N,C10H10O2,162.18799999999996,defined_single_substance,resolved,true,qsar,null,"{""identity_verification"":{""cid"":637796,""method"":""pubchem_cid_direct_structure"",""source"":""PubChem PUG REST"",""screening_envelope"":{""mw"":[30.0,500.0],""heavy_atoms"":[2,36]}},""offline_seed"":""pubchem-registry-20260724-v1""}",verified,1
isothioate,,Isothioate,[],[],,37490,COP(=S)(OC)SCCSC(C)C,"InChI=1S/C7H17O2PS3/c1-7(2)12-5-6-13-10(11,8-3)9-4/h7H,5-6H2,1-4H3",SPCNPOWOBZQWJK-UHFFFAOYSA-N,C7H17O2PS3,260.386,defined_single_substance,resolved,true,qsar,null,"{""identity_verification"":{""cid"":37490,""method"":""pubchem_cid_direct_structure"",""source"":""PubChem PUG REST"",""screening_envelope"":{""mw"":[30.0,500.0],""heavy_atoms"":[2,36]}},""offline_seed"":""pubchem-registry-20260724-v1""}",verified,1
isotretinoin,,Isotretinoin,[],[],,5282379,CC1=C(/C=C/C(C)=C/C=C/C(C)=C\C(=O)O)C(C)(C)CCC1,"InChI=1S/C20H28O2/c1-15(8-6-9-16(2)14-19(21)22)11-12-18-17(3)10-7-13-20(18,4)5/h6,8-9,11-12,14H,7,10,13H2,1-5H3,(H,21,22)/b9-6+,12-11+,15-8+,16-14-",SHGAZHPCJJPHSC-XFYACQKRSA-N,C20H28O2,300.44200000000006,defined_single_substance,resolved,true,qsar,null,"{""identity_verification"":{""cid"":5282379,""method"":""pubchem_cid_direct_structure"",""source"":""PubChem PUG REST"",""screening_envelope"":{""mw"":[30.0,500.0],""heavy_atoms"":[2,36]}},""offline_seed"":""pubchem-registry-20260724-v1""}",verified,1
isoxadifen-ethyl,,Isoxadifen-ethyl,[],[],,6451155,CCOC(=O)C1=NOC(c2ccccc2)(c2ccccc2)C1,"InChI=1S/C18H17NO3/c1-2-21-17(20)16-13-18(22-19-16,14-9-5-3-6-10-14)15-11-7-4-8-12-15/h3-12H,2,13H2,1H3",MWKVXOJATACCCH-UHFFFAOYSA-N,C18H17NO3,295.338,defined_single_substance,resolved,true,qsar,null,"{""identity_verification"":{""cid"":6451155,""method"":""pubchem_cid_direct_structure"",""source"":""PubChem PUG REST"",""screening_envelope"":{""mw"":[30.0,500.0],""heavy_atoms"":[2,36]}},""offline_seed"":""pubchem-registry-20260724-v1""}",verified,1
isoxathion,,Isoxathion,[],[],,29307,CCOP(=S)(OCC)Oc1cc(-c2ccccc2)on1,"InChI=1S/C13H16NO4PS/c1-3-15-19(20,16-4-2)18-13-10-12(17-14-13)11-8-6-5-7-9-11/h5-10H,3-4H2,1-2H3",SDMSCIWHRZJSRN-UHFFFAOYSA-N,C13H16NO4PS,313.315,defined_single_substance,resolved,true,qsar,null,"{""identity_verification"":{""cid"":29307,""method"":""pubchem_cid_direct_structure"",""source"":""PubChem PUG REST"",""screening_envelope"":{""mw"":[30.0,500.0],""heavy_atoms"":[2,36]}},""offline_seed"":""pubchem-registry-20260724-v1""}",verified,1
jasmone,,Jasmone,[],[],,1549018,CC/C=C\CC1=C(C)CCC1=O,"InChI=1S/C11H16O/c1-3-4-5-6-10-9(2)7-8-11(10)12/h4-5H,3,6-8H2,1-2H3/b5-4-",XMLSXPIVAXONDL-PLNGDYQASA-N,C11H16O,164.248,defined_single_substance,resolved,true,qsar,null,"{""identity_verification"":{""cid"":1549018,""method"":""pubchem_cid_direct_structure"",""source"":""PubChem PUG REST"",""screening_envelope"":{""mw"":[30.0,500.0],""heavy_atoms"":[2,36]}},""offline_seed"":""pubchem-registry-20260724-v1""}",verified,1
ketamine,,Ketamine,[],[],,3821,CNC1(c2ccccc2Cl)CCCCC1=O,"InChI=1S/C13H16ClNO/c1-15-13(9-5-4-8-12(13)16)10-6-2-3-7-11(10)14/h2-3,6-7,15H,4-5,8-9H2,1H3",YQEZLKZALYSWHR-UHFFFAOYSA-N,C13H16ClNO,237.73000000000002,defined_single_substance,resolved,true,qsar,null,"{""identity_verification"":{""cid"":3821,""method"":""pubchem_cid_direct_structure"",""source"":""PubChem PUG REST"",""screening_envelope"":{""mw"":[30.0,500.0],""heavy_atoms"":[2,36]}},""offline_seed"":""pubchem-registry-20260724-v1""}",verified,1
l-glutamic acid,,L-Glutamic Acid,[],[],,33032,N[C@@H](CCC(=O)O)C(=O)O,"InChI=1S/C5H9NO4/c6-3(5(9)10)1-2-4(7)8/h3H,1-2,6H2,(H,7,8)(H,9,10)/t3-/m0/s1",WHUUTDBJXJRKMK-VKHMYHEASA-N,C5H9NO4,147.13,defined_single_substance,resolved,true,qsar,null,"{""identity_verification"":{""cid"":33032,""method"":""pubchem_cid_direct_structure"",""source"":""PubChem PUG REST"",""screening_envelope"":{""mw"":[30.0,500.0],""heavy_atoms"":[2,36]}},""offline_seed"":""pubchem-registry-20260724-v1""}",verified,1
lactic acid,Lactic Acid,Lactic Acid,[],"[""lactic acid"",""2-hydroxypropanoic acid"",""DL-Lactic acid"",""50-21-5"",""2-hydroxypropionic acid"",""Milk acid"",""Tonsillosan"",""Racemic lactic acid"",""Ordinary lactic acid"",""Acidum lacticum"",""Ethylidenelactic acid"",""Lactovagan"",""Milchsaeure"",""Lactic acid, dl-"",""Kyselina mlecna"",""Lacticum acidum"",""Propanoic acid, 2-hydroxy-"",""alpha-Hydroxypropionic acid"",""Lactic acid USP"",""598-82-3"",""Aethylidenmilchsaeure"",""(RS)-2-Hydroxypropionsaeure"",""FEMA No. 2611"",""Milchsaure"",""Lurex"",""Propionic acid, 2-hydroxy-"",""SY-83"",""Purac FCC 80"",""Purac FCC 88"",""(+-)-2-Hydroxypropanoic acid"",""Cheongin Haewoohwan"",""Cheongin Haejanghwan"",""NSC-367919"",""DTXSID7023192"",""alpha-Hydroxypropanoic acid"",""AI3-03130"",""HIPURE 88"",""Lactic acid,buffered"",""INS NO.270"",""INS-270"",""3B8D35Y7S4"",""E 270"",""DTXCID003192"",""E-270"",""CHEBI:78320"",""2 Hydroxypropanoic Acid"",""E270"",""Synoshield"",""Dermaplex"",""ExfoliatingGel"",""Synofilm"",""LacticPlus"",""Chloroxide A"",""(2RS)-2-Hydroxypropanoic acid"",""Encore Pre/Post"",""Lactic acid, dl"",""Soft-San"",""CD2 Activator"",""D Lactic Acid"",""Lactate, Ammonium"",""Pro-San Activator"",""Cheongin Samrakhwan"",""Aura Teat Scrubber"",""Dermaplex Pre-Post"",""Cover All Part A"",""Cover II Part A"",""CD2-FB Activator"",""CD2-HD Activator"",""CD2-LV Activator"",""Soft Chlor Part A"",""Xtra BLU Part A"",""Atlas Prep Activator"",""Aztec Gold Activator"",""Opti-Guard Activator"",""Lactic Acid Pre Dip"",""Non-Iodine Teat Dip"",""Fresh Morning Bifidus"",""Orbit Clean Activator"",""Ultra-Guard Activator"",""Valiant Express Prime"",""Lactic Acid Teat Dip"",""GEA Velocity Part A"",""Prep 8X RTU"",""Pro-San LV Activator"",""Dermaplex PrePost JPN"",""Integrity Blue Part A"",""Uddercare Plus Part A"",""Atlas Barrier Activator"",""Cover All RF Part A"",""RefChem:6451"",""2 Hydroxypropionic Acid"",""Atlas PrePost Activator"",""Chlorsan 105 Part A"",""Lactic acid, unspecified"",""Sodium Chlorite Teat Dip"",""Uddercare Barrier Part A"",""XT Barrier BLU Part A"",""EpiStar Barrier Activator"",""Ultra-Guard HV Activator"",""CD2-X11-LD Activator"",""PREP 8X4 CONC"",""XT-1 Pre-Post Part A"",""XTRA 7 PART A"",""ChloraGuard 105 Part A"",""Gladiator Barrier Activator"",""Udderstar Barrier Activator"",""EpiStar Pre-Post Activator"",""Gladiator PostMax Activator"",""Gladiator PrepMax Activator"",""Integrity Pre-Post Part A"",""Soft Chlor Barrier Part A"",""XTRA GUARD (Part A)"",""PREP 8X8"",""Pro-San LV Plus Activator"",""UdderStar PrePost Activator"",""XTRA BLU Conc. Part A"",""Gladiator Pre-Post Activator"",""Non-Iodine Barrier Teat Dip"",""Fresh Morning Bifidus Bifidus"",""05%/5% Elite Barrier Dip"",""DiOxi Star Pre-Post Activator"",""Gladiator BLU Winter Activator"",""33X04XA5AT"",""Gladiator BLU Barrier Activator"",""CD-10 A Concentrated Activator"",""Gladiator BLU Pre-Post Activator"",""Udderstar Gold Pre-Post Activator"",""DTXSID901015667"",""iShanCare Vaginal Antibacterial Gel"",""X12 Pre-Post Activator Concentrate"",""LACTIC Acid 35 Skin Chemical Peel"",""LACTIC Acid 50 Skin Chemical Peel"",""LACTIC Acid 70 Skin Chemical Peel"",""LACTIC Acid 90 Skin Chemical Peel"",""Chlorsan 105 Barrier Teat Dip Part A"",""Chlorsan Teat Scrubber Concentrate Part A"",""Chlorine Dioxide Pre-Post Milking Teat Dip"",""GEA Bi-Sept Activator Pre-Post Milking Non-Iodine Teat Dip"",""200-018-0"",""209-954-4"",""825-250-5"",""CHEBI:28358"",""hydron;2-hydroxypropanoate"",""DL-Milchsaeure"",""(+/-)-Lactic acid"",""1-Hydroxyethanecarboxylic acid"",""DL- lactic acid"",""Kyselina 2-hydroxypropanova"",""2-Hydroxypropionicacid"",""CCRIS 2951"",""HSDB 800"",""NSC 367919"",""DL-Lactic Acid (90%)"","".alpha.-Hydroxypropanoic acid"","".alpha.-Hydroxypropionic acid"",""(+/-)-2-hydroxypropanoic acid"",""MFCD00004520"",""NCGC00090972-01"",""2-hydroxy-propionic acid"",""Lactic acid (natural)"",""C01432"",""Milchsaure [German]"",""Lactic acid [JAN]"",""Biolac"",""FEMA Number 2611"",""Kyselina mlecna [Czech]"",""Propanoic acid, hydroxy-"",""163894-00-6"",""Chem-Cast"",""Cheongin samrakhan"",""CAS-50-21-5"",""(R)-2-Hydroxy-propionic acid;H-D-Lac-OH"",""Kyselina 2-hydroxypropanova [Czech]"",""EINECS 200-018-0"",""EINECS 209-954-4"",""Lactic acid [USP:JAN]"",""EPA Pesticide Chemical Code 128929"",""BRN 5238667"",""lactasol"",""1-Hydroxyethane 1-carboxylic acid"",""UNII-3B8D35Y7S4"",""2-Hydroxy-2-methylacetic acid"",""L-isomer"",""Lactate (Standard)"",""4b5w"",""Lactic acid, tech grade"",""Propanoic acid, (+-)"",""DL-Lactic Acid, Racemic"",""PLA, PLLA, Polylactide"",""SCHEMBL999"",""(.+/-.)-Lactic acid"",""EC 200-018-0"",""Lactic acid (7CI,8CI)"",""Lactic acid (JP18/USP)"",""Lactic acid, 85%, FCC"",""Lactic Acid, Racemic, USP"",""NCIOpen2_000884"",""LACTIC ACID (+-)"",""SCHEMBL97281"",""DL-LACTIC ACID [MI]""]",50-21-5,612,CC(O)C(=O)O,"InChI=1S/C3H6O3/c1-2(4)3(5)6/h2,4H,1H3,(H,5,6)",JVTAAEKCZFNVCJ-UHFFFAOYSA-N,C3H6O3,90.08,defined_single_substance,resolved,true,qsar,null,"{""pubchem"":{""cid"":612,""reason_th"":""พบโครงสร้างโมเลกุลเดี่ยวจาก PubChem แต่ต้องยืนยันตัวตนก่อนส่งเข้า QSAR"",""fetched_at"":""2026-07-24T14:43:16.756571+00:00"",""source_url"":""https://pubchem.ncbi.nlm.nih.gov/compound/612"",""reason_code"":""awaiting_verification"",""proposed_qsar_eligible"":true},""last_review"":{""action"":""verify"",""reviewed_at"":""2026-07-24T14:43:16.772738+00:00"",""reviewer_note"":""Catalog seed accepted only after exact canonical structure match with PubChem""},""first_source"":""manual:pubchem_lookup"",""observations"":[{""source"":""manual:pubchem_lookup"",""seen_at"":""2026-07-24T14:43:16.759152+00:00"",""observed_name"":""Lactic Acid"",""ocr_confidence"":null}],""offline_seed"":""pubchem-registry-20260724-v1""}",verified,2
lambda-cyhalothrin,,lambda-Cyhalothrin,[],[],,6440557,CC1(C)[C@H](/C=C(\Cl)C(F)(F)F)[C@@H]1C(=O)O[C@@H](C#N)c1cccc(Oc2ccccc2)c1,"InChI=1S/C23H19ClF3NO3/c1-22(2)17(12-19(24)23(25,26)27)20(22)21(29)31-18(13-28)14-7-6-10-16(11-14)30-15-8-4-3-5-9-15/h3-12,17-18,20H,1-2H3/b19-12-/t17-,18+,20-/m1/s1",ZXQYGBMAQZUVMI-RDDWSQKMSA-N,C23H19ClF3NO3,449.85600000000005,defined_single_substance,resolved,true,qsar,null,"{""identity_verification"":{""cid"":6440557,""method"":""pubchem_cid_direct_structure"",""source"":""PubChem PUG REST"",""screening_envelope"":{""mw"":[30.0,500.0],""heavy_atoms"":[2,36]}},""offline_seed"":""pubchem-registry-20260724-v1""}",verified,1
lamotrigine,,Lamotrigine,[],[],,3878,Nc1nnc(-c2cccc(Cl)c2Cl)c(N)n1,"InChI=1S/C9H7Cl2N5/c10-5-3-1-2-4(6(5)11)7-8(12)14-9(13)16-15-7/h1-3H,(H4,12,13,14,16)",PYZRQGJRPPTADH-UHFFFAOYSA-N,C9H7Cl2N5,256.096,defined_single_substance,resolved,true,qsar,null,"{""identity_verification"":{""cid"":3878,""method"":""pubchem_cid_direct_structure"",""source"":""PubChem PUG REST"",""screening_envelope"":{""mw"":[30.0,500.0],""heavy_atoms"":[2,36]}},""offline_seed"":""pubchem-registry-20260724-v1""}",verified,1
lauryl alcohol diphosphonic acid,,Lauryl alcohol diphosphonic acid,[],[],,4395717,CCCCCCCCCCCC(O)(P(=O)(O)O)P(=O)(O)O,"InChI=1S/C12H28O7P2/c1-2-3-4-5-6-7-8-9-10-11-12(13,20(14,15)16)21(17,18)19/h13H,2-11H2,1H3,(H2,14,15,16)(H2,17,18,19)",KKVZONPEMODBBG-UHFFFAOYSA-N,C12H28O7P2,346.29699999999997,defined_single_substance,resolved,true,qsar,null,"{""identity_verification"":{""cid"":4395717,""method"":""pubchem_cid_direct_structure"",""source"":""PubChem PUG REST"",""screening_envelope"":{""mw"":[30.0,500.0],""heavy_atoms"":[2,36]}},""offline_seed"":""pubchem-registry-20260724-v1""}",verified,1
leptophos,,Leptophos,[],[],,30709,COP(=S)(Oc1cc(Cl)c(Br)cc1Cl)c1ccccc1,"InChI=1S/C13H10BrCl2O2PS/c1-17-19(20,9-5-3-2-4-6-9)18-13-8-11(15)10(14)7-12(13)16/h2-8H,1H3",CVRALZAYCYJELZ-UHFFFAOYSA-N,C13H10BrCl2O2PS,412.072,defined_single_substance,resolved,true,qsar,null,"{""identity_verification"":{""cid"":30709,""method"":""pubchem_cid_direct_structure"",""source"":""PubChem PUG REST"",""screening_envelope"":{""mw"":[30.0,500.0],""heavy_atoms"":[2,36]}},""offline_seed"":""pubchem-registry-20260724-v1""}",verified,1
lidocaine,,Lidocaine,[],[],,3676,CCN(CC)CC(=O)Nc1c(C)cccc1C,"InChI=1S/C14H22N2O/c1-5-16(6-2)10-13(17)15-14-11(3)8-7-9-12(14)4/h7-9H,5-6,10H2,1-4H3,(H,15,17)",NNJVILVZKWQKPM-UHFFFAOYSA-N,C14H22N2O,234.343,defined_single_substance,resolved,true,qsar,null,"{""identity_verification"":{""cid"":3676,""method"":""pubchem_cid_direct_structure"",""source"":""PubChem PUG REST"",""screening_envelope"":{""mw"":[30.0,500.0],""heavy_atoms"":[2,36]}},""offline_seed"":""pubchem-registry-20260724-v1""}",verified,1
light acrylate 3eg-a,,Light Acrylate 3EG-A,[],[],,62414,C=CC(=O)OCCOCCOCCOC(=O)C=C,"InChI=1S/C12H18O6/c1-3-11(13)17-9-7-15-5-6-16-8-10-18-12(14)4-2/h3-4H,1-2,5-10H2",INQDDHNZXOAFFD-UHFFFAOYSA-N,C12H18O6,258.27,defined_single_substance,resolved,true,qsar,null,"{""identity_verification"":{""cid"":62414,""method"":""pubchem_cid_direct_structure"",""source"":""PubChem PUG REST"",""screening_envelope"":{""mw"":[30.0,500.0],""heavy_atoms"":[2,36]}},""offline_seed"":""pubchem-registry-20260724-v1""}",verified,1
limonene,Limonene,Limonene,[],"[""1-methyl-4-prop-1-en-2-ylcyclohexene"",""RefChem:1055817"",""LIMONENE"",""Dipentene"",""138-86-3"",""Cinene"",""Cajeputene"",""DL-Limonene"",""Kautschin"",""Dipenten"",""Eulimen"",""Nesol"",""Limonen"",""(+/-)-Limonene"",""p-Mentha-1,8-diene"",""1,8-p-Menthadiene"",""Cajeputen"",""Cinen"",""alpha-Limonene"",""Cyclohexene, 1-methyl-4-(1-methylethenyl)-"",""Flavor orange"",""Orange flavor"",""1-Methyl-4-(1-methylethenyl)cyclohexene"",""Inactive limonene"",""1-Methyl-4-isopropenyl-1-cyclohexene"",""Acintene DP dipentene"",""7705-14-8"",""4-Isopropenyl-1-methyl-1-cyclohexene"",""Dipanol"",""Unitene"",""Goldflush II"",""Acintene DP"",""1-methyl-4-(prop-1-en-2-yl)cyclohex-1-ene"",""Di-p-mentha-1,8-diene"",""1,8(9)-p-Menthadiene"",""4-Isopropenyl-1-methylcyclohexene"",""DL-4-Isopropenyl-1-methylcyclohexene"",""Limonene, dl-"",""p-Mentha-1,8-diene, dl-"",""Limonene, (+/-)-"",""MENTHA-1,8-DIENE (DL)"","".alpha.-Limonene"",""NSC 21446"",""PC 560"",""Mentha-1,8-diene"",""DTXSID2029612"",""4-isopropenyl-1-methyl-cyclohexene"",""MFCD00062992"","".delta.-1,8-Terpodiene"",""9MC3I34447"",""NCGC00163742-03"",""d,l-Limonene"",""Dipentene 200"",""(+-)-Dipentene"",""DTXCID209612"",""(+-)-Linonene"",""Caswell No. 526"",""Cyclohexene, 1-methyl-4-(1-methylethenyl)-, (.+/-.)-"",""delta-1,8-Terpodiene"",""(+-)-alpha-Limonene"",""Dipentene, crude"",""Limonene 1000 microg/mL in Isopropanol"",""CAS-138-86-3"",""HSDB 1809"",""NSC 844"",""p-Mentha-1,8-diene, (+-)-"",""(-)-p-Mentha-1,8-diene"",""Cyclohexene, 1-methyl-4-(1-methylethenyl)-, (R)-"",""EINECS 205-341-0"",""EINECS 231-732-0"",""UN2052"",""1-Methyl-p-isopropenyl-1-cyclohexene"",""DL-p-mentha-1,8-diene"",""DIPENTENE (+-)"",""EPA Pesticide Chemical Code 079701"",""Terpodiene"",""(S)-(-)-p-mentha-1,8-diene"",""Ciene"",""Cyclil decene"",""AI3-00739"",""UNII-9MC3I34447"",""Achilles dipentene"",""1-Methyl-4-isopropenylcyclohexene"",""Dipentene, tech."",""p-Mentha-1, dl-"",""d(R)-4-Isopropenyl-1-methylcyclohexene"",""D-IPENTENE"",""(.+-.)-Limonene"",""(.+-.)-Dipentene"",""LIMONENE [HSDB]"",""LIMONENE [MI]"",""(.+/-.)-Dipentene"",""(.+/-.)-Limonene"",""DIPENTENE [VANDF]"",""(1)-1-Methyl-4-(1-methylvinyl)cyclohexene"",""Cinene/(+/-)-Limonene"",""Mentha-1,8-diene, DL"",""(+-)-(RS)-limonene"",""Dipentene, technical grade"",""DIPENTEN [WHO-DD]"",""Cyclohexene, (.+-.)-"",""Dipentene, p.a., 95%"",""SCHEMBL8829"",""p-Mentha-1,8(9)-diene"",""orb105243"",""orb320325"",""CHEMBL15799"",""SCHEMBL797520"",""Methyl-4-isopropenylcyclohexene"",""NSC844"",""orb3177789"",""SCHEMBL2770109"",""SCHEMBL2770289"",""SCHEMBL2941361"",""SCHEMBL7738008"",""(.+/-.)-.alpha.-Limonene"",""SCHEMBL23728206"",""(+/-)-p-Mentha-1,8-diene"",""CHEBI:15384"",""p-Mentha-1, (.+-.)-"",""HMS3264E05"",""HMS5085O04"",""Pharmakon1600-00307080"",""Methyl-4-isopropenyl-1-cyclohexene"",""HY-N0544"",""NSC21446"",""Tox21_112068"",""Tox21_201818"",""Tox21_303409"",""c0626"",""NSC757069"",""1-methyl-4-isopropenylcyclohex-1-ene"",""LIMONENE, (+/-)- [II]"",""AKOS009031280"",""Cyclohexene, 4-Isopropenyl-1-methyl-"",""Methyl-4-(1-methylethenyl)cyclohexene"",""WLN: L6UTJ A1 DY1 & U1"",""CCG-214016"",""FC74144"",""FS-8076"",""p-Mentha-1,8-diene, (.+/-.)-"",""SB44847"",""UN 2052"",""(R)-(+)-Limonene, sum of enantiomers"",""NCGC00163742-01"",""NCGC00163742-02"",""NCGC00163742-04"",""NCGC00163742-05"",""NCGC00257291-01"",""NCGC00259367-01"",""turpentine oil terpenes limonene fraction"",""DA-75016"",""FO175251"",""NCI60_041856"",""1-methyl-4-(1-methylethenyl) cylcohexene"",""1-methyl-4-(1-methylethenyl)-cyclohexene"",""4-(1-methylethenyl)-1-methyl-cyclohexene"",""Dipentene [UN2052]  [Flammable liquid]"",""1-methyl-4-(1-methylvinyl)cyclohex-1-ene"",""Cyclohexene, 1-methyl-4-(1-methylethynyl)"",""DB-053490"",""DB-072716"",""CS-0009072"",""L0046"",""NS00067923"",""ST51046654"",""(+/-)-Limonene, mixture of various terpenes"",""EN300-21627"",""C06078"",""D00194"",""E88572"",""AB01563249_01"",""F046838"",""Q278809"",""SR-01000872759"",""CYCLOHEXENE 1-METHYL-4-(1-METHYLETHENYL)-"",""SR-01000872759-1"",""TERPIN MONOHYDRATE IMPURITY C [EP IMPURITY]"",""BRD-A81494260-001-02-5"",""(+/-)-1-METHYL-4-(1-METHYLETHENYL)CYCLOHEXENE"",""4B4F06FC-8293-455D-8FD5-C970CDB001EE"",""Dipentene, mixt. of limonene, 56-64%, and terpinolene, 20-25%""]",138-86-3,22311,C=C(C)C1CC=C(C)CC1,"InChI=1S/C10H16/c1-8(2)10-6-4-9(3)5-7-10/h4,10H,1,5-7H2,2-3H3",XMGQYMWWDOXHJM-UHFFFAOYSA-N,C10H16,136.23,defined_single_substance,resolved,true,qsar,null,"{""pubchem"":{""cid"":22311,""fetched_at"":""2026-07-24T14:39:14.438213+00:00"",""source_url"":""https://pubchem.ncbi.nlm.nih.gov/compound/22311"",""metadata_only"":true},""first_source"":""ocr:local"",""observations"":[{""source"":""ocr:local"",""seen_at"":""2026-07-24T14:12:40.210277+00:00"",""observed_name"":""Limonene"",""ocr_confidence"":38.6},{""source"":""ocr:local"",""seen_at"":""2026-07-24T14:18:39.802768+00:00"",""observed_name"":""Limonene"",""ocr_confidence"":38.6},{""source"":""manual:pubchem_lookup"",""seen_at"":""2026-07-24T14:39:14.446444+00:00"",""observed_name"":""Limonene"",""ocr_confidence"":null}],""offline_seed"":""pubchem-registry-20260724-v1""}",verified,1
linalool,Linalool,Linalool,[],"[""Linalool"",""78-70-6"",""3,7-Dimethylocta-1,6-dien-3-ol"",""Linalol"",""LINALYL ALCOHOL"",""beta-Linalool"",""3,7-Dimethyl-1,6-octadien-3-ol"",""allo-Ocimenol"",""(+-)-Linalool"",""1,6-Octadien-3-ol, 3,7-dimethyl-"",""dl-Linalool"",""2,6-Dimethylocta-2,7-dien-6-ol"",""2,6-Dimethyl-2,7-octadien-6-ol"",""FEMA No. 2635"",""(RS)-Linalool"",""DTXSID7025502"",""DIABEXALL"",""D81QY6I88E"",""CHEBI:17580"",""NSC-3789"",""Licareol"",""DTXCID305502"",""L 260-2"",""muguol"",""RefChem:41471"",""LINALOOL, (A+-)-"",""NDI 595"",""7-methyl-3-methyleneocta-4,6-dien-2-ol"",""201-134-4"",""245-083-6"",""p-Linalool"",""Linanool"",""Linolool"",""Phantol"","".beta.-Linalool"",""2,6-Dimethyl-2,7-octadiene-6-ol"",""(+/-)-linalool"",""(1)-3,7-Dimethyl-1,6-octadien-3-ol"",""NSC 3789"",""Linalool (Standard)"",""3,7-dimethyl-octa-1,6-dien-3-ol"",""MFCD00008906"",""LINALOOL, (+/-)-"",""NSC3789"",""22564-99-4"",""Linalool (natural)"",""Caswell No. 526A"",""(S)-Linalol"",""FEMA Number 2635"",""CAS-78-70-6"",""Linalool 1000 microg/mL in Isopropanol"",""CCRIS 6557"",""HSDB 645"",""LINALOOL, DL-"",""EINECS 201-134-4"",""EINECS 245-083-6"",""EPA Pesticide Chemical Code 128838"",""BRN 1721488"",""UNII-D81QY6I88E"",""AI3-00942"",""Linalool b"",""Linalool, .beta."",""( )-linalool"",""Linalool, 97%"",""2,7-Octadien-6-ol, 2,6-dimethyl-"",""(R)-(-)-3,7-Dimethyl-1,6-octadien-3-ol"",""3,6-octadien-3-ol"",""Linalool Synthetic FCC"",""2,7-octadiene-6-ol"",""LINALOOL [FHFI]"",""LINALOOL [HSDB]"",""LINALOOL [FCC]"",""2,7-dien-6-ol"",""3,6-dien-3-ol"",""dl-3,7-Dimethyl-3-hydroxy-1,6-octadiene"",""LINALOOL [MI]"",""LINOLOOL (D)"",""(.+/-.)-Linalool"",""Linalool - Natural grade"",""Linalool - synthetic grade"",""LINALOOL [USP-RS]"",""LINALOOL [WHO-DD]"",""Linalool Natural Ex Orange"",""EC 201-134-4"",""SCHEMBL20316"",""Linalool, analytical standard"",""0-01-00-00462 (Beilstein Handbook Reference)"",""MLS002152908"",""CHEMBL25306"",""Linalool Natural ex Howood oil"",""GTPL2469"",""NDI 595 [FDMS]"",""orb1221785"",""orb1304640"",""orb3139787"",""SCHEMBL28087203"",""SCHEMBL28140875"",""FEMA 2635"",""HY-N0368R"",""Linalool Natural ex Bois de Rose"",""MSK3303"",""HMS2268E18"",""HMS3886G07"",""HMS5084M03"",""Linalool, >=97%, FCC, FG"",""1, 3,7-dimethyl-, (-)-"",""3,7-diemthyl-1,6-octadien-3-ol"",""HY-N0368"",""WLN: 1U1XQ1&3UY1&1"",""Tox21_201658"",""Tox21_303037"",""1,6-octadien-3-ol, 3,7-dimethyl"",""AC-551"",""BDBM50459894"",""EBC-47155"",""s4957"",""SBB012353"",""3,7-Dimethyl-1, 6-octadien-3-ol"",""AKOS015901617"",""octa-1,6-dien-3-ol,3,7-dimethyl-"",""CCG-266253"",""FL30206"",""Linalool 1000 |Ig/mL in Isopropanol"",""T2S2264"",""NCGC00091688-01"",""NCGC00091688-02"",""NCGC00091688-03"",""NCGC00091688-04"",""NCGC00257060-01"",""NCGC00259207-01"",""AS-56047"",""DA-54934"",""FL138844"",""SMR000112394"",""ST069326"",""WLN: 1Y1&U3XQ1&1U1 -,-"",""DB-062552"",""(+/-)-3,7-Dimethyl-1,6-octadien-3-ol"",""CS-0008916"",""L0048"",""NS00005142"",""C03985"",""EN300-174564"",""F17676"",""(+/-)-3,7-Dimethyl-3-hydroxy-1,6-octadiene"",""F222224"",""Linalool, primary pharmaceutical reference standard"",""Q410932"",""CU-01000013132-2"",""BRD-A43082461-001-06-3"",""Linalool, certified reference material, TraceCERT(R)"",""Z1255402668""]",78-70-6,6549,C=CC(C)(O)CCC=C(C)C,"InChI=1S/C10H18O/c1-5-10(4,11)8-6-7-9(2)3/h5,7,11H,1,6,8H2,2-4H3",CDOSHBSSFJOMGT-UHFFFAOYSA-N,C10H18O,154.25,defined_single_substance,resolved,true,qsar,null,"{""pubchem"":{""cid"":6549,""fetched_at"":""2026-07-24T14:39:18.067198+00:00"",""source_url"":""https://pubchem.ncbi.nlm.nih.gov/compound/6549"",""metadata_only"":true},""first_source"":""ocr:local"",""observations"":[{""source"":""ocr:local"",""seen_at"":""2026-07-24T14:12:40.202992+00:00"",""observed_name"":""Linalool"",""ocr_confidence"":38.6},{""source"":""ocr:local"",""seen_at"":""2026-07-24T14:18:39.796674+00:00"",""observed_name"":""Linalool"",""ocr_confidence"":38.6},{""source"":""manual:pubchem_lookup"",""seen_at"":""2026-07-24T14:39:18.069888+00:00"",""observed_name"":""Linalool"",""ocr_confidence"":null}],""offline_seed"":""pubchem-registry-20260724-v1""}",verified,1
linalyl acetate,,Linalyl Acetate,[],[],,8294,C=CC(C)(CCC=C(C)C)OC(C)=O,"InChI=1S/C12H20O2/c1-6-12(5,14-11(4)13)9-7-8-10(2)3/h6,8H,1,7,9H2,2-5H3",UWKAYLJWKGQEPM-UHFFFAOYSA-N,C12H20O2,196.29,defined_single_substance,resolved,true,qsar,null,"{""identity_verification"":{""cid"":8294,""method"":""pubchem_cid_direct_structure"",""source"":""PubChem PUG REST"",""screening_envelope"":{""mw"":[30.0,500.0],""heavy_atoms"":[2,36]}},""offline_seed"":""pubchem-registry-20260724-v1""}",verified,1
linuron,,Linuron,[],[],,9502,CON(C)C(=O)Nc1ccc(Cl)c(Cl)c1,"InChI=1S/C9H10Cl2N2O2/c1-13(15-2)9(14)12-6-3-4-7(10)8(11)5-6/h3-5H,1-2H3,(H,12,14)",XKJMBINCVNINCA-UHFFFAOYSA-N,C9H10Cl2N2O2,249.09699999999998,defined_single_substance,resolved,true,qsar,null,"{""identity_verification"":{""cid"":9502,""method"":""pubchem_cid_direct_structure"",""source"":""PubChem PUG REST"",""screening_envelope"":{""mw"":[30.0,500.0],""heavy_atoms"":[2,36]}},""offline_seed"":""pubchem-registry-20260724-v1""}",verified,1
lisdexamfetamine,,Lisdexamfetamine,[],[],,11597698,C[C@@H](Cc1ccccc1)NC(=O)[C@@H](N)CCCCN,"InChI=1S/C15H25N3O/c1-12(11-13-7-3-2-4-8-13)18-15(19)14(17)9-5-6-10-16/h2-4,7-8,12,14H,5-6,9-11,16-17H2,1H3,(H,18,19)/t12-,14-/m0/s1",VOBHXZCDAVEXEY-JSGCOSHPSA-N,C15H25N3O,263.38499999999993,defined_single_substance,resolved,true,qsar,null,"{""identity_verification"":{""cid"":11597698,""method"":""pubchem_cid_direct_structure"",""source"":""PubChem PUG REST"",""screening_envelope"":{""mw"":[30.0,500.0],""heavy_atoms"":[2,36]}},""offline_seed"":""pubchem-registry-20260724-v1""}",verified,1
lovastatin,,Lovastatin,[],[],,53232,CC[C@H](C)C(=O)O[C@H]1C[C@@H](C)C=C2C=C[C@H](C)[C@H](CC[C@@H]3C[C@@H](O)CC(=O)O3)[C@H]21,"InChI=1S/C24H36O5/c1-5-15(3)24(27)29-21-11-14(2)10-17-7-6-16(4)20(23(17)21)9-8-19-12-18(25)13-22(26)28-19/h6-7,10,14-16,18-21,23,25H,5,8-9,11-13H2,1-4H3/t14-,15-,16-,18+,19+,20-,21-,23-/m0/s1",PCZOHLXUXFIOCF-BXMDZJJMSA-N,C24H36O5,404.54700000000025,defined_single_substance,resolved,true,qsar,null,"{""identity_verification"":{""cid"":53232,""method"":""pubchem_cid_direct_structure"",""source"":""PubChem PUG REST"",""screening_envelope"":{""mw"":[30.0,500.0],""heavy_atoms"":[2,36]}},""offline_seed"":""pubchem-registry-20260724-v1""}",verified,1
lurasidone,,Lurasidone,[],[],,213046,O=C1[C@@H]2[C@H]3CC[C@H](C3)[C@@H]2C(=O)N1C[C@@H]1CCCC[C@H]1CN1CCN(c2nsc3ccccc23)CC1,"InChI=1S/C28H36N4O2S/c33-27-24-18-9-10-19(15-18)25(24)28(34)32(27)17-21-6-2-1-5-20(21)16-30-11-13-31(14-12-30)26-22-7-3-4-8-23(22)35-29-26/h3-4,7-8,18-21,24-25H,1-2,5-6,9-17H2/t18-,19+,20-,21-,24+,25-/m0/s1",PQXKDMSYBGKCJA-CVTJIBDQSA-N,C28H36N4O2S,492.6890000000003,defined_single_substance,resolved,true,qsar,null,"{""identity_verification"":{""cid"":213046,""method"":""pubchem_cid_direct_structure"",""source"":""PubChem PUG REST"",""screening_envelope"":{""mw"":[30.0,500.0],""heavy_atoms"":[2,36]}},""offline_seed"":""pubchem-registry-20260724-v1""}",verified,1
m-cresol,,M-Cresol,[],[],,342,Cc1cccc(O)c1,"InChI=1S/C7H8O/c1-6-3-2-4-7(8)5-6/h2-5,8H,1H3",RLSSMJSEOOYNOY-UHFFFAOYSA-N,C7H8O,108.13999999999997,defined_single_substance,resolved,true,qsar,null,"{""identity_verification"":{""cid"":342,""method"":""pubchem_cid_direct_structure"",""source"":""PubChem PUG REST"",""screening_envelope"":{""mw"":[30.0,500.0],""heavy_atoms"":[2,36]}},""offline_seed"":""pubchem-registry-20260724-v1""}",verified,1
m-xylene,,M-Xylene,[],[],,7929,Cc1cccc(C)c1,"InChI=1S/C8H10/c1-7-4-3-5-8(2)6-7/h3-6H,1-2H3",IVSZLXZYQVIEFR-UHFFFAOYSA-N,C8H10,106.16799999999998,defined_single_substance,resolved,true,qsar,null,"{""identity_verification"":{""cid"":7929,""method"":""pubchem_cid_direct_structure"",""source"":""PubChem PUG REST"",""screening_envelope"":{""mw"":[30.0,500.0],""heavy_atoms"":[2,36]}},""offline_seed"":""pubchem-registry-20260724-v1""}",verified,1
malathion,,Malathion,[],[],,4004,CCOC(=O)CC(SP(=S)(OC)OC)C(=O)OCC,"InChI=1S/C10H19O6PS2/c1-5-15-9(11)7-8(10(12)16-6-2)19-17(18,13-3)14-4/h8H,5-7H2,1-4H3",JXSJBGJIGXNWCI-UHFFFAOYSA-N,C10H19O6PS2,330.36400000000003,defined_single_substance,resolved,true,qsar,null,"{""identity_verification"":{""cid"":4004,""method"":""pubchem_cid_direct_structure"",""source"":""PubChem PUG REST"",""screening_envelope"":{""mw"":[30.0,500.0],""heavy_atoms"":[2,36]}},""offline_seed"":""pubchem-registry-20260724-v1""}",verified,1
maleic acid,,Maleic Acid,[],[],,444266,O=C(O)/C=C\C(=O)O,"InChI=1S/C4H4O4/c5-3(6)1-2-4(7)8/h1-2H,(H,5,6)(H,7,8)/b2-1-",VZCYOOQTPOCHFL-UPHRSURJSA-N,C4H4O4,116.07199999999997,defined_single_substance,resolved,true,qsar,null,"{""identity_verification"":{""cid"":444266,""method"":""pubchem_cid_direct_structure"",""source"":""PubChem PUG REST"",""screening_envelope"":{""mw"":[30.0,500.0],""heavy_atoms"":[2,36]}},""offline_seed"":""pubchem-registry-20260724-v1""}",verified,1
maleic anhydride,,Maleic Anhydride,[],[],,7923,O=C1C=CC(=O)O1,InChI=1S/C4H2O3/c5-3-1-2-4(6)7-3/h1-2H,FPYJFEHAWHCUMM-UHFFFAOYSA-N,C4H2O3,98.05699999999999,defined_single_substance,resolved,true,qsar,null,"{""identity_verification"":{""cid"":7923,""method"":""pubchem_cid_direct_structure"",""source"":""PubChem PUG REST"",""screening_envelope"":{""mw"":[30.0,500.0],""heavy_atoms"":[2,36]}},""offline_seed"":""pubchem-registry-20260724-v1""}",verified,1
malic acid,Malic Acid,Malic Acid,[],"[""malic acid"",""6915-15-7"",""2-Hydroxybutanedioic acid"",""hydroxysuccinic acid"",""Butanedioic acid, hydroxy-"",""Malic acid, DL-"",""Kyselina jablecna"",""hydroxybutanedioic acid"",""Pomalus acid"",""alpha-Hydroxysuccinic acid"",""Deoxytetraric acid"",""Hydroxybutandisaeure"",""Monohydroxybernsteinsaeure"",""Succinic acid, hydroxy-"",""(+-)-Malic acid"",""Malicum acidum"",""Pomalous acid"",""d,l-malic acid"",""FEMA No. 2655"",""2-Hydroxyethane-1,2-dicarboxylic acid"",""DTXSID0027640"",""Kyselina hydroxybutandiova"",""(+-)-Hydroxysuccinic acid"",""NSC-25941"",""817L1N4CKP"",""INS NO.296"",""E296"",""INS NO. 296"",""INS-296"",""butanedioic acid, 2-hydroxy-"",""CHEBI:6650"",""DTXCID107640"",""E-296"",""hydron;2-hydroxybutanedioate"",""Malic Acid 1524"",""RefChem:5979"",""MOOYAM AHA BHA FACE SERUM"",""210-514-9"",""230-022-8"",""DL-malic acid"",""617-48-1"",""malate"",""2-Hydroxysuccinic acid"",""DL-2-hydroxybutanedioic acid"",""dl-Hydroxybutanedioic acid"",""Musashi-no-Ringosan"",""Caswell No. 537"",""R,S(+-)-Malic acid"",""Kyselina jablecna [Czech]"",""Malic acid [NF]"",""FDA 2018"",""Apple acid"",""(+/-)-Malic acid"",""Kyselina hydroxybutandiova [Czech]"",""EPA Pesticide Chemical Code 051101"",""AI3-06292"",""MFCD00064212"",""L-Malic acid-1-13C"",""BUTANEDIOIC ACID, HYDROXY-, (S)-"",""MLS000084707"",""(+-)-1-Hydroxy-1,2-ethanedicarboxylic acid"",""NSC25941"",""Malic acid (NF)"",""SMR000019054"",""DL-Apple Acid"",""(R)-Hydroxybutanedioic acid"",""(S)-Hydroxybutanedioic acid"",""C4H6O5"",""R-Malic acid"",""FEMA Number 2655"",""Hydroxyethane-1,2-dicarboxylic acid"",""CAS-6915-15-7"",""CCRIS 2950"",""CCRIS 6567"",""(+/-)-2-Hydroxysuccinic acid"",""HSDB 1202"",""EINECS 210-514-9"",""EINECS 230-022-8"",""NSC 25941"",""Hydroxybutanedioic acid, (-)-"",""UNII-817L1N4CKP"",""Aepfelsaeure"",""malate acid"",""Hydroxybutanedioic acid, (+-)-"",""H2mal"",""Racemic malic acid"","".+-.-Malic acid"",""L-Gydroxybutanedioicacid"",""Malic acid (Standard)"",""Opera_ID_805"",""2-hydroxyl-succinic acid"",""DL-Malic acid, 99%"",""MALIC ACID [II]"",""MALIC ACID [MI]"",""MALIC ACID,(DL)"",""2-Hydroxydicarboxylic acid"",""MALIC ACID [FCC]"",""SCHEMBL856"",""2-hydroxy-butanedioic acid"",""bmse000046"",""bmse000904"",""EC 210-514-9"",""EC 230-022-8"",""MALIC ACID [VANDF]"",""Malic acid-, (L-form)-"",""DL-Malic acid, >=99%"",""Oprea1_130558"",""Oprea1_624131"",""MALIC ACID [USP-RS]"",""MALIC ACID [WHO-DD]"",""Butanedioic acid, (.+-.)-"",""GTPL2480"",""orb1304684"",""orb1940548"",""orb1940978"",""orb3139813"",""SCHEMBL6575196"",""SCHEMBL7523596"",""CHEMBL1455497"",""SCHEMBL10591713"",""SCHEMBL11285307"",""SCHEMBL27819134"",""BDBM92495"",""HY-Y1311R"",""MSK4414"",""MALIC ACID [EP MONOGRAPH]"",""MALIC ACID [USP IMPURITY]"",""DL-Malic acid, FCC, >=99%"",""HMS2358H06"",""HMS3371C13"",""HMS5086O13"",""DL-Malic acid, analytical standard"",""HY-Y1311"",""STR03457"",""Tox21_201536"",""Tox21_300372"",""Butenedioic acid, hydroxy-, (2S)-"",""EBC-44214"",""s9001"",""HYDROXYBUTANEDIOIC ACID [HSDB]"",""AKOS000120085"",""AKOS017278471"",""CCG-266122"",""DB12751"",""FM25003"",""T2S0850"",""DL-Malic acid, ReagentPlus(R), 99%"",""NCGC00043225-02"",""NCGC00043225-03"",""NCGC00254259-01"",""NCGC00259086-01"",""DL-Malic acid, >=98% (capillary GC)"",""HYDROXYBUTANEDIOIC ACID, (+/-)-"",""DL-Malic acid, ReagentPlus(R), >=99%"",""DB-016133"",""DL-Malic acid 1000 microg/mL in Methanol"",""DL-Malic acid, USP, 99.0-100.5%"",""CS-0017784"",""EU-0067046"",""M0020"",""NS00008011"",""DL-Malic acid, SAJ first grade, >=99.0%"",""EN300-19229"",""C00711"",""C03668"",""D04843"",""DL-Malic acid, Vetec(TM) reagent grade, 98%"",""AB00443952-12"",""Malic acid, meets USP/NF testing specifications"",""F364219"",""L023999"",""Q190143"",""D-Hydroxysuccinic acid; (R)-Hydroxybutanedioic acid"",""BRD-A18396475-001-15-3"",""0C9A2DC0-FEA2-4864-B98B-0597CDD0AD06"",""F0918-0088"",""Z104473230"",""Malic acid, United States Pharmacopeia (USP) Reference Standard"",""MALIC ACID (CONSTITUENT OF CRANBERRY LIQUID PREPARATION) [DSC]"",""Malic acid, Pharmaceutical Secondary Standard; Certified Reference Material"",""DL-Malic acid, meets analytical specification of FCC, E296, 99-100.5% (alkalimetric)""]",6915-15-7,525,O=C(O)CC(O)C(=O)O,"InChI=1S/C4H6O5/c5-2(4(8)9)1-3(6)7/h2,5H,1H2,(H,6,7)(H,8,9)",BJEPYKJPYRNKOW-UHFFFAOYSA-N,C4H6O5,134.09,defined_single_substance,resolved,true,qsar,null,"{""pubchem"":{""cid"":525,""reason_th"":""พบโครงสร้างโมเลกุลเดี่ยวจาก PubChem แต่ต้องยืนยันตัวตนก่อนส่งเข้า QSAR"",""fetched_at"":""2026-07-24T14:43:21.092364+00:00"",""source_url"":""https://pubchem.ncbi.nlm.nih.gov/compound/525"",""reason_code"":""awaiting_verification"",""proposed_qsar_eligible"":true},""last_review"":{""action"":""verify"",""reviewed_at"":""2026-07-24T14:43:21.131735+00:00"",""reviewer_note"":""Catalog seed accepted only after exact canonical structure match with PubChem""},""first_source"":""manual:pubchem_lookup"",""observations"":[{""source"":""manual:pubchem_lookup"",""seen_at"":""2026-07-24T14:43:21.095923+00:00"",""observed_name"":""Malic Acid"",""ocr_confidence"":null}],""offline_seed"":""pubchem-registry-20260724-v1""}",verified,2
malononitrile,,Malononitrile,[],[],,8010,N#CCC#N,InChI=1S/C3H2N2/c4-2-1-3-5/h1H2,CUONGYYJJVDODC-UHFFFAOYSA-N,C3H2N2,66.063,defined_single_substance,resolved,true,qsar,null,"{""identity_verification"":{""cid"":8010,""method"":""pubchem_cid_direct_structure"",""source"":""PubChem PUG REST"",""screening_envelope"":{""mw"":[30.0,500.0],""heavy_atoms"":[2,36]}},""offline_seed"":""pubchem-registry-20260724-v1""}",verified,1
maltol,,Maltol,[],[],,8369,Cc1occc(=O)c1O,"InChI=1S/C6H6O3/c1-4-6(8)5(7)2-3-9-4/h2-3,8H,1H3",XPCTZQVDEJYUGT-UHFFFAOYSA-N,C6H6O3,126.11099999999996,defined_single_substance,resolved,true,qsar,null,"{""identity_verification"":{""cid"":8369,""method"":""pubchem_cid_direct_structure"",""source"":""PubChem PUG REST"",""screening_envelope"":{""mw"":[30.0,500.0],""heavy_atoms"":[2,36]}},""offline_seed"":""pubchem-registry-20260724-v1""}",verified,1
mandelic acid,Mandelic Acid,Mandelic Acid,[],"[""MANDELIC ACID"",""dl-Mandelic acid"",""2-hydroxy-2-phenylacetic acid"",""90-64-2"",""Phenylglycolic acid"",""Paramandelic acid"",""Amygdalic acid"",""Uromaline"",""Racemic mandelic acid"",""Phenylhydroxyacetic acid"",""(RS)-Mandelic acid"",""alpha-Hydroxyphenylacetic acid"",""Acido mandelico"",""Kyselina mandlova"",""Benzeneacetic acid, alpha-hydroxy-"",""alpha-Hydroxybenzeneacetic acid"",""NSC-7925"",""NH496X0UJX"",""DTXSID6023234"",""CHEBI:35825"",""RefChem:5982"",""DTXCID203234"",""202-007-6"",""611-72-3"",""Almond acid"",""2-Phenylglycolic acid"",""p-Mandelic acid"",""Hydroxy(phenyl)acetic acid"",""(+/-)-alpha-Hydroxyphenylacetic acid"",""Glycolic acid, phenyl-"",""2-Phenyl-2-hydroxyacetic acid"",""2-hydroxy-2-phenyl-acetic acid"",""DL-Hydroxy(phenyl)acetic acid"",""(+/-)-mandelic acid"",""Pregabalin EP Impurity C"",""NSC 7925"",""Benzeneacetic acid, .alpha.-hydroxy-"",""DL-Amygdalic Acid"","".alpha.-Hydroxyphenylacetic acid"",""alpha-Hydroxy-alpha-toluic acid"",""Kyselina 2-fenyl-2-hydroxyethanova"",""(+-)-alpha-Hydroxybenzeneacetic acid"","".alpha.-Hydroxy-.alpha.-toluic acid"",""MFCD00064250"","".alpha.-Toluic acid, .alpha.-hydroxy-"",""(+)-Mandelate, XXI"",""(+-)-Mandelic acid"",""Benzeneacetic acid, .alpha.-hydroxy-, (.+/-.)-"",""mandelic-acid"",""2-Hydroy-2-phenylacetic acid"",""Mandelic acid [USP]"",""DL-Mandelicacid"",""Acido mandelico [Italian]"",""Kyselina mandlova [Czech]"",""32518-00-6"",""(+-)-2-Hydroxy-2-phenylethanoic acid"",""alpha-Toluic acid, alpha-hydroxy-"",""DL-2-Hydroxy-2-phenylacetic acid"",""81432-25-9"",""(+-)-alpha-Hydroxyphenylacetic acid"",""EINECS 202-007-6"",""EINECS 210-277-1"",""UNII-NH496X0UJX"",""2-Hydroxy-2-phenylethanoic acid"",""alpha-Hydroxybenzeneacetic acid, (+-)-"",""AI3-06293"",""Kyselina 2-fenyl-2-hydroxyethanova [Czech]"",""Benzoglycolic acid"",""Phenylacetic acid, alpha-hydroxy-"",""NCGC00166022-01"",""l(+)mandelic acid"",""(+) mandelic acid"",""(+)-mandelic acid"",""SAMMA"",""hyroxyphenylacetic acid"",""(+/-)-alpha-Hydroxybenzeneacetic acid"",""l (+)-mandelic acid"",""Mandelic acid, 99%"",""(-)-Mandelate, XX"",""hydroxyphenyl acetic acid"",""Benzeneacetic acid, .alpha.-hydroxy-, (.alpha.R)-"",""Mandelic acid (Standard)"",""WLN: QYR&VQ"",""hydroxy-phenyl-acetic acid"",""Mandelic acid, >=99%"",""DL-Mandelic acid, 99%"",""MANDELIC ACID [MI]"",""SCHEMBL1050"",""(.+/-.)-Mandelic acid"",""CHEMBL1609"",""2-Hydroxy-2-phenylaceticacid"",""MLS001074208"",""SCHEMBL182527"",""MANDELIC ACID [MART.]"",""orb1221410"",""orb1221965"",""orb1302515"",""orb3139825"",""SCHEMBL6966223"",""MANDELIC ACID [USP-RS]"",""MANDELIC ACID [WHO-DD]"","".alpha.-Phenylhydroxyacetic acid"",""SCHEMBL17140887"",""SCHEMBL27903411"",""BDBM92715"",""Benzeneacetic acid alpha-hydroxy-"",""NSC7925"",""HMS2230F19"",""HMS3371M20"",""HMS3373A03"",""HMS5086C15"",""acetic acid, 2-hydroxy-2-phenyl-"",""(2rs)-hydroxy(phenyl)ethanoic acid"",""HY-W015591R"",""VCA83871"",""BBL028097"",""EBC-26103"",""s3363"",""SBB007730"",""STL283951"",""AKOS000118795"",""AKOS016050628"",""CS-W016307"",""DB13218"",""FM03657"",""HY-W015591"",""KS-1423"",""MSK70025-1000W"",""NCGC00166023-01"",""NCGC00166269-01"",""(.+/-.)-alpha-Hydroxybenzeneacetic acid"",""AC-12228"",""SMR000653543"",""DB-016128"",""DB-016158"",""DS-000887"",""M0038"",""NS00001311"",""T4848"",""Benzeneacetic acid, .alpha.-hydroxy-, ( )-"",""Benzeneacetic acid, .alpha.-hydroxy-, (S)-"",""EN300-19482"",""Mandelic acid Solution in Water, 1000ug/mL"",""PHENYLACETIC ACID, .ALPHA.--HYDROXY-"",""DL-Mandelic acid, analytical reference material"",""H55120"",""MLS-0090887.0001"",""AE-562/40233036"",""DL-Mandelic Acid(Discontinued,See C4X-131277)"",""F093723"",""Q412293"",""(2RS)-2-Hydroxy-2-phenylacetic Acid (Mandelic Acid)"",""BRD-A91448670-001-06-4"",""GLYCOPYRRONIUM BROMIDE IMPURITY C [EP IMPURITY]"",""Mandelic Acid ((2RS)-2-Hydroxy-2-phenylacetic Acid)"",""14A53E4A-8315-42A7-9D60-DE06CCBB1AF9"",""F2191-0202"",""HOMATROPINE HYDROBROMIDE IMPURITY C [EP IMPURITY]"",""Z104473974"",""HOMATROPINE METHYLBROMIDE IMPURITY C [EP IMPURITY]"",""Pregabalin EP Impurity C(Glycopyrronium Bromide EP Impurity C)"",""Mandelic acid, United States Pharmacopeia (USP) Reference Standard"",""D-2-Hydroxy-2-phenylacetic acid; (S)-(+)-alpha-Hydroxyphenylacetic acid"",""a-Hydroxy-benzeneacetic acid; Hydroxy(phenyl)acetic acid; 2-Phenylglycolic acid; 2-Hydroxy-2-phenylacetic acid; alpha-Hydroxyphenylacetic acid;R(-)-Mandelic acid"",""Pregabalin EP Impurity C; Glycopyrronium Bromide EP Impurity C; Homatropine Hydrobromide EP Impurity C""]",90-64-2,1292,O=C(O)C(O)c1ccccc1,"InChI=1S/C8H8O3/c9-7(8(10)11)6-4-2-1-3-5-6/h1-5,7,9H,(H,10,11)",IWYDHOAUDWTVEP-UHFFFAOYSA-N,C8H8O3,152.15,defined_single_substance,resolved,true,qsar,null,"{""pubchem"":{""cid"":1292,""reason_th"":""พบโครงสร้างโมเลกุลเดี่ยวจาก PubChem แต่ต้องยืนยันตัวตนก่อนส่งเข้า QSAR"",""fetched_at"":""2026-07-24T14:43:19.609523+00:00"",""source_url"":""https://pubchem.ncbi.nlm.nih.gov/compound/1292"",""reason_code"":""awaiting_verification"",""proposed_qsar_eligible"":true},""last_review"":{""action"":""verify"",""reviewed_at"":""2026-07-24T14:43:19.656340+00:00"",""reviewer_note"":""Catalog seed accepted only after exact canonical structure match with PubChem""},""first_source"":""manual:pubchem_lookup"",""observations"":[{""source"":""manual:pubchem_lookup"",""seen_at"":""2026-07-24T14:43:19.617795+00:00"",""observed_name"":""Mandelic Acid"",""ocr_confidence"":null}],""offline_seed"":""pubchem-registry-20260724-v1""}",verified,2
mecarbam,,Mecarbam,[],[],,17434,CCOC(=O)N(C)C(=O)CSP(=S)(OCC)OCC,"InChI=1S/C10H20NO5PS2/c1-5-14-10(13)11(4)9(12)8-19-17(18,15-6-2)16-7-3/h5-8H2,1-4H3",KLGMSAOQDHLCOS-UHFFFAOYSA-N,C10H20NO5PS2,329.3800000000001,defined_single_substance,resolved,true,qsar,null,"{""identity_verification"":{""cid"":17434,""method"":""pubchem_cid_direct_structure"",""source"":""PubChem PUG REST"",""screening_envelope"":{""mw"":[30.0,500.0],""heavy_atoms"":[2,36]}},""offline_seed"":""pubchem-registry-20260724-v1""}",verified,1
mecoprop,,Mecoprop,[],[],,7153,Cc1cc(Cl)ccc1OC(C)C(=O)O,"InChI=1S/C10H11ClO3/c1-6-5-8(11)3-4-9(6)14-7(2)10(12)13/h3-5,7H,1-2H3,(H,12,13)",WNTGYJSOUMFZEP-UHFFFAOYSA-N,C10H11ClO3,214.648,defined_single_substance,resolved,true,qsar,null,"{""identity_verification"":{""cid"":7153,""method"":""pubchem_cid_direct_structure"",""source"":""PubChem PUG REST"",""screening_envelope"":{""mw"":[30.0,500.0],""heavy_atoms"":[2,36]}},""offline_seed"":""pubchem-registry-20260724-v1""}",verified,1
medinoterb acetate,,Medinoterb acetate,[],[],,305544,CC(=O)Oc1c(C(C)(C)C)cc([N+](=O)[O-])c(C)c1[N+](=O)[O-],"InChI=1S/C13H16N2O6/c1-7-10(14(17)18)6-9(13(3,4)5)12(21-8(2)16)11(7)15(19)20/h6H,1-5H3",LWULXYSYLOIDQY-UHFFFAOYSA-N,C13H16N2O6,296.279,defined_single_substance,resolved,true,qsar,null,"{""identity_verification"":{""cid"":305544,""method"":""pubchem_cid_direct_structure"",""source"":""PubChem PUG REST"",""screening_envelope"":{""mw"":[30.0,500.0],""heavy_atoms"":[2,36]}},""offline_seed"":""pubchem-registry-20260724-v1""}",verified,1
mefloquine,,Mefloquine,[],[],,4046,OC(c1cc(C(F)(F)F)nc2c(C(F)(F)F)cccc12)C1CCCCN1,"InChI=1S/C17H16F6N2O/c18-16(19,20)11-5-3-4-9-10(15(26)12-6-1-2-7-24-12)8-13(17(21,22)23)25-14(9)11/h3-5,8,12,15,24,26H,1-2,6-7H2",XEEQGYMUWCZPDN-UHFFFAOYSA-N,C17H16F6N2O,378.316,defined_single_substance,resolved,true,qsar,null,"{""identity_verification"":{""cid"":4046,""method"":""pubchem_cid_direct_structure"",""source"":""PubChem PUG REST"",""screening_envelope"":{""mw"":[30.0,500.0],""heavy_atoms"":[2,36]}},""offline_seed"":""pubchem-registry-20260724-v1""}",verified,1
melphalan,,Melphalan,[],[],,460612,N[C@@H](Cc1ccc(N(CCCl)CCCl)cc1)C(=O)O,"InChI=1S/C13H18Cl2N2O2/c14-5-7-17(8-6-15)11-3-1-10(2-4-11)9-12(16)13(18)19/h1-4,12H,5-9,16H2,(H,18,19)/t12-/m0/s1",SGDBTWWWUNNDEQ-LBPRGKRZSA-N,C13H18Cl2N2O2,305.2049999999999,defined_single_substance,resolved,true,qsar,null,"{""identity_verification"":{""cid"":460612,""method"":""pubchem_cid_direct_structure"",""source"":""PubChem PUG REST"",""screening_envelope"":{""mw"":[30.0,500.0],""heavy_atoms"":[2,36]}},""offline_seed"":""pubchem-registry-20260724-v1""}",verified,1
menazon,,Menazon,[],[],,6543,COP(=S)(OC)SCc1nc(N)nc(N)n1,"InChI=1S/C6H12N5O2PS2/c1-12-14(15,13-2)16-3-4-9-5(7)11-6(8)10-4/h3H2,1-2H3,(H4,7,8,9,10,11)",SUYHYHLFUHHVJQ-UHFFFAOYSA-N,C6H12N5O2PS2,281.303,defined_single_substance,resolved,true,qsar,null,"{""identity_verification"":{""cid"":6543,""method"":""pubchem_cid_direct_structure"",""source"":""PubChem PUG REST"",""screening_envelope"":{""mw"":[30.0,500.0],""heavy_atoms"":[2,36]}},""offline_seed"":""pubchem-registry-20260724-v1""}",verified,1
menthol,,Menthol,[],[],,1254,CC1CCC(C(C)C)C(O)C1,"InChI=1S/C10H20O/c1-7(2)9-5-4-8(3)6-10(9)11/h7-11H,4-6H2,1-3H3",NOOLISFMXDJSKH-UHFFFAOYSA-N,C10H20O,156.26899999999998,defined_single_substance,resolved,true,qsar,null,"{""identity_verification"":{""cid"":1254,""method"":""pubchem_cid_direct_structure"",""source"":""PubChem PUG REST"",""screening_envelope"":{""mw"":[30.0,500.0],""heavy_atoms"":[2,36]}},""offline_seed"":""pubchem-registry-20260724-v1""}",verified,1
menthol propylene glycol carbonate,,Menthol propylene glycol carbonate,[],[],,10199055,CC(O)COC(=O)OC1CC(C)CCC1C(C)C,"InChI=1S/C14H26O4/c1-9(2)12-6-5-10(3)7-13(12)18-14(16)17-8-11(4)15/h9-13,15H,5-8H2,1-4H3",FLYJSXDJKBHQAU-UHFFFAOYSA-N,C14H26O4,258.35799999999995,defined_single_substance,resolved,true,qsar,null,"{""identity_verification"":{""cid"":10199055,""method"":""pubchem_cid_direct_structure"",""source"":""PubChem PUG REST"",""screening_envelope"":{""mw"":[30.0,500.0],""heavy_atoms"":[2,36]}},""offline_seed"":""pubchem-registry-20260724-v1""}",verified,1
"menthone 1,2-glycerol ketal, (+-)-",,"Menthone 1,2-glycerol ketal, (+-)-",[],[],,162184,CC1CCC(C(C)C)C2(C1)OCC(CO)O2,"InChI=1S/C13H24O3/c1-9(2)12-5-4-10(3)6-13(12)15-8-11(7-14)16-13/h9-12,14H,4-8H2,1-3H3",ZBJCYZPANVLBRK-UHFFFAOYSA-N,C13H24O3,228.332,defined_single_substance,resolved,true,qsar,null,"{""identity_verification"":{""cid"":162184,""method"":""pubchem_cid_direct_structure"",""source"":""PubChem PUG REST"",""screening_envelope"":{""mw"":[30.0,500.0],""heavy_atoms"":[2,36]}},""offline_seed"":""pubchem-registry-20260724-v1""}",verified,1
"menthone 1,2-glycerol ketal, (-)-",,"Menthone 1,2-glycerol ketal, (-)-",[],[],,9964606,CC(C)[C@@H]1CC[C@@H](C)CC12OCC(CO)O2,"InChI=1S/C13H24O3/c1-9(2)12-5-4-10(3)6-13(12)15-8-11(7-14)16-13/h9-12,14H,4-8H2,1-3H3/t10-,11?,12+,13?/m1/s1",ZBJCYZPANVLBRK-IGJPJIBNSA-N,C13H24O3,228.332,defined_single_substance,resolved,true,qsar,null,"{""identity_verification"":{""cid"":9964606,""method"":""pubchem_cid_direct_structure"",""source"":""PubChem PUG REST"",""screening_envelope"":{""mw"":[30.0,500.0],""heavy_atoms"":[2,36]}},""offline_seed"":""pubchem-registry-20260724-v1""}",verified,1
meperidine,,Meperidine,[],[],,4058,CCOC(=O)C1(c2ccccc2)CCN(C)CC1,"InChI=1S/C15H21NO2/c1-3-18-14(17)15(9-11-16(2)12-10-15)13-7-5-4-6-8-13/h4-8H,3,9-12H2,1-2H3",XADCESSVHJOZHK-UHFFFAOYSA-N,C15H21NO2,247.338,defined_single_substance,resolved,true,qsar,null,"{""identity_verification"":{""cid"":4058,""method"":""pubchem_cid_direct_structure"",""source"":""PubChem PUG REST"",""screening_envelope"":{""mw"":[30.0,500.0],""heavy_atoms"":[2,36]}},""offline_seed"":""pubchem-registry-20260724-v1""}",verified,1
mephosfolan,,Mephosfolan,[],[],,9568069,CCOP(=O)(/N=C1\SCC(C)S1)OCC,"InChI=1S/C8H16NO3PS2/c1-4-11-13(10,12-5-2)9-8-14-6-7(3)15-8/h7H,4-6H2,1-3H3/b9-8+",LTQSAUHRSCMPLD-CMDGGOBGSA-N,C8H16NO3PS2,269.328,defined_single_substance,resolved,true,qsar,null,"{""identity_verification"":{""cid"":9568069,""method"":""pubchem_cid_direct_structure"",""source"":""PubChem PUG REST"",""screening_envelope"":{""mw"":[30.0,500.0],""heavy_atoms"":[2,36]}},""offline_seed"":""pubchem-registry-20260724-v1""}",verified,1
mesityl oxide,,Mesityl oxide,[],[],,8858,CC(=O)C=C(C)C,"InChI=1S/C6H10O/c1-5(2)4-6(3)7/h4H,1-3H3",SHOJXDKTYKFBRD-UHFFFAOYSA-N,C6H10O,98.145,defined_single_substance,resolved,true,qsar,null,"{""identity_verification"":{""cid"":8858,""method"":""pubchem_cid_direct_structure"",""source"":""PubChem PUG REST"",""screening_envelope"":{""mw"":[30.0,500.0],""heavy_atoms"":[2,36]}},""offline_seed"":""pubchem-registry-20260724-v1""}",verified,1
metalaxyl,,Metalaxyl,[],[],,42586,COCC(=O)N(c1c(C)cccc1C)C(C)C(=O)OC,"InChI=1S/C15H21NO4/c1-10-7-6-8-11(2)14(10)16(13(17)9-19-4)12(3)15(18)20-5/h6-8,12H,9H2,1-5H3",ZQEIXNIJLIKNTD-UHFFFAOYSA-N,C15H21NO4,279.33599999999996,defined_single_substance,resolved,true,qsar,null,"{""identity_verification"":{""cid"":42586,""method"":""pubchem_cid_direct_structure"",""source"":""PubChem PUG REST"",""screening_envelope"":{""mw"":[30.0,500.0],""heavy_atoms"":[2,36]}},""offline_seed"":""pubchem-registry-20260724-v1""}",verified,1
metaldehyde,,Metaldehyde,[],[],,61021,CC1OC(C)OC(C)OC(C)O1,"InChI=1S/C8H16O4/c1-5-9-6(2)11-8(4)12-7(3)10-5/h5-8H,1-4H3",GKKDCARASOJPNG-UHFFFAOYSA-N,C8H16O4,176.21199999999996,defined_single_substance,resolved,true,qsar,null,"{""identity_verification"":{""cid"":61021,""method"":""pubchem_cid_direct_structure"",""source"":""PubChem PUG REST"",""screening_envelope"":{""mw"":[30.0,500.0],""heavy_atoms"":[2,36]}},""offline_seed"":""pubchem-registry-20260724-v1""}",verified,1
metformin,,Metformin,[],[],,4091,CN(C)C(=N)N=C(N)N,"InChI=1S/C4H11N5/c1-9(2)4(7)8-3(5)6/h1-2H3,(H5,5,6,7,8)",XZWYZXLIPXDOLR-UHFFFAOYSA-N,C4H11N5,129.167,defined_single_substance,resolved,true,qsar,null,"{""identity_verification"":{""cid"":4091,""method"":""pubchem_cid_direct_structure"",""source"":""PubChem PUG REST"",""screening_envelope"":{""mw"":[30.0,500.0],""heavy_atoms"":[2,36]}},""offline_seed"":""pubchem-registry-20260724-v1""}",verified,1
methacrylic acid,,Methacrylic Acid,[],[],,4093,C=C(C)C(=O)O,"InChI=1S/C4H6O2/c1-3(2)4(5)6/h1H2,2H3,(H,5,6)",CERQOIWHTDAKMF-UHFFFAOYSA-N,C4H6O2,86.08999999999999,defined_single_substance,resolved,true,qsar,null,"{""identity_verification"":{""cid"":4093,""method"":""pubchem_cid_direct_structure"",""source"":""PubChem PUG REST"",""screening_envelope"":{""mw"":[30.0,500.0],""heavy_atoms"":[2,36]}},""offline_seed"":""pubchem-registry-20260724-v1""}",verified,1
methacrylonitrile,,Methacrylonitrile,[],[],,31368,C=C(C)C#N,"InChI=1S/C4H5N/c1-4(2)3-5/h1H2,2H3",GYCMBHHDWRMZGG-UHFFFAOYSA-N,C4H5N,67.09100000000001,defined_single_substance,resolved,true,qsar,null,"{""identity_verification"":{""cid"":31368,""method"":""pubchem_cid_direct_structure"",""source"":""PubChem PUG REST"",""screening_envelope"":{""mw"":[30.0,500.0],""heavy_atoms"":[2,36]}},""offline_seed"":""pubchem-registry-20260724-v1""}",verified,1
methadone,,Methadone,[],[],,4095,CCC(=O)C(CC(C)N(C)C)(c1ccccc1)c1ccccc1,"InChI=1S/C21H27NO/c1-5-20(23)21(16-17(2)22(3)4,18-12-8-6-9-13-18)19-14-10-7-11-15-19/h6-15,17H,5,16H2,1-4H3",USSIQXCVUWKGNF-UHFFFAOYSA-N,C21H27NO,309.45300000000003,defined_single_substance,resolved,true,qsar,null,"{""identity_verification"":{""cid"":4095,""method"":""pubchem_cid_direct_structure"",""source"":""PubChem PUG REST"",""screening_envelope"":{""mw"":[30.0,500.0],""heavy_atoms"":[2,36]}},""offline_seed"":""pubchem-registry-20260724-v1""}",verified,1
methamidophos,,Methamidophos,[],[],,4096,COP(N)(=O)SC,"InChI=1S/C2H8NO2PS/c1-5-6(3,4)7-2/h1-2H3,(H2,3,4)",NNKVPIKMPCQWCG-UHFFFAOYSA-N,C2H8NO2PS,141.132,defined_single_substance,resolved,true,qsar,null,"{""identity_verification"":{""cid"":4096,""method"":""pubchem_cid_direct_structure"",""source"":""PubChem PUG REST"",""screening_envelope"":{""mw"":[30.0,500.0],""heavy_atoms"":[2,36]}},""offline_seed"":""pubchem-registry-20260724-v1""}",verified,1
methamphetamine,,Methamphetamine,[],[],,10836,CN[C@@H](C)Cc1ccccc1,"InChI=1S/C10H15N/c1-9(11-2)8-10-6-4-3-5-7-10/h3-7,9,11H,8H2,1-2H3/t9-/m0/s1",MYWUZJCMWCOHBA-VIFPVBQESA-N,C10H15N,149.23699999999997,defined_single_substance,resolved,true,qsar,null,"{""identity_verification"":{""cid"":10836,""method"":""pubchem_cid_direct_structure"",""source"":""PubChem PUG REST"",""screening_envelope"":{""mw"":[30.0,500.0],""heavy_atoms"":[2,36]}},""offline_seed"":""pubchem-registry-20260724-v1""}",verified,1
methanesulfonic acid,,Methanesulfonic Acid,[],[],,6395,CS(=O)(=O)O,"InChI=1S/CH4O3S/c1-5(2,3)4/h1H3,(H,2,3,4)",AFVFQIVMOAPDHO-UHFFFAOYSA-N,CH4O3S,96.107,defined_single_substance,resolved,true,qsar,null,"{""identity_verification"":{""cid"":6395,""method"":""pubchem_cid_direct_structure"",""source"":""PubChem PUG REST"",""screening_envelope"":{""mw"":[30.0,500.0],""heavy_atoms"":[2,36]}},""offline_seed"":""pubchem-registry-20260724-v1""}",verified,1
methanol,,Methanol,[],[],,887,CO,"InChI=1S/CH4O/c1-2/h2H,1H3",OKKJLVBELUTLKV-UHFFFAOYSA-N,CH4O,32.042,defined_single_substance,resolved,true,qsar,null,"{""identity_verification"":{""cid"":887,""method"":""pubchem_cid_direct_structure"",""source"":""PubChem PUG REST"",""screening_envelope"":{""mw"":[30.0,500.0],""heavy_atoms"":[2,36]}},""offline_seed"":""pubchem-registry-20260724-v1""}",verified,1
methazole,,Methazole,[],[],,4690,Cn1c(=O)on(-c2ccc(Cl)c(Cl)c2)c1=O,"InChI=1S/C9H6Cl2N2O3/c1-12-8(14)13(16-9(12)15)5-2-3-6(10)7(11)4-5/h2-4H,1H3",LRUUNMYPIBZBQH-UHFFFAOYSA-N,C9H6Cl2N2O3,261.06399999999996,defined_single_substance,resolved,true,qsar,null,"{""identity_verification"":{""cid"":4690,""method"":""pubchem_cid_direct_structure"",""source"":""PubChem PUG REST"",""screening_envelope"":{""mw"":[30.0,500.0],""heavy_atoms"":[2,36]}},""offline_seed"":""pubchem-registry-20260724-v1""}",verified,1
methidathion,,Methidathion,[],[],,13709,COc1nn(CSP(=S)(OC)OC)c(=O)s1,"InChI=1S/C6H11N2O4PS3/c1-10-5-7-8(6(9)16-5)4-15-13(14,11-2)12-3/h4H2,1-3H3",MEBQXILRKZHVCX-UHFFFAOYSA-N,C6H11N2O4PS3,302.33900000000006,defined_single_substance,resolved,true,qsar,null,"{""identity_verification"":{""cid"":13709,""method"":""pubchem_cid_direct_structure"",""source"":""PubChem PUG REST"",""screening_envelope"":{""mw"":[30.0,500.0],""heavy_atoms"":[2,36]}},""offline_seed"":""pubchem-registry-20260724-v1""}",verified,1
methiocarb,,Methiocarb,[],[],,16248,CNC(=O)Oc1cc(C)c(SC)c(C)c1,"InChI=1S/C11H15NO2S/c1-7-5-9(14-11(13)12-3)6-8(2)10(7)15-4/h5-6H,1-4H3,(H,12,13)",YFBPRJGDJKVWAH-UHFFFAOYSA-N,C11H15NO2S,225.313,defined_single_substance,resolved,true,qsar,null,"{""identity_verification"":{""cid"":16248,""method"":""pubchem_cid_direct_structure"",""source"":""PubChem PUG REST"",""screening_envelope"":{""mw"":[30.0,500.0],""heavy_atoms"":[2,36]}},""offline_seed"":""pubchem-registry-20260724-v1""}",verified,1
methomyl,,Methomyl,[],[],,4109,CNC(=O)ON=C(C)SC,"InChI=1S/C5H10N2O2S/c1-4(10-3)7-9-5(8)6-2/h1-3H3,(H,6,8)",UHXUZOCRWCRNSJ-UHFFFAOYSA-N,C5H10N2O2S,162.214,defined_single_substance,resolved,true,qsar,null,"{""identity_verification"":{""cid"":4109,""method"":""pubchem_cid_direct_structure"",""source"":""PubChem PUG REST"",""screening_envelope"":{""mw"":[30.0,500.0],""heavy_atoms"":[2,36]}},""offline_seed"":""pubchem-registry-20260724-v1""}",verified,1
methoprene,,Methoprene,[],[],,5366546,COC(C)(C)CCCC(C)C/C=C/C(C)=C/C(=O)OC(C)C,"InChI=1S/C19H34O3/c1-15(2)22-18(20)14-17(4)11-8-10-16(3)12-9-13-19(5,6)21-7/h8,11,14-16H,9-10,12-13H2,1-7H3/b11-8+,17-14+",NFGXHKASABOEEW-LDRANXPESA-N,C19H34O3,310.478,defined_single_substance,resolved,true,qsar,null,"{""identity_verification"":{""cid"":5366546,""method"":""pubchem_cid_direct_structure"",""source"":""PubChem PUG REST"",""screening_envelope"":{""mw"":[30.0,500.0],""heavy_atoms"":[2,36]}},""offline_seed"":""pubchem-registry-20260724-v1""}",verified,1
methoxyacetic acid,,Methoxyacetic Acid,[],[],,12251,COCC(=O)O,"InChI=1S/C3H6O3/c1-6-2-3(4)5/h2H2,1H3,(H,4,5)",RMIODHQZRUFFFF-UHFFFAOYSA-N,C3H6O3,90.07799999999999,defined_single_substance,resolved,true,qsar,null,"{""identity_verification"":{""cid"":12251,""method"":""pubchem_cid_direct_structure"",""source"":""PubChem PUG REST"",""screening_envelope"":{""mw"":[30.0,500.0],""heavy_atoms"":[2,36]}},""offline_seed"":""pubchem-registry-20260724-v1""}",verified,1
"methyl (2r,3s)-3-(4-methoxyphenyl)-2-oxiranecarboxylate",,"Methyl (2R,3S)-3-(4-methoxyphenyl)-2-oxiranecarboxylate",[],[],,158607,COC(=O)[C@@H]1O[C@H]1c1ccc(OC)cc1,"InChI=1S/C11H12O4/c1-13-8-5-3-7(4-6-8)9-10(15-9)11(12)14-2/h3-6,9-10H,1-2H3/t9-,10+/m0/s1",CVZUMGUZDAWOGA-VHSXEESVSA-N,C11H12O4,208.21299999999997,defined_single_substance,resolved,true,qsar,null,"{""identity_verification"":{""cid"":158607,""method"":""pubchem_cid_direct_structure"",""source"":""PubChem PUG REST"",""screening_envelope"":{""mw"":[30.0,500.0],""heavy_atoms"":[2,36]}},""offline_seed"":""pubchem-registry-20260724-v1""}",verified,1
"methyl (3ar,4r,7ar)-2-methyl-4-(1s,2r,3-triacetoxypropyl)-3a,7a-dihydro-4h-pyrano(3,4-d)oxazole-6-carboxylate",,"Methyl (3aR,4R,7aR)-2-methyl-4-(1S,2R,3-triacetoxypropyl)-3a,7a-dihydro-4H-pyrano(3,4-d)oxazole-6-carboxylate",[],[],,10047350,COC(=O)C1=C[C@H]2OC(C)=N[C@H]2[C@H]([C@H](OC(C)=O)[C@@H](COC(C)=O)OC(C)=O)O1,"InChI=1S/C18H23NO10/c1-8-19-15-12(26-8)6-13(18(23)24-5)29-17(15)16(28-11(4)22)14(27-10(3)21)7-25-9(2)20/h6,12,14-17H,7H2,1-5H3/t12-,14-,15-,16-,17-/m1/s1",NHGHQTDLCDGYEQ-LMHBHQSJSA-N,C18H23NO10,413.3790000000002,defined_single_substance,resolved,true,qsar,null,"{""identity_verification"":{""cid"":10047350,""method"":""pubchem_cid_direct_structure"",""source"":""PubChem PUG REST"",""screening_envelope"":{""mw"":[30.0,500.0],""heavy_atoms"":[2,36]}},""offline_seed"":""pubchem-registry-20260724-v1""}",verified,1
methyl (r)-2-(4-hydroxyphenoxy)propionate,,Methyl (R)-2-(4-hydroxyphenoxy)propionate,[],[],,2733752,COC(=O)[C@@H](C)Oc1ccc(O)cc1,"InChI=1S/C10H12O4/c1-7(10(12)13-2)14-9-5-3-8(11)4-6-9/h3-7,11H,1-2H3/t7-/m1/s1",UUYSCNGPNOYZMC-SSDOTTSWSA-N,C10H12O4,196.202,defined_single_substance,resolved,true,qsar,null,"{""identity_verification"":{""cid"":2733752,""method"":""pubchem_cid_direct_structure"",""source"":""PubChem PUG REST"",""screening_envelope"":{""mw"":[30.0,500.0],""heavy_atoms"":[2,36]}},""offline_seed"":""pubchem-registry-20260724-v1""}",verified,1
"methyl 2,5-dichlorobenzoate",,"Methyl 2,5-dichlorobenzoate",[],[],,17947,COC(=O)c1cc(Cl)ccc1Cl,"InChI=1S/C8H6Cl2O2/c1-12-8(11)6-4-5(9)2-3-7(6)10/h2-4H,1H3",SPJQBGGHUDNAIC-UHFFFAOYSA-N,C8H6Cl2O2,205.04,defined_single_substance,resolved,true,qsar,null,"{""identity_verification"":{""cid"":17947,""method"":""pubchem_cid_direct_structure"",""source"":""PubChem PUG REST"",""screening_envelope"":{""mw"":[30.0,500.0],""heavy_atoms"":[2,36]}},""offline_seed"":""pubchem-registry-20260724-v1""}",verified,1
methyl 2-((3-nitrophenyl)methylene)-3-oxobutanoate,,Methyl 2-((3-nitrophenyl)methylene)-3-oxobutanoate,[],[],,1536427,COC(=O)C(=Cc1cccc([N+](=O)[O-])c1)C(C)=O,"InChI=1S/C12H11NO5/c1-8(14)11(12(15)18-2)7-9-4-3-5-10(6-9)13(16)17/h3-7H,1-2H3",LYUBYLJQOZIBQB-UHFFFAOYSA-N,C12H11NO5,249.22199999999995,defined_single_substance,resolved,true,qsar,null,"{""identity_verification"":{""cid"":1536427,""method"":""pubchem_cid_direct_structure"",""source"":""PubChem PUG REST"",""screening_envelope"":{""mw"":[30.0,500.0],""heavy_atoms"":[2,36]}},""offline_seed"":""pubchem-registry-20260724-v1""}",verified,1
methyl 2-(2'-nitrobenzylidene)acetoacetate,,Methyl 2-(2'-nitrobenzylidene)acetoacetate,[],[],,787115,COC(=O)C(=Cc1ccccc1[N+](=O)[O-])C(C)=O,"InChI=1S/C12H11NO5/c1-8(14)10(12(15)18-2)7-9-5-3-4-6-11(9)13(16)17/h3-7H,1-2H3",APKKCRAKPMSAEI-UHFFFAOYSA-N,C12H11NO5,249.22199999999995,defined_single_substance,resolved,true,qsar,null,"{""identity_verification"":{""cid"":787115,""method"":""pubchem_cid_direct_structure"",""source"":""PubChem PUG REST"",""screening_envelope"":{""mw"":[30.0,500.0],""heavy_atoms"":[2,36]}},""offline_seed"":""pubchem-registry-20260724-v1""}",verified,1
methyl 2-(2-nitrobenzylidene)acetoacetate,,Methyl 2-(2-nitrobenzylidene)acetoacetate,[],[],,2259865,COC(=O)/C(=C/c1ccccc1[N+](=O)[O-])C(C)=O,"InChI=1S/C12H11NO5/c1-8(14)10(12(15)18-2)7-9-5-3-4-6-11(9)13(16)17/h3-7H,1-2H3/b10-7+",APKKCRAKPMSAEI-JXMROGBWSA-N,C12H11NO5,249.22199999999995,defined_single_substance,resolved,true,qsar,null,"{""identity_verification"":{""cid"":2259865,""method"":""pubchem_cid_direct_structure"",""source"":""PubChem PUG REST"",""screening_envelope"":{""mw"":[30.0,500.0],""heavy_atoms"":[2,36]}},""offline_seed"":""pubchem-registry-20260724-v1""}",verified,1
methyl 2-(acetylamino)-3-chloropropionate,,Methyl 2-(acetylamino)-3-chloropropionate,[],[],,287006,COC(=O)C(CCl)NC(C)=O,"InChI=1S/C6H10ClNO3/c1-4(9)8-5(3-7)6(10)11-2/h5H,3H2,1-2H3,(H,8,9)",IGKDMFMKAAPDDN-UHFFFAOYSA-N,C6H10ClNO3,179.60299999999998,defined_single_substance,resolved,true,qsar,null,"{""identity_verification"":{""cid"":287006,""method"":""pubchem_cid_direct_structure"",""source"":""PubChem PUG REST"",""screening_envelope"":{""mw"":[30.0,500.0],""heavy_atoms"":[2,36]}},""offline_seed"":""pubchem-registry-20260724-v1""}",verified,1
"methyl 2-(acetylamino)-3-chloropropionate, (r)-",,"Methyl 2-(acetylamino)-3-chloropropionate, (R)-",[],[],,13178877,COC(=O)[C@H](CCl)NC(C)=O,"InChI=1S/C6H10ClNO3/c1-4(9)8-5(3-7)6(10)11-2/h5H,3H2,1-2H3,(H,8,9)/t5-/m0/s1",IGKDMFMKAAPDDN-YFKPBYRVSA-N,C6H10ClNO3,179.60299999999998,defined_single_substance,resolved,true,qsar,null,"{""identity_verification"":{""cid"":13178877,""method"":""pubchem_cid_direct_structure"",""source"":""PubChem PUG REST"",""screening_envelope"":{""mw"":[30.0,500.0],""heavy_atoms"":[2,36]}},""offline_seed"":""pubchem-registry-20260724-v1""}",verified,1
"methyl 2-(acetylamino)-3-chloropropionate, (s)-",,"Methyl 2-(acetylamino)-3-chloropropionate, (S)-",[],[],,36691031,COC(=O)[C@@H](CCl)NC(C)=O,"InChI=1S/C6H10ClNO3/c1-4(9)8-5(3-7)6(10)11-2/h5H,3H2,1-2H3,(H,8,9)/t5-/m1/s1",IGKDMFMKAAPDDN-RXMQYKEDSA-N,C6H10ClNO3,179.60299999999998,defined_single_substance,resolved,true,qsar,null,"{""identity_verification"":{""cid"":36691031,""method"":""pubchem_cid_direct_structure"",""source"":""PubChem PUG REST"",""screening_envelope"":{""mw"":[30.0,500.0],""heavy_atoms"":[2,36]}},""offline_seed"":""pubchem-registry-20260724-v1""}",verified,1
methyl 2-[4-(2-chloro-4-nitrophenylazo)-3-(1-oxopropyl)amino]phenylaminopropionate,,Methyl 2-[4-(2-chloro-4-nitrophenylazo)-3-(1-oxopropyl)amino]phenylaminopropionate,[],[],,57370160,CCC(=O)Nc1cc(N[C@@H](C)C(=O)OC)ccc1N=Nc1ccc([N+](=O)[O-])cc1Cl,"InChI=1S/C19H20ClN5O5/c1-4-18(26)22-17-9-12(21-11(2)19(27)30-3)5-7-16(17)24-23-15-8-6-13(25(28)29)10-14(15)20/h5-11,21H,4H2,1-3H3,(H,22,26)/t11-/m0/s1",GGCPAZJYAXHGMU-NSHDSACASA-N,C19H20ClN5O5,433.8520000000001,defined_single_substance,resolved,true,qsar,null,"{""identity_verification"":{""cid"":57370160,""method"":""pubchem_cid_direct_structure"",""source"":""PubChem PUG REST"",""screening_envelope"":{""mw"":[30.0,500.0],""heavy_atoms"":[2,36]}},""offline_seed"":""pubchem-registry-20260724-v1""}",verified,1
"methyl 2-chloropropanoate, (s)-",,"Methyl 2-chloropropanoate, (S)-",[],[],,135535,COC(=O)[C@H](C)Cl,"InChI=1S/C4H7ClO2/c1-3(5)4(6)7-2/h3H,1-2H3/t3-/m0/s1",JLEJCNOTNLZCHQ-VKHMYHEASA-N,C4H7ClO2,122.551,defined_single_substance,resolved,true,qsar,null,"{""identity_verification"":{""cid"":135535,""method"":""pubchem_cid_direct_structure"",""source"":""PubChem PUG REST"",""screening_envelope"":{""mw"":[30.0,500.0],""heavy_atoms"":[2,36]}},""offline_seed"":""pubchem-registry-20260724-v1""}",verified,1
methyl 2-chlorosulfonyl-4-(methanesulfonylaminomethyl) benzoate,,Methyl 2-chlorosulfonyl-4-(methanesulfonylaminomethyl) benzoate,[],[],,22494947,COC(=O)c1ccc(CNS(C)(=O)=O)cc1S(=O)(=O)Cl,"InChI=1S/C10H12ClNO6S2/c1-18-10(13)8-4-3-7(6-12-19(2,14)15)5-9(8)20(11,16)17/h3-5,12H,6H2,1-2H3",NPMBYJAYDLKLCX-UHFFFAOYSA-N,C10H12ClNO6S2,341.794,defined_single_substance,resolved,true,qsar,null,"{""identity_verification"":{""cid"":22494947,""method"":""pubchem_cid_direct_structure"",""source"":""PubChem PUG REST"",""screening_envelope"":{""mw"":[30.0,500.0],""heavy_atoms"":[2,36]}},""offline_seed"":""pubchem-registry-20260724-v1""}",verified,1
methyl 2-hydroxy-2-(1-oxo-2-propenylamino)acetate,,Methyl 2-hydroxy-2-(1-oxo-2-propenylamino)acetate,[],[],,157058,C=CC(=O)NC(O)C(=O)OC,"InChI=1S/C6H9NO4/c1-3-4(8)7-5(9)6(10)11-2/h3,5,9H,1H2,2H3,(H,7,8)",YJOJMHVTEACTIC-UHFFFAOYSA-N,C6H9NO4,159.141,defined_single_substance,resolved,true,qsar,null,"{""identity_verification"":{""cid"":157058,""method"":""pubchem_cid_direct_structure"",""source"":""PubChem PUG REST"",""screening_envelope"":{""mw"":[30.0,500.0],""heavy_atoms"":[2,36]}},""offline_seed"":""pubchem-registry-20260724-v1""}",verified,1
methyl 3-(4-methoxyphenyl)-2-oxiranecarboxylate,,Methyl 3-(4-methoxyphenyl)-2-oxiranecarboxylate,[],[],,92325,COC(=O)C1OC1c1ccc(OC)cc1,"InChI=1S/C11H12O4/c1-13-8-5-3-7(4-6-8)9-10(15-9)11(12)14-2/h3-6,9-10H,1-2H3",CVZUMGUZDAWOGA-UHFFFAOYSA-N,C11H12O4,208.21299999999997,defined_single_substance,resolved,true,qsar,null,"{""identity_verification"":{""cid"":92325,""method"":""pubchem_cid_direct_structure"",""source"":""PubChem PUG REST"",""screening_envelope"":{""mw"":[30.0,500.0],""heavy_atoms"":[2,36]}},""offline_seed"":""pubchem-registry-20260724-v1""}",verified,1
methyl 3-(acetylthio)-2-methylpropanoate,,Methyl 3-(acetylthio)-2-methylpropanoate,[],[],,10910100,COC(=O)C(C)CSC(C)=O,"InChI=1S/C7H12O3S/c1-5(7(9)10-3)4-11-6(2)8/h5H,4H2,1-3H3",ODXYWRPJDYJIPT-UHFFFAOYSA-N,C7H12O3S,176.23699999999997,defined_single_substance,resolved,true,qsar,null,"{""identity_verification"":{""cid"":10910100,""method"":""pubchem_cid_direct_structure"",""source"":""PubChem PUG REST"",""screening_envelope"":{""mw"":[30.0,500.0],""heavy_atoms"":[2,36]}},""offline_seed"":""pubchem-registry-20260724-v1""}",verified,1
"methyl 3-amino-2,2,3-trimethylbutyrate",,"Methyl 3-amino-2,2,3-trimethylbutyrate",[],[],,154495,COC(=O)C(C)(C)C(C)(C)N,"InChI=1S/C8H17NO2/c1-7(2,6(10)11-5)8(3,4)9/h9H2,1-5H3",BJSXLPVEEZIQQQ-UHFFFAOYSA-N,C8H17NO2,159.22899999999996,defined_single_substance,resolved,true,qsar,null,"{""identity_verification"":{""cid"":154495,""method"":""pubchem_cid_direct_structure"",""source"":""PubChem PUG REST"",""screening_envelope"":{""mw"":[30.0,500.0],""heavy_atoms"":[2,36]}},""offline_seed"":""pubchem-registry-20260724-v1""}",verified,1
methyl 3-methoxyacrylate,,Methyl 3-methoxyacrylate,[],[],,5323651,CO/C=C/C(=O)OC,"InChI=1S/C5H8O3/c1-7-4-3-5(6)8-2/h3-4H,1-2H3/b4-3+",AUTCCPQKLPMHDN-ONEGZZNKSA-N,C5H8O3,116.116,defined_single_substance,resolved,true,qsar,null,"{""identity_verification"":{""cid"":5323651,""method"":""pubchem_cid_direct_structure"",""source"":""PubChem PUG REST"",""screening_envelope"":{""mw"":[30.0,500.0],""heavy_atoms"":[2,36]}},""offline_seed"":""pubchem-registry-20260724-v1""}",verified,1
methyl 4-(bromomethyl)-3-methoxybenzoate,,Methyl 4-(bromomethyl)-3-methoxybenzoate,[],[],,2759828,COC(=O)c1ccc(CBr)c(OC)c1,"InChI=1S/C10H11BrO3/c1-13-9-5-7(10(12)14-2)3-4-8(9)6-11/h3-5H,6H2,1-2H3",UXSNXOMMJXTFEG-UHFFFAOYSA-N,C10H11BrO3,259.09899999999993,defined_single_substance,resolved,true,qsar,null,"{""identity_verification"":{""cid"":2759828,""method"":""pubchem_cid_direct_structure"",""source"":""PubChem PUG REST"",""screening_envelope"":{""mw"":[30.0,500.0],""heavy_atoms"":[2,36]}},""offline_seed"":""pubchem-registry-20260724-v1""}",verified,1
methyl acetate,,Methyl Acetate,[],[],,6584,COC(C)=O,InChI=1S/C3H6O2/c1-3(4)5-2/h1-2H3,KXKVLQRXCPHEJC-UHFFFAOYSA-N,C3H6O2,74.07900000000001,defined_single_substance,resolved,true,qsar,null,"{""identity_verification"":{""cid"":6584,""method"":""pubchem_cid_direct_structure"",""source"":""PubChem PUG REST"",""screening_envelope"":{""mw"":[30.0,500.0],""heavy_atoms"":[2,36]}},""offline_seed"":""pubchem-registry-20260724-v1""}",verified,1
methyl acetoacetate,,Methyl acetoacetate,[],[],,7757,COC(=O)CC(C)=O,"InChI=1S/C5H8O3/c1-4(6)3-5(7)8-2/h3H2,1-2H3",WRQNANDWMGAFTP-UHFFFAOYSA-N,C5H8O3,116.11599999999999,defined_single_substance,resolved,true,qsar,null,"{""identity_verification"":{""cid"":7757,""method"":""pubchem_cid_direct_structure"",""source"":""PubChem PUG REST"",""screening_envelope"":{""mw"":[30.0,500.0],""heavy_atoms"":[2,36]}},""offline_seed"":""pubchem-registry-20260724-v1""}",verified,1
methyl acrylamidoglycolate methyl ether,,Methyl acrylamidoglycolate methyl ether,[],[],,156893,C=CC(=O)NC(OC)C(=O)OC,"InChI=1S/C7H11NO4/c1-4-5(9)8-6(11-2)7(10)12-3/h4,6H,1H2,2-3H3,(H,8,9)",JMSTYCQEPRPFBF-UHFFFAOYSA-N,C7H11NO4,173.16799999999998,defined_single_substance,resolved,true,qsar,null,"{""identity_verification"":{""cid"":156893,""method"":""pubchem_cid_direct_structure"",""source"":""PubChem PUG REST"",""screening_envelope"":{""mw"":[30.0,500.0],""heavy_atoms"":[2,36]}},""offline_seed"":""pubchem-registry-20260724-v1""}",verified,1
methyl acrylate,,Methyl Acrylate,[],[],,7294,C=CC(=O)OC,"InChI=1S/C4H6O2/c1-3-4(5)6-2/h3H,1H2,2H3",BAPJBEWLBFYGME-UHFFFAOYSA-N,C4H6O2,86.09,defined_single_substance,resolved,true,qsar,null,"{""identity_verification"":{""cid"":7294,""method"":""pubchem_cid_direct_structure"",""source"":""PubChem PUG REST"",""screening_envelope"":{""mw"":[30.0,500.0],""heavy_atoms"":[2,36]}},""offline_seed"":""pubchem-registry-20260724-v1""}",verified,1
methyl anthranilate,,Methyl Anthranilate,[],[],,8635,COC(=O)c1ccccc1N,"InChI=1S/C8H9NO2/c1-11-8(10)6-4-2-3-5-7(6)9/h2-5H,9H2,1H3",VAMXMNNIEUEQDV-UHFFFAOYSA-N,C8H9NO2,151.16499999999996,defined_single_substance,resolved,true,qsar,null,"{""identity_verification"":{""cid"":8635,""method"":""pubchem_cid_direct_structure"",""source"":""PubChem PUG REST"",""screening_envelope"":{""mw"":[30.0,500.0],""heavy_atoms"":[2,36]}},""offline_seed"":""pubchem-registry-20260724-v1""}",verified,1
methyl benzoate,,Methyl Benzoate,[],[],,7150,COC(=O)c1ccccc1,"InChI=1S/C8H8O2/c1-10-8(9)7-5-3-2-4-6-7/h2-6H,1H3",QPJVMBTYPHYUOC-UHFFFAOYSA-N,C8H8O2,136.14999999999998,defined_single_substance,resolved,true,qsar,null,"{""identity_verification"":{""cid"":7150,""method"":""pubchem_cid_direct_structure"",""source"":""PubChem PUG REST"",""screening_envelope"":{""mw"":[30.0,500.0],""heavy_atoms"":[2,36]}},""offline_seed"":""pubchem-registry-20260724-v1""}",verified,1
methyl bromide,,Methyl Bromide,[],[],,6323,CBr,InChI=1S/CH3Br/c1-2/h1H3,GZUXJHMPEANEGY-UHFFFAOYSA-N,CH3Br,94.939,defined_single_substance,resolved,true,qsar,null,"{""identity_verification"":{""cid"":6323,""method"":""pubchem_cid_direct_structure"",""source"":""PubChem PUG REST"",""screening_envelope"":{""mw"":[30.0,500.0],""heavy_atoms"":[2,36]}},""offline_seed"":""pubchem-registry-20260724-v1""}",verified,1
methyl chloroacetate,,Methyl chloroacetate,[],[],,7295,COC(=O)CCl,"InChI=1S/C3H5ClO2/c1-6-3(5)2-4/h2H2,1H3",QABLOFMHHSOFRJ-UHFFFAOYSA-N,C3H5ClO2,108.52400000000002,defined_single_substance,resolved,true,qsar,null,"{""identity_verification"":{""cid"":7295,""method"":""pubchem_cid_direct_structure"",""source"":""PubChem PUG REST"",""screening_envelope"":{""mw"":[30.0,500.0],""heavy_atoms"":[2,36]}},""offline_seed"":""pubchem-registry-20260724-v1""}",verified,1
methyl chloroformate,,Methyl chloroformate,[],[],,6586,COC(=O)Cl,InChI=1S/C2H3ClO2/c1-5-2(3)4/h1H3,XMJHPCRAQCTCFT-UHFFFAOYSA-N,C2H3ClO2,94.49700000000001,defined_single_substance,resolved,true,qsar,null,"{""identity_verification"":{""cid"":6586,""method"":""pubchem_cid_direct_structure"",""source"":""PubChem PUG REST"",""screening_envelope"":{""mw"":[30.0,500.0],""heavy_atoms"":[2,36]}},""offline_seed"":""pubchem-registry-20260724-v1""}",verified,1
methyl cyanoacrylate,,Methyl cyanoacrylate,[],[],,8711,C=C(C#N)C(=O)OC,"InChI=1S/C5H5NO2/c1-4(3-6)5(7)8-2/h1H2,2H3",MWCLLHOVUTZFKS-UHFFFAOYSA-N,C5H5NO2,111.10000000000001,defined_single_substance,resolved,true,qsar,null,"{""identity_verification"":{""cid"":8711,""method"":""pubchem_cid_direct_structure"",""source"":""PubChem PUG REST"",""screening_envelope"":{""mw"":[30.0,500.0],""heavy_atoms"":[2,36]}},""offline_seed"":""pubchem-registry-20260724-v1""}",verified,1
methyl ethyl ketone,,Methyl Ethyl Ketone,[],[],,6569,CCC(C)=O,"InChI=1S/C4H8O/c1-3-4(2)5/h3H2,1-2H3",ZWEHNKRNPOVVGH-UHFFFAOYSA-N,C4H8O,72.107,defined_single_substance,resolved,true,qsar,null,"{""identity_verification"":{""cid"":6569,""method"":""pubchem_cid_direct_structure"",""source"":""PubChem PUG REST"",""screening_envelope"":{""mw"":[30.0,500.0],""heavy_atoms"":[2,36]}},""offline_seed"":""pubchem-registry-20260724-v1""}",verified,1
methyl formate,,Methyl formate,[],[],,7865,COC=O,"InChI=1S/C2H4O2/c1-4-2-3/h2H,1H3",TZIHFWKZFHZASV-UHFFFAOYSA-N,C2H4O2,60.05200000000001,defined_single_substance,resolved,true,qsar,null,"{""identity_verification"":{""cid"":7865,""method"":""pubchem_cid_direct_structure"",""source"":""PubChem PUG REST"",""screening_envelope"":{""mw"":[30.0,500.0],""heavy_atoms"":[2,36]}},""offline_seed"":""pubchem-registry-20260724-v1""}",verified,1
methyl iodide,,Methyl iodide,[],[],,6328,CI,InChI=1S/CH3I/c1-2/h1H3,INQOMBQAUSQDDS-UHFFFAOYSA-N,CH3I,141.939,defined_single_substance,resolved,true,qsar,null,"{""identity_verification"":{""cid"":6328,""method"":""pubchem_cid_direct_structure"",""source"":""PubChem PUG REST"",""screening_envelope"":{""mw"":[30.0,500.0],""heavy_atoms"":[2,36]}},""offline_seed"":""pubchem-registry-20260724-v1""}",verified,1
methyl isobutyl ketone,,Methyl Isobutyl Ketone,[],[],,7909,CC(=O)CC(C)C,"InChI=1S/C6H12O/c1-5(2)4-6(3)7/h5H,4H2,1-3H3",NTIZESTWPVYFNL-UHFFFAOYSA-N,C6H12O,100.16099999999999,defined_single_substance,resolved,true,qsar,null,"{""identity_verification"":{""cid"":7909,""method"":""pubchem_cid_direct_structure"",""source"":""PubChem PUG REST"",""screening_envelope"":{""mw"":[30.0,500.0],""heavy_atoms"":[2,36]}},""offline_seed"":""pubchem-registry-20260724-v1""}",verified,1
methyl lactate,,Methyl Lactate,[],[],,11040,COC(=O)C(C)O,"InChI=1S/C4H8O3/c1-3(5)4(6)7-2/h3,5H,1-2H3",LPEKGGXMPWTOCB-UHFFFAOYSA-N,C4H8O3,104.10499999999999,defined_single_substance,resolved,true,qsar,null,"{""identity_verification"":{""cid"":11040,""method"":""pubchem_cid_direct_structure"",""source"":""PubChem PUG REST"",""screening_envelope"":{""mw"":[30.0,500.0],""heavy_atoms"":[2,36]}},""offline_seed"":""pubchem-registry-20260724-v1""}",verified,1
methyl methacrylate,,Methyl Methacrylate,[],[],,6658,C=C(C)C(=O)OC,"InChI=1S/C5H8O2/c1-4(2)5(6)7-3/h1H2,2-3H3",VVQNEPGJFQJSBK-UHFFFAOYSA-N,C5H8O2,100.11699999999999,defined_single_substance,resolved,true,qsar,null,"{""identity_verification"":{""cid"":6658,""method"":""pubchem_cid_direct_structure"",""source"":""PubChem PUG REST"",""screening_envelope"":{""mw"":[30.0,500.0],""heavy_atoms"":[2,36]}},""offline_seed"":""pubchem-registry-20260724-v1""}",verified,1
"methyl n-(3,4-dichlorophenyl)carbamate",,"methyl N-(3,4-dichlorophenyl)carbamate",[],[],,15969,COC(=O)Nc1ccc(Cl)c(Cl)c1,"InChI=1S/C8H7Cl2NO2/c1-13-8(12)11-5-2-3-6(9)7(10)4-5/h2-4H,1H3,(H,11,12)",WOZQBERUBLYCEG-UHFFFAOYSA-N,C8H7Cl2NO2,220.055,defined_single_substance,resolved,true,qsar,null,"{""identity_verification"":{""cid"":15969,""method"":""pubchem_cid_direct_structure"",""source"":""PubChem PUG REST"",""screening_envelope"":{""mw"":[30.0,500.0],""heavy_atoms"":[2,36]}},""offline_seed"":""pubchem-registry-20260724-v1""}",verified,1
methyl parathion,,Methyl Parathion,[],[],,4130,COP(=S)(OC)Oc1ccc([N+](=O)[O-])cc1,"InChI=1S/C8H10NO5PS/c1-12-15(16,13-2)14-8-5-3-7(4-6-8)9(10)11/h3-6H,1-2H3",RLBIQVVOMOPOHC-UHFFFAOYSA-N,C8H10NO5PS,263.211,defined_single_substance,resolved,true,qsar,null,"{""identity_verification"":{""cid"":4130,""method"":""pubchem_cid_direct_structure"",""source"":""PubChem PUG REST"",""screening_envelope"":{""mw"":[30.0,500.0],""heavy_atoms"":[2,36]}},""offline_seed"":""pubchem-registry-20260724-v1""}",verified,1
methyl tetrahydrofuran-2-carboxylate,,Methyl tetrahydrofuran-2-carboxylate,[],[],,169922,COC(=O)C1CCCO1,"InChI=1S/C6H10O3/c1-8-6(7)5-3-2-4-9-5/h5H,2-4H2,1H3",IXHZGHPQQTXOKV-UHFFFAOYSA-N,C6H10O3,130.143,defined_single_substance,resolved,true,qsar,null,"{""identity_verification"":{""cid"":169922,""method"":""pubchem_cid_direct_structure"",""source"":""PubChem PUG REST"",""screening_envelope"":{""mw"":[30.0,500.0],""heavy_atoms"":[2,36]}},""offline_seed"":""pubchem-registry-20260724-v1""}",verified,1
methyl trithion,,Methyl trithion,[],[],,13721,COP(=S)(OC)SCSc1ccc(Cl)cc1,"InChI=1S/C9H12ClO2PS3/c1-11-13(14,12-2)16-7-15-9-5-3-8(10)4-6-9/h3-6H,7H2,1-2H3",OUCCVXVYGFBXSV-UHFFFAOYSA-N,C9H12ClO2PS3,314.821,defined_single_substance,resolved,true,qsar,null,"{""identity_verification"":{""cid"":13721,""method"":""pubchem_cid_direct_structure"",""source"":""PubChem PUG REST"",""screening_envelope"":{""mw"":[30.0,500.0],""heavy_atoms"":[2,36]}},""offline_seed"":""pubchem-registry-20260724-v1""}",verified,1
methylamine,,Methylamine,[],[],,6329,CN,"InChI=1S/CH5N/c1-2/h2H2,1H3",BAVYZALUXZFZLV-UHFFFAOYSA-N,CH5N,31.058,defined_single_substance,resolved,true,qsar,null,"{""identity_verification"":{""cid"":6329,""method"":""pubchem_cid_direct_structure"",""source"":""PubChem PUG REST"",""screening_envelope"":{""mw"":[30.0,500.0],""heavy_atoms"":[2,36]}},""offline_seed"":""pubchem-registry-20260724-v1""}",verified,1
methylcyclohexane,,Methylcyclohexane,[],[],,7962,CC1CCCCC1,"InChI=1S/C7H14/c1-7-5-3-2-4-6-7/h7H,2-6H2,1H3",UAEPNZWRGJTJPN-UHFFFAOYSA-N,C7H14,98.18900000000001,defined_single_substance,resolved,true,qsar,null,"{""identity_verification"":{""cid"":7962,""method"":""pubchem_cid_direct_structure"",""source"":""PubChem PUG REST"",""screening_envelope"":{""mw"":[30.0,500.0],""heavy_atoms"":[2,36]}},""offline_seed"":""pubchem-registry-20260724-v1""}",verified,1
methylisothiazolinone,,Methylisothiazolinone,[],[],,39800,Cn1sccc1=O,"InChI=1S/C4H5NOS/c1-5-4(6)2-3-7-5/h2-3H,1H3",BEGLCMHJXHIJLR-UHFFFAOYSA-N,C4H5NOS,115.15699999999998,defined_single_substance,resolved,true,qsar,null,"{""identity_verification"":{""cid"":39800,""method"":""pubchem_cid_direct_structure"",""source"":""PubChem PUG REST"",""screening_envelope"":{""mw"":[30.0,500.0],""heavy_atoms"":[2,36]}},""offline_seed"":""pubchem-registry-20260724-v1""}",verified,1
methylparaben,Methylparaben,Methylparaben,[],"[""Methyl 4-hydroxybenzoate"",""METHYLPARABEN"",""99-76-3"",""Methyl paraben"",""Methyl p-hydroxybenzoate"",""Nipagin"",""Tegosept M"",""Moldex"",""Maseptol"",""Methyl parahydroxybenzoate"",""p-Hydroxybenzoic acid methyl ester"",""Preserval M"",""Preserval"",""Metaben"",""Methaben"",""Metoxyde"",""Paridol"",""Solbrol"",""Septos"",""Methyl parasept"",""4-Hydroxybenzoic acid methyl ester"",""Methyl butex"",""Methyl chemosept"",""p-Methoxycarbonylphenol"",""p-Carbomethoxyphenol"",""Nipagin M"",""Benzoic acid, 4-hydroxy-, methyl ester"",""Methylben"",""Abiol"",""Solbrol M"",""Methyl-p-hydroxybenzoate"",""Aseptoform"",""Methyl p-oxybenzoate"",""4-(Methoxycarbonyl)phenol"",""FEMA No. 2710"",""p-Hydroxybenzoic methyl ester"",""p-Oxybenzoesauremethylester"",""Methyl ester of p-hydroxybenzoic acid"",""Killitol"",""Benzoic acid, p-hydroxy-, methyl ester"",""Methylparaben e218"",""DTXSID4022529"",""Methyl paraben (e218)"",""NSC-3827"",""A2I8C7HI9T"",""Methylester kyseliny p-hydroxybenzoove"",""NSC-406127"",""INS NO.218"",""Methylis hydroxybenzoas"",""INS-218"",""DTXCID402529"",""E-218"",""CHEBI:31835"",""NSC3827"",""E218"",""RefChem:6467"",""isLeaf Tattoo Eyebrow Brown"",""isLeaf Long Lasting Waterproof Eyeliner Black"",""isLeaf Long Lasting Waterproof Eyeliner Brown"",""202-785-7"",""MFCD00002352"",""4-Hydroxybenzoic acid, methyl ester"",""methyl-4-hydroxybenzoate"",""methyl 4- hydroxybenzoate"",""NSC 3827"",""p-Hydroxybenzoic acid, methyl ester"",""4-HYDROXY-BENZOIC ACID METHYL ESTER"",""methyl-4-hydroxybenzoat"",""CHEMBL325372"",""4-Hydroxybenzoic acid-methyl ester"",""NCGC00159376-02"",""NCGC00159376-04"",""WLN: QR DVO1"",""Methylparaben [USAN]"",""Metagin"",""Caswell No. 573PP"",""FEMA Number 2710"",""CAS-99-76-3"",""SMR000036660"",""Methyl 4-?Hydroxybenzoate(Methyl Paraben)"",""CCRIS 3946"",""HSDB 1184"",""p-Oxybenzoesauremethylester [German]"",""EINECS 202-785-7"",""Methylparaben [USAN:NF]"",""UNII-A2I8C7HI9T"",""EPA Pesticide Chemical Code 061201"",""BRN 0509801"",""METHYL4-HYDROXYBENZOATE"",""AI3-01336"",""Lexgard M"",""Paraben M"",""Methylester kyseliny p-hydroxybenzoove [Czech]"",""(Methyl Paraben)"",""Methylparaben, NF"",""Methylparaben, FCC"",""4-carbomethoxyphenol"",""Methylparaben (NF)"",""INS number 218"",""NIPAGIN PLAIN"",""Solparol (Salt/Mix)"",""methyl 4-hydoxybenzoate"",""Nifuroxazide Impurity 2"",""methyl 4 hydroxybenzoate"",""methyl 4-hydroxylbenzoate"",""methyl 4-hydroxy-benzoate"",""methyl-4-hydroxy-benzoate"",""Methyl 4-?Hydroxybenzoate"",""Methyl paraben (Standard)"",""METHYLPARABEN [II]"",""METHYLPARABEN [MI]"",""Preserval MS (Salt/Mix)"",""bmse010009"",""EC 202-785-7"",""methyl (4-hydroxy)benzoate"",""METHYLPARABEN [FCC]"",""cid_7456"",""SCHEMBL4440"",""Methyl paraben, >/=99%"",""METHYLPARABEN [HSDB]"",""METHYLPARABEN [VANDF]"",""MLS001304047"",""MLS001304187"",""BIDD:ER0241"",""Methyl parahydroxybenzoate CRS"",""SCHEMBL646523"",""4-hydroxybenzoate methyl ester"",""INS No. 218"",""METHYL PARABEN [VANDF]"",""METHYLPARABEN [USP-RS]"",""METHYLPARABEN [WHO-DD]"",""GTPL6273"",""orb1221620"",""orb1303838"",""orb3139872"",""SCHEMBL6197887"",""SCHEMBL8315092"",""SCHEMBL27417951"",""HY-N0349R"",""4-Hydroxybenzoic acid methylester"",""methyl 4-hydroxybenzenecarboxylate"",""MSK2509"",""HMS2883I08"",""HMS5082L11"",""Methyl Paraben, analytical standard"",""Methyl parahydroxybenzoate (JP18)"",""4-hydroxy benzoic acid methyl ester"",""CS-D1181"",""HY-N0349"",""Tox21_111616"",""Tox21_202318"",""Tox21_300009"",""BBL005648"",""BDBM50209100"",""CK1194"",""EBC-26102"",""Methyl 4-hydroxybenzoate - BP grade"",""NSC406127"",""s3985"",""SBB040908"",""STK802470"",""AKOS000119910"",""METHYL HYDROXYBENZOATE [MART.]"",""Tox21_111616_1"",""CCG-266228"",""DB14212"",""FM01972"",""METHYL HYDROXYBENZOATE [WHO-IP]"",""METHYL P-HYDROXYBENZOATE [FHFI]"",""METHYL PARAHYDROXYBENZOATE [JAN]"",""Methyl 4-hydroxybenzoate, >=99%, FCC"",""NCGC00159376-03"",""NCGC00159376-05"",""NCGC00159376-06"",""NCGC00253939-01"",""NCGC00259867-01"",""FM163295"",""SY006626"",""BENZOIC ACID,4-HYDROXY,METHYL ESTER"",""DB-080628"",""E 218"",""H0216"",""M2206"",""Methyl 4-hydroxybenzoate, analytical standard"",""Methyl 4-hydroxybenzoate, p.a., 98-102%"",""NS00001849"",""ST50214511"",""EN300-15481"",""METHYLIS HYDROXYBENZOAS [WHO-IP LATIN]"",""D01400"",""Methyl 4-hydroxybenzoate, USP, 98.0-102.0%"",""METHYL PARAHYDROXYBENZOATE [EP MONOGRAPH]"",""AK-087/40191206"",""F209090"",""F575207"",""METHYL SALICYLATE IMPURITY C [EP IMPURITY]"",""Q229987"",""BRD-K78321730-001-10-8"",""Methyl 4-hydroxybenzoate, SAJ first grade, >=98.0%"",""Methyl 4-hydroxybenzoate, tested according to Ph.Eur.""]",99-76-3,7456,COC(=O)c1ccc(O)cc1,"InChI=1S/C8H8O3/c1-11-8(10)6-2-4-7(9)5-3-6/h2-5,9H,1H3",LXCFILQKKLGQFO-UHFFFAOYSA-N,C8H8O3,152.15,defined_single_substance,resolved,true,qsar,null,"{""pubchem"":{""cid"":7456,""reason_th"":""พบโครงสร้างโมเลกุลเดี่ยวจาก PubChem แต่ต้องยืนยันตัวตนก่อนส่งเข้า QSAR"",""fetched_at"":""2026-07-24T14:43:27.330452+00:00"",""source_url"":""https://pubchem.ncbi.nlm.nih.gov/compound/7456"",""reason_code"":""awaiting_verification"",""proposed_qsar_eligible"":true},""last_review"":{""action"":""verify"",""reviewed_at"":""2026-07-24T14:43:27.359243+00:00"",""reviewer_note"":""Catalog seed accepted only after exact canonical structure match with PubChem""},""first_source"":""manual:pubchem_lookup"",""observations"":[{""source"":""manual:pubchem_lookup"",""seen_at"":""2026-07-24T14:43:27.332758+00:00"",""observed_name"":""Methylparaben"",""ocr_confidence"":null}],""offline_seed"":""pubchem-registry-20260724-v1""}",verified,2
methylphenidate,,Methylphenidate,[],[],,4158,COC(=O)C(c1ccccc1)C1CCCCN1,"InChI=1S/C14H19NO2/c1-17-14(16)13(11-7-3-2-4-8-11)12-9-5-6-10-15-12/h2-4,7-8,12-13,15H,5-6,9-10H2,1H3",DUGOZIWVEXMGBE-UHFFFAOYSA-N,C14H19NO2,233.31100000000004,defined_single_substance,resolved,true,qsar,null,"{""identity_verification"":{""cid"":4158,""method"":""pubchem_cid_direct_structure"",""source"":""PubChem PUG REST"",""screening_envelope"":{""mw"":[30.0,500.0],""heavy_atoms"":[2,36]}},""offline_seed"":""pubchem-registry-20260724-v1""}",verified,1
metolcarb,,Metolcarb,[],[],,14322,CNC(=O)Oc1cccc(C)c1,"InChI=1S/C9H11NO2/c1-7-4-3-5-8(6-7)12-9(11)10-2/h3-6H,1-2H3,(H,10,11)",VOEYXMAFNDNNED-UHFFFAOYSA-N,C9H11NO2,165.19199999999998,defined_single_substance,resolved,true,qsar,null,"{""identity_verification"":{""cid"":14322,""method"":""pubchem_cid_direct_structure"",""source"":""PubChem PUG REST"",""screening_envelope"":{""mw"":[30.0,500.0],""heavy_atoms"":[2,36]}},""offline_seed"":""pubchem-registry-20260724-v1""}",verified,1
metribuzin,,Metribuzin,[],[],,30479,CSc1nnc(C(C)(C)C)c(=O)n1N,"InChI=1S/C8H14N4OS/c1-8(2,3)5-6(13)12(9)7(14-4)11-10-5/h9H2,1-4H3",FOXFZRUHNHCZPX-UHFFFAOYSA-N,C8H14N4OS,214.294,defined_single_substance,resolved,true,qsar,null,"{""identity_verification"":{""cid"":30479,""method"":""pubchem_cid_direct_structure"",""source"":""PubChem PUG REST"",""screening_envelope"":{""mw"":[30.0,500.0],""heavy_atoms"":[2,36]}},""offline_seed"":""pubchem-registry-20260724-v1""}",verified,1
mevinphos,,Mevinphos,[],[],,9560,COC(=O)C=C(C)OP(=O)(OC)OC,"InChI=1S/C7H13O6P/c1-6(5-7(8)10-2)13-14(9,11-3)12-4/h5H,1-4H3",GEPDYQSQVLXLEU-UHFFFAOYSA-N,C7H13O6P,224.14899999999997,defined_single_substance,resolved,true,qsar,null,"{""identity_verification"":{""cid"":9560,""method"":""pubchem_cid_direct_structure"",""source"":""PubChem PUG REST"",""screening_envelope"":{""mw"":[30.0,500.0],""heavy_atoms"":[2,36]}},""offline_seed"":""pubchem-registry-20260724-v1""}",verified,1
mexacarbate,,Mexacarbate,[],[],,9414,CNC(=O)Oc1cc(C)c(N(C)C)c(C)c1,"InChI=1S/C12H18N2O2/c1-8-6-10(16-12(15)13-3)7-9(2)11(8)14(4)5/h6-7H,1-5H3,(H,13,15)",YNEVBPNZHBAYOA-UHFFFAOYSA-N,C12H18N2O2,222.28799999999998,defined_single_substance,resolved,true,qsar,null,"{""identity_verification"":{""cid"":9414,""method"":""pubchem_cid_direct_structure"",""source"":""PubChem PUG REST"",""screening_envelope"":{""mw"":[30.0,500.0],""heavy_atoms"":[2,36]}},""offline_seed"":""pubchem-registry-20260724-v1""}",verified,1
"momfluorothrin, (z,1r,3r)-",,"Momfluorothrin, (Z,1R,3R)-",[],[],,25015075,COCc1c(F)c(F)c(COC(=O)[C@@H]2[C@@H](/C=C(/C)C#N)C2(C)C)c(F)c1F,"InChI=1S/C19H19F4NO3/c1-9(6-24)5-12-13(19(12,2)3)18(25)27-8-11-16(22)14(20)10(7-26-4)15(21)17(11)23/h5,12-13H,7-8H2,1-4H3/b9-5-/t12-,13+/m1/s1",DPJITPZADZSLBP-DQXQJKBJSA-N,C19H19F4NO3,385.357,defined_single_substance,resolved,true,qsar,null,"{""identity_verification"":{""cid"":25015075,""method"":""pubchem_cid_direct_structure"",""source"":""PubChem PUG REST"",""screening_envelope"":{""mw"":[30.0,500.0],""heavy_atoms"":[2,36]}},""offline_seed"":""pubchem-registry-20260724-v1""}",verified,1
monobenzone,,Monobenzone,[],[],,7638,Oc1ccc(OCc2ccccc2)cc1,"InChI=1S/C13H12O2/c14-12-6-8-13(9-7-12)15-10-11-4-2-1-3-5-11/h1-9,14H,10H2",VYQNWZOUAUKGHI-UHFFFAOYSA-N,C13H12O2,200.237,defined_single_substance,resolved,true,qsar,null,"{""identity_verification"":{""cid"":7638,""method"":""pubchem_cid_direct_structure"",""source"":""PubChem PUG REST"",""screening_envelope"":{""mw"":[30.0,500.0],""heavy_atoms"":[2,36]}},""offline_seed"":""pubchem-registry-20260724-v1""}",verified,1
monocrotophos,,Monocrotophos,[],[],,5371562,CNC(=O)/C=C(\C)OP(=O)(OC)OC,"InChI=1S/C7H14NO5P/c1-6(5-7(9)8-2)13-14(10,11-3)12-4/h5H,1-4H3,(H,8,9)/b6-5+",KRTSDMXIXPKRQR-AATRIKPKSA-N,C7H14NO5P,223.16499999999996,defined_single_substance,resolved,true,qsar,null,"{""identity_verification"":{""cid"":5371562,""method"":""pubchem_cid_direct_structure"",""source"":""PubChem PUG REST"",""screening_envelope"":{""mw"":[30.0,500.0],""heavy_atoms"":[2,36]}},""offline_seed"":""pubchem-registry-20260724-v1""}",verified,1
monolinuron,,Monolinuron,[],[],,15629,CON(C)C(=O)Nc1ccc(Cl)cc1,"InChI=1S/C9H11ClN2O2/c1-12(14-2)9(13)11-8-5-3-7(10)4-6-8/h3-6H,1-2H3,(H,11,13)",LKJPSUCKSLORMF-UHFFFAOYSA-N,C9H11ClN2O2,214.652,defined_single_substance,resolved,true,qsar,null,"{""identity_verification"":{""cid"":15629,""method"":""pubchem_cid_direct_structure"",""source"":""PubChem PUG REST"",""screening_envelope"":{""mw"":[30.0,500.0],""heavy_atoms"":[2,36]}},""offline_seed"":""pubchem-registry-20260724-v1""}",verified,1
"monomenthyl succinate, (-)-",,"Monomenthyl succinate, (-)-",[],[],,11219061,CC(C)[C@@H]1CC[C@@H](C)C[C@H]1OC(=O)CCC(=O)O,"InChI=1S/C14H24O4/c1-9(2)11-5-4-10(3)8-12(11)18-14(17)7-6-13(15)16/h9-12H,4-8H2,1-3H3,(H,15,16)/t10-,11+,12-/m1/s1",BLILOGGUTRWFNI-GRYCIOLGSA-N,C14H24O4,256.3419999999999,defined_single_substance,resolved,true,qsar,null,"{""identity_verification"":{""cid"":11219061,""method"":""pubchem_cid_direct_structure"",""source"":""PubChem PUG REST"",""screening_envelope"":{""mw"":[30.0,500.0],""heavy_atoms"":[2,36]}},""offline_seed"":""pubchem-registry-20260724-v1""}",verified,1
monuron,,Monuron,[],[],,8800,CN(C)C(=O)Nc1ccc(Cl)cc1,"InChI=1S/C9H11ClN2O/c1-12(2)9(13)11-8-5-3-7(10)4-6-8/h3-6H,1-2H3,(H,11,13)",BMLIZLVNXIYGCK-UHFFFAOYSA-N,C9H11ClN2O,198.653,defined_single_substance,resolved,true,qsar,null,"{""identity_verification"":{""cid"":8800,""method"":""pubchem_cid_direct_structure"",""source"":""PubChem PUG REST"",""screening_envelope"":{""mw"":[30.0,500.0],""heavy_atoms"":[2,36]}},""offline_seed"":""pubchem-registry-20260724-v1""}",verified,1
morphothion,,Morphothion,[],[],,8952,COP(=S)(OC)SCC(=O)N1CCOCC1,"InChI=1S/C8H16NO4PS2/c1-11-14(15,12-2)16-7-8(10)9-3-5-13-6-4-9/h3-7H2,1-2H3",NTHGWXIWFHGPLK-UHFFFAOYSA-N,C8H16NO4PS2,285.32700000000006,defined_single_substance,resolved,true,qsar,null,"{""identity_verification"":{""cid"":8952,""method"":""pubchem_cid_direct_structure"",""source"":""PubChem PUG REST"",""screening_envelope"":{""mw"":[30.0,500.0],""heavy_atoms"":[2,36]}},""offline_seed"":""pubchem-registry-20260724-v1""}",verified,1
"n,n'-bis(trifluoroacetyl)-s,s'-bis-l-homocysteine",,"N,N'-bis(trifluoroacetyl)-S,S'-bis-L-homocysteine",[],[],,11271129,O=C(O)[C@H](CCSSCC[C@H](NC(=O)C(F)(F)F)C(=O)O)NC(=O)C(F)(F)F,"InChI=1S/C12H14F6N2O6S2/c13-11(14,15)9(25)19-5(7(21)22)1-3-27-28-4-2-6(8(23)24)20-10(26)12(16,17)18/h5-6H,1-4H2,(H,19,25)(H,20,26)(H,21,22)(H,23,24)/t5-,6-/m0/s1",YAJJPBDKGWHGFJ-WDSKDSINSA-N,C12H14F6N2O6S2,460.3740000000001,defined_single_substance,resolved,true,qsar,null,"{""identity_verification"":{""cid"":11271129,""method"":""pubchem_cid_direct_structure"",""source"":""PubChem PUG REST"",""screening_envelope"":{""mw"":[30.0,500.0],""heavy_atoms"":[2,36]}},""offline_seed"":""pubchem-registry-20260724-v1""}",verified,1
"n,n-bis(trimethylsilyl)aminopropylmethyldiethoxysilane",,"N,N-Bis(trimethylsilyl)aminopropylmethyldiethoxysilane",[],[],,149152613,CCOC(OCC)[SiH2]CCCN([Si](C)(C)C)[Si](C)(C)C,"InChI=1S/C14H37NO2Si3/c1-9-16-14(17-10-2)18-13-11-12-15(19(3,4)5)20(6,7)8/h14H,9-13,18H2,1-8H3",DZWHSENNZDUIML-UHFFFAOYSA-N,C14H37NO2Si3,335.7130000000001,defined_single_substance,resolved,true,qsar,null,"{""identity_verification"":{""cid"":149152613,""method"":""pubchem_cid_direct_structure"",""source"":""PubChem PUG REST"",""screening_envelope"":{""mw"":[30.0,500.0],""heavy_atoms"":[2,36]}},""offline_seed"":""pubchem-registry-20260724-v1""}",verified,1
"n,n-diethyl-m-toluamide",,"N,N-diethyl-m-toluamide",[],[],,4284,CCN(CC)C(=O)c1cccc(C)c1,"InChI=1S/C12H17NO/c1-4-13(5-2)12(14)11-8-6-7-10(3)9-11/h6-9H,4-5H2,1-3H3",MMOXZBCLCQITDF-UHFFFAOYSA-N,C12H17NO,191.274,defined_single_substance,resolved,true,qsar,null,"{""identity_verification"":{""cid"":4284,""method"":""pubchem_cid_direct_structure"",""source"":""PubChem PUG REST"",""screening_envelope"":{""mw"":[30.0,500.0],""heavy_atoms"":[2,36]}},""offline_seed"":""pubchem-registry-20260724-v1""}",verified,1
"n,n-dimethyl-p-phenylenediamine",,"N,N-dimethyl-p-phenylenediamine",[],[],,7472,CN(C)c1ccc(N)cc1,"InChI=1S/C8H12N2/c1-10(2)8-5-3-7(9)4-6-8/h3-6H,9H2,1-2H3",BZORFPDSXLZWJF-UHFFFAOYSA-N,C8H12N2,136.19799999999995,defined_single_substance,resolved,true,qsar,null,"{""identity_verification"":{""cid"":7472,""method"":""pubchem_cid_direct_structure"",""source"":""PubChem PUG REST"",""screening_envelope"":{""mw"":[30.0,500.0],""heavy_atoms"":[2,36]}},""offline_seed"":""pubchem-registry-20260724-v1""}",verified,1
"n,n-dimethylaniline",,"N,N-Dimethylaniline",[],[],,949,CN(C)c1ccccc1,"InChI=1S/C8H11N/c1-9(2)8-6-4-3-5-7-8/h3-7H,1-2H3",JLTDJTHDQAWBAV-UHFFFAOYSA-N,C8H11N,121.18299999999995,defined_single_substance,resolved,true,qsar,null,"{""identity_verification"":{""cid"":949,""method"":""pubchem_cid_direct_structure"",""source"":""PubChem PUG REST"",""screening_envelope"":{""mw"":[30.0,500.0],""heavy_atoms"":[2,36]}},""offline_seed"":""pubchem-registry-20260724-v1""}",verified,1
n-((6-chloro-3-pyridinyl)methyl)-n'-cyano-n-methylethanimidamide,,N-((6-Chloro-3-pyridinyl)methyl)-N'-cyano-N-methylethanimidamide,[],[],,213021,CC(=NC#N)N(C)Cc1ccc(Cl)nc1,"InChI=1S/C10H11ClN4/c1-8(14-7-12)15(2)6-9-3-4-10(11)13-5-9/h3-5H,6H2,1-2H3",WCXDHFDTOYPNIE-UHFFFAOYSA-N,C10H11ClN4,222.67900000000003,defined_single_substance,resolved,true,qsar,null,"{""identity_verification"":{""cid"":213021,""method"":""pubchem_cid_direct_structure"",""source"":""PubChem PUG REST"",""screening_envelope"":{""mw"":[30.0,500.0],""heavy_atoms"":[2,36]}},""offline_seed"":""pubchem-registry-20260724-v1""}",verified,1
n-(2-hydroxyethyl)ethylenediamine,,N-(2-Hydroxyethyl)ethylenediamine,[],[],,8112,NCCNCCO,"InChI=1S/C4H12N2O/c5-1-2-6-3-4-7/h6-7H,1-5H2",LHIJANUOQQMGNT-UHFFFAOYSA-N,C4H12N2O,104.153,defined_single_substance,resolved,true,qsar,null,"{""identity_verification"":{""cid"":8112,""method"":""pubchem_cid_direct_structure"",""source"":""PubChem PUG REST"",""screening_envelope"":{""mw"":[30.0,500.0],""heavy_atoms"":[2,36]}},""offline_seed"":""pubchem-registry-20260724-v1""}",verified,1
n-butoxy-2-propanol,,n-Butoxy-2-propanol,[],[],,21210,CCCCOCC(C)O,"InChI=1S/C7H16O2/c1-3-4-5-9-6-7(2)8/h7-8H,3-6H2,1-2H3",RWNUSVWFHDHRCJ-UHFFFAOYSA-N,C7H16O2,132.203,defined_single_substance,resolved,true,qsar,null,"{""identity_verification"":{""cid"":21210,""method"":""pubchem_cid_direct_structure"",""source"":""PubChem PUG REST"",""screening_envelope"":{""mw"":[30.0,500.0],""heavy_atoms"":[2,36]}},""offline_seed"":""pubchem-registry-20260724-v1""}",verified,1
n-ethyl-3-nitro paba,,N-Ethyl-3-nitro PABA,[],[],,3729086,CCNc1ccc(C(=O)O)cc1[N+](=O)[O-],"InChI=1S/C9H10N2O4/c1-2-10-7-4-3-6(9(12)13)5-8(7)11(14)15/h3-5,10H,2H2,1H3,(H,12,13)",XPLTXYDVYDWSSO-UHFFFAOYSA-N,C9H10N2O4,210.18899999999996,defined_single_substance,resolved,true,qsar,null,"{""identity_verification"":{""cid"":3729086,""method"":""pubchem_cid_direct_structure"",""source"":""PubChem PUG REST"",""screening_envelope"":{""mw"":[30.0,500.0],""heavy_atoms"":[2,36]}},""offline_seed"":""pubchem-registry-20260724-v1""}",verified,1
n-ethyl-n-nitrosourea,,N-Ethyl-N-nitrosourea,[],[],,12967,CCN(N=O)C(N)=O,"InChI=1S/C3H7N3O2/c1-2-6(5-8)3(4)7/h2H2,1H3,(H2,4,7)",FUSGACRLAFQQRL-UHFFFAOYSA-N,C3H7N3O2,117.108,defined_single_substance,resolved,true,qsar,null,"{""identity_verification"":{""cid"":12967,""method"":""pubchem_cid_direct_structure"",""source"":""PubChem PUG REST"",""screening_envelope"":{""mw"":[30.0,500.0],""heavy_atoms"":[2,36]}},""offline_seed"":""pubchem-registry-20260724-v1""}",verified,1
n-methyl-2-pyrrolidone,,N-methyl-2-pyrrolidone,[],[],,13387,CN1CCCC1=O,"InChI=1S/C5H9NO/c1-6-4-2-3-5(6)7/h2-4H2,1H3",SECXISVLQFMRJM-UHFFFAOYSA-N,C5H9NO,99.133,defined_single_substance,resolved,true,qsar,null,"{""identity_verification"":{""cid"":13387,""method"":""pubchem_cid_direct_structure"",""source"":""PubChem PUG REST"",""screening_envelope"":{""mw"":[30.0,500.0],""heavy_atoms"":[2,36]}},""offline_seed"":""pubchem-registry-20260724-v1""}",verified,1
n-methyl-n'-nitro-n-nitrosoguanidine,,N-Methyl-N'-nitro-N-nitrosoguanidine,[],[],,135436526,CN(N=O)C(=N)N[N+](=O)[O-],"InChI=1S/C2H5N5O3/c1-6(5-8)2(3)4-7(9)10/h1H3,(H2,3,4)",VZUNGTLZRAYYDE-UHFFFAOYSA-N,C2H5N5O3,147.094,defined_single_substance,resolved,true,qsar,null,"{""identity_verification"":{""cid"":135436526,""method"":""pubchem_cid_direct_structure"",""source"":""PubChem PUG REST"",""screening_envelope"":{""mw"":[30.0,500.0],""heavy_atoms"":[2,36]}},""offline_seed"":""pubchem-registry-20260724-v1""}",verified,1
n-methyldiethanolamine,,N-Methyldiethanolamine,[],[],,7767,CN(CCO)CCO,"InChI=1S/C5H13NO2/c1-6(2-4-7)3-5-8/h7-8H,2-5H2,1H3",CRVGTESFCCXCTH-UHFFFAOYSA-N,C5H13NO2,119.16399999999999,defined_single_substance,resolved,true,qsar,null,"{""identity_verification"":{""cid"":7767,""method"":""pubchem_cid_direct_structure"",""source"":""PubChem PUG REST"",""screening_envelope"":{""mw"":[30.0,500.0],""heavy_atoms"":[2,36]}},""offline_seed"":""pubchem-registry-20260724-v1""}",verified,1
n-nitrosodibutylamine,,N-Nitrosodibutylamine,[],[],,13542,CCCCN(CCCC)N=O,"InChI=1S/C8H18N2O/c1-3-5-7-10(9-11)8-6-4-2/h3-8H2,1-2H3",YGJHZCLPZAZIHH-UHFFFAOYSA-N,C8H18N2O,158.24499999999998,defined_single_substance,resolved,true,qsar,null,"{""identity_verification"":{""cid"":13542,""method"":""pubchem_cid_direct_structure"",""source"":""PubChem PUG REST"",""screening_envelope"":{""mw"":[30.0,500.0],""heavy_atoms"":[2,36]}},""offline_seed"":""pubchem-registry-20260724-v1""}",verified,1
n-nitrosodiethylamine,,N-Nitrosodiethylamine,[],[],,5921,CCN(CC)N=O,"InChI=1S/C4H10N2O/c1-3-6(4-2)5-7/h3-4H2,1-2H3",WBNQDOYYEUMPFS-UHFFFAOYSA-N,C4H10N2O,102.137,defined_single_substance,resolved,true,qsar,null,"{""identity_verification"":{""cid"":5921,""method"":""pubchem_cid_direct_structure"",""source"":""PubChem PUG REST"",""screening_envelope"":{""mw"":[30.0,500.0],""heavy_atoms"":[2,36]}},""offline_seed"":""pubchem-registry-20260724-v1""}",verified,1
n-nitrosodiphenylamine,,N-Nitrosodiphenylamine,[],[],,6838,O=NN(c1ccccc1)c1ccccc1,InChI=1S/C12H10N2O/c15-13-14(11-7-3-1-4-8-11)12-9-5-2-6-10-12/h1-10H,UBUCNCOMADRQHX-UHFFFAOYSA-N,C12H10N2O,198.225,defined_single_substance,resolved,true,qsar,null,"{""identity_verification"":{""cid"":6838,""method"":""pubchem_cid_direct_structure"",""source"":""PubChem PUG REST"",""screening_envelope"":{""mw"":[30.0,500.0],""heavy_atoms"":[2,36]}},""offline_seed"":""pubchem-registry-20260724-v1""}",verified,1
n-nitrosodipropylamine,,N-Nitrosodipropylamine,[],[],,12130,CCCN(CCC)N=O,"InChI=1S/C6H14N2O/c1-3-5-8(7-9)6-4-2/h3-6H2,1-2H3",YLKFDHTUAUWZPQ-UHFFFAOYSA-N,C6H14N2O,130.191,defined_single_substance,resolved,true,qsar,null,"{""identity_verification"":{""cid"":12130,""method"":""pubchem_cid_direct_structure"",""source"":""PubChem PUG REST"",""screening_envelope"":{""mw"":[30.0,500.0],""heavy_atoms"":[2,36]}},""offline_seed"":""pubchem-registry-20260724-v1""}",verified,1
naled,,Naled,[],[],,4420,COP(=O)(OC)OC(Br)C(Cl)(Cl)Br,"InChI=1S/C4H7Br2Cl2O4P/c1-10-13(9,11-2)12-3(5)4(6,7)8/h3H,1-2H3",BUYMVQAILCEWRR-UHFFFAOYSA-N,C4H7Br2Cl2O4P,380.784,defined_single_substance,resolved,true,qsar,null,"{""identity_verification"":{""cid"":4420,""method"":""pubchem_cid_direct_structure"",""source"":""PubChem PUG REST"",""screening_envelope"":{""mw"":[30.0,500.0],""heavy_atoms"":[2,36]}},""offline_seed"":""pubchem-registry-20260724-v1""}",verified,1
naltrexone,,Naltrexone,[],[],,5360515,O=C1CC[C@@]2(O)[C@H]3Cc4ccc(O)c5c4[C@@]2(CCN3CC2CC2)[C@H]1O5,"InChI=1S/C20H23NO4/c22-13-4-3-12-9-15-20(24)6-5-14(23)18-19(20,16(12)17(13)25-18)7-8-21(15)10-11-1-2-11/h3-4,11,15,18,22,24H,1-2,5-10H2/t15-,18+,19+,20-/m1/s1",DQCKKXVULJGBQN-XFWGSAIBSA-N,C20H23NO4,341.407,defined_single_substance,resolved,true,qsar,null,"{""identity_verification"":{""cid"":5360515,""method"":""pubchem_cid_direct_structure"",""source"":""PubChem PUG REST"",""screening_envelope"":{""mw"":[30.0,500.0],""heavy_atoms"":[2,36]}},""offline_seed"":""pubchem-registry-20260724-v1""}",verified,1
naphthalene,,Naphthalene,[],[],,931,c1ccc2ccccc2c1,InChI=1S/C10H8/c1-2-6-10-8-4-3-7-9(10)5-1/h1-8H,UFWIBTONFRDIAS-UHFFFAOYSA-N,C10H8,128.17399999999995,defined_single_substance,resolved,true,qsar,null,"{""identity_verification"":{""cid"":931,""method"":""pubchem_cid_direct_structure"",""source"":""PubChem PUG REST"",""screening_envelope"":{""mw"":[30.0,500.0],""heavy_atoms"":[2,36]}},""offline_seed"":""pubchem-registry-20260724-v1""}",verified,1
neodecanoyl chloride,,Neodecanoyl chloride,[],[],,94502,CC(C)(C)CCCCCC(=O)Cl,"InChI=1S/C10H19ClO/c1-10(2,3)8-6-4-5-7-9(11)12/h4-8H2,1-3H3",WOFMVUZGDHWHLJ-UHFFFAOYSA-N,C10H19ClO,190.714,defined_single_substance,resolved,true,qsar,null,"{""identity_verification"":{""cid"":94502,""method"":""pubchem_cid_direct_structure"",""source"":""PubChem PUG REST"",""screening_envelope"":{""mw"":[30.0,500.0],""heavy_atoms"":[2,36]}},""offline_seed"":""pubchem-registry-20260724-v1""}",verified,1
neopentyl glycol diacrylate,,Neopentyl glycol diacrylate,[],[],,16680,C=CC(=O)OCC(C)(C)COC(=O)C=C,"InChI=1S/C11H16O4/c1-5-9(12)14-7-11(3,4)8-15-10(13)6-2/h5-6H,1-2,7-8H2,3-4H3",MXFQRSUWYYSPOC-UHFFFAOYSA-N,C11H16O4,212.24499999999995,defined_single_substance,resolved,true,qsar,null,"{""identity_verification"":{""cid"":16680,""method"":""pubchem_cid_direct_structure"",""source"":""PubChem PUG REST"",""screening_envelope"":{""mw"":[30.0,500.0],""heavy_atoms"":[2,36]}},""offline_seed"":""pubchem-registry-20260724-v1""}",verified,1
neopentyl glycol diglycidyl ether,,Neopentyl glycol diglycidyl ether,[],[],,28594,CC(C)(COCC1CO1)COCC1CO1,"InChI=1S/C11H20O4/c1-11(2,7-12-3-9-5-14-9)8-13-4-10-6-15-10/h9-10H,3-8H2,1-2H3",KUAUJXBLDYVELT-UHFFFAOYSA-N,C11H20O4,216.27699999999996,defined_single_substance,resolved,true,qsar,null,"{""identity_verification"":{""cid"":28594,""method"":""pubchem_cid_direct_structure"",""source"":""PubChem PUG REST"",""screening_envelope"":{""mw"":[30.0,500.0],""heavy_atoms"":[2,36]}},""offline_seed"":""pubchem-registry-20260724-v1""}",verified,1
nerol,,Nerol,[],[],,643820,CC(C)=CCC/C(C)=C\CO,"InChI=1S/C10H18O/c1-9(2)5-4-6-10(3)7-8-11/h5,7,11H,4,6,8H2,1-3H3/b10-7-",GLZPCOQZEFWAFX-YFHOEESVSA-N,C10H18O,154.253,defined_single_substance,resolved,true,qsar,null,"{""identity_verification"":{""cid"":643820,""method"":""pubchem_cid_direct_structure"",""source"":""PubChem PUG REST"",""screening_envelope"":{""mw"":[30.0,500.0],""heavy_atoms"":[2,36]}},""offline_seed"":""pubchem-registry-20260724-v1""}",verified,1
niacinamide,Niacinamide,Nicotinamide,[],"[""nicotinamide"",""niacinamide"",""98-92-0"",""3-Pyridinecarboxamide"",""pyridine-3-carboxamide"",""Nicotinic acid amide"",""Aminicotin"",""Amixicotyn"",""Benicot"",""Dipegyl"",""Papulex"",""Pelonin amide"",""Nicotilamide"",""Endobion"",""Hansamid"",""Nicamindon"",""Nicobion"",""Nicofort"",""Nikotinamid"",""Niozymin"",""Savacotyl"",""Pelmine"",""Nicotinic amide"",""Delonin amide"",""3-Carbamoylpyridine"",""Austrovit PP"",""Vi-Nicotyl"",""Inovitan PP"",""Amnicotin"",""Nicomidol"",""Nicosylamide"",""Nicotamide"",""Nicotililamido"",""Nicotylamide"",""Nicovitina"",""Nicovitol"",""Nicozymin"",""Niocinamide"",""Niacevit"",""Niamide"",""Nicamina"",""Nicasir"",""Nicogen"",""Nicotol"",""Nicovit"",""Nicota"",""Nicosan 2"",""Niko-tamin"",""Pyridine-3-carboxylic acid amide"",""Nandervit-N"",""Nicotine acid amide"",""Niavit PP"",""Nicotine amide"",""Nikotinsaeureamid"",""beta-Pyridinecarboxamide"",""Pyridine, 3-carbamoyl-"",""Nicotinamidum"",""Nicotylamidum"",""Nicotinsaureamid"",""3-Pyridinecarboxylic acid amide"",""Nicotinamida"",""Factor pp"",""m-(Aminocarbonyl)pyridine"",""Nicovel"",""Pelmin"",""Witamina PP"",""PP-Faktor"",""Amid kyseliny nikotinove"",""Amide PP"",""Dipigyl"",""Niacinamid"",""DTXSID2020929"",""NSC-13128"",""NSC-27452"",""Niacinamide (USP)"",""Niacinamide [USP]"",""25X51I8RD4"",""Niacin (as niacinamide)"",""NSC13128"",""DTXCID00929"",""CHEBI:17154"",""NSC27452"",""B3, Vitamin"",""Vitamin B 3"",""B 3, Vitamin"",""3 Pyridinecarboxamide"",""skin"",""Creankojicaid"",""Nicosedine"",""Phytokerating"",""Freederm"",""Nicamid"",""Niatin"",""Trstay"",""facial cream"",""Nicam"",""gel cream"",""Coconut Hydrate"",""Collagen Cream"",""Corrector Cream"",""Ginger Germinal"",""Hydrogel Cream"",""Organic Miracle"",""Radiance Cream"",""Tanning Mousse"",""Tratay Collagen"",""Trestay Retinol"",""Trstay Avocado"",""Trstay Collagen"",""Trstay Firming"",""Trstay Gardenia"",""Trstay Retinol"",""Turmeric Cream"",""Ultra Whitening"",""Whitening Cream"",""Infinite Aloe"",""Layender Oil"",""Minyak Kemiri"",""Retinol Cream"",""Rice Ceramide"",""Shaping Cream"",""Sleeping Mask"",""Stretch Marks"",""Trstay Cream"",""Men cheam"",""Acid Cream"",""Astragalus Cream"",""Facial Oil"",""Ginger King"",""Glycerin Essence"",""Lightening Cream"",""Neck Cream"",""Night Cream"",""Peari Cream"",""Pearl Cream"",""Smooth Skincream"",""Snail Cream"",""Snail Mucin"",""Snal Cream"",""Tightening Cream"",""Trstay Bala"",""Trstay Pferdebal"",""CellExosome HR"",""CellExosome SB"",""Age Renew"",""Body Balm"",""Dr Rashel"",""Men Cream"",""Bard Growth Oil"",""Dark Spot Cream"",""Day Night Cream"",""Foot Body Cream"",""Foot Care Cream"",""Ginseng Whitening"",""Liftingneck Cream"",""Peptideface Cream"",""Pure Jojoba Oil"",""Retinol HA"",""Rice Moisturizing"",""Skinfirming Cream"",""Vitamin E Serum"",""Water Gel Cream"",""Dark Spot Wand"",""Men Face Cream"",""Niacinamide 4%"",""sadoerbuttockscream"",""Super Aaua Max"",""Super Aqua Max"",""Anti Aging Cream"",""Dr.Jucre Rebirth"",""Herbal Gray Hair"",""Koiic Acid Cream"",""Koile Acid Cream"",""Kojic Acid Cream"",""Pro Dark Spot"",""Trasay Vitamin C"",""Trstay Dark Soot"",""Trstay Eye Cream"",""Trstay Eye Serum"",""Trstay Lift Firm"",""Trstay Skin Care"",""Trstay V-Face"",""Trstay Vitamin C"",""Ganoderma Nutrient"",""Moisturizing Cream"",""Tea Tree Oll"",""Trstay Glutathione"",""Trstay Moisturizer"",""Royal GinsengCream"",""TOAS Rejuvenation"",""Collagen hyaluronic"",""Emblem Clean Skin"",""Firming Day Cream"",""Hip Lift Up"",""Kojic Acid Rmeric"",""Papaya Face Cream"",""Pre Wax Treatment"",""Proven By Science"",""Retinol Eye Cream"",""Retinol face cream""]",98-92-0,936,NC(=O)c1cccnc1,"InChI=1S/C6H6N2O/c7-6(9)5-2-1-3-8-4-5/h1-4H,(H2,7,9)",DFPAKSUCGFBDDF-UHFFFAOYSA-N,C6H6N2O,122.12,defined_single_substance,resolved,true,qsar,null,"{""pubchem"":{""cid"":936,""reason_th"":""พบโครงสร้างโมเลกุลเดี่ยวจาก PubChem แต่ต้องยืนยันตัวตนก่อนส่งเข้า QSAR"",""fetched_at"":""2026-07-24T14:43:53.978308+00:00"",""source_url"":""https://pubchem.ncbi.nlm.nih.gov/compound/936"",""reason_code"":""awaiting_verification"",""proposed_qsar_eligible"":true},""last_review"":{""action"":""verify"",""reviewed_at"":""2026-07-24T14:43:54.015854+00:00"",""reviewer_note"":""Catalog seed accepted only after exact canonical structure match with PubChem""},""first_source"":""manual:pubchem_lookup"",""observations"":[{""source"":""manual:pubchem_lookup"",""seen_at"":""2026-07-24T14:43:53.980714+00:00"",""observed_name"":""Niacinamide"",""ocr_confidence"":null}],""offline_seed"":""pubchem-registry-20260724-v1""}",verified,2
nicotinic acid,,Nicotinic Acid,[],[],,938,O=C(O)c1cccnc1,"InChI=1S/C6H5NO2/c8-6(9)5-2-1-3-7-4-5/h1-4H,(H,8,9)",PVNIIMVLHYAWGP-UHFFFAOYSA-N,C6H5NO2,123.11099999999996,defined_single_substance,resolved,true,qsar,null,"{""identity_verification"":{""cid"":938,""method"":""pubchem_cid_direct_structure"",""source"":""PubChem PUG REST"",""screening_envelope"":{""mw"":[30.0,500.0],""heavy_atoms"":[2,36]}},""offline_seed"":""pubchem-registry-20260724-v1""}",verified,1
nitrapyrin,,Nitrapyrin,[],[],,16004,Clc1cccc(C(Cl)(Cl)Cl)n1,"InChI=1S/C6H3Cl4N/c7-5-3-1-2-4(11-5)6(8,9)10/h1-3H",DCUJJWWUNKIJPH-UHFFFAOYSA-N,C6H3Cl4N,230.909,defined_single_substance,resolved,true,qsar,null,"{""identity_verification"":{""cid"":16004,""method"":""pubchem_cid_direct_structure"",""source"":""PubChem PUG REST"",""screening_envelope"":{""mw"":[30.0,500.0],""heavy_atoms"":[2,36]}},""offline_seed"":""pubchem-registry-20260724-v1""}",verified,1
nitrobenzene,,Nitrobenzene,[],[],,7416,O=[N+]([O-])c1ccccc1,InChI=1S/C6H5NO2/c8-7(9)6-4-2-1-3-5-6/h1-5H,LQNUZADURLCDLV-UHFFFAOYSA-N,C6H5NO2,123.11099999999998,defined_single_substance,resolved,true,qsar,null,"{""identity_verification"":{""cid"":7416,""method"":""pubchem_cid_direct_structure"",""source"":""PubChem PUG REST"",""screening_envelope"":{""mw"":[30.0,500.0],""heavy_atoms"":[2,36]}},""offline_seed"":""pubchem-registry-20260724-v1""}",verified,1
nitroethane,,Nitroethane,[],[],,6587,CC[N+](=O)[O-],"InChI=1S/C2H5NO2/c1-2-3(4)5/h2H2,1H3",MCSAJNNLRCFZED-UHFFFAOYSA-N,C2H5NO2,75.067,defined_single_substance,resolved,true,qsar,null,"{""identity_verification"":{""cid"":6587,""method"":""pubchem_cid_direct_structure"",""source"":""PubChem PUG REST"",""screening_envelope"":{""mw"":[30.0,500.0],""heavy_atoms"":[2,36]}},""offline_seed"":""pubchem-registry-20260724-v1""}",verified,1
nitrofen,,Nitrofen,[],[],,15787,O=[N+]([O-])c1ccc(Oc2ccc(Cl)cc2Cl)cc1,InChI=1S/C12H7Cl2NO3/c13-8-1-6-12(11(14)7-8)18-10-4-2-9(3-5-10)15(16)17/h1-7H,XITQUSLLOSKDTB-UHFFFAOYSA-N,C12H7Cl2NO3,284.09799999999996,defined_single_substance,resolved,true,qsar,null,"{""identity_verification"":{""cid"":15787,""method"":""pubchem_cid_direct_structure"",""source"":""PubChem PUG REST"",""screening_envelope"":{""mw"":[30.0,500.0],""heavy_atoms"":[2,36]}},""offline_seed"":""pubchem-registry-20260724-v1""}",verified,1
nitroglycerin,,Nitroglycerin,[],[],,4510,O=[N+]([O-])OCC(CO[N+](=O)[O-])O[N+](=O)[O-],"InChI=1S/C3H5N3O9/c7-4(8)13-1-3(15-6(11)12)2-14-5(9)10/h3H,1-2H2",SNIOPGDIGTZGOP-UHFFFAOYSA-N,C3H5N3O9,227.08499999999995,defined_single_substance,resolved,true,qsar,null,"{""identity_verification"":{""cid"":4510,""method"":""pubchem_cid_direct_structure"",""source"":""PubChem PUG REST"",""screening_envelope"":{""mw"":[30.0,500.0],""heavy_atoms"":[2,36]}},""offline_seed"":""pubchem-registry-20260724-v1""}",verified,1
nitromethane,,Nitromethane,[],[],,6375,C[N+](=O)[O-],InChI=1S/CH3NO2/c1-2(3)4/h1H3,LYGJENNIWJXYER-UHFFFAOYSA-N,CH3NO2,61.040000000000006,defined_single_substance,resolved,true,qsar,null,"{""identity_verification"":{""cid"":6375,""method"":""pubchem_cid_direct_structure"",""source"":""PubChem PUG REST"",""screening_envelope"":{""mw"":[30.0,500.0],""heavy_atoms"":[2,36]}},""offline_seed"":""pubchem-registry-20260724-v1""}",verified,1
nonanal,,Nonanal,[],[],,31289,CCCCCCCCC=O,"InChI=1S/C9H18O/c1-2-3-4-5-6-7-8-9-10/h9H,2-8H2,1H3",GYHFUZHODSMOHU-UHFFFAOYSA-N,C9H18O,142.242,defined_single_substance,resolved,true,qsar,null,"{""identity_verification"":{""cid"":31289,""method"":""pubchem_cid_direct_structure"",""source"":""PubChem PUG REST"",""screening_envelope"":{""mw"":[30.0,500.0],""heavy_atoms"":[2,36]}},""offline_seed"":""pubchem-registry-20260724-v1""}",verified,1
nonanoic acid,,Nonanoic Acid,[],[],,8158,CCCCCCCCC(=O)O,"InChI=1S/C9H18O2/c1-2-3-4-5-6-7-8-9(10)11/h2-8H2,1H3,(H,10,11)",FBUKVWPVBMHYJY-UHFFFAOYSA-N,C9H18O2,158.241,defined_single_substance,resolved,true,qsar,null,"{""identity_verification"":{""cid"":8158,""method"":""pubchem_cid_direct_structure"",""source"":""PubChem PUG REST"",""screening_envelope"":{""mw"":[30.0,500.0],""heavy_atoms"":[2,36]}},""offline_seed"":""pubchem-registry-20260724-v1""}",verified,1
nortriptyline,,Nortriptyline,[],[],,4543,CNCCC=C1c2ccccc2CCc2ccccc21,"InChI=1S/C19H21N/c1-20-14-6-11-19-17-9-4-2-7-15(17)12-13-16-8-3-5-10-18(16)19/h2-5,7-11,20H,6,12-14H2,1H3",PHVGLTMQBUFIQQ-UHFFFAOYSA-N,C19H21N,263.38399999999996,defined_single_substance,resolved,true,qsar,null,"{""identity_verification"":{""cid"":4543,""method"":""pubchem_cid_direct_structure"",""source"":""PubChem PUG REST"",""screening_envelope"":{""mw"":[30.0,500.0],""heavy_atoms"":[2,36]}},""offline_seed"":""pubchem-registry-20260724-v1""}",verified,1
noruron,,Noruron,[],[],,12313523,CN(C)C(=O)N[C@@H]1C[C@@H]2C[C@H]1[C@@H]1CCC[C@H]21,"InChI=1S/C13H22N2O/c1-15(2)13(16)14-12-7-8-6-11(12)10-5-3-4-9(8)10/h8-12H,3-7H2,1-2H3,(H,14,16)/t8-,9+,10+,11-,12+/m0/s1",YGLMVCVJLXREAK-MTVMDMGHSA-N,C13H22N2O,222.33199999999994,defined_single_substance,resolved,true,qsar,null,"{""identity_verification"":{""cid"":12313523,""method"":""pubchem_cid_direct_structure"",""source"":""PubChem PUG REST"",""screening_envelope"":{""mw"":[30.0,500.0],""heavy_atoms"":[2,36]}},""offline_seed"":""pubchem-registry-20260724-v1""}",verified,1
"o,o'-(ethenylmethylsilylene)di[(4-methylpentan-2-one)oxime]",,"O,O'-(ethenylmethylsilylene)di[(4-methylpentan-2-one)oxime]",[],[],,15219161,C=C[Si](C)(O/N=C(\C)CC(C)C)O/N=C(\C)CC(C)C,"InChI=1S/C15H30N2O2Si/c1-9-20(8,18-16-14(6)10-12(2)3)19-17-15(7)11-13(4)5/h9,12-13H,1,10-11H2,2-8H3/b16-14+,17-15+",NKUNTGYMXDVLMJ-YXLFCKQPSA-N,C15H30N2O2Si,298.50300000000004,defined_single_substance,resolved,true,qsar,null,"{""identity_verification"":{""cid"":15219161,""method"":""pubchem_cid_direct_structure"",""source"":""PubChem PUG REST"",""screening_envelope"":{""mw"":[30.0,500.0],""heavy_atoms"":[2,36]}},""offline_seed"":""pubchem-registry-20260724-v1""}",verified,1
"o,o-diethyl o-(4-methyl-2-oxo-2h-1-benzopyran-7-yl) phosphorothioate",,"O,O-Diethyl O-(4-methyl-2-oxo-2H-1-benzopyran-7-yl) phosphorothioate",[],[],,10496498,CCOP(=S)(OCC)Oc1ccc2c(C)cc(=O)oc2c1,"InChI=1S/C14H17O5PS/c1-4-16-20(21,17-5-2)19-11-6-7-12-10(3)8-14(15)18-13(12)9-11/h6-9H,4-5H2,1-3H3",KNIUHBNRWZGIQQ-UHFFFAOYSA-N,C14H17O5PS,328.3260000000001,defined_single_substance,resolved,true,qsar,null,"{""identity_verification"":{""cid"":10496498,""method"":""pubchem_cid_direct_structure"",""source"":""PubChem PUG REST"",""screening_envelope"":{""mw"":[30.0,500.0],""heavy_atoms"":[2,36]}},""offline_seed"":""pubchem-registry-20260724-v1""}",verified,1
o-cresol,,O-Cresol,[],[],,335,Cc1ccccc1O,"InChI=1S/C7H8O/c1-6-4-2-3-5-7(6)8/h2-5,8H,1H3",QWVGKYWNOKOFNN-UHFFFAOYSA-N,C7H8O,108.13999999999999,defined_single_substance,resolved,true,qsar,null,"{""identity_verification"":{""cid"":335,""method"":""pubchem_cid_direct_structure"",""source"":""PubChem PUG REST"",""screening_envelope"":{""mw"":[30.0,500.0],""heavy_atoms"":[2,36]}},""offline_seed"":""pubchem-registry-20260724-v1""}",verified,1
o-xylene,,O-Xylene,[],[],,7237,Cc1ccccc1C,"InChI=1S/C8H10/c1-7-5-3-4-6-8(7)2/h3-6H,1-2H3",CTQNGGLPUBDAKN-UHFFFAOYSA-N,C8H10,106.16799999999999,defined_single_substance,resolved,true,qsar,null,"{""identity_verification"":{""cid"":7237,""method"":""pubchem_cid_direct_structure"",""source"":""PubChem PUG REST"",""screening_envelope"":{""mw"":[30.0,500.0],""heavy_atoms"":[2,36]}},""offline_seed"":""pubchem-registry-20260724-v1""}",verified,1
octabenzone,,Octabenzone,[],[],,15797,CCCCCCCCOc1ccc(C(=O)c2ccccc2)c(O)c1,"InChI=1S/C21H26O3/c1-2-3-4-5-6-10-15-24-18-13-14-19(20(22)16-18)21(23)17-11-8-7-9-12-17/h7-9,11-14,16,22H,2-6,10,15H2,1H3",QUAMTGJKVDWJEQ-UHFFFAOYSA-N,C21H26O3,326.43600000000004,defined_single_substance,resolved,true,qsar,null,"{""identity_verification"":{""cid"":15797,""method"":""pubchem_cid_direct_structure"",""source"":""PubChem PUG REST"",""screening_envelope"":{""mw"":[30.0,500.0],""heavy_atoms"":[2,36]}},""offline_seed"":""pubchem-registry-20260724-v1""}",verified,1
octanal,,Octanal,[],[],,454,CCCCCCCC=O,"InChI=1S/C8H16O/c1-2-3-4-5-6-7-8-9/h8H,2-7H2,1H3",NUJGJRNETVAIRJ-UHFFFAOYSA-N,C8H16O,128.215,defined_single_substance,resolved,true,qsar,null,"{""identity_verification"":{""cid"":454,""method"":""pubchem_cid_direct_structure"",""source"":""PubChem PUG REST"",""screening_envelope"":{""mw"":[30.0,500.0],""heavy_atoms"":[2,36]}},""offline_seed"":""pubchem-registry-20260724-v1""}",verified,1
"octanedioic acid, 2-butyl-",,"Octanedioic acid, 2-butyl-",[],[],,6452288,CCCCC(CCCCCC(=O)O)C(=O)O,"InChI=1S/C12H22O4/c1-2-3-7-10(12(15)16)8-5-4-6-9-11(13)14/h10H,2-9H2,1H3,(H,13,14)(H,15,16)",OWCLRJQYKBAMOL-UHFFFAOYSA-N,C12H22O4,230.30399999999997,defined_single_substance,resolved,true,qsar,null,"{""identity_verification"":{""cid"":6452288,""method"":""pubchem_cid_direct_structure"",""source"":""PubChem PUG REST"",""screening_envelope"":{""mw"":[30.0,500.0],""heavy_atoms"":[2,36]}},""offline_seed"":""pubchem-registry-20260724-v1""}",verified,1
octanoic acid,,Octanoic Acid,[],[],,379,CCCCCCCC(=O)O,"InChI=1S/C8H16O2/c1-2-3-4-5-6-7-8(9)10/h2-7H2,1H3,(H,9,10)",WWZKQHOCKIZLMA-UHFFFAOYSA-N,C8H16O2,144.214,defined_single_substance,resolved,true,qsar,null,"{""identity_verification"":{""cid"":379,""method"":""pubchem_cid_direct_structure"",""source"":""PubChem PUG REST"",""screening_envelope"":{""mw"":[30.0,500.0],""heavy_atoms"":[2,36]}},""offline_seed"":""pubchem-registry-20260724-v1""}",verified,1
octinoxate,Octinoxate,Octinoxate,[],"[""Octinoxate"",""Parsol MCX"",""Parsol MOX"",""Parsol"",""Octyl methoxycinnamate"",""2-Ethylhexyl-p-methoxycinnamate"",""Escalol 557"",""Sunscreen AV"",""Ethylhexyl methoxycinnamate"",""Uvinul MC80"",""2-Ethylhexyl p-methoxycinnamate"",""Ethylhexyl p-methoxycinnamate"",""2-ethylhexyl (E)-3-(4-methoxyphenyl)prop-2-enoate"",""Neo heliopan AV"",""Eusolex 2292"",""octyl-methoxycinnamate"",""2-Ethylhexyl methoxycinnamate"",""Uvinul MC 80"",""Ocinoxate"",""Octyl p-Methoxycinnamate"",""2-Ethylhexyl-4-methoxycinnamate"",""Jeescreen omc"",""Solarom omc"",""Parsol mcx-sa"",""Escalol 557nb"",""Uvinul mc 80n"",""Escalol 557t"",""Uvinul mc 90"",""4Y5P7MUD51"",""Uvinul 3088"",""Eusolex uv-pearls omc"",""Sun caps 664"",""Tinosorb OMC"",""octylmethoxycinnamate"",""NSC-26466"",""DTXCID905302"",""P-METHOXYCINNAMIC ACID 2-ETHYLHEXYL ESTER"",""octinoxato"",""DTXSID1025302"",""OMC cinnamate"",""EHMC cpd"",""3-(4-Methoxyphenyl)-2-propenoic acid, 2-ethylhexyl ester"",""octinoxatum"",""Expression"",""Foundation"",""Hydromarine"",""Regemarine"",""Seborrheic"",""Retin"",""Calcium Repair"",""Octinoxate,"",""sunscreen sprays"",""Beyond Color"",""Silky Finish"",""Alix Avien"",""octinoxate powder"",""Anti Aging Star"",""Expression Marine"",""Hyaluronic Filler"",""La Creme Plus"",""Ultra Color Rich"",""Octinoxate 6%"",""Regemarine Extreme"",""Retin C"",""Satin Satisfaction"",""Vita K"",""Hydromarine Extreme"",""Silky Finish Fluid"",""Octinoxate 6.0%"",""Seborrheic Purifying"",""Surf Bay Lip Balm"",""ultra color absolute"",""Laser Block 100"",""Bebak Sun Protection"",""TRACELESS"",""Beyond Color Lipcolor"",""Panama Jack SPF 4"",""LBel Supremacie Teint"",""RESILIENCE LIFT"",""DOUBLE MATTE"",""PERFECT BUST"",""VIRTUAL SKIN"",""MICRO RETOUCHING"",""EGF UV SHIELD"",""Hyaluronic Filler Serum"",""Long Last Makeup 00"",""Long Last Makeup 01"",""Long Last Makeup 03"",""Long Last Makeup 05"",""Note Sunglow Foundation"",""Garnier Skin Active BB"",""Note BB Concealer 01"",""Note BB Concealer 02"",""Note BB Concealer 03"",""RefChem:55743"",""Kroger Dark Tanning Oil"",""ethylhexl methoxycinnamate"",""PERFECT BUST BODY"",""TREATMENT LIPSHINE"",""Flormar BB BB01 Fair"",""Optimal Tinted Complexion"",""Flormar BB BB03 Light"",""Note BB 500"",""Tanning Sunscreen SPF 4"",""UV MILD SUN BLOCK"",""Note BB 100 Porcelain"",""Camouflage Concealer Cream"",""Flormar BB BB05 Medium"",""Intervene Makeup SPF 15"",""FACE IT AQUA TINTED"",""Laser Block 100 sunblock"",""STUDIO MOISTURE TINT"",""Alix Avien Vegan CC Cream"",""MINERALIZE FOUNDATION"",""Note BB 200 Soft Ivory"",""Cover Cream. Sun protection"",""CRYSTAL MIRACLE MULTI"",""Note BB 300 Light Beige"",""Beyond Color Lip Conditioner"",""Satin Satisfaction Lip Color"",""Ultra Color Rich Cool Bliss"",""Conju Princess UV Sun Block"",""Rimmel BB Cream Beauty Balm"",""Skin Recovery Face SPF 15"",""Flormar CC 02 Anti Redness"",""Flormar CC 04 Anti Fatigue"",""RAIN AND SHINE LIPTINT"",""Beyond Color Plumping Lipcolor"",""Flormar BB BB02 Fair Light"",""Healthy Makeup Lip Conditioner"",""FIRMING AND MOISTURIZING"",""Flormar BB BB06 Medium Dark"",""MOISTURE RICH FOUNDATION"",""Flormar BB BB04 Light Medium"",""Flormar Mattifying BB 01 Fair"",""COLOR CORRECTING SPF 20"",""Kroger Dark Tanning Oil SPF 4"",""MAC SELECT TINT SPF 15"",""Flormar Mattifying BB 03 Light"",""D02BA02"",""DR MYERS WATER KEEP SKINS"",""Flormar Mattifying BB 05 Medium"",""SELECT SPF 15 FOUNDATION"",""Alix Avien Vegan Matte Foundation"",""Balm with Natural Butters SPF15"",""Tanning Sunscreen SPF 4 Daylogic"",""TREATMENT LIPSHINE SPF 15"",""Flormar CC 03 Anti Dark Circles"",""Pretty by Flormar BB 001 Light"",""Rimmel BB Cream Beauty Balm Dark"",""Suntone BROAD SPECTRUM SPF 4"",""Maquillaje Liquido Maxima Cobertura"",""Rimmel BB Cream Beauty Balm Light"",""Ultra Color Rich Moisture Seduction"",""EFFET PARFAIT ROUGE AMPLIFIER"",""FIRMING AND MOISTURIZING BODY"",""FUTURIST AGE RESISTING MAKEUP"",""Intervene Makeup SPF 15 Soft Sand"",""Rimmel BB Cream Beauty Balm Medium"",""STUDIO MOISTURE TINT SPF 15"",""Sunscreen Karina Skin Care SPF 15"",""TOM FORD TRACELESS FOUNDATION"",""Intervene Makeup SPF 15 Soft Beige"",""Intervene Makeup SPF 15 Soft Cocoa"",""Intervene Makeup SPF 15 Soft Honey"",""Intervene Makeup SPF 15 Soft Shell"",""Intervene Makeup SPF 15 Soft Toast"",""Intervene Makeup SPF 15 Soft Wheat"",""Mattifying Facial SPF 15 Oily Skin"",""MINERALIZE FOUNDATION SPF 15"",""Walgreens Dark Tanning Oil Sunscreen"",""Beyond Color Plumping Lip Conditioner"",""Flormar Mattifying BB 02 Fair Light"",""Panama Jack SPF 4 Dark Tanning Oil"",""TRACELESS SKIN RESPONSIVE TINT"",""Flormar Mattifying BB 06 Medium Dark"",""Intervene Makeup SPF 15 Soft Bisque"",""Intervene Makeup SPF 15 Soft Bronze"",""Intervene Makeup SPF 15 Soft Toffee"",""ESIKA PRO PERFECT MATCH VOLUMEN"",""Flormar Mattifying BB 04 Light Medium"",""Dr. C. Tuna Sun Bronzing Oil SPF 6"",""Intervene Makeup SPF 15 Soft Sunbeige"",""Long Last Make UP 02 (Neo Heliopan)"",""MOISTURE RICH FOUNDATION SPF 15"",""Note Mattifying Extreme Wear Foundation"",""Pretty by Flormar BB 003 Dark Medium"",""Rimmel BB Cream Beauty Balm Very Light"",""Flormar Smooth Touch Foundation 10 Sand"",""Intervene Makeup SPF 15 Soft Porcelain"",""NARS AFTERGLOW LIP BALM CLEAN CUT"",""Pretty by Flormar BB 002 Light Medium"",""Pretty by Flormar BB 004 Medium Beige"",""FACE IT AQUA TINTED 32800420"",""FACE IT AQUA TINTED 32800421"",""Flormar Smooth Touch Foundation 04 Ivory"",""Flormar Smooth Touch Foundation 06 Beige"",""Flormar Smooth Touch Foundation 11 Honey"",""Flormar Smooth Touch Foundation 12 Amber"",""GR LONGSTAY Matte Face Powder SPF 15""]",,5355130,CCCCC(CC)COC(=O)/C=C/c1ccc(OC)cc1,"InChI=1S/C18H26O3/c1-4-6-7-15(5-2)14-21-18(19)13-10-16-8-11-17(20-3)12-9-16/h8-13,15H,4-7,14H2,1-3H3/b13-10+",YBGZDTIWKVFICR-JLHYYAGUSA-N,C18H26O3,290.4,defined_single_substance,resolved,true,qsar,null,"{""pubchem"":{""cid"":5355130,""reason_th"":""พบโครงสร้างโมเลกุลเดี่ยวจาก PubChem แต่ต้องยืนยันตัวตนก่อนส่งเข้า QSAR"",""fetched_at"":""2026-07-24T14:44:16.237442+00:00"",""source_url"":""https://pubchem.ncbi.nlm.nih.gov/compound/5355130"",""reason_code"":""awaiting_verification"",""proposed_qsar_eligible"":true},""last_review"":{""action"":""verify"",""reviewed_at"":""2026-07-24T14:44:16.254899+00:00"",""reviewer_note"":""Catalog seed accepted only after exact canonical structure match with PubChem""},""first_source"":""manual:pubchem_lookup"",""observations"":[{""source"":""manual:pubchem_lookup"",""seen_at"":""2026-07-24T14:44:16.240025+00:00"",""observed_name"":""Octinoxate"",""ocr_confidence"":null}],""offline_seed"":""pubchem-registry-20260724-v1""}",verified,2
octyl gallate,,Octyl Gallate,[],[],,61253,CCCCCCCCOC(=O)c1cc(O)c(O)c(O)c1,"InChI=1S/C15H22O5/c1-2-3-4-5-6-7-8-20-15(19)11-9-12(16)14(18)13(17)10-11/h9-10,16-18H,2-8H2,1H3",NRPKURNSADTHLJ-UHFFFAOYSA-N,C15H22O5,282.336,defined_single_substance,resolved,true,qsar,null,"{""identity_verification"":{""cid"":61253,""method"":""pubchem_cid_direct_structure"",""source"":""PubChem PUG REST"",""screening_envelope"":{""mw"":[30.0,500.0],""heavy_atoms"":[2,36]}},""offline_seed"":""pubchem-registry-20260724-v1""}",verified,1
olaquindox,,Olaquindox,[],[],,71905,Cc1c(C(=O)NCCO)[n+](=O)c2ccccc2n1[O-],"InChI=1S/C12H13N3O4/c1-8-11(12(17)13-6-7-16)15(19)10-5-3-2-4-9(10)14(8)18/h2-5,16H,6-7H2,1H3,(H,13,17)",TURHTASYUMWZCC-UHFFFAOYSA-N,C12H13N3O4,263.25299999999993,defined_single_substance,resolved,true,qsar,null,"{""identity_verification"":{""cid"":71905,""method"":""pubchem_cid_direct_structure"",""source"":""PubChem PUG REST"",""screening_envelope"":{""mw"":[30.0,500.0],""heavy_atoms"":[2,36]}},""offline_seed"":""pubchem-registry-20260724-v1""}",verified,1
omethoate,,Omethoate,[],[],,14210,CNC(=O)CSP(=O)(OC)OC,"InChI=1S/C5H12NO4PS/c1-6-5(7)4-12-11(8,9-2)10-3/h4H2,1-3H3,(H,6,7)",PZXOQEXFMJCDPG-UHFFFAOYSA-N,C5H12NO4PS,213.19499999999996,defined_single_substance,resolved,true,qsar,null,"{""identity_verification"":{""cid"":14210,""method"":""pubchem_cid_direct_structure"",""source"":""PubChem PUG REST"",""screening_envelope"":{""mw"":[30.0,500.0],""heavy_atoms"":[2,36]}},""offline_seed"":""pubchem-registry-20260724-v1""}",verified,1
ondansetron,,Ondansetron,[],[],,4595,Cc1nccn1CC1CCc2c(c3ccccc3n2C)C1=O,"InChI=1S/C18H19N3O/c1-12-19-9-10-21(12)11-13-7-8-16-17(18(13)22)14-5-3-4-6-15(14)20(16)2/h3-6,9-10,13H,7-8,11H2,1-2H3",FELGMEQIXOGIFQ-UHFFFAOYSA-N,C18H19N3O,293.37,defined_single_substance,resolved,true,qsar,null,"{""identity_verification"":{""cid"":4595,""method"":""pubchem_cid_direct_structure"",""source"":""PubChem PUG REST"",""screening_envelope"":{""mw"":[30.0,500.0],""heavy_atoms"":[2,36]}},""offline_seed"":""pubchem-registry-20260724-v1""}",verified,1
oxalic acid,,Oxalic Acid,[],[],,971,O=C(O)C(=O)O,"InChI=1S/C2H2O4/c3-1(4)2(5)6/h(H,3,4)(H,5,6)",MUBZPKHOEPUJKR-UHFFFAOYSA-N,C2H2O4,90.03399999999999,defined_single_substance,resolved,true,qsar,null,"{""identity_verification"":{""cid"":971,""method"":""pubchem_cid_direct_structure"",""source"":""PubChem PUG REST"",""screening_envelope"":{""mw"":[30.0,500.0],""heavy_atoms"":[2,36]}},""offline_seed"":""pubchem-registry-20260724-v1""}",verified,1
oxamyl,,Oxamyl,[],[],,31657,CNC(=O)ON=C(SC)C(=O)N(C)C,"InChI=1S/C7H13N3O3S/c1-8-7(12)13-9-5(14-4)6(11)10(2)3/h1-4H3,(H,8,12)",KZAUOCCYDRDERY-UHFFFAOYSA-N,C7H13N3O3S,219.266,defined_single_substance,resolved,true,qsar,null,"{""identity_verification"":{""cid"":31657,""method"":""pubchem_cid_direct_structure"",""source"":""PubChem PUG REST"",""screening_envelope"":{""mw"":[30.0,500.0],""heavy_atoms"":[2,36]}},""offline_seed"":""pubchem-registry-20260724-v1""}",verified,1
oxetane,,Oxetane,[],[],,10423,C1COC1,InChI=1S/C3H6O/c1-2-4-3-1/h1-3H2,AHHWIHXENZJRFG-UHFFFAOYSA-N,C3H6O,58.07999999999999,defined_single_substance,resolved,true,qsar,null,"{""identity_verification"":{""cid"":10423,""method"":""pubchem_cid_direct_structure"",""source"":""PubChem PUG REST"",""screening_envelope"":{""mw"":[30.0,500.0],""heavy_atoms"":[2,36]}},""offline_seed"":""pubchem-registry-20260724-v1""}",verified,1
"oxiranemethanol, 4-methylbenzenesulfonate, (s)-",,"Oxiranemethanol, 4-methylbenzenesulfonate, (S)-",[],[],,153296,Cc1ccc(S(=O)(=O)OC[C@@H]2CO2)cc1,"InChI=1S/C10H12O4S/c1-8-2-4-10(5-3-8)15(11,12)14-7-9-6-13-9/h2-5,9H,6-7H2,1H3/t9-/m0/s1",NOQXXYIGRPAZJC-VIFPVBQESA-N,C10H12O4S,228.26899999999995,defined_single_substance,resolved,true,qsar,null,"{""identity_verification"":{""cid"":153296,""method"":""pubchem_cid_direct_structure"",""source"":""PubChem PUG REST"",""screening_envelope"":{""mw"":[30.0,500.0],""heavy_atoms"":[2,36]}},""offline_seed"":""pubchem-registry-20260724-v1""}",verified,1
"oxo-((2,2,6,6-tetramethylpiperidin-4-yl)amino)carbonylacetohydrazide",,"Oxo-((2,2,6,6-tetramethylpiperidin-4-yl)amino)carbonylacetohydrazide",[],[],,3086601,CC1(C)CC(NC(=O)C(=O)NN)CC(C)(C)N1,"InChI=1S/C11H22N4O2/c1-10(2)5-7(6-11(3,4)15-10)13-8(16)9(17)14-12/h7,15H,5-6,12H2,1-4H3,(H,13,16)(H,14,17)",NTKWXRSEJQGLRX-UHFFFAOYSA-N,C11H22N4O2,242.323,defined_single_substance,resolved,true,qsar,null,"{""identity_verification"":{""cid"":3086601,""method"":""pubchem_cid_direct_structure"",""source"":""PubChem PUG REST"",""screening_envelope"":{""mw"":[30.0,500.0],""heavy_atoms"":[2,36]}},""offline_seed"":""pubchem-registry-20260724-v1""}",verified,1
oxybenzone,Oxybenzone,2-Hydroxy-4-methoxybenzophenone,[],"[""oxybenzone"",""131-57-7"",""2-HYDROXY-4-METHOXYBENZOPHENONE"",""Benzophenone-3"",""2-Benzoyl-5-methoxyphenol"",""Advastab 45"",""Oxybenzon"",""Anuvex"",""4-Methoxy-2-hydroxybenzophenone"",""Methanone, (2-hydroxy-4-methoxyphenyl)phenyl-"",""Ongrostab HMB"",""Oxibenzona"",""Usaf cy-9"",""Spectra-sorb UV 9"",""Escalol 567"",""Chimassorb 90"",""Oxybenzonum"",""Uvinul 9"",""Syntase 62"",""Uvistat 24"",""Cyasorb UV 9"",""Sunscreen UV-15"",""Uvinul M40"",""NSC-7778"",""(2-hydroxy-4-methoxyphenyl)-phenylmethanone"",""Oxibenzonum"",""(2-Hydroxy-4-methoxyphenyl)phenylmethanone"",""Cyasorb UV 9 Light Absorber"",""Benzophenone, 2-hydroxy-4-methoxy-"",""Tinosorb b 3"",""NCI-C60957"",""Uvinul 40"",""Viosorb 110"",""DTXSID3022405"",""95OOS7VE0Y"",""CHEBI:34283"",""NSC7778"",""DTXCID002405"",""Bebak Baby Sun"",""RefChem:6089"",""2-Hydroxy-4-methoxybenzophenone,(2-Hydroxy-4-methoxyphenyl)phenylmethanone"",""205-031-5"",""2-hydroxy-4-methoxybenzone"",""Eusolex-4360"",""HMBP cpd"",""(2-hydroxy-4-methoxyphenyl)(phenyl)methanone"",""Benzophenone 3"",""Eusolex 4360"",""Oxybenzonum [INN-Latin]"",""Oxibenzona [INN-Spanish]"",""UF 3"",""UV 9"",""2-hydroxy-4-methoxy benzophenone"",""MOB"",""Uvinul M 40"",""(2-hydroxy-4-methoxy-phenyl)-phenyl-methanone"",""MFCD00008387"",""CHEMBL1625"",""2-hydroxy-4-methoxy-benzophenone"",""NCGC00016394-07"",""CAS-131-57-7"",""(2-hydroxy-4-methoxyphenyl)(phenyl) methanone"",""2-hydroxy-4-methoxyphenyl phenyl ketone"",""SMR000035344"",""CCRIS 1078"",""HSDB 4503"",""SR-01000610567"",""NSC 7778"",""EINECS 205-031-5"",""UNII-95OOS7VE0Y"",""BRN 1913145"",""Oxybenzone [USAN:USP:INN]"",""AI3-23644"",""Neo heliopan BB"",""Solaquin (Salt/Mix)"",""Oxybenzone (Standard)"",""Spectrum_001049"",""DuraScreen (Salt/Mix)"",""OXYBENZONE [MI]"",""KAHSCREEN BZ-3"",""OXYBENZONE [INN]"",""Prestwick0_000887"",""Prestwick1_000887"",""Prestwick2_000887"",""Prestwick3_000887"",""Spectrum2_001008"",""Spectrum3_000538"",""Spectrum4_000463"",""Spectrum5_001337"",""OXYBENZONE [HSDB]"",""OXYBENZONE [USAN]"",""OXYBENZONE [VANDF]"",""PreSun 15 (Salt/Mix)"",""Epitope ID:131795"",""WLN: 1OR CQ DVR"",""EC 205-031-5"",""OXYBENZONE [MART.]"",""OXYBENZONE [USP-RS]"",""OXYBENZONE [WHO-DD]"",""Oprea1_174131"",""SCHEMBL15551"",""BSPBio_000674"",""BSPBio_002155"",""KBioGR_000906"",""KBioSS_001529"",""MLS000039797"",""MLS001055487"",""BIDD:ER0353"",""DivK1c_000184"",""SPECTRUM1500451"",""SPBio_001135"",""SPBio_002893"",""Oxybenzone, analytical standard"",""BPBio1_000742"",""orb1226559"",""orb1310553"",""orb3139977"",""SCHEMBL9120941"",""BENZOPHENONE-3 [VANDF]"",""OXYBENZONE [ORANGE BOOK]"",""SCHEMBL27728505"",""SCHEMBL29355332"",""HMS500J06"",""HY-A0067R"",""KBio1_000184"",""KBio2_001529"",""KBio2_004097"",""KBio2_006665"",""KBio3_001655"",""MSK3410"",""NINDS_000184"",""HMS1570B16"",""HMS1920D16"",""HMS2091L16"",""HMS2097B16"",""HMS2424P09"",""HMS3714B16"",""HMS5083I16"",""OXYBENZONE [USP MONOGRAPH]"",""Pharmakon1600-01500451"",""ALBB-021277"",""HY-A0067"",""Tox21_110418"",""Tox21_201985"",""Tox21_302852"",""BBL003220"",""BDBM50253134"",""CCG-40226"",""component of Presun 23 (Salt/Mix)"",""component of Presun 29 (Salt/Mix)"",""component of Presun 30 (Salt/Mix)"",""EBC-03702"",""NSC757260"",""s4691"",""SBB056669"",""STK057962"",""AKOS000120532"",""Tox21_110418_1"",""2-Hydroxy-4-methoxybenzophenone, 98%"",""CS-3186"",""DB01428"",""NSC-757260"",""2-Hydroxy-4-Methoxybenzophenone(UV-9)"",""IDI1_000184"",""NCGC00016394-01"",""NCGC00016394-02"",""NCGC00016394-03"",""NCGC00016394-04"",""NCGC00016394-05"",""NCGC00016394-06"",""NCGC00016394-08"",""NCGC00016394-10"",""NCGC00065306-03"",""NCGC00065306-04"",""NCGC00065306-05"",""NCGC00065306-06"",""NCGC00256323-01"",""NCGC00259534-01"",""AC-11987"",""AS-13616"",""DA-56517"",""SHADE UVAGUARD COMPONENT OXYBENZONE"",""ST029243"",""SBI-0051470.P003"",""DB-289735"",""AB00052063"",""H0266"",""NS00000222"",""EN300-21523"",""D05309"",""F81513"",""AB00052063_13"",""AE-848/01549044"",""F236845"",""Q518114"",""SR-01000610567-2"",""SR-01000610567-4"",""BRD-K59037100-001-05-5"",""BRD-K59037100-001-09-7"",""BRD-K59037100-001-14-7""]",131-57-7,4632,COc1ccc(C(=O)c2ccccc2)c(O)c1,"InChI=1S/C14H12O3/c1-17-11-7-8-12(13(15)9-11)14(16)10-5-3-2-4-6-10/h2-9,15H,1H3",DXGLGDHPHMLXJC-UHFFFAOYSA-N,C14H12O3,228.24,defined_single_substance,resolved,true,qsar,null,"{""pubchem"":{""cid"":4632,""reason_th"":""พบโครงสร้างโมเลกุลเดี่ยวจาก PubChem แต่ต้องยืนยันตัวตนก่อนส่งเข้า QSAR"",""fetched_at"":""2026-07-24T14:44:13.692705+00:00"",""source_url"":""https://pubchem.ncbi.nlm.nih.gov/compound/4632"",""reason_code"":""awaiting_verification"",""proposed_qsar_eligible"":true},""last_review"":{""action"":""verify"",""reviewed_at"":""2026-07-24T14:44:13.710805+00:00"",""reviewer_note"":""Catalog seed accepted only after exact canonical structure match with PubChem""},""first_source"":""manual:pubchem_lookup"",""observations"":[{""source"":""manual:pubchem_lookup"",""seen_at"":""2026-07-24T14:44:13.695739+00:00"",""observed_name"":""Oxybenzone"",""ocr_confidence"":null}],""offline_seed"":""pubchem-registry-20260724-v1""}",verified,2
oxycarboxin,,Oxycarboxin,[],[],,21330,CC1=C(C(=O)Nc2ccccc2)S(=O)(=O)CCO1,"InChI=1S/C12H13NO4S/c1-9-11(18(15,16)8-7-17-9)12(14)13-10-5-3-2-4-6-10/h2-6H,7-8H2,1H3,(H,13,14)",AMEKQAFGQBKLKX-UHFFFAOYSA-N,C12H13NO4S,267.306,defined_single_substance,resolved,true,qsar,null,"{""identity_verification"":{""cid"":21330,""method"":""pubchem_cid_direct_structure"",""source"":""PubChem PUG REST"",""screening_envelope"":{""mw"":[30.0,500.0],""heavy_atoms"":[2,36]}},""offline_seed"":""pubchem-registry-20260724-v1""}",verified,1
oxycodone,,Oxycodone,[],[],,5284603,COc1ccc2c3c1O[C@H]1C(=O)CC[C@@]4(O)[C@@H](C2)N(C)CC[C@]314,"InChI=1S/C18H21NO4/c1-19-8-7-17-14-10-3-4-12(22-2)15(14)23-16(17)11(20)5-6-18(17,21)13(19)9-10/h3-4,13,16,21H,5-9H2,1-2H3/t13-,16+,17+,18-/m1/s1",BRUQQQPBMZOVGD-XFKAJCMBSA-N,C18H21NO4,315.369,defined_single_substance,resolved,true,qsar,null,"{""identity_verification"":{""cid"":5284603,""method"":""pubchem_cid_direct_structure"",""source"":""PubChem PUG REST"",""screening_envelope"":{""mw"":[30.0,500.0],""heavy_atoms"":[2,36]}},""offline_seed"":""pubchem-registry-20260724-v1""}",verified,1
oxydemeton-methyl,,Oxydemeton-methyl,[],[],,4618,CCS(=O)CCSP(=O)(OC)OC,"InChI=1S/C6H15O4PS2/c1-4-13(8)6-5-12-11(7,9-2)10-3/h4-6H2,1-3H3",PMCVMORKVPSKHZ-UHFFFAOYSA-N,C6H15O4PS2,246.28999999999996,defined_single_substance,resolved,true,qsar,null,"{""identity_verification"":{""cid"":4618,""method"":""pubchem_cid_direct_structure"",""source"":""PubChem PUG REST"",""screening_envelope"":{""mw"":[30.0,500.0],""heavy_atoms"":[2,36]}},""offline_seed"":""pubchem-registry-20260724-v1""}",verified,1
oxydisulfoton,,Oxydisulfoton,[],[],,17242,CCOP(=S)(OCC)SCCS(=O)CC,"InChI=1S/C8H19O3PS3/c1-4-10-12(13,11-5-2)14-7-8-15(9)6-3/h4-8H2,1-3H3",UPUGLJYNCXXUQV-UHFFFAOYSA-N,C8H19O3PS3,290.41200000000003,defined_single_substance,resolved,true,qsar,null,"{""identity_verification"":{""cid"":17242,""method"":""pubchem_cid_direct_structure"",""source"":""PubChem PUG REST"",""screening_envelope"":{""mw"":[30.0,500.0],""heavy_atoms"":[2,36]}},""offline_seed"":""pubchem-registry-20260724-v1""}",verified,1
p-cresol,,P-Cresol,[],[],,2879,Cc1ccc(O)cc1,"InChI=1S/C7H8O/c1-6-2-4-7(8)5-3-6/h2-5,8H,1H3",IWDCLRJOBJJRNH-UHFFFAOYSA-N,C7H8O,108.13999999999999,defined_single_substance,resolved,true,qsar,null,"{""identity_verification"":{""cid"":2879,""method"":""pubchem_cid_direct_structure"",""source"":""PubChem PUG REST"",""screening_envelope"":{""mw"":[30.0,500.0],""heavy_atoms"":[2,36]}},""offline_seed"":""pubchem-registry-20260724-v1""}",verified,1
p-tert-butylphenethyl alcohol,,p-tert-Butylphenethyl alcohol,[],[],,79410,CC(C)(C)c1ccc(CCO)cc1,"InChI=1S/C12H18O/c1-12(2,3)11-6-4-10(5-7-11)8-9-13/h4-7,13H,8-9H2,1-3H3",NZGMMENPUKHODD-UHFFFAOYSA-N,C12H18O,178.27499999999995,defined_single_substance,resolved,true,qsar,null,"{""identity_verification"":{""cid"":79410,""method"":""pubchem_cid_direct_structure"",""source"":""PubChem PUG REST"",""screening_envelope"":{""mw"":[30.0,500.0],""heavy_atoms"":[2,36]}},""offline_seed"":""pubchem-registry-20260724-v1""}",verified,1
p-toluenesulfonic acid,,p-Toluenesulfonic acid,[],[],,6101,Cc1ccc(S(=O)(=O)O)cc1,"InChI=1S/C7H8O3S/c1-6-2-4-7(5-3-6)11(8,9)10/h2-5H,1H3,(H,8,9,10)",JOXIMZWYDAKGHI-UHFFFAOYSA-N,C7H8O3S,172.20499999999998,defined_single_substance,resolved,true,qsar,null,"{""identity_verification"":{""cid"":6101,""method"":""pubchem_cid_direct_structure"",""source"":""PubChem PUG REST"",""screening_envelope"":{""mw"":[30.0,500.0],""heavy_atoms"":[2,36]}},""offline_seed"":""pubchem-registry-20260724-v1""}",verified,1
p-xylene,,P-Xylene,[],[],,7809,Cc1ccc(C)cc1,"InChI=1S/C8H10/c1-7-3-5-8(2)6-4-7/h3-6H,1-2H3",URLKBWYHVLBVBO-UHFFFAOYSA-N,C8H10,106.16799999999999,defined_single_substance,resolved,true,qsar,null,"{""identity_verification"":{""cid"":7809,""method"":""pubchem_cid_direct_structure"",""source"":""PubChem PUG REST"",""screening_envelope"":{""mw"":[30.0,500.0],""heavy_atoms"":[2,36]}},""offline_seed"":""pubchem-registry-20260724-v1""}",verified,1
panthenol,Panthenol,DL-panthenol,[],"[""DL-Panthenol"",""panthenol"",""16485-10-2"",""DL-Pantothenol"",""DL-Pantothenyl alcohol"",""Pantenol"",""Panthenolum"",""Pantenolo"",""Panthenol, racemic"",""DTXSID3044598"",""2,4-Dihydroxy-N-(3-hydroxypropyl)-3,3-dimethylbutyramide"",""WV9CM0O67Z"",""NSC-759899"",""DTXCID1024598"",""Purple Toner"",""ELF Perm"",""Roota Re F Tonic"",""Roota Re V Tonic"",""Mannitol, Panthenol"",""AAPE Hair Ampoule"",""Eyelash Growth Serum"",""Roota Re F for men"",""Panthenol, Niacinamide"",""BREXTEM H"",""Roota Re V for women"",""RefChem:55808"",""NGF 574H HAIR"",""Hyaluronic Acid Facial Serum"",""SHINMO SAENGBALEUM HAIR"",""NGF 574H HAIR TONIC"",""SHINMO SAENGBALEUM TREATMENT"",""EH Hair Plus Regeneration Hair Care"",""CURESTEM CELL HEALER C5 PROGRAM"",""ReOrganic Eyelash Growth Boosting Serum"",""CURESTEM CELL HEALER C10 PROGRAM"",""ZHANGGUANG 101 HAIR FOLLICLE TONIC"",""Panthenol, Niacinamide, Menthol, Salicylic Acid"",""Butanamide, 2,4-dihydroxy-N-(3-hydroxypropyl)-3,3-dimethyl-"",""62507-76-0"",""MFCD00002944"",""Dexpanthenol Racemate"",""(+-)-Pantothenyl alcohol"",""DL-Pantothenol;DL-Pantothenyl alcohol"",""Alcool DL-pantotenilico"",""Pantenolo [DCIT]"",""3-(2,4-Dihydroxy-3,3-dimethylbutyramido)-1-propanol"",""Panthenol , DL-form"",""Pantenol [INN-Spanish]"",""(R)-(+)-2,4-Dihydroxy-N-(3-hydroxypropyl)-3,3-dimethylbutyramide"",""Panthenolum [INN-Latin]"",""component of Zentinic"",""Dexpanthenol [USAN)"",""SMR000857333"",""Alcool DL-pantotenilico [Italian]"",""SR-05000001760"",""EINECS 240-540-6"",""UNII-WV9CM0O67Z"",""d,l- panthenol"",""NCGC00186658-01"",""pantothenylol alcohol"",""Panthenol [USAN:USP:INN:BAN:JAN]"",""2,3-dimethylbutyramide"",""DL-Panthenol, 99%"",""Panthenol (USP/INN)"",""PANTHENOL [INN]"",""PANTHENOL, DL-"",""Dexpanthenol (Panthenol)"",""PANTHENOL [USAN]"",""(+-)-2,4-Dihydroxy-N-(3-hydroxypropyl)-3,3-dimethylbutyramide"",""PANTHENOL [VANDF]"",""PANTHENOL [MART.]"",""Butanamide, 2,4-dihydroxy-N-(3-hydroxypropyl)-3,3-dimethyl-, (+)- (9CI)"",""EC 240-540-6"",""DL-PANTHENOL [FCC]"",""PANTHENOL [WHO-DD]"",""SCHEMBL15567"",""DL-PANTHENOL [VANDF]"",""(R)-2,4-Dihydroxy-3,3-dimethylbutyric 3-hydroxypropylamide"",""MLS001336015"",""MLS001336016"",""orb1225996"",""orb1308759"",""CHEMBL1371937"",""D-(+)-2,3-dimethylbutyramide"",""PANTHENOL [USP MONOGRAPH]"",""2,4-dihydroxy-N-(3-hydroxypropyl)-3,3-dimethyl-butanamide"",""HMS2093B14"",""HMS2234M16"",""HMS3371M11"",""HMS5083J13"",""HMS5083O16"",""Pharmakon1600-01505420"",""Pharmakon1600-01505656"",""(+/-)-PANTOTHENYL ALCOHOL"",""HY-B1024"",""MSK28214"",""PANTHENOL, RACEMIC [USP-RS]"",""Tox21_302660"",""Butanamide, 2,4-dihydroxy-N-(3-hydroxypropyl)-3,3-dimethyl-, (+-)-"",""Butyramide, 2,4-dihydroxy-N-(3-hydroxypropyl)-3,3-dimethyl-, DL-"",""NSC759127"",""NSC759899"",""s4566"",""DL-Pantothenol,DL-Pantothenyl alcohol"",""AKOS015841508"",""Butanamide, 2,4-dihydroxy-N-(3-hydroxypropyl)-3,3-dimethyl-, (+/-)-"",""CCG-213502"",""CS-4541"",""NSC 759899"",""NSC-759127"",""SB44496"",""NCGC00256864-01"",""AS-56363"",""DA-09547"",""FD170517"",""SBI-0206818.P001"",""CAS-16485-10-2"",""DB-056494"",""NS00000985"",""P1318"",""D03726"",""H11256"",""AB00918367_05"",""F225733"",""Q196473"",""SR-05000001760-1"",""SR-05000001760-3"",""BRD-A59413292-001-04-1"",""BRD-A59413292-001-08-2"",""Butanamide,4-dihydroxy-N-(3-hydroxypropyl)-3,3-dimethyl-"",""D-2,4-Dihydroxy-3,3-dimethyl-N-(3-hydroxypropyl)butyramide"",""(+/-)-2,4-dihydroxy-n-(3-hydroxypropyl)-3,3-dimethylbutyramide"",""(2RS)-2,4-Dihydroxy-N-(3-hydroxypropyl)-3,3-dimethylbutanamide"",""Butanamide,4-dihydroxy-N-(3-hydroxypropyl)-3,3-dimethyl-, (R)-"",""Butyramide,4-dihydroxy-N-(3-hydroxypropyl)-3,3-dimethyl-, D-(+)-"",""Panthenol, racemic, United States Pharmacopeia (USP) Reference Standard"",""BUTYRAMIDE, .ALPHA.,.GAMMA.-DIHYDROXY-N-(3-HYDROXYPROPYL)-.BETA.,.BETA.-DIMETHYL-"",""BUTYRAMIDE, 2,4-DIHYDROXY-N-(3-HYDROXYPROPYL)-3,3-DIMETHYL-, (+/-)-""]",16485-10-2,4678,CC(C)(CO)C(O)C(=O)NCCCO,"InChI=1S/C9H19NO4/c1-9(2,6-12)7(13)8(14)10-4-3-5-11/h7,11-13H,3-6H2,1-2H3,(H,10,14)",SNPLKNRPJHDVJA-UHFFFAOYSA-N,C9H19NO4,205.25,defined_single_substance,resolved,true,qsar,null,"{""pubchem"":{""cid"":4678,""reason_th"":""พบโครงสร้างโมเลกุลเดี่ยวจาก PubChem แต่ต้องยืนยันตัวตนก่อนส่งเข้า QSAR"",""fetched_at"":""2026-07-24T14:44:00.515783+00:00"",""source_url"":""https://pubchem.ncbi.nlm.nih.gov/compound/4678"",""reason_code"":""awaiting_verification"",""proposed_qsar_eligible"":true},""last_review"":{""action"":""verify"",""reviewed_at"":""2026-07-24T14:44:00.541868+00:00"",""reviewer_note"":""Catalog seed accepted only after exact canonical structure match with PubChem""},""first_source"":""manual:pubchem_lookup"",""observations"":[{""source"":""manual:pubchem_lookup"",""seen_at"":""2026-07-24T14:44:00.517922+00:00"",""observed_name"":""Panthenol"",""ocr_confidence"":null}],""offline_seed"":""pubchem-registry-20260724-v1""}",verified,2
parathion,,Parathion,[],[],,991,CCOP(=S)(OCC)Oc1ccc([N+](=O)[O-])cc1,"InChI=1S/C10H14NO5PS/c1-3-14-17(18,15-4-2)16-10-7-5-9(6-8-10)11(12)13/h5-8H,3-4H2,1-2H3",LCCNCVORNKJIRZ-UHFFFAOYSA-N,C10H14NO5PS,291.26500000000004,defined_single_substance,resolved,true,qsar,null,"{""identity_verification"":{""cid"":991,""method"":""pubchem_cid_direct_structure"",""source"":""PubChem PUG REST"",""screening_envelope"":{""mw"":[30.0,500.0],""heavy_atoms"":[2,36]}},""offline_seed"":""pubchem-registry-20260724-v1""}",verified,1
parfum,parfum,Parfum,[],"[""Parfum"",""Fragrance""]",,,,,,,,fragrance,unknown_composition,false,knowledge_base,null,"{""first_source"":""ocr:curated"",""observations"":[{""source"":""ocr:curated"",""seen_at"":""2026-07-24T14:12:40.227817+00:00"",""observed_name"":""parfum"",""ocr_confidence"":38.6},{""source"":""ocr:curated"",""seen_at"":""2026-07-24T14:18:39.815991+00:00"",""observed_name"":""parfum"",""ocr_confidence"":38.6}],""offline_seed"":""pubchem-registry-20260724-v1""}",verified,1
paroxetine,,Paroxetine,[],[],,43815,Fc1ccc([C@@H]2CCNC[C@H]2COc2ccc3c(c2)OCO3)cc1,"InChI=1S/C19H20FNO3/c20-15-3-1-13(2-4-15)17-7-8-21-10-14(17)11-22-16-5-6-18-19(9-16)24-12-23-18/h1-6,9,14,17,21H,7-8,10-12H2/t14-,17-/m0/s1",AHOUBRCZNHFOSL-YOEHRIQHSA-N,C19H20FNO3,329.37100000000004,defined_single_substance,resolved,true,qsar,null,"{""identity_verification"":{""cid"":43815,""method"":""pubchem_cid_direct_structure"",""source"":""PubChem PUG REST"",""screening_envelope"":{""mw"":[30.0,500.0],""heavy_atoms"":[2,36]}},""offline_seed"":""pubchem-registry-20260724-v1""}",verified,1
pebulate,,Pebulate,[],[],,14215,CCCCN(CC)C(=O)SCCC,"InChI=1S/C10H21NOS/c1-4-7-8-11(6-3)10(12)13-9-5-2/h4-9H2,1-3H3",SGEJQUSYQTVSIU-UHFFFAOYSA-N,C10H21NOS,203.35099999999997,defined_single_substance,resolved,true,qsar,null,"{""identity_verification"":{""cid"":14215,""method"":""pubchem_cid_direct_structure"",""source"":""PubChem PUG REST"",""screening_envelope"":{""mw"":[30.0,500.0],""heavy_atoms"":[2,36]}},""offline_seed"":""pubchem-registry-20260724-v1""}",verified,1
pentachlorobenzene,,Pentachlorobenzene,[],[],,11855,Clc1cc(Cl)c(Cl)c(Cl)c1Cl,InChI=1S/C6HCl5/c7-2-1-3(8)5(10)6(11)4(2)9/h1H,CEOCDNVZRAIOQZ-UHFFFAOYSA-N,C6HCl5,250.339,defined_single_substance,resolved,true,qsar,null,"{""identity_verification"":{""cid"":11855,""method"":""pubchem_cid_direct_structure"",""source"":""PubChem PUG REST"",""screening_envelope"":{""mw"":[30.0,500.0],""heavy_atoms"":[2,36]}},""offline_seed"":""pubchem-registry-20260724-v1""}",verified,1
pentachloronaphthalene,,Pentachloronaphthalene,[],[],,114878,Clc1c(Cl)c(Cl)c2c(Cl)cccc2c1Cl,InChI=1S/C10H3Cl5/c11-5-3-1-2-4-6(5)8(13)10(15)9(14)7(4)12/h1-3H,JRZKNHITLINYHV-UHFFFAOYSA-N,C10H3Cl5,300.399,defined_single_substance,resolved,true,qsar,null,"{""identity_verification"":{""cid"":114878,""method"":""pubchem_cid_direct_structure"",""source"":""PubChem PUG REST"",""screening_envelope"":{""mw"":[30.0,500.0],""heavy_atoms"":[2,36]}},""offline_seed"":""pubchem-registry-20260724-v1""}",verified,1
pentachlorophenol,,Pentachlorophenol,[],[],,992,Oc1c(Cl)c(Cl)c(Cl)c(Cl)c1Cl,InChI=1S/C6HCl5O/c7-1-2(8)4(10)6(12)5(11)3(1)9/h12H,IZUPBVBPLAPZRR-UHFFFAOYSA-N,C6HCl5O,266.33799999999997,defined_single_substance,resolved,true,qsar,null,"{""identity_verification"":{""cid"":992,""method"":""pubchem_cid_direct_structure"",""source"":""PubChem PUG REST"",""screening_envelope"":{""mw"":[30.0,500.0],""heavy_atoms"":[2,36]}},""offline_seed"":""pubchem-registry-20260724-v1""}",verified,1
pentaerythritol tetraacrylate,,Pentaerythritol tetraacrylate,[],[],,62556,C=CC(=O)OCC(COC(=O)C=C)(COC(=O)C=C)COC(=O)C=C,"InChI=1S/C17H20O8/c1-5-13(18)22-9-17(10-23-14(19)6-2,11-24-15(20)7-3)12-25-16(21)8-4/h5-8H,1-4,9-12H2",KNSXNCFKSZZHEA-UHFFFAOYSA-N,C17H20O8,352.33900000000017,defined_single_substance,resolved,true,qsar,null,"{""identity_verification"":{""cid"":62556,""method"":""pubchem_cid_direct_structure"",""source"":""PubChem PUG REST"",""screening_envelope"":{""mw"":[30.0,500.0],""heavy_atoms"":[2,36]}},""offline_seed"":""pubchem-registry-20260724-v1""}",verified,1
pentaerythritol triacrylate,,Pentaerythritol triacrylate,[],[],,19042,C=CC(=O)OCC(CO)(COC(=O)C=C)COC(=O)C=C,"InChI=1S/C14H18O7/c1-4-11(16)19-8-14(7-15,9-20-12(17)5-2)10-21-13(18)6-3/h4-6,15H,1-3,7-10H2",HVVWZTWDBSEWIH-UHFFFAOYSA-N,C14H18O7,298.291,defined_single_substance,resolved,true,qsar,null,"{""identity_verification"":{""cid"":19042,""method"":""pubchem_cid_direct_structure"",""source"":""PubChem PUG REST"",""screening_envelope"":{""mw"":[30.0,500.0],""heavy_atoms"":[2,36]}},""offline_seed"":""pubchem-registry-20260724-v1""}",verified,1
pentanoic acid,,Pentanoic Acid,[],[],,7991,CCCCC(=O)O,"InChI=1S/C5H10O2/c1-2-3-4-5(6)7/h2-4H2,1H3,(H,6,7)",NQPDZGIKBAWPEJ-UHFFFAOYSA-N,C5H10O2,102.13299999999998,defined_single_substance,resolved,true,qsar,null,"{""identity_verification"":{""cid"":7991,""method"":""pubchem_cid_direct_structure"",""source"":""PubChem PUG REST"",""screening_envelope"":{""mw"":[30.0,500.0],""heavy_atoms"":[2,36]}},""offline_seed"":""pubchem-registry-20260724-v1""}",verified,1
pentyl formate,,Pentyl formate,[],[],,12529,CCCCCOC=O,"InChI=1S/C6H12O2/c1-2-3-4-5-8-6-7/h6H,2-5H2,1H3",DIQMPQMYFZXDAX-UHFFFAOYSA-N,C6H12O2,116.15999999999998,defined_single_substance,resolved,true,qsar,null,"{""identity_verification"":{""cid"":12529,""method"":""pubchem_cid_direct_structure"",""source"":""PubChem PUG REST"",""screening_envelope"":{""mw"":[30.0,500.0],""heavy_atoms"":[2,36]}},""offline_seed"":""pubchem-registry-20260724-v1""}",verified,1
pentylene glycol,Pentylene Glycol,Pentylene Glycol,[],"[""1,2-Pentanediol"",""5343-92-0"",""Pentylene glycol"",""1,2-Dihydroxypentane"",""NSC-513"",""50C1307PZG"",""DTXSID10863522"",""RefChem:860099"",""DTXCID80812123"",""226-285-3"",""Pentane-1,2-diol"",""MFCD00010736"",""EINECS 226-285-3"",""BRN 1719151"",""UNII-50C1307PZG"",""AI3-03317"",""NSC 513"",""(+/-)-Pentane-1,2-diol; 1,2-Dihydroxypentane; 1,2-Pentylene Glycol; Diol PD; Hydrolite 5; NSC 513"",""1,a2-aPentanediol"",""EC 226-285-3"",""1,2-Pentanediol, 96%"",""1,2-Pentanediol,(2S)-"",""SCHEMBL62155"",""3-01-00-02191 (Beilstein Handbook Reference)"",""SCHEMBL269947"",""SCHEMBL270137"",""SCHEMBL270308"",""SCHEMBL270817"",""SCHEMBL271205"",""SCHEMBL624558"",""NSC513"",""SCHEMBL1878149"",""SCHEMBL2879718"",""WCVRQHFDJLLWFE-UHFFFAOYSA-"",""PENTYLENE GLYCOL [WHO-DD]"",""(+/-)-1,2-PENTANEDIOL"",""AKOS009156977"",""FP30949"",""AS-40006"",""SY032914"",""CS-0017222"",""NS00001259"",""P1178"",""EN300-52018"",""F242929"",""Q3374899"",""InChI=1/C5H12O2/c1-2-3-5(7)4-6/h5-7H,2-4H2,1H3"",""(S)-1,2-PENTANEDIOL;(2S)-1,2-Pentanediol;(2S)-Pentane-1,2-diol;(S)-Pentane-1,2-diol""]",5343-92-0,93000,CCCC(O)CO,"InChI=1S/C5H12O2/c1-2-3-5(7)4-6/h5-7H,2-4H2,1H3",WCVRQHFDJLLWFE-UHFFFAOYSA-N,C5H12O2,104.15,defined_single_substance,resolved,true,qsar,null,"{""pubchem"":{""cid"":93000,""fetched_at"":""2026-07-24T14:39:30.154094+00:00"",""source_url"":""https://pubchem.ncbi.nlm.nih.gov/compound/93000"",""metadata_only"":true},""first_source"":""ocr:local"",""observations"":[{""source"":""ocr:local"",""seen_at"":""2026-07-24T14:12:40.182616+00:00"",""observed_name"":""Pentylene Glycol"",""ocr_confidence"":38.6},{""source"":""ocr:local"",""seen_at"":""2026-07-24T14:18:39.778025+00:00"",""observed_name"":""Pentylene Glycol"",""ocr_confidence"":38.6},{""source"":""manual:pubchem_lookup"",""seen_at"":""2026-07-24T14:39:30.157370+00:00"",""observed_name"":""Pentylene Glycol"",""ocr_confidence"":null}],""offline_seed"":""pubchem-registry-20260724-v1""}",verified,1
peracetic acid,,Peracetic Acid,[],[],,6585,CC(=O)OO,"InChI=1S/C2H4O3/c1-2(3)5-4/h4H,1H3",KFSLWBXXFJQRDL-UHFFFAOYSA-N,C2H4O3,76.051,defined_single_substance,resolved,true,qsar,null,"{""identity_verification"":{""cid"":6585,""method"":""pubchem_cid_direct_structure"",""source"":""PubChem PUG REST"",""screening_envelope"":{""mw"":[30.0,500.0],""heavy_atoms"":[2,36]}},""offline_seed"":""pubchem-registry-20260724-v1""}",verified,1
perchloric acid,,Perchloric Acid,[],[],,24247,[O-][Cl+3]([O-])([O-])O,"InChI=1S/ClHO4/c2-1(3,4)5/h(H,2,3,4,5)",VLTRZXGMWDSKGL-UHFFFAOYSA-N,ClHO4,100.457,defined_single_substance,resolved,true,qsar,null,"{""identity_verification"":{""cid"":24247,""method"":""pubchem_cid_direct_structure"",""source"":""PubChem PUG REST"",""screening_envelope"":{""mw"":[30.0,500.0],""heavy_atoms"":[2,36]}},""offline_seed"":""pubchem-registry-20260724-v1""}",verified,1
perfluorobutanesulfonic acid,,Perfluorobutanesulfonic acid,[],[],,67815,O=S(=O)(O)C(F)(F)C(F)(F)C(F)(F)C(F)(F)F,"InChI=1S/C4HF9O3S/c5-1(6,3(9,10)11)2(7,8)4(12,13)17(14,15)16/h(H,14,15,16)",JGTNAGYHADQMCM-UHFFFAOYSA-N,C4HF9O3S,300.09799999999996,defined_single_substance,resolved,true,qsar,null,"{""identity_verification"":{""cid"":67815,""method"":""pubchem_cid_direct_structure"",""source"":""PubChem PUG REST"",""screening_envelope"":{""mw"":[30.0,500.0],""heavy_atoms"":[2,36]}},""offline_seed"":""pubchem-registry-20260724-v1""}",verified,1
perfluoroheptanoic acid,,Perfluoroheptanoic acid,[],[],,67818,O=C(O)C(F)(F)C(F)(F)C(F)(F)C(F)(F)C(F)(F)C(F)(F)F,"InChI=1S/C7HF13O2/c8-2(9,1(21)22)3(10,11)4(12,13)5(14,15)6(16,17)7(18,19)20/h(H,21,22)",ZWBAMYVPMDSJGQ-UHFFFAOYSA-N,C7HF13O2,364.0569999999999,defined_single_substance,resolved,true,qsar,null,"{""identity_verification"":{""cid"":67818,""method"":""pubchem_cid_direct_structure"",""source"":""PubChem PUG REST"",""screening_envelope"":{""mw"":[30.0,500.0],""heavy_atoms"":[2,36]}},""offline_seed"":""pubchem-registry-20260724-v1""}",verified,1
perfluorohexane,,Perfluorohexane,[],[],,9639,FC(F)(F)C(F)(F)C(F)(F)C(F)(F)C(F)(F)C(F)(F)F,"InChI=1S/C6F14/c7-1(8,3(11,12)5(15,16)17)2(9,10)4(13,14)6(18,19)20",ZJIJAJXFLBMLCK-UHFFFAOYSA-N,C6F14,338.03799999999995,defined_single_substance,resolved,true,qsar,null,"{""identity_verification"":{""cid"":9639,""method"":""pubchem_cid_direct_structure"",""source"":""PubChem PUG REST"",""screening_envelope"":{""mw"":[30.0,500.0],""heavy_atoms"":[2,36]}},""offline_seed"":""pubchem-registry-20260724-v1""}",verified,1
perfluorohexanesulfonic acid,,Perfluorohexanesulfonic Acid,[],[],,67734,O=S(=O)(O)C(F)(F)C(F)(F)C(F)(F)C(F)(F)C(F)(F)C(F)(F)F,"InChI=1S/C6HF13O3S/c7-1(8,3(11,12)5(15,16)17)2(9,10)4(13,14)6(18,19)23(20,21)22/h(H,20,21,22)",QZHDEAJFRJCDMF-UHFFFAOYSA-N,C6HF13O3S,400.1119999999999,defined_single_substance,resolved,true,qsar,null,"{""identity_verification"":{""cid"":67734,""method"":""pubchem_cid_direct_structure"",""source"":""PubChem PUG REST"",""screening_envelope"":{""mw"":[30.0,500.0],""heavy_atoms"":[2,36]}},""offline_seed"":""pubchem-registry-20260724-v1""}",verified,1
perfluorohexanoic acid,,Perfluorohexanoic Acid,[],[],,67542,O=C(O)C(F)(F)C(F)(F)C(F)(F)C(F)(F)C(F)(F)F,"InChI=1S/C6HF11O2/c7-2(8,1(18)19)3(9,10)4(11,12)5(13,14)6(15,16)17/h(H,18,19)",PXUULQAPEKKVAH-UHFFFAOYSA-N,C6HF11O2,314.04999999999995,defined_single_substance,resolved,true,qsar,null,"{""identity_verification"":{""cid"":67542,""method"":""pubchem_cid_direct_structure"",""source"":""PubChem PUG REST"",""screening_envelope"":{""mw"":[30.0,500.0],""heavy_atoms"":[2,36]}},""offline_seed"":""pubchem-registry-20260724-v1""}",verified,1
perfluorooctanoic acid,,Perfluorooctanoic acid,[],[],,9554,O=C(O)C(F)(F)C(F)(F)C(F)(F)C(F)(F)C(F)(F)C(F)(F)C(F)(F)F,"InChI=1S/C8HF15O2/c9-2(10,1(24)25)3(11,12)4(13,14)5(15,16)6(17,18)7(19,20)8(21,22)23/h(H,24,25)",SNGREZUHAYWORS-UHFFFAOYSA-N,C8HF15O2,414.06399999999985,defined_single_substance,resolved,true,qsar,null,"{""identity_verification"":{""cid"":9554,""method"":""pubchem_cid_direct_structure"",""source"":""PubChem PUG REST"",""screening_envelope"":{""mw"":[30.0,500.0],""heavy_atoms"":[2,36]}},""offline_seed"":""pubchem-registry-20260724-v1""}",verified,1
phenanthrene,,Phenanthrene,[],[],,995,c1ccc2c(c1)ccc1ccccc12,InChI=1S/C14H10/c1-3-7-13-11(5-1)9-10-12-6-2-4-8-14(12)13/h1-10H,YNPNZTXNASCQKK-UHFFFAOYSA-N,C14H10,178.23399999999998,defined_single_substance,resolved,true,qsar,null,"{""identity_verification"":{""cid"":995,""method"":""pubchem_cid_direct_structure"",""source"":""PubChem PUG REST"",""screening_envelope"":{""mw"":[30.0,500.0],""heavy_atoms"":[2,36]}},""offline_seed"":""pubchem-registry-20260724-v1""}",verified,1
phencyclidine,,Phencyclidine,[],[],,6468,c1ccc(C2(N3CCCCC3)CCCCC2)cc1,"InChI=1S/C17H25N/c1-4-10-16(11-5-1)17(12-6-2-7-13-17)18-14-8-3-9-15-18/h1,4-5,10-11H,2-3,6-9,12-15H2",JTJMJGYZQZDUJJ-UHFFFAOYSA-N,C17H25N,243.39399999999995,defined_single_substance,resolved,true,qsar,null,"{""identity_verification"":{""cid"":6468,""method"":""pubchem_cid_direct_structure"",""source"":""PubChem PUG REST"",""screening_envelope"":{""mw"":[30.0,500.0],""heavy_atoms"":[2,36]}},""offline_seed"":""pubchem-registry-20260724-v1""}",verified,1
phenethylamine,,Phenethylamine,[],[],,1001,NCCc1ccccc1,"InChI=1S/C8H11N/c9-7-6-8-4-2-1-3-5-8/h1-5H,6-7,9H2",BHHGXPLMPWCGHP-UHFFFAOYSA-N,C8H11N,121.18299999999999,defined_single_substance,resolved,true,qsar,null,"{""identity_verification"":{""cid"":1001,""method"":""pubchem_cid_direct_structure"",""source"":""PubChem PUG REST"",""screening_envelope"":{""mw"":[30.0,500.0],""heavy_atoms"":[2,36]}},""offline_seed"":""pubchem-registry-20260724-v1""}",verified,1
phenidone,,Phenidone,[],[],,7090,O=C1CCN(c2ccccc2)N1,"InChI=1S/C9H10N2O/c12-9-6-7-11(10-9)8-4-2-1-3-5-8/h1-5H,6-7H2,(H,10,12)",CMCWWLVWPDLCRM-UHFFFAOYSA-N,C9H10N2O,162.19199999999998,defined_single_substance,resolved,true,qsar,null,"{""identity_verification"":{""cid"":7090,""method"":""pubchem_cid_direct_structure"",""source"":""PubChem PUG REST"",""screening_envelope"":{""mw"":[30.0,500.0],""heavy_atoms"":[2,36]}},""offline_seed"":""pubchem-registry-20260724-v1""}",verified,1
phenkapton,,Phenkapton,[],[],,16773,CCOP(=S)(OCC)SCSc1cc(Cl)ccc1Cl,"InChI=1S/C11H15Cl2O2PS3/c1-3-14-16(17,15-4-2)19-8-18-11-7-9(12)5-6-10(11)13/h5-7H,3-4,8H2,1-2H3",GGNLTHFTYNDYNK-UHFFFAOYSA-N,C11H15Cl2O2PS3,377.31999999999994,defined_single_substance,resolved,true,qsar,null,"{""identity_verification"":{""cid"":16773,""method"":""pubchem_cid_direct_structure"",""source"":""PubChem PUG REST"",""screening_envelope"":{""mw"":[30.0,500.0],""heavy_atoms"":[2,36]}},""offline_seed"":""pubchem-registry-20260724-v1""}",verified,1
phenol,,Phenol,[],[],,996,Oc1ccccc1,"InChI=1S/C6H6O/c7-6-4-2-1-3-5-6/h1-5,7H",ISWSIDIOOBJBQZ-UHFFFAOYSA-N,C6H6O,94.11299999999997,defined_single_substance,resolved,true,qsar,null,"{""identity_verification"":{""cid"":996,""method"":""pubchem_cid_direct_structure"",""source"":""PubChem PUG REST"",""screening_envelope"":{""mw"":[30.0,500.0],""heavy_atoms"":[2,36]}},""offline_seed"":""pubchem-registry-20260724-v1""}",verified,1
"phenol, 4,4'-[1,3-phenylenebis(1-methylethylidene)]bis-",,"Phenol, 4,4'-[1,3-phenylenebis(1-methylethylidene)]bis-",[],[],,3292100,CC(C)(c1ccc(O)cc1)c1cccc(C(C)(C)c2ccc(O)cc2)c1,"InChI=1S/C24H26O2/c1-23(2,17-8-12-21(25)13-9-17)19-6-5-7-20(16-19)24(3,4)18-10-14-22(26)15-11-18/h5-16,25-26H,1-4H3",PVFQHGDIOXNKIC-UHFFFAOYSA-N,C24H26O2,346.47,defined_single_substance,resolved,true,qsar,null,"{""identity_verification"":{""cid"":3292100,""method"":""pubchem_cid_direct_structure"",""source"":""PubChem PUG REST"",""screening_envelope"":{""mw"":[30.0,500.0],""heavy_atoms"":[2,36]}},""offline_seed"":""pubchem-registry-20260724-v1""}",verified,1
phenoxyethanol,Phenoxyethanol,Phenoxyethanol,[],"[""2-PHENOXYETHANOL"",""Phenoxyethanol"",""122-99-6"",""Ethylene glycol monophenyl ether"",""Phenyl cellosolve"",""Phenoxethol"",""Phenoxytol"",""Ethanol, 2-phenoxy-"",""2-Phenoxyethan-1-Ol"",""Phenoxetol"",""Ethylene glycol phenyl ether"",""Rose ether"",""Phenoxyethyl alcohol"",""1-Hydroxy-2-phenoxyethane"",""Arosol"",""Phenylmonoglycol ether"",""2-Phenoxyethyl alcohol"",""Dowanol EP"",""Dowanol EPH"",""Glycol monophenyl ether"",""2-Hydroxyethyl phenyl ether"",""Emeressence 1160"",""Fenyl-cellosolve"",""2-Fenoxyethanol"",""Fenylcelosolv"",""Emery 6705"",""beta-Hydroxyethyl phenyl ether"",""EGMPE"",""Dalpad A"",""Plastiazan-41"",""beta-Phenoxyethanol"",""DTXSID9021976"",""Newpol EFP"",""NSC-1864"",""HIE492ZZ3T"",""FEMA NO. 4620"",""DTXCID401976"",""CHEBI:64275"",""CPAP WIPES"",""VAXOL PURI"",""RefChem:55846"",""beta-Phenoxyethyl alcohol"",""MELAO DEODORANT Cream"",""MELAO COLOR HAIR WAX"",""204-589-7"",""2-Phenoxy-ethanol"",""Phenylglycol"",""MFCD00002857"",""9004-78-8"","".beta.-Hydroxyethyl phenyl ether"",""NSC 1864"",""Phenoxyethanol [NF]"","".beta.-Phenoxyethyl alcohol"",""Ethylene glycol-monophenyl ether"",""Phenoxyethanol (NF)"",""NCGC00090731-01"",""NCGC00090731-05"",""Fenylcelosolv [Czech]"",""2-Fenoxyethanol [Czech]"",""Fenyl-cellosolve [Czech]"",""Plastiazan-41 [Russian]"",""CAS-122-99-6"","".beta.-Phenoxyethanol"",""HSDB 5595"",""PHE-G"",""EINECS 204-589-7"",""UNII-HIE492ZZ3T"",""BRN 1364011"",""AI3-00752()C"",""phenylcellosolve"",""Phenoxyethanolum"",""CCRIS 9481"",""Ethoxylated phenol"",""2-phenyloxyethanol"",""2-phenoxy ethanol"",""Phenoxyethanol CRS"",""2-(phenoxy)ethanol"",""2-phenoxy-1-ethanol"",""beta-phenoxyethylalcohol"",""starbld0047047"",""PHE-S"",""2-Phenoxyethanol, 9CI"",""2-Phenoxyethanol, 99%"",""Phenoxyethanol (Standard)"",""WLN: Q2OR"",""EC 204-589-7"",""PHENOXYETHANOL [II]"",""2-Phenoxyethanol-1,1-d2"",""SCHEMBL15708"",""SCHEMBL57755"",""2-Phenoxyethanol, >=99%"",""PHENOXYETHANOL [HSDB]"",""4-06-00-00571 (Beilstein Handbook Reference)"",""MLS002174254"",""ethyleneglycol monophenyl ether"",""Euxyl K 400 (Salt/Mix)"",""ProClin? 8020 preservatives"",""SCHEMBL194335"",""SCHEMBL348920"",""SCHEMBL348921"",""Ethyleneglycol-monophenyl ether"",""2-PHENOXYETHANOL [MI]"",""PHENOXYETHANOL [MART.]"",""orb1219004"",""orb1306704"",""orb3025203"",""SCHEMBL1679226"",""SCHEMBL4072387"",""SCHEMBL6721192"",""SCHEMBL8371561"",""SCHEMBL8535485"",""PHENOXYETHANOL [USP-RS]"",""PHENOXYETHANOL [WHO-DD]"",""CHEMBL1229846"",""SCHEMBL10611874"",""SCHEMBL10873485"",""SCHEMBL11659790"",""HY-B1729R"",""MSK2538"",""NSC1864"",""HMS2268A20"",""HY-B1729"",""STR04582"",""WAA27338"",""Tox21_111002"",""Tox21_113532"",""Tox21_202111"",""Tox21_300842"",""EBC-26080"",""PHENOXYETHANOL [EP MONOGRAPH]"",""SBB060485"",""2-Phenoxyethanol, analytical standard"",""Fungal Terminator [veterinary] (TN)"",""AKOS000118741"",""Tox21_111002_1"",""DB11304"",""FP31791"",""NCGC00090731-02"",""NCGC00090731-03"",""NCGC00090731-04"",""NCGC00090731-06"",""NCGC00090731-07"",""NCGC00090731-08"",""NCGC00254745-01"",""NCGC00259660-01"",""56257-90-0"",""DA-76810"",""Ethylene glycol monophenyl ether, >=90%"",""SMR000112131"",""ETHANOL,2-PHENOXY  MFC8 H10 O2"",""CS-0013737"",""NS00002984"",""P0115"",""P1953"",""ST51046662"",""EN300-19339"",""2-Phenoxyethanol, tested according to Ph.Eur."",""D08359"",""G74506"",""SBI-0653920.0001"",""T20293"",""F005091"",""Q418038"",""SR-01000838345"",""SR-01000838345-2"",""F1905-6997"",""Z104473570"",""Ethylene glycol monophenyl ether, SAJ first grade, >=95.0%"",""Phenoxyethanol, European Pharmacopoeia (EP) Reference Standard"",""Phenoxyethanol, United States Pharmacopeia (USP) Reference Standard"",""InChI=1/C8H10O2/c9-6-7-10-8-4-2-1-3-5-8/h1-5,9H,6-7H"",""2-Phenoxyethanol, Pharmaceutical Secondary Standard; Certified Reference Material""]",122-99-6,31236,OCCOc1ccccc1,"InChI=1S/C8H10O2/c9-6-7-10-8-4-2-1-3-5-8/h1-5,9H,6-7H2",QCDWFXQBSFUVSP-UHFFFAOYSA-N,C8H10O2,138.16,defined_single_substance,resolved,true,qsar,null,"{""pubchem"":{""cid"":31236,""reason_th"":""พบโครงสร้างโมเลกุลเดี่ยวจาก PubChem แต่ต้องยืนยันตัวตนก่อนส่งเข้า QSAR"",""fetched_at"":""2026-07-24T14:43:25.449298+00:00"",""source_url"":""https://pubchem.ncbi.nlm.nih.gov/compound/31236"",""reason_code"":""awaiting_verification"",""proposed_qsar_eligible"":true},""last_review"":{""action"":""verify"",""reviewed_at"":""2026-07-24T14:43:25.501785+00:00"",""reviewer_note"":""Catalog seed accepted only after exact canonical structure match with PubChem""},""first_source"":""manual:pubchem_lookup"",""observations"":[{""source"":""manual:pubchem_lookup"",""seen_at"":""2026-07-24T14:43:25.452666+00:00"",""observed_name"":""Phenoxyethanol"",""ocr_confidence"":null}],""offline_seed"":""pubchem-registry-20260724-v1""}",verified,2
phenthoate,,Phenthoate,[],[],,17435,CCOC(=O)C(SP(=S)(OC)OC)c1ccccc1,"InChI=1S/C12H17O4PS2/c1-4-16-12(13)11(10-8-6-5-7-9-10)19-17(18,14-2)15-3/h5-9,11H,4H2,1-3H3",XAMUDJHXFNRLCY-UHFFFAOYSA-N,C12H17O4PS2,320.37200000000007,defined_single_substance,resolved,true,qsar,null,"{""identity_verification"":{""cid"":17435,""method"":""pubchem_cid_direct_structure"",""source"":""PubChem PUG REST"",""screening_envelope"":{""mw"":[30.0,500.0],""heavy_atoms"":[2,36]}},""offline_seed"":""pubchem-registry-20260724-v1""}",verified,1
phenyl glycidyl ether,,Phenyl glycidyl ether,[],[],,31217,c1ccc(OCC2CO2)cc1,"InChI=1S/C9H10O2/c1-2-4-8(5-3-1)10-6-9-7-11-9/h1-5,9H,6-7H2",FQYUMYWMJTYZTK-UHFFFAOYSA-N,C9H10O2,150.177,defined_single_substance,resolved,true,qsar,null,"{""identity_verification"":{""cid"":31217,""method"":""pubchem_cid_direct_structure"",""source"":""PubChem PUG REST"",""screening_envelope"":{""mw"":[30.0,500.0],""heavy_atoms"":[2,36]}},""offline_seed"":""pubchem-registry-20260724-v1""}",verified,1
phenylacetic acid,,Phenylacetic Acid,[],[],,999,O=C(O)Cc1ccccc1,"InChI=1S/C8H8O2/c9-8(10)6-7-4-2-1-3-5-7/h1-5H,6H2,(H,9,10)",WLJVXDMOQOGPHL-UHFFFAOYSA-N,C8H8O2,136.14999999999998,defined_single_substance,resolved,true,qsar,null,"{""identity_verification"":{""cid"":999,""method"":""pubchem_cid_direct_structure"",""source"":""PubChem PUG REST"",""screening_envelope"":{""mw"":[30.0,500.0],""heavy_atoms"":[2,36]}},""offline_seed"":""pubchem-registry-20260724-v1""}",verified,1
phenylmethylpentanal,,Phenylmethylpentanal,[],[],,108313,CC(CC=O)CCc1ccccc1,"InChI=1S/C12H16O/c1-11(9-10-13)7-8-12-5-3-2-4-6-12/h2-6,10-11H,7-9H2,1H3",DFJMIMVMOIFPQG-UHFFFAOYSA-N,C12H16O,176.25899999999996,defined_single_substance,resolved,true,qsar,null,"{""identity_verification"":{""cid"":108313,""method"":""pubchem_cid_direct_structure"",""source"":""PubChem PUG REST"",""screening_envelope"":{""mw"":[30.0,500.0],""heavy_atoms"":[2,36]}},""offline_seed"":""pubchem-registry-20260724-v1""}",verified,1
phenylthiourea,,Phenylthiourea,[],[],,676454,NC(=S)Nc1ccccc1,"InChI=1S/C7H8N2S/c8-7(10)9-6-4-2-1-3-5-6/h1-5H,(H3,8,9,10)",FULZLIGZKMKICU-UHFFFAOYSA-N,C7H8N2S,152.22199999999998,defined_single_substance,resolved,true,qsar,null,"{""identity_verification"":{""cid"":676454,""method"":""pubchem_cid_direct_structure"",""source"":""PubChem PUG REST"",""screening_envelope"":{""mw"":[30.0,500.0],""heavy_atoms"":[2,36]}},""offline_seed"":""pubchem-registry-20260724-v1""}",verified,1
phenyltris(butanoxime)silane,,Phenyltris(butanoxime)silane,[],[],,54473701,CCC(C)=NO[Si](ON=C(C)CC)(ON=C(C)CC)c1ccccc1,"InChI=1S/C18H29N3O3Si/c1-7-15(4)19-22-25(23-20-16(5)8-2,24-21-17(6)9-3)18-13-11-10-12-14-18/h10-14H,7-9H2,1-6H3",XKBQRJBETDMEFN-UHFFFAOYSA-N,C18H29N3O3Si,363.53400000000016,defined_single_substance,resolved,true,qsar,null,"{""identity_verification"":{""cid"":54473701,""method"":""pubchem_cid_direct_structure"",""source"":""PubChem PUG REST"",""screening_envelope"":{""mw"":[30.0,500.0],""heavy_atoms"":[2,36]}},""offline_seed"":""pubchem-registry-20260724-v1""}",verified,1
phorate,,Phorate,[],[],,4790,CCOP(=S)(OCC)SCSCC,"InChI=1S/C7H17O2PS3/c1-4-8-10(11,9-5-2)13-7-12-6-3/h4-7H2,1-3H3",BULVZWIRKLYCBC-UHFFFAOYSA-N,C7H17O2PS3,260.38599999999997,defined_single_substance,resolved,true,qsar,null,"{""identity_verification"":{""cid"":4790,""method"":""pubchem_cid_direct_structure"",""source"":""PubChem PUG REST"",""screening_envelope"":{""mw"":[30.0,500.0],""heavy_atoms"":[2,36]}},""offline_seed"":""pubchem-registry-20260724-v1""}",verified,1
phosacetim,,Phosacetim,[],[],,20056,CC(N)=NP(=S)(Oc1ccc(Cl)cc1)Oc1ccc(Cl)cc1,"InChI=1S/C14H13Cl2N2O2PS/c1-10(17)18-21(22,19-13-6-2-11(15)3-7-13)20-14-8-4-12(16)5-9-14/h2-9H,1H3,(H2,17,18,22)",XIBXUAZIZXDFTG-UHFFFAOYSA-N,C14H13Cl2N2O2PS,375.2170000000001,defined_single_substance,resolved,true,qsar,null,"{""identity_verification"":{""cid"":20056,""method"":""pubchem_cid_direct_structure"",""source"":""PubChem PUG REST"",""screening_envelope"":{""mw"":[30.0,500.0],""heavy_atoms"":[2,36]}},""offline_seed"":""pubchem-registry-20260724-v1""}",verified,1
phosalone,,Phosalone,[],[],,4793,CCOP(=S)(OCC)SCn1c(=O)oc2cc(Cl)ccc21,"InChI=1S/C12H15ClNO4PS2/c1-3-16-19(20,17-4-2)21-8-14-10-6-5-9(13)7-11(10)18-12(14)15/h5-7H,3-4,8H2,1-2H3",IOUNQDKNJZEDEP-UHFFFAOYSA-N,C12H15ClNO4PS2,367.8160000000001,defined_single_substance,resolved,true,qsar,null,"{""identity_verification"":{""cid"":4793,""method"":""pubchem_cid_direct_structure"",""source"":""PubChem PUG REST"",""screening_envelope"":{""mw"":[30.0,500.0],""heavy_atoms"":[2,36]}},""offline_seed"":""pubchem-registry-20260724-v1""}",verified,1
phosfolan,,Phosfolan,[],[],,13689,CCOP(=O)(N=C1SCCS1)OCC,"InChI=1S/C7H14NO3PS2/c1-3-10-12(9,11-4-2)8-7-13-5-6-14-7/h3-6H2,1-2H3",ILBONRFSLATCRE-UHFFFAOYSA-N,C7H14NO3PS2,255.30099999999996,defined_single_substance,resolved,true,qsar,null,"{""identity_verification"":{""cid"":13689,""method"":""pubchem_cid_direct_structure"",""source"":""PubChem PUG REST"",""screening_envelope"":{""mw"":[30.0,500.0],""heavy_atoms"":[2,36]}},""offline_seed"":""pubchem-registry-20260724-v1""}",verified,1
phosgene,,Phosgene,[],[],,6371,O=C(Cl)Cl,InChI=1S/CCl2O/c2-1(3)4,YGYAWVDWMABLBF-UHFFFAOYSA-N,CCl2O,98.916,defined_single_substance,resolved,true,qsar,null,"{""identity_verification"":{""cid"":6371,""method"":""pubchem_cid_direct_structure"",""source"":""PubChem PUG REST"",""screening_envelope"":{""mw"":[30.0,500.0],""heavy_atoms"":[2,36]}},""offline_seed"":""pubchem-registry-20260724-v1""}",verified,1
phosmet,,Phosmet,[],[],,12901,COP(=S)(OC)SCN1C(=O)c2ccccc2C1=O,"InChI=1S/C11H12NO4PS2/c1-15-17(18,16-2)19-7-12-10(13)8-5-3-4-6-9(8)11(12)14/h3-6H,7H2,1-2H3",LMNZTLDVJIUSHT-UHFFFAOYSA-N,C11H12NO4PS2,317.32800000000003,defined_single_substance,resolved,true,qsar,null,"{""identity_verification"":{""cid"":12901,""method"":""pubchem_cid_direct_structure"",""source"":""PubChem PUG REST"",""screening_envelope"":{""mw"":[30.0,500.0],""heavy_atoms"":[2,36]}},""offline_seed"":""pubchem-registry-20260724-v1""}",verified,1
phosnichlor,,Phosnichlor,[],[],,201362,COP(=S)(OC)Oc1ccc(Cl)c([N+](=O)[O-])c1,"InChI=1S/C8H9ClNO5PS/c1-13-16(17,14-2)15-6-3-4-7(9)8(5-6)10(11)12/h3-5H,1-2H3",UFNIXJPHHIPRFX-UHFFFAOYSA-N,C8H9ClNO5PS,297.656,defined_single_substance,resolved,true,qsar,null,"{""identity_verification"":{""cid"":201362,""method"":""pubchem_cid_direct_structure"",""source"":""PubChem PUG REST"",""screening_envelope"":{""mw"":[30.0,500.0],""heavy_atoms"":[2,36]}},""offline_seed"":""pubchem-registry-20260724-v1""}",verified,1
phosphamidon,,Phosphamidon,[],[],,25750,CCN(CC)C(=O)C(Cl)=C(C)OP(=O)(OC)OC,"InChI=1S/C10H19ClNO5P/c1-6-12(7-2)10(13)9(11)8(3)17-18(14,15-4)16-5/h6-7H2,1-5H3",RGCLLPNLLBQHPF-UHFFFAOYSA-N,C10H19ClNO5P,299.6909999999999,defined_single_substance,resolved,true,qsar,null,"{""identity_verification"":{""cid"":25750,""method"":""pubchem_cid_direct_structure"",""source"":""PubChem PUG REST"",""screening_envelope"":{""mw"":[30.0,500.0],""heavy_atoms"":[2,36]}},""offline_seed"":""pubchem-registry-20260724-v1""}",verified,1
"phosphoric acid, dodecyl diphenyl ester",,"Phosphoric acid, dodecyl diphenyl ester",[],[],,117982,CCCCCCCCCCCCOP(=O)(Oc1ccccc1)Oc1ccccc1,"InChI=1S/C24H35O4P/c1-2-3-4-5-6-7-8-9-10-17-22-26-29(25,27-23-18-13-11-14-19-23)28-24-20-15-12-16-21-24/h11-16,18-21H,2-10,17,22H2,1H3",DLZXXNAEQGRWPX-UHFFFAOYSA-N,C24H35O4P,418.51400000000007,defined_single_substance,resolved,true,qsar,null,"{""identity_verification"":{""cid"":117982,""method"":""pubchem_cid_direct_structure"",""source"":""PubChem PUG REST"",""screening_envelope"":{""mw"":[30.0,500.0],""heavy_atoms"":[2,36]}},""offline_seed"":""pubchem-registry-20260724-v1""}",verified,1
phosphorus oxychloride,,Phosphorus oxychloride,[],[],,24813,O=P(Cl)(Cl)Cl,"InChI=1S/Cl3OP/c1-5(2,3)4",XHXFXVLFKHQFAL-UHFFFAOYSA-N,Cl3OP,153.332,defined_single_substance,resolved,true,qsar,null,"{""identity_verification"":{""cid"":24813,""method"":""pubchem_cid_direct_structure"",""source"":""PubChem PUG REST"",""screening_envelope"":{""mw"":[30.0,500.0],""heavy_atoms"":[2,36]}},""offline_seed"":""pubchem-registry-20260724-v1""}",verified,1
phosphorus pentachloride,,Phosphorus pentachloride,[],[],,24819,ClP(Cl)(Cl)(Cl)Cl,"InChI=1S/Cl5P/c1-6(2,3,4)5",UHZYTMXLRWXGPK-UHFFFAOYSA-N,Cl5P,208.23900000000003,defined_single_substance,resolved,true,qsar,null,"{""identity_verification"":{""cid"":24819,""method"":""pubchem_cid_direct_structure"",""source"":""PubChem PUG REST"",""screening_envelope"":{""mw"":[30.0,500.0],""heavy_atoms"":[2,36]}},""offline_seed"":""pubchem-registry-20260724-v1""}",verified,1
phosphorus trichloride,,Phosphorus trichloride,[],[],,24387,ClP(Cl)Cl,InChI=1S/Cl3P/c1-4(2)3,FAIAAWCVCHQXDN-UHFFFAOYSA-N,Cl3P,137.33300000000003,defined_single_substance,resolved,true,qsar,null,"{""identity_verification"":{""cid"":24387,""method"":""pubchem_cid_direct_structure"",""source"":""PubChem PUG REST"",""screening_envelope"":{""mw"":[30.0,500.0],""heavy_atoms"":[2,36]}},""offline_seed"":""pubchem-registry-20260724-v1""}",verified,1
phoxim,,Phoxim,[],[],,26927,CCOP(=S)(OCC)ON=C(C#N)c1ccccc1,"InChI=1S/C12H15N2O3PS/c1-3-15-18(19,16-4-2)17-14-12(10-13)11-8-6-5-7-9-11/h5-9H,3-4H2,1-2H3",ATROHALUCMTWTB-UHFFFAOYSA-N,C12H15N2O3PS,298.304,defined_single_substance,resolved,true,qsar,null,"{""identity_verification"":{""cid"":26927,""method"":""pubchem_cid_direct_structure"",""source"":""PubChem PUG REST"",""screening_envelope"":{""mw"":[30.0,500.0],""heavy_atoms"":[2,36]}},""offline_seed"":""pubchem-registry-20260724-v1""}",verified,1
phthalic anhydride,,Phthalic Anhydride,[],[],,6811,O=C1OC(=O)c2ccccc21,InChI=1S/C8H4O3/c9-7-5-3-1-2-4-6(5)8(10)11-7/h1-4H,LGRFSURHDFAFJT-UHFFFAOYSA-N,C8H4O3,148.11699999999996,defined_single_substance,resolved,true,qsar,null,"{""identity_verification"":{""cid"":6811,""method"":""pubchem_cid_direct_structure"",""source"":""PubChem PUG REST"",""screening_envelope"":{""mw"":[30.0,500.0],""heavy_atoms"":[2,36]}},""offline_seed"":""pubchem-registry-20260724-v1""}",verified,1
picric acid,,Picric Acid,[],[],,6954,O=[N+]([O-])c1cc([N+](=O)[O-])c(O)c([N+](=O)[O-])c1,"InChI=1S/C6H3N3O7/c10-6-4(8(13)14)1-3(7(11)12)2-5(6)9(15)16/h1-2,10H",OXNIZHLAWKMVMX-UHFFFAOYSA-N,C6H3N3O7,229.10399999999998,defined_single_substance,resolved,true,qsar,null,"{""identity_verification"":{""cid"":6954,""method"":""pubchem_cid_direct_structure"",""source"":""PubChem PUG REST"",""screening_envelope"":{""mw"":[30.0,500.0],""heavy_atoms"":[2,36]}},""offline_seed"":""pubchem-registry-20260724-v1""}",verified,1
picryl chloride,,Picryl Chloride,[],[],,6953,O=[N+]([O-])c1cc([N+](=O)[O-])c(Cl)c([N+](=O)[O-])c1,InChI=1S/C6H2ClN3O6/c7-6-4(9(13)14)1-3(8(11)12)2-5(6)10(15)16/h1-2H,HJRJRUMKQCMYDL-UHFFFAOYSA-N,C6H2ClN3O6,247.54999999999998,defined_single_substance,resolved,true,qsar,null,"{""identity_verification"":{""cid"":6953,""method"":""pubchem_cid_direct_structure"",""source"":""PubChem PUG REST"",""screening_envelope"":{""mw"":[30.0,500.0],""heavy_atoms"":[2,36]}},""offline_seed"":""pubchem-registry-20260724-v1""}",verified,1
pindone,,Pindone,[],[],,6732,CC(C)(C)C(=O)C1C(=O)c2ccccc2C1=O,"InChI=1S/C14H14O3/c1-14(2,3)13(17)10-11(15)8-6-4-5-7-9(8)12(10)16/h4-7,10H,1-3H3",RZKYEQDPDZUERB-UHFFFAOYSA-N,C14H14O3,230.26299999999998,defined_single_substance,resolved,true,qsar,null,"{""identity_verification"":{""cid"":6732,""method"":""pubchem_cid_direct_structure"",""source"":""PubChem PUG REST"",""screening_envelope"":{""mw"":[30.0,500.0],""heavy_atoms"":[2,36]}},""offline_seed"":""pubchem-registry-20260724-v1""}",verified,1
piperonal,,Piperonal,[],[],,8438,O=Cc1ccc2c(c1)OCO2,"InChI=1S/C8H6O3/c9-4-6-1-2-7-8(3-6)11-5-10-7/h1-4H,5H2",SATCULPHIDQDRE-UHFFFAOYSA-N,C8H6O3,150.13299999999998,defined_single_substance,resolved,true,qsar,null,"{""identity_verification"":{""cid"":8438,""method"":""pubchem_cid_direct_structure"",""source"":""PubChem PUG REST"",""screening_envelope"":{""mw"":[30.0,500.0],""heavy_atoms"":[2,36]}},""offline_seed"":""pubchem-registry-20260724-v1""}",verified,1
piperophos,,Piperophos,[],[],,32230,CCCOP(=S)(OCCC)SCC(=O)N1CCCCC1C,"InChI=1S/C14H28NO3PS2/c1-4-10-17-19(20,18-11-5-2)21-12-14(16)15-9-7-6-8-13(15)3/h13H,4-12H2,1-3H3",UNLYSVIDNRIVFJ-UHFFFAOYSA-N,C14H28NO3PS2,353.4900000000001,defined_single_substance,resolved,true,qsar,null,"{""identity_verification"":{""cid"":32230,""method"":""pubchem_cid_direct_structure"",""source"":""PubChem PUG REST"",""screening_envelope"":{""mw"":[30.0,500.0],""heavy_atoms"":[2,36]}},""offline_seed"":""pubchem-registry-20260724-v1""}",verified,1
pirfenidone,,Pirfenidone,[],[],,40632,Cc1ccc(=O)n(-c2ccccc2)c1,"InChI=1S/C12H11NO/c1-10-7-8-12(14)13(9-10)11-5-3-2-4-6-11/h2-9H,1H3",ISWRGOKTTBVCFA-UHFFFAOYSA-N,C12H11NO,185.226,defined_single_substance,resolved,true,qsar,null,"{""identity_verification"":{""cid"":40632,""method"":""pubchem_cid_direct_structure"",""source"":""PubChem PUG REST"",""screening_envelope"":{""mw"":[30.0,500.0],""heavy_atoms"":[2,36]}},""offline_seed"":""pubchem-registry-20260724-v1""}",verified,1
pirimicarb,,Pirimicarb,[],[],,31645,Cc1nc(N(C)C)nc(OC(=O)N(C)C)c1C,InChI=1S/C11H18N4O2/c1-7-8(2)12-10(14(3)4)13-9(7)17-11(16)15(5)6/h1-6H3,YFGYUFNIOHWBOB-UHFFFAOYSA-N,C11H18N4O2,238.291,defined_single_substance,resolved,true,qsar,null,"{""identity_verification"":{""cid"":31645,""method"":""pubchem_cid_direct_structure"",""source"":""PubChem PUG REST"",""screening_envelope"":{""mw"":[30.0,500.0],""heavy_atoms"":[2,36]}},""offline_seed"":""pubchem-registry-20260724-v1""}",verified,1
pirimiphos-ethyl,,Pirimiphos-Ethyl,[],[],,31957,CCOP(=S)(OCC)Oc1cc(C)nc(N(CC)CC)n1,"InChI=1S/C13H24N3O3PS/c1-6-16(7-2)13-14-11(5)10-12(15-13)19-20(21,17-8-3)18-9-4/h10H,6-9H2,1-5H3",TZBPRYIIJAJUOY-UHFFFAOYSA-N,C13H24N3O3PS,333.3940000000002,defined_single_substance,resolved,true,qsar,null,"{""identity_verification"":{""cid"":31957,""method"":""pubchem_cid_direct_structure"",""source"":""PubChem PUG REST"",""screening_envelope"":{""mw"":[30.0,500.0],""heavy_atoms"":[2,36]}},""offline_seed"":""pubchem-registry-20260724-v1""}",verified,1
pirimiphos-methyl,,Pirimiphos-methyl,[],[],,34526,CCN(CC)c1nc(C)cc(OP(=S)(OC)OC)n1,"InChI=1S/C11H20N3O3PS/c1-6-14(7-2)11-12-9(3)8-10(13-11)17-18(19,15-4)16-5/h8H,6-7H2,1-5H3",QHOQHJPRIBSPCY-UHFFFAOYSA-N,C11H20N3O3PS,305.3400000000001,defined_single_substance,resolved,true,qsar,null,"{""identity_verification"":{""cid"":34526,""method"":""pubchem_cid_direct_structure"",""source"":""PubChem PUG REST"",""screening_envelope"":{""mw"":[30.0,500.0],""heavy_atoms"":[2,36]}},""offline_seed"":""pubchem-registry-20260724-v1""}",verified,1
polyquaternium-67,polyquaternium-67,Polyquaternium-67,[],"[""Polyquaternium-67""]",,,,,,,,polymer,polymeric,false,knowledge_base,null,"{""first_source"":""ocr:curated"",""observations"":[{""source"":""ocr:curated"",""seen_at"":""2026-07-24T14:12:40.219956+00:00"",""observed_name"":""polyquaternium-67"",""ocr_confidence"":38.6},{""source"":""ocr:curated"",""seen_at"":""2026-07-24T14:18:39.809427+00:00"",""observed_name"":""polyquaternium-67"",""ocr_confidence"":38.6}],""offline_seed"":""pubchem-registry-20260724-v1""}",verified,1
prallethrin,,Prallethrin,[],[],,9839306,C#CCC1=C(C)C(OC(=O)C2C(C=C(C)C)C2(C)C)CC1=O,"InChI=1S/C19H24O3/c1-7-8-13-12(4)16(10-15(13)20)22-18(21)17-14(9-11(2)3)19(17,5)6/h1,9,14,16-17H,8,10H2,2-6H3",SMKRKQBMYOFFMU-UHFFFAOYSA-N,C19H24O3,300.3980000000001,defined_single_substance,resolved,true,qsar,null,"{""identity_verification"":{""cid"":9839306,""method"":""pubchem_cid_direct_structure"",""source"":""PubChem PUG REST"",""screening_envelope"":{""mw"":[30.0,500.0],""heavy_atoms"":[2,36]}},""offline_seed"":""pubchem-registry-20260724-v1""}",verified,1
primidone,,Primidone,[],[],,4909,CCC1(c2ccccc2)C(=O)NCNC1=O,"InChI=1S/C12H14N2O2/c1-2-12(9-6-4-3-5-7-9)10(15)13-8-14-11(12)16/h3-7H,2,8H2,1H3,(H,13,15)(H,14,16)",DQMZLTXERSFNPB-UHFFFAOYSA-N,C12H14N2O2,218.256,defined_single_substance,resolved,true,qsar,null,"{""identity_verification"":{""cid"":4909,""method"":""pubchem_cid_direct_structure"",""source"":""PubChem PUG REST"",""screening_envelope"":{""mw"":[30.0,500.0],""heavy_atoms"":[2,36]}},""offline_seed"":""pubchem-registry-20260724-v1""}",verified,1
pristane,,Pristane,[],[],,15979,CC(C)CCCC(C)CCCC(C)CCCC(C)C,"InChI=1S/C19H40/c1-16(2)10-7-12-18(5)14-9-15-19(6)13-8-11-17(3)4/h16-19H,7-15H2,1-6H3",XOJVVFBFDXDTEG-UHFFFAOYSA-N,C19H40,268.52899999999994,defined_single_substance,resolved,true,qsar,null,"{""identity_verification"":{""cid"":15979,""method"":""pubchem_cid_direct_structure"",""source"":""PubChem PUG REST"",""screening_envelope"":{""mw"":[30.0,500.0],""heavy_atoms"":[2,36]}},""offline_seed"":""pubchem-registry-20260724-v1""}",verified,1
profenofos,,Profenofos,[],[],,38779,CCCSP(=O)(OCC)Oc1ccc(Br)cc1Cl,"InChI=1S/C11H15BrClO3PS/c1-3-7-18-17(14,15-4-2)16-11-6-5-9(12)8-10(11)13/h5-6,8H,3-4,7H2,1-2H3",QYMMJNLHFKGANY-UHFFFAOYSA-N,C11H15BrClO3PS,373.63599999999997,defined_single_substance,resolved,true,qsar,null,"{""identity_verification"":{""cid"":38779,""method"":""pubchem_cid_direct_structure"",""source"":""PubChem PUG REST"",""screening_envelope"":{""mw"":[30.0,500.0],""heavy_atoms"":[2,36]}},""offline_seed"":""pubchem-registry-20260724-v1""}",verified,1
profoxydim,,Profoxydim,[],[],,135565117,CCCC(=NOCC(C)Oc1ccc(Cl)cc1)C1=C(O)CC(C2CCCSC2)CC1=O,"InChI=1S/C24H32ClNO4S/c1-3-5-21(26-29-14-16(2)30-20-9-7-19(25)8-10-20)24-22(27)12-18(13-23(24)28)17-6-4-11-31-15-17/h7-10,16-18,27H,3-6,11-15H2,1-2H3",KRQUFUKTQHISJB-UHFFFAOYSA-N,C24H32ClNO4S,466.04300000000035,defined_single_substance,resolved,true,qsar,null,"{""identity_verification"":{""cid"":135565117,""method"":""pubchem_cid_direct_structure"",""source"":""PubChem PUG REST"",""screening_envelope"":{""mw"":[30.0,500.0],""heavy_atoms"":[2,36]}},""offline_seed"":""pubchem-registry-20260724-v1""}",verified,1
promecarb,,Promecarb,[],[],,17516,CNC(=O)Oc1cc(C)cc(C(C)C)c1,"InChI=1S/C12H17NO2/c1-8(2)10-5-9(3)6-11(7-10)15-12(14)13-4/h5-8H,1-4H3,(H,13,14)",DTAPQAJKAFRNJB-UHFFFAOYSA-N,C12H17NO2,207.273,defined_single_substance,resolved,true,qsar,null,"{""identity_verification"":{""cid"":17516,""method"":""pubchem_cid_direct_structure"",""source"":""PubChem PUG REST"",""screening_envelope"":{""mw"":[30.0,500.0],""heavy_atoms"":[2,36]}},""offline_seed"":""pubchem-registry-20260724-v1""}",verified,1
propanal,,Propanal,[],[],,527,CCC=O,"InChI=1S/C3H6O/c1-2-3-4/h3H,2H2,1H3",NBBJYMSMWIIQGU-UHFFFAOYSA-N,C3H6O,58.08,defined_single_substance,resolved,true,qsar,null,"{""identity_verification"":{""cid"":527,""method"":""pubchem_cid_direct_structure"",""source"":""PubChem PUG REST"",""screening_envelope"":{""mw"":[30.0,500.0],""heavy_atoms"":[2,36]}},""offline_seed"":""pubchem-registry-20260724-v1""}",verified,1
propane sultone,,Propane sultone,[],[],,14264,O=S1(=O)CCCO1,InChI=1S/C3H6O3S/c4-7(5)3-1-2-6-7/h1-3H2,FSSPGSAQUIYDCN-UHFFFAOYSA-N,C3H6O3S,122.145,defined_single_substance,resolved,true,qsar,null,"{""identity_verification"":{""cid"":14264,""method"":""pubchem_cid_direct_structure"",""source"":""PubChem PUG REST"",""screening_envelope"":{""mw"":[30.0,500.0],""heavy_atoms"":[2,36]}},""offline_seed"":""pubchem-registry-20260724-v1""}",verified,1
propanediaminetetraacetic acid,,Propanediaminetetraacetic acid,[],[],,80296,O=C(O)CN(CCCN(CC(=O)O)CC(=O)O)CC(=O)O,"InChI=1S/C11H18N2O8/c14-8(15)4-12(5-9(16)17)2-1-3-13(6-10(18)19)7-11(20)21/h1-7H2,(H,14,15)(H,16,17)(H,18,19)(H,20,21)",DMQQXDPCRUGSQB-UHFFFAOYSA-N,C11H18N2O8,306.271,defined_single_substance,resolved,true,qsar,null,"{""identity_verification"":{""cid"":80296,""method"":""pubchem_cid_direct_structure"",""source"":""PubChem PUG REST"",""screening_envelope"":{""mw"":[30.0,500.0],""heavy_atoms"":[2,36]}},""offline_seed"":""pubchem-registry-20260724-v1""}",verified,1
"propanenitrile, 3-((3z)-3-hexen-1-yloxy)-",,"Propanenitrile, 3-((3Z)-3-hexen-1-yloxy)-",[],[],,15031854,CC/C=C\CCOCCC#N,"InChI=1S/C9H15NO/c1-2-3-4-5-8-11-9-6-7-10/h3-4H,2,5-6,8-9H2,1H3/b4-3-",TVSGBEJPUDTIBF-ARJAWSKDSA-N,C9H15NO,153.22500000000002,defined_single_substance,resolved,true,qsar,null,"{""identity_verification"":{""cid"":15031854,""method"":""pubchem_cid_direct_structure"",""source"":""PubChem PUG REST"",""screening_envelope"":{""mw"":[30.0,500.0],""heavy_atoms"":[2,36]}},""offline_seed"":""pubchem-registry-20260724-v1""}",verified,1
"propaneperoxoic acid, 2,2-dimethyl-, 1,1,3,3-tetramethylbutyl ester",,"Propaneperoxoic acid, 2,2-dimethyl-, 1,1,3,3-tetramethylbutyl ester",[],[],,53446567,CC(C)(C)CC(C)(C)OOC(=O)C(C)(C)C,"InChI=1S/C13H26O3/c1-11(2,3)9-13(7,8)16-15-10(14)12(4,5)6/h9H2,1-8H3",MUOYRBYBTJDAOT-UHFFFAOYSA-N,C13H26O3,230.34799999999996,defined_single_substance,resolved,true,qsar,null,"{""identity_verification"":{""cid"":53446567,""method"":""pubchem_cid_direct_structure"",""source"":""PubChem PUG REST"",""screening_envelope"":{""mw"":[30.0,500.0],""heavy_atoms"":[2,36]}},""offline_seed"":""pubchem-registry-20260724-v1""}",verified,1
"propanoic acid, 2,2-dimethyl-, 3-methyl-3-buten-1-yl ester",,"Propanoic acid, 2,2-dimethyl-, 3-methyl-3-buten-1-yl ester",[],[],,53428828,C=C(C)CCOC(=O)C(C)(C)C,"InChI=1S/C10H18O2/c1-8(2)6-7-12-9(11)10(3,4)5/h1,6-7H2,2-5H3",FJEBKWNPJIZWKJ-UHFFFAOYSA-N,C10H18O2,170.25199999999998,defined_single_substance,resolved,true,qsar,null,"{""identity_verification"":{""cid"":53428828,""method"":""pubchem_cid_direct_structure"",""source"":""PubChem PUG REST"",""screening_envelope"":{""mw"":[30.0,500.0],""heavy_atoms"":[2,36]}},""offline_seed"":""pubchem-registry-20260724-v1""}",verified,1
propargite,,Propargite,[],[],,4936,C#CCOS(=O)OC1CCCCC1Oc1ccc(C(C)(C)C)cc1,"InChI=1S/C19H26O4S/c1-5-14-21-24(20)23-18-9-7-6-8-17(18)22-16-12-10-15(11-13-16)19(2,3)4/h1,10-13,17-18H,6-9,14H2,2-4H3",ZYHMJXZULPZUED-UHFFFAOYSA-N,C19H26O4S,350.48,defined_single_substance,resolved,true,qsar,null,"{""identity_verification"":{""cid"":4936,""method"":""pubchem_cid_direct_structure"",""source"":""PubChem PUG REST"",""screening_envelope"":{""mw"":[30.0,500.0],""heavy_atoms"":[2,36]}},""offline_seed"":""pubchem-registry-20260724-v1""}",verified,1
propargyl alcohol,,Propargyl alcohol,[],[],,7859,C#CCO,"InChI=1S/C3H4O/c1-2-3-4/h1,4H,3H2",TVDSBUOJIPERQY-UHFFFAOYSA-N,C3H4O,56.064,defined_single_substance,resolved,true,qsar,null,"{""identity_verification"":{""cid"":7859,""method"":""pubchem_cid_direct_structure"",""source"":""PubChem PUG REST"",""screening_envelope"":{""mw"":[30.0,500.0],""heavy_atoms"":[2,36]}},""offline_seed"":""pubchem-registry-20260724-v1""}",verified,1
propetamphos,,Propetamphos,[],[],,5372405,CCNP(=S)(OC)O/C(C)=C/C(=O)OC(C)C,"InChI=1S/C10H20NO4PS/c1-6-11-16(17,13-5)15-9(4)7-10(12)14-8(2)3/h7-8H,6H2,1-5H3,(H,11,17)/b9-7+",BZNDWPRGXNILMS-VQHVLOKHSA-N,C10H20NO4PS,281.314,defined_single_substance,resolved,true,qsar,null,"{""identity_verification"":{""cid"":5372405,""method"":""pubchem_cid_direct_structure"",""source"":""PubChem PUG REST"",""screening_envelope"":{""mw"":[30.0,500.0],""heavy_atoms"":[2,36]}},""offline_seed"":""pubchem-registry-20260724-v1""}",verified,1
propionic acid,,Propionic Acid,[],[],,1032,CCC(=O)O,"InChI=1S/C3H6O2/c1-2-3(4)5/h2H2,1H3,(H,4,5)",XBDQKXXYIPTUBI-UHFFFAOYSA-N,C3H6O2,74.079,defined_single_substance,resolved,true,qsar,null,"{""identity_verification"":{""cid"":1032,""method"":""pubchem_cid_direct_structure"",""source"":""PubChem PUG REST"",""screening_envelope"":{""mw"":[30.0,500.0],""heavy_atoms"":[2,36]}},""offline_seed"":""pubchem-registry-20260724-v1""}",verified,1
propionic anhydride,,Propionic anhydride,[],[],,31263,CCC(=O)OC(=O)CC,"InChI=1S/C6H10O3/c1-3-5(7)9-6(8)4-2/h3-4H2,1-2H3",WYVAMUWZEOHJOQ-UHFFFAOYSA-N,C6H10O3,130.14299999999997,defined_single_substance,resolved,true,qsar,null,"{""identity_verification"":{""cid"":31263,""method"":""pubchem_cid_direct_structure"",""source"":""PubChem PUG REST"",""screening_envelope"":{""mw"":[30.0,500.0],""heavy_atoms"":[2,36]}},""offline_seed"":""pubchem-registry-20260724-v1""}",verified,1
propionyl chloride,,Propionyl chloride,[],[],,62324,CCC(=O)Cl,"InChI=1S/C3H5ClO/c1-2-3(4)5/h2H2,1H3",RZWZRACFZGVKFM-UHFFFAOYSA-N,C3H5ClO,92.525,defined_single_substance,resolved,true,qsar,null,"{""identity_verification"":{""cid"":62324,""method"":""pubchem_cid_direct_structure"",""source"":""PubChem PUG REST"",""screening_envelope"":{""mw"":[30.0,500.0],""heavy_atoms"":[2,36]}},""offline_seed"":""pubchem-registry-20260724-v1""}",verified,1
propoxur,,Propoxur,[],[],,4944,CNC(=O)Oc1ccccc1OC(C)C,"InChI=1S/C11H15NO3/c1-8(2)14-9-6-4-5-7-10(9)15-11(13)12-3/h4-8H,1-3H3,(H,12,13)",ISRUGXGCCGIOQO-UHFFFAOYSA-N,C11H15NO3,209.24499999999998,defined_single_substance,resolved,true,qsar,null,"{""identity_verification"":{""cid"":4944,""method"":""pubchem_cid_direct_structure"",""source"":""PubChem PUG REST"",""screening_envelope"":{""mw"":[30.0,500.0],""heavy_atoms"":[2,36]}},""offline_seed"":""pubchem-registry-20260724-v1""}",verified,1
propyl chloroformate,,Propyl chloroformate,[],[],,7998,CCCOC(=O)Cl,"InChI=1S/C4H7ClO2/c1-2-3-7-4(5)6/h2-3H2,1H3",QQKDTTWZXHEGAQ-UHFFFAOYSA-N,C4H7ClO2,122.55099999999999,defined_single_substance,resolved,true,qsar,null,"{""identity_verification"":{""cid"":7998,""method"":""pubchem_cid_direct_structure"",""source"":""PubChem PUG REST"",""screening_envelope"":{""mw"":[30.0,500.0],""heavy_atoms"":[2,36]}},""offline_seed"":""pubchem-registry-20260724-v1""}",verified,1
propyl gallate,,Propyl Gallate,[],[],,4947,CCCOC(=O)c1cc(O)c(O)c(O)c1,"InChI=1S/C10H12O5/c1-2-3-15-10(14)6-4-7(11)9(13)8(12)5-6/h4-5,11-13H,2-3H2,1H3",ZTHYODDOHIVTJV-UHFFFAOYSA-N,C10H12O5,212.201,defined_single_substance,resolved,true,qsar,null,"{""identity_verification"":{""cid"":4947,""method"":""pubchem_cid_direct_structure"",""source"":""PubChem PUG REST"",""screening_envelope"":{""mw"":[30.0,500.0],""heavy_atoms"":[2,36]}},""offline_seed"":""pubchem-registry-20260724-v1""}",verified,1
propyl isome,,Propyl isome,[],[],,6750,CCCOC(=O)C1c2cc3c(cc2CC(C)C1C(=O)OCCC)OCO3,"InChI=1S/C20H26O6/c1-4-6-23-19(21)17-12(3)8-13-9-15-16(26-11-25-15)10-14(13)18(17)20(22)24-7-5-2/h9-10,12,17-18H,4-8,11H2,1-3H3",UEKQGZQLUMSLNW-UHFFFAOYSA-N,C20H26O6,362.4220000000002,defined_single_substance,resolved,true,qsar,null,"{""identity_verification"":{""cid"":6750,""method"":""pubchem_cid_direct_structure"",""source"":""PubChem PUG REST"",""screening_envelope"":{""mw"":[30.0,500.0],""heavy_atoms"":[2,36]}},""offline_seed"":""pubchem-registry-20260724-v1""}",verified,1
propylene carbonate,,Propylene Carbonate,[],[],,7924,CC1COC(=O)O1,"InChI=1S/C4H6O3/c1-3-2-6-4(5)7-3/h3H,2H2,1H3",RUOJZAUFBMNUDX-UHFFFAOYSA-N,C4H6O3,102.08899999999998,defined_single_substance,resolved,true,qsar,null,"{""identity_verification"":{""cid"":7924,""method"":""pubchem_cid_direct_structure"",""source"":""PubChem PUG REST"",""screening_envelope"":{""mw"":[30.0,500.0],""heavy_atoms"":[2,36]}},""offline_seed"":""pubchem-registry-20260724-v1""}",verified,1
propylene glycol,Propylene Glycol,Propylene Glycol,[],"[""propylene glycol"",""1,2-propanediol"",""57-55-6"",""propane-1,2-diol"",""1,2-Propylene glycol"",""1,2-dihydroxypropane"",""2-Hydroxypropanol"",""Isopropylene glycol"",""Dowfrost"",""Sirlene"",""Methylethyl glycol"",""Methylethylene glycol"",""Monopropylene glycol"",""Trimethyl glycol"",""Propylene Glycol USP"",""Solar Winter BAN"",""Solargard P"",""alpha-Propyleneglycol"",""dl-Propylene glycol"",""DL-1,2-Propanediol"",""Methyl glycol"",""Ucar 35"",""Sentry Propylene Glycol"",""(RS)-1,2-Propanediol"",""FEMA No. 2940"",""(+-)-Propylene glycol"",""1,2-Propylenglykol"",""PG 12"",""alpha-Propylene glycol"",""(+-)-1,2-Propanediol"",""Kilfrost ABC-S"",""Kollisolv pg"",""DTXSID0021206"",""Propyleneglycolum"",""1,2-(RS)-Propanediol"",""Ins no.1520"",""Propylene glycol (solvent)"",""1,2 Propanediol"",""NSC-69860"",""Ins-1520"",""CHEBI:16997"",""6DC9Q167V3"",""DTXCID901206"",""E-1520"",""(2RS)-PROPANE-1,2-DIOL"",""NSC69860"",""Propan-1,2-Diol"",""Systane Balance"",""Baby Wipes"",""Hot Sweat Cream"",""Glycol, Propylene"",""Systane Pro PF"",""EGHMTW hair oil"",""Systane COMPLETE"",""Methyl Ethyl Glycol"",""MSM (MoSaengMo)"",""Propylene glycol dl-"",""DEROFEN MIEL"",""KETO-TREAT"",""RefChem:6677"",""Systane COMPLETE PF"",""Walgreen Sterile Lubricant"",""GENERAL OB LUBRICANT"",""propylene glycol cefatrizine"",""Monohydrate, Propylene Glycol"",""Walgreens Lubricant Eye Drops"",""Eyelash and Eyebrow Lengthener"",""CVS Lubricant Eye Drops 15mL"",""Polypeptidemulti-Effectseye Cream"",""Equate Support Moisture Lubricant Eye"",""Walgreens Complete Lubricant Eye Drops"",""HEB Lubricant Eye Drops Dry Eye Therapy"",""Non Spermicidal Sterile Lubricating Jelly"",""Equate Complete Relief Lubricant Eye Drops"",""Joypretty Polypeptidemulti-Effectseye Cream"",""Leader Restorative Formula Lubricant Eye Drops"",""JoyPrettyin VITAMIN C BRIGHTENING EYE SERUM"",""Leader Lubricant Eye Drops Fast-Acting Hydration"",""Equate Lubricant Eye Drops Restorative Performance"",""Target Lubricant Eye Drops Restorative Performance"",""Rite Aid Lubricant Eye Drops Restorative Performance"",""Walgreens Lubricant Eye Drops Restorative Performance"",""Quality Choice Lubricant Eye Drops Restorative Performance"",""Isopropanol and Compound double-stranded quaternary ammonium salts"",""200-338-0"",""613-293-0"",""2,3-Propanediol"",""Caswell No. 713"",""1,2-Propylenglykol [German]"",""CCRIS 5929"",""HSDB 174"","".alpha.-Propylene glycol"",""AI3-01898"",""1,2-propandiol"",""(+/-)-1,2-propanediol"",""NSC 69860"",""SDM No. 27"",""1,2-propane-diol"",""EPA Pesticide Chemical Code 068603"",""( inverted exclamation markA)-1,2-Propanediol"",""S-(+)-Propylene glycol"",""1000PG"",""MFCD00064272"",""123120-98-9"",""propylenglycol"",""1,2-Propanediol (8CI,9CI)"",""C3H8O2"",""NCGC00090739-02"",""Propyleneglycol manufacturer"",""Prolugen"",""propylene-glycol"",""Ilexan P"",""General lube"",""1,2-(RS)-Propanediol; 1,2-Dihydroxypropane; 1,2-Propylene glycol"",""CAS-57-55-6"",""1,2-propane diol"",""All purpose lubricant"",""()-1,2-propanediol"",""(S)-(+)-Propylene glycerol"",""EINECS 200-338-0"",""BRN 1340498"",""Propylene glycol [USP:JAN]"",""propylene gycol"",""Propylenglycolum"",""UNII-6DC9Q167V3"",""propylene glycole"",""propylene glycerol"",""1-2-propanediol"",""1.2-propanediol"",""Propylene glycol; (RS)-propane-1,2-diol; Glycerol Imp. C (EP); GR 43314X; Glycerol Impurity C"",""1,2 -propanediol"",""1,2-propyleneglycol"",""1,2-Propanediol-d"",""Propylene glycol CRS"",""LS-1391"",""PROPANEDIOL-"",""1,2-Propanediol-d?"",""racemic propylene glycol"",""HOCH2CH(OH)Me"",""MeCH(OH)CH2OH"",""Propylene glycol dl-form"",""racemic 1,2-propanediol"",""CH3CH(OH)CH2OH"",""HOCH2CH(OH)CH3"",""DSSTox_CID_1206"",""bmse000302"",""Epitope ID:161748"",""EC 200-338-0"",""Polypropylene glycol 1000"",""SCHEMBL3535"",""SCHEMBL3930"",""DSSTox_RID_78594"",""Propylene glycol, FCC, FG"",""DSSTox_GSID_27863"",""SCHEMBL22063"",""SCHEMBL37444"",""SCHEMBL39420"",""3-01-00-02142 (Beilstein Handbook Reference)"",""MLS001055394"",""PROPYLENE GLYCOL [II]"",""PROPYLENE GLYCOL [MI]"",""SCHEMBL246209"",""SCHEMBL567822"",""SCHEMBL959052"",""WLN: QY1&1Q"",""PROPYLENE GLYCOL [FCC]"",""PROPYLENE GLYCOL [JAN]"",""CHEMBL286398"",""orb1907325"",""orb3139079"",""Propylene glycol (JP18/USP)"",""SCHEMBL1311393"",""SCHEMBL2468730"",""SCHEMBL2591762"",""SCHEMBL7593420"",""SCHEMBL7859771"",""1,2-Propanediol, ACS reagent"",""PROPYLENE GLYCOL [FHFI]"",""PROPYLENE GLYCOL [HSDB]"",""PROPYLENE GLYCOL [VANDF]"",""SCHEMBL15329198"",""SCHEMBL18788393"",""(.+/-.)-1,2-Propanediol"",""1,2-PDO"",""PROPYLENE GLYCOL [MART.]"",""PROPYLENE GLYCOL [USP-RS]"",""PROPYLENE GLYCOL [WHO-DD]"",""PROPYLENE GLYCOL [WHO-IP]"",""HMS3039O11"",""HMS5085C14"",""1,2-Propanediol, LR, >=99%"",""HY-Y0921"",""NSC35747"",""NSC35748"",""NSC35749"",""Tox21_111003"",""Tox21_201812"",""Tox21_300006"",""Tox21_301441"",""1,2-Propanediol, USP, 99.5%""]",57-55-6,1030,CC(O)CO,"InChI=1S/C3H8O2/c1-3(5)2-4/h3-5H,2H2,1H3",DNIAPMSPPWPWGF-UHFFFAOYSA-N,C3H8O2,76.09,defined_single_substance,resolved,true,qsar,null,"{""pubchem"":{""cid"":1030,""reason_th"":""พบโครงสร้างโมเลกุลเดี่ยวจาก PubChem แต่ต้องยืนยันตัวตนก่อนส่งเข้า QSAR"",""fetched_at"":""2026-07-24T14:43:06.598595+00:00"",""source_url"":""https://pubchem.ncbi.nlm.nih.gov/compound/1030"",""reason_code"":""awaiting_verification"",""proposed_qsar_eligible"":true},""last_review"":{""action"":""verify"",""reviewed_at"":""2026-07-24T14:43:06.627026+00:00"",""reviewer_note"":""Catalog seed accepted only after exact canonical structure match with PubChem""},""first_source"":""manual:pubchem_lookup"",""observations"":[{""source"":""manual:pubchem_lookup"",""seen_at"":""2026-07-24T14:43:06.602042+00:00"",""observed_name"":""Propylene Glycol"",""ocr_confidence"":null}],""offline_seed"":""pubchem-registry-20260724-v1""}",verified,2
propylene oxide,,Propylene Oxide,[],[],,6378,CC1CO1,"InChI=1S/C3H6O/c1-3-2-4-3/h3H,2H2,1H3",GOOHAUXETOMSMM-UHFFFAOYSA-N,C3H6O,58.08,defined_single_substance,resolved,true,qsar,null,"{""identity_verification"":{""cid"":6378,""method"":""pubchem_cid_direct_structure"",""source"":""PubChem PUG REST"",""screening_envelope"":{""mw"":[30.0,500.0],""heavy_atoms"":[2,36]}},""offline_seed"":""pubchem-registry-20260724-v1""}",verified,1
propylparaben,Propylparaben,Propylparaben,[],"[""PROPYLPARABEN"",""94-13-3"",""Propyl paraben"",""Nipasol"",""Propyl p-hydroxybenzoate"",""Nipazol"",""Propagin"",""4-Hydroxybenzoic acid propyl ester"",""Propyl parahydroxybenzoate"",""Tegosept P"",""Nipagin P"",""Propyl Butex"",""Betacide P"",""Chemocide pk"",""Propyl Parasept"",""Aseptoform P"",""Propyl Chemosept"",""Nipasol P"",""Solbrol P"",""Propylparasept"",""n-Propyl 4-hydroxybenzoate"",""Paseptol"",""Chemacide pk"",""Preserval P"",""N-Propyl p-hydroxybenzoate"",""Protaben P"",""Bonomold OP"",""Nipasol M"",""Propyl aseptoform"",""p-Hydroxybenzoic acid propyl ester"",""p-Hydroxypropyl benzoate"",""Betacine P"",""4-Hydroxybenzoic acid, propyl ester"",""p-Hydroxybenzoic propyl ester"",""N-Propylparaben"",""n-propyl paraben"",""Pulvis conservans"",""Benzoic acid, 4-hydroxy-, propyl ester"",""FEMA No. 2951"",""Paratexin p"",""Paraben p"",""propyl para-hydroxybenzoate"",""Benzoic acid, p-hydroxy-, propyl ester"",""Propylparaben e216"",""DTXSID4022527"",""p-Oxybenzoesaurepropylester"",""Z8IX2SC1OH"",""NSC-8511"",""NSC-23515"",""CHEBI:32063"",""Propylis hydroxybenzoas"",""Propylester kyseliny p-hydroxybenzoove"",""DTXCID602527"",""PEPH"",""RefChem:6177"",""202-307-7"",""920-388-3"",""Propyl 4-hydroxybenzoate"",""Parasept"",""Propyl-4-hydroxybenzoate"",""Propyl chemsept"",""Chemoside PK"",""Lexgard P"",""p-Hydroxybenzoic acid, propyl ester"",""MFCD00002354"",""n-PROPYL-p-HYDROXYBENZOATE"",""MLS002152934"",""4-Hydroxybenzoic acid-propyl ester"",""NSC23515"",""p-Hydroxybenzoic acid n-propyl ester"",""NCGC00090965-03"",""NCGC00090965-04"",""SMR000112070"",""WLN: QR DVO3"",""Propyl parahydroxybenzoate;Propyl 4-hydroxybenzoate"",""4-Hydroxy-benzoicacipropylester"",""Caswell No. 714"",""Propylparaben [USAN]"",""Propyl 4-hydroxybenzoate, >=99%"",""Propyl-paraben"",""FEMA Number 2951"",""Pulvis conservans (VAN)"",""CAS-94-13-3"",""Propyl 4-?Hydroxybenzoate(Propyl Paraben)"",""HSDB 203"",""Methyldopa Impurity 2"",""Bayer D 206"",""propyl 4-oxidanylbenzoate"",""85403-59-4"",""p-Oxybenzoesaurepropylester [German]"",""EINECS 202-307-7"",""UNII-Z8IX2SC1OH"",""NSC 23515"",""Propylparaben [USAN:NF]"",""EPA Pesticide Chemical Code 061203"",""BRN 1103245"",""AI3-01341"",""Propylester kyseliny p-hydroxybenzoove [Czech]"",""4-Hydroxybenzoic acid propylester"",""(Propyl Paraben)"",""36M"",""Propylparaben (NF)"",""Propylparaben, USAN"",""Propylparaben (Standard)"",""Propylis parahydroxybenzoas"",""Propyl 4-?Hydroxybenzoate"",""SCHEMBL977"",""n-propyl-4-hydroxybenzoate"",""PROPYLPARABEN [II]"",""PROPYLPARABEN [MI]"",""Epitope ID:418920"",""p-Oxybenzoesaeurepropylester"",""EC 202-307-7"",""PROPYLPARABEN [FCC]"",""cid_7175"",""n-propyl-p-hydroxy-benzoate"",""PROPYLPARABEN [HSDB]"",""PROPYLPARABEN [VANDF]"",""4-10-00-00374 (Beilstein Handbook Reference)"",""MLS002222346"",""MLS006011654"",""BIDD:ER0229"",""Propyl parahydroxybenzoate CRS"",""SCHEMBL726906"",""PROPYL PARABEN [VANDF]"",""PROPYLPARABEN [USP-RS]"",""PROPYLPARABEN [WHO-DD]"",""CHEMBL194014"",""orb1220859"",""orb1301695"",""orb3140042"",""SCHEMBL5542763"",""BDBM70190"",""HY-N2026R"",""MSK2511"",""NSC8511"",""GLXC-07453"",""HMS2268K21"",""HMS5084A20"",""Propyl 4-hydroxybenzoate, BioXtra"",""PROPYL (4-HYDROXYBENZOATE)"",""Propyl parahydroxybenzoate (JP18)"",""HY-N2026"",""UYB80267"",""Tox21_111048"",""Tox21_400012"",""BBL023754"",""EBC-26146"",""s5405"",""SBB015060"",""STL294815"",""4-Hydroxybenzoic acid, n-propyl ester"",""AKOS008948099"",""component of Heb-Cort MC (Salt/Mix)"",""PROPYL HYDROXYBENZOATE [MART.]"",""CCG-266432"",""DB14177"",""DS-3427"",""FP63482"",""PROPYL HYDROXYBENZOATE [WHO-IP]"",""PROPYL P-HYDROXYBENZOATE [FHFI]"",""PROPYL PARAHYDROXYBENZOATE [JAN]"",""NCGC00090965-01"",""NCGC00090965-02"",""NCGC00090965-05"",""NCGC00090965-06"",""NCGC00090965-07"",""AC-34533"",""DA-66938"",""Propyl 4-hydroxybenzoate, 99+% 500GR"",""ST075003"",""DB-221787"",""CS-0018518"",""H0219"",""NS00002126"",""T5557"",""PROPYLIS HYDROXYBENZOAS [WHO-IP LATIN]"",""D01422"",""PROPYL PARAHYDROXYBENZOATE [EP IMPURITY]"",""SBI-0653917.0001"",""Sodium Ethyl Parahydroxybenzoate EP Impurity C"",""EN300-7419478"",""PROPYL PARAHYDROXYBENZOATE [EP MONOGRAPH]"",""F235703"",""Propyl 4-hydroxybenzoate, p.a., 99.0-100.5%"",""Propyl Parahydroxybenzoate 0.01 mg/ml in Methanol"",""Propyl Parahydroxybenzoate 1.0 mg/ml in Methanol"",""Q511627"",""BRD-K60783397-001-09-5"",""Propyl 4-hydroxybenzoate, SAJ first grade, >=98.0%"",""Propyl 4-hydroxybenzoate, tested according to Ph.Eur."",""Propyl 4-hydroxybenzoate, Vetec(TM) reagent grade, 98%"",""METHYL PARAHYDROXYBENZOATE IMPURITY C [EP IMPURITY]"",""Propylparaben, certified reference material, TraceCERT(R)"",""4-Hydroxybenzoic acid-propyl ester 1000 |Ig/mL in Acetonitrile"",""4-Hydroxybenzoic acid-propyl ester 1000 microg/mL in Acetonitrile"",""Propylparaben, United States Pharmacopeia (USP) Reference Standard"",""Propyl parahydroxybenzoate, European Pharmacopoeia (EP) Reference Standard"",""Propylparaben, Pharmaceutical Secondary Standard; Certified Reference Material"",""InChI=1/C10H12O3/c1-2-7-13-10(12)8-3-5-9(11)6-4-8/h3-6,11H,2,7H2,1H""]",94-13-3,7175,CCCOC(=O)c1ccc(O)cc1,"InChI=1S/C10H12O3/c1-2-7-13-10(12)8-3-5-9(11)6-4-8/h3-6,11H,2,7H2,1H3",QELSKZZBTMNZEB-UHFFFAOYSA-N,C10H12O3,180.2,defined_single_substance,resolved,true,qsar,null,"{""pubchem"":{""cid"":7175,""reason_th"":""พบโครงสร้างโมเลกุลเดี่ยวจาก PubChem แต่ต้องยืนยันตัวตนก่อนส่งเข้า QSAR"",""fetched_at"":""2026-07-24T14:43:32.298810+00:00"",""source_url"":""https://pubchem.ncbi.nlm.nih.gov/compound/7175"",""reason_code"":""awaiting_verification"",""proposed_qsar_eligible"":true},""last_review"":{""action"":""verify"",""reviewed_at"":""2026-07-24T14:43:32.315511+00:00"",""reviewer_note"":""Catalog seed accepted only after exact canonical structure match with PubChem""},""first_source"":""manual:pubchem_lookup"",""observations"":[{""source"":""manual:pubchem_lookup"",""seen_at"":""2026-07-24T14:43:32.301077+00:00"",""observed_name"":""Propylparaben"",""ocr_confidence"":null}],""offline_seed"":""pubchem-registry-20260724-v1""}",verified,2
propylphosphonic anhydride,,Propylphosphonic anhydride,[],[],,111923,CCCP1(=O)OP(=O)(CCC)OP(=O)(CCC)O1,"InChI=1S/C9H21O6P3/c1-4-7-16(10)13-17(11,8-5-2)15-18(12,14-16)9-6-3/h4-9H2,1-3H3",PAQZWJGSJMLPMG-UHFFFAOYSA-N,C9H21O6P3,318.1830000000001,defined_single_substance,resolved,true,qsar,null,"{""identity_verification"":{""cid"":111923,""method"":""pubchem_cid_direct_structure"",""source"":""PubChem PUG REST"",""screening_envelope"":{""mw"":[30.0,500.0],""heavy_atoms"":[2,36]}},""offline_seed"":""pubchem-registry-20260724-v1""}",verified,1
prosulfocarb,,Prosulfocarb,[],[],,62020,CCCN(CCC)C(=O)SCc1ccccc1,"InChI=1S/C14H21NOS/c1-3-10-15(11-4-2)14(16)17-12-13-8-6-5-7-9-13/h5-9H,3-4,10-12H2,1-2H3",NQLVQOSNDJXLKG-UHFFFAOYSA-N,C14H21NOS,251.395,defined_single_substance,resolved,true,qsar,null,"{""identity_verification"":{""cid"":62020,""method"":""pubchem_cid_direct_structure"",""source"":""PubChem PUG REST"",""screening_envelope"":{""mw"":[30.0,500.0],""heavy_atoms"":[2,36]}},""offline_seed"":""pubchem-registry-20260724-v1""}",verified,1
prosulfuron,,Prosulfuron,[],[],,91751,COc1nc(C)nc(NC(=O)NS(=O)(=O)c2ccccc2CCC(F)(F)F)n1,"InChI=1S/C15H16F3N5O4S/c1-9-19-12(22-14(20-9)27-2)21-13(24)23-28(25,26)11-6-4-3-5-10(11)7-8-15(16,17)18/h3-6H,7-8H2,1-2H3,(H2,19,20,21,22,23,24)",LTUNNEGNEKBSEH-UHFFFAOYSA-N,C15H16F3N5O4S,419.38500000000016,defined_single_substance,resolved,true,qsar,null,"{""identity_verification"":{""cid"":91751,""method"":""pubchem_cid_direct_structure"",""source"":""PubChem PUG REST"",""screening_envelope"":{""mw"":[30.0,500.0],""heavy_atoms"":[2,36]}},""offline_seed"":""pubchem-registry-20260724-v1""}",verified,1
prothoate,,Prothoate,[],[],,16774,CCOP(=S)(OCC)SCC(=O)NC(C)C,"InChI=1S/C9H20NO3PS2/c1-5-12-14(15,13-6-2)16-7-9(11)10-8(3)4/h8H,5-7H2,1-4H3,(H,10,11)",QTXHFDHVLBDJIO-UHFFFAOYSA-N,C9H20NO3PS2,285.37100000000004,defined_single_substance,resolved,true,qsar,null,"{""identity_verification"":{""cid"":16774,""method"":""pubchem_cid_direct_structure"",""source"":""PubChem PUG REST"",""screening_envelope"":{""mw"":[30.0,500.0],""heavy_atoms"":[2,36]}},""offline_seed"":""pubchem-registry-20260724-v1""}",verified,1
protopine,,Protopine,[],[],,4970,CN1CCc2cc3c(cc2C(=O)Cc2ccc4c(c2C1)OCO4)OCO3,"InChI=1S/C20H19NO5/c1-21-5-4-13-7-18-19(25-10-24-18)8-14(13)16(22)6-12-2-3-17-20(15(12)9-21)26-11-23-17/h2-3,7-8H,4-6,9-11H2,1H3",GPTFURBXHJWNHR-UHFFFAOYSA-N,C20H19NO5,353.3740000000001,defined_single_substance,resolved,true,qsar,null,"{""identity_verification"":{""cid"":4970,""method"":""pubchem_cid_direct_structure"",""source"":""PubChem PUG REST"",""screening_envelope"":{""mw"":[30.0,500.0],""heavy_atoms"":[2,36]}},""offline_seed"":""pubchem-registry-20260724-v1""}",verified,1
psoralen,,Psoralen,[],[],,6199,O=c1ccc2cc3ccoc3cc2o1,InChI=1S/C11H6O3/c12-11-2-1-7-5-8-3-4-13-9(8)6-10(7)14-11/h1-6H,ZCCUUQDIBDJBTK-UHFFFAOYSA-N,C11H6O3,186.166,defined_single_substance,resolved,true,qsar,null,"{""identity_verification"":{""cid"":6199,""method"":""pubchem_cid_direct_structure"",""source"":""PubChem PUG REST"",""screening_envelope"":{""mw"":[30.0,500.0],""heavy_atoms"":[2,36]}},""offline_seed"":""pubchem-registry-20260724-v1""}",verified,1
pyrazophos,,Pyrazophos,[],[],,26033,CCOC(=O)c1cn2nc(OP(=S)(OCC)OCC)cc2nc1C,"InChI=1S/C14H20N3O5PS/c1-5-19-14(18)11-9-17-12(15-10(11)4)8-13(16-17)22-23(24,20-6-2)21-7-3/h8-9H,5-7H2,1-4H3",JOOMJVFZQRQWKR-UHFFFAOYSA-N,C14H20N3O5PS,373.3710000000002,defined_single_substance,resolved,true,qsar,null,"{""identity_verification"":{""cid"":26033,""method"":""pubchem_cid_direct_structure"",""source"":""PubChem PUG REST"",""screening_envelope"":{""mw"":[30.0,500.0],""heavy_atoms"":[2,36]}},""offline_seed"":""pubchem-registry-20260724-v1""}",verified,1
pyrazoxone,,Pyrazoxone,[],[],,7925,CCOP(=O)(OCC)Oc1cc(C)[nH]n1,"InChI=1S/C8H15N2O4P/c1-4-12-15(11,13-5-2)14-8-6-7(3)9-10-8/h6H,4-5H2,1-3H3,(H,9,10)",CDCTYRNLXFEDHC-UHFFFAOYSA-N,C8H15N2O4P,234.192,defined_single_substance,resolved,true,qsar,null,"{""identity_verification"":{""cid"":7925,""method"":""pubchem_cid_direct_structure"",""source"":""PubChem PUG REST"",""screening_envelope"":{""mw"":[30.0,500.0],""heavy_atoms"":[2,36]}},""offline_seed"":""pubchem-registry-20260724-v1""}",verified,1
pyridate,,Pyridate,[],[],,41463,CCCCCCCCSC(=O)Oc1cc(Cl)nnc1-c1ccccc1,"InChI=1S/C19H23ClN2O2S/c1-2-3-4-5-6-10-13-25-19(23)24-16-14-17(20)21-22-18(16)15-11-8-7-9-12-15/h7-9,11-12,14H,2-6,10,13H2,1H3",JTZCTMAVMHRNTR-UHFFFAOYSA-N,C19H23ClN2O2S,378.92500000000007,defined_single_substance,resolved,true,qsar,null,"{""identity_verification"":{""cid"":41463,""method"":""pubchem_cid_direct_structure"",""source"":""PubChem PUG REST"",""screening_envelope"":{""mw"":[30.0,500.0],""heavy_atoms"":[2,36]}},""offline_seed"":""pubchem-registry-20260724-v1""}",verified,1
pyrogallol,,Pyrogallol,[],[],,1057,Oc1cccc(O)c1O,"InChI=1S/C6H6O3/c7-4-2-1-3-5(8)6(4)9/h1-3,7-9H",WQGWDDDVZFFDIG-UHFFFAOYSA-N,C6H6O3,126.11099999999995,defined_single_substance,resolved,true,qsar,null,"{""identity_verification"":{""cid"":1057,""method"":""pubchem_cid_direct_structure"",""source"":""PubChem PUG REST"",""screening_envelope"":{""mw"":[30.0,500.0],""heavy_atoms"":[2,36]}},""offline_seed"":""pubchem-registry-20260724-v1""}",verified,1
pyromellitic dianhydride,,Pyromellitic dianhydride,[],[],,6966,O=c1oc(=O)c2cc3c(=O)oc(=O)c3cc12,InChI=1S/C10H2O6/c11-7-3-1-4-6(10(14)16-8(4)12)2-5(3)9(13)15-7/h1-2H,ANSXAPJVJOKRDJ-UHFFFAOYSA-N,C10H2O6,218.11999999999995,defined_single_substance,resolved,true,qsar,null,"{""identity_verification"":{""cid"":6966,""method"":""pubchem_cid_direct_structure"",""source"":""PubChem PUG REST"",""screening_envelope"":{""mw"":[30.0,500.0],""heavy_atoms"":[2,36]}},""offline_seed"":""pubchem-registry-20260724-v1""}",verified,1
quetiapine,,Quetiapine,[],[],,5002,OCCOCCN1CCN(C2=Nc3ccccc3Sc3ccccc32)CC1,"InChI=1S/C21H25N3O2S/c25-14-16-26-15-13-23-9-11-24(12-10-23)21-17-5-1-3-7-19(17)27-20-8-4-2-6-18(20)22-21/h1-8,25H,9-16H2",URKOMYMAXPYINW-UHFFFAOYSA-N,C21H25N3O2S,383.5170000000001,defined_single_substance,resolved,true,qsar,null,"{""identity_verification"":{""cid"":5002,""method"":""pubchem_cid_direct_structure"",""source"":""PubChem PUG REST"",""screening_envelope"":{""mw"":[30.0,500.0],""heavy_atoms"":[2,36]}},""offline_seed"":""pubchem-registry-20260724-v1""}",verified,1
quinalphos,,Quinalphos,[],[],,26124,CCOP(=S)(OCC)Oc1cnc2ccccc2n1,"InChI=1S/C12H15N2O3PS/c1-3-15-18(19,16-4-2)17-12-9-13-10-7-5-6-8-11(10)14-12/h5-9H,3-4H2,1-2H3",JYQUHIFYBATCCY-UHFFFAOYSA-N,C12H15N2O3PS,298.30400000000003,defined_single_substance,resolved,true,qsar,null,"{""identity_verification"":{""cid"":26124,""method"":""pubchem_cid_direct_structure"",""source"":""PubChem PUG REST"",""screening_envelope"":{""mw"":[30.0,500.0],""heavy_atoms"":[2,36]}},""offline_seed"":""pubchem-registry-20260724-v1""}",verified,1
quinclorac,,Quinclorac,[],[],,91739,O=C(O)c1c(Cl)ccc2cc(Cl)cnc12,"InChI=1S/C10H5Cl2NO2/c11-6-3-5-1-2-7(12)8(10(14)15)9(5)13-4-6/h1-4H,(H,14,15)",FFSSWMQPCJRCRV-UHFFFAOYSA-N,C10H5Cl2NO2,242.06099999999995,defined_single_substance,resolved,true,qsar,null,"{""identity_verification"":{""cid"":91739,""method"":""pubchem_cid_direct_structure"",""source"":""PubChem PUG REST"",""screening_envelope"":{""mw"":[30.0,500.0],""heavy_atoms"":[2,36]}},""offline_seed"":""pubchem-registry-20260724-v1""}",verified,1
quinine,,Quinine,[],[],,3034034,C=C[C@H]1CN2CC[C@H]1C[C@H]2[C@H](O)c1ccnc2ccc(OC)cc12,"InChI=1S/C20H24N2O2/c1-3-13-12-22-9-7-14(13)10-19(22)20(23)16-6-8-21-18-5-4-15(24-2)11-17(16)18/h3-6,8,11,13-14,19-20,23H,1,7,9-10,12H2,2H3/t13-,14-,19-,20+/m0/s1",LOUPRKONTZGTKE-WZBLMQSHSA-N,C20H24N2O2,324.4240000000001,defined_single_substance,resolved,true,qsar,null,"{""identity_verification"":{""cid"":3034034,""method"":""pubchem_cid_direct_structure"",""source"":""PubChem PUG REST"",""screening_envelope"":{""mw"":[30.0,500.0],""heavy_atoms"":[2,36]}},""offline_seed"":""pubchem-registry-20260724-v1""}",verified,1
quinone,,Quinone,[],[],,4650,O=C1C=CC(=O)C=C1,InChI=1S/C6H4O2/c7-5-1-2-6(8)4-3-5/h1-4H,AZQWKYJCGOJGHM-UHFFFAOYSA-N,C6H4O2,108.09599999999998,defined_single_substance,resolved,true,qsar,null,"{""identity_verification"":{""cid"":4650,""method"":""pubchem_cid_direct_structure"",""source"":""PubChem PUG REST"",""screening_envelope"":{""mw"":[30.0,500.0],""heavy_atoms"":[2,36]}},""offline_seed"":""pubchem-registry-20260724-v1""}",verified,1
quintozene,,Quintozene,[],[],,6720,O=[N+]([O-])c1c(Cl)c(Cl)c(Cl)c(Cl)c1Cl,InChI=1S/C6Cl5NO2/c7-1-2(8)4(10)6(12(13)14)5(11)3(1)9,LKPLKUMXSAEKID-UHFFFAOYSA-N,C6Cl5NO2,295.336,defined_single_substance,resolved,true,qsar,null,"{""identity_verification"":{""cid"":6720,""method"":""pubchem_cid_direct_structure"",""source"":""PubChem PUG REST"",""screening_envelope"":{""mw"":[30.0,500.0],""heavy_atoms"":[2,36]}},""offline_seed"":""pubchem-registry-20260724-v1""}",verified,1
quizalofop-p-tefuryl,,Quizalofop-P-tefuryl,[],[],,14601092,C[C@@H](Oc1ccc(Oc2cnc3cc(Cl)ccc3n2)cc1)C(=O)OCC1CCCO1,"InChI=1S/C22H21ClN2O5/c1-14(22(26)28-13-18-3-2-10-27-18)29-16-5-7-17(8-6-16)30-21-12-24-20-11-15(23)4-9-19(20)25-21/h4-9,11-12,14,18H,2-3,10,13H2,1H3/t14-,18?/m1/s1",BBKDWPHJZANJGB-IKJXHCRLSA-N,C22H21ClN2O5,428.8720000000002,defined_single_substance,resolved,true,qsar,null,"{""identity_verification"":{""cid"":14601092,""method"":""pubchem_cid_direct_structure"",""source"":""PubChem PUG REST"",""screening_envelope"":{""mw"":[30.0,500.0],""heavy_atoms"":[2,36]}},""offline_seed"":""pubchem-registry-20260724-v1""}",verified,1
resorcinol,,Resorcinol,[],[],,5054,Oc1cccc(O)c1,"InChI=1S/C6H6O2/c7-5-2-1-3-6(8)4-5/h1-4,7-8H",GHMLBKRAJCXXBS-UHFFFAOYSA-N,C6H6O2,110.11199999999997,defined_single_substance,resolved,true,qsar,null,"{""identity_verification"":{""cid"":5054,""method"":""pubchem_cid_direct_structure"",""source"":""PubChem PUG REST"",""screening_envelope"":{""mw"":[30.0,500.0],""heavy_atoms"":[2,36]}},""offline_seed"":""pubchem-registry-20260724-v1""}",verified,1
resorcinol diglycidyl ether,,Resorcinol diglycidyl ether,[],[],,7586,c1cc(OCC2CO2)cc(OCC2CO2)c1,"InChI=1S/C12H14O4/c1-2-9(13-5-11-7-15-11)4-10(3-1)14-6-12-8-16-12/h1-4,11-12H,5-8H2",WPYCRFCQABTEKC-UHFFFAOYSA-N,C12H14O4,222.23999999999995,defined_single_substance,resolved,true,qsar,null,"{""identity_verification"":{""cid"":7586,""method"":""pubchem_cid_direct_structure"",""source"":""PubChem PUG REST"",""screening_envelope"":{""mw"":[30.0,500.0],""heavy_atoms"":[2,36]}},""offline_seed"":""pubchem-registry-20260724-v1""}",verified,1
retinoic acid,,Retinoic Acid,[],[],,444795,CC1=C(/C=C/C(C)=C/C=C/C(C)=C/C(=O)O)C(C)(C)CCC1,"InChI=1S/C20H28O2/c1-15(8-6-9-16(2)14-19(21)22)11-12-18-17(3)10-7-13-20(18,4)5/h6,8-9,11-12,14H,7,10,13H2,1-5H3,(H,21,22)/b9-6+,12-11+,15-8+,16-14+",SHGAZHPCJJPHSC-YCNIQYBTSA-N,C20H28O2,300.44200000000006,defined_single_substance,resolved,true,qsar,null,"{""identity_verification"":{""cid"":444795,""method"":""pubchem_cid_direct_structure"",""source"":""PubChem PUG REST"",""screening_envelope"":{""mw"":[30.0,500.0],""heavy_atoms"":[2,36]}},""offline_seed"":""pubchem-registry-20260724-v1""}",verified,1
ropinirole,,Ropinirole,[],[],,5095,CCCN(CCC)CCc1cccc2c1CC(=O)N2,"InChI=1S/C16H24N2O/c1-3-9-18(10-4-2)11-8-13-6-5-7-15-14(13)12-16(19)17-15/h5-7H,3-4,8-12H2,1-2H3,(H,17,19)",UHSKFQJFRQCDBE-UHFFFAOYSA-N,C16H24N2O,260.381,defined_single_substance,resolved,true,qsar,null,"{""identity_verification"":{""cid"":5095,""method"":""pubchem_cid_direct_structure"",""source"":""PubChem PUG REST"",""screening_envelope"":{""mw"":[30.0,500.0],""heavy_atoms"":[2,36]}},""offline_seed"":""pubchem-registry-20260724-v1""}",verified,1
rotigotine,,Rotigotine,[],[],,59227,CCCN(CCc1cccs1)[C@H]1CCc2c(O)cccc2C1,"InChI=1S/C19H25NOS/c1-2-11-20(12-10-17-6-4-13-22-17)16-8-9-18-15(14-16)5-3-7-19(18)21/h3-7,13,16,21H,2,8-12,14H2,1H3/t16-/m0/s1",KFQYTPMOWPVWEJ-INIZCTEOSA-N,C19H25NOS,315.48199999999997,defined_single_substance,resolved,true,qsar,null,"{""identity_verification"":{""cid"":59227,""method"":""pubchem_cid_direct_structure"",""source"":""PubChem PUG REST"",""screening_envelope"":{""mw"":[30.0,500.0],""heavy_atoms"":[2,36]}},""offline_seed"":""pubchem-registry-20260724-v1""}",verified,1
s-metolachlor,,S-Metolachlor,[],[],,11140605,CCc1cccc(C)c1N(C(=O)CCl)[C@@H](C)COC,"InChI=1S/C15H22ClNO2/c1-5-13-8-6-7-11(2)15(13)17(14(18)9-16)12(3)10-19-4/h6-8,12H,5,9-10H2,1-4H3/t12-/m0/s1",WVQBLGZPHOPPFO-LBPRGKRZSA-N,C15H22ClNO2,283.799,defined_single_substance,resolved,true,qsar,null,"{""identity_verification"":{""cid"":11140605,""method"":""pubchem_cid_direct_structure"",""source"":""PubChem PUG REST"",""screening_envelope"":{""mw"":[30.0,500.0],""heavy_atoms"":[2,36]}},""offline_seed"":""pubchem-registry-20260724-v1""}",verified,1
safrole,,Safrole,[],[],,5144,C=CCc1ccc2c(c1)OCO2,"InChI=1S/C10H10O2/c1-2-3-8-4-5-9-10(6-8)12-7-11-9/h2,4-6H,1,3,7H2",ZMQAAUBTXCXRIC-UHFFFAOYSA-N,C10H10O2,162.18799999999993,defined_single_substance,resolved,true,qsar,null,"{""identity_verification"":{""cid"":5144,""method"":""pubchem_cid_direct_structure"",""source"":""PubChem PUG REST"",""screening_envelope"":{""mw"":[30.0,500.0],""heavy_atoms"":[2,36]}},""offline_seed"":""pubchem-registry-20260724-v1""}",verified,1
salicylaldehyde,,Salicylaldehyde,[],[],,6998,O=Cc1ccccc1O,"InChI=1S/C7H6O2/c8-5-6-3-1-2-4-7(6)9/h1-5,9H",SMQUZDBALVYZAC-UHFFFAOYSA-N,C7H6O2,122.12299999999996,defined_single_substance,resolved,true,qsar,null,"{""identity_verification"":{""cid"":6998,""method"":""pubchem_cid_direct_structure"",""source"":""PubChem PUG REST"",""screening_envelope"":{""mw"":[30.0,500.0],""heavy_atoms"":[2,36]}},""offline_seed"":""pubchem-registry-20260724-v1""}",verified,1
salicylic acid,Salicylic Acid,Salicylic Acid,[],"[""salicylic acid"",""2-Hydroxybenzoic acid"",""69-72-7"",""o-hydroxybenzoic acid"",""2-Carboxyphenol"",""o-Carboxyphenol"",""Retarder W"",""Rutranex"",""Salonil"",""Keralyt"",""Duoplant"",""Freezone"",""Saligel"",""Ionil"",""Psoriacid-S-stift"",""Benzoic acid, 2-hydroxy-"",""Stri-Dex"",""Salicylic acid soap"",""Verrugon"",""Salicylic acid collodion"",""Phenol-2-carboxylic acid"",""2-Hydroxybenzenecarboxylic acid"",""Trans-Ver-Sal"",""Orthohydroxybenzoic acid"",""Acidum salicylicum"",""Acido salicilico"",""Ionil-Plus"",""Kyselina salicylova"",""Salicylic acid, tech."",""Clear away wart remover"",""Salicyclic acid"",""Dr. Scholl's callus removers"",""Dr. Scholl's corn removers"",""Occlusal"",""Dr. Scholl's wart remover kit"",""salicylicum acidum"",""Advanced pain relief callus removers"",""NSC-180"",""DTXSID7026368"",""O414PZ4LPZ"",""Duofilm Wart Remover"",""FEMA NO. 3985"",""CHEBI:16914"",""DTXCID206368"",""Compound V"",""K-557"",""4-10-00-00125 (Beilstein Handbook Reference)"",""Acid, Salicylic"",""ortho-Hydroxybenzoic Acid"",""o Hydroxybenzoic Acid"",""2 Hydroxybenzoic Acid"",""Acid, o-Hydroxybenzoic"",""Acid, 2-Hydroxybenzoic"",""ortho Hydroxybenzoic Acid"",""Acid, ortho-Hydroxybenzoic"",""patches"",""psoriasis"",""salicate"",""Aftaseptic"",""Conditioner"",""Klearactil"",""Neutrogena"",""Posalfilin"",""Quitacallos"",""Trulyclear"",""Acneclir"",""Acneworx"",""Acnisal"",""Asepxia"",""Bioarpil"",""Dermazor"",""Dermoneen"",""Edinburgh"",""Jinhancho"",""Kingskin"",""Mediplast"",""Metanium"",""Noxacorn"",""Noxzema"",""Nusaderm"",""pHisoderm"",""Phytocil"",""Psoracare"",""Pyralvex"",""Salatac"",""Stridex"",""Toepedo"",""Verruguin"",""Virasal"",""Wartrol"",""Acneen"",""acting liquid"",""Bazuka"",""ClearSynergy"",""Erytex"",""Natria"",""salicylic gel"",""Salvax"",""Thwart"",""Wartex"",""ApotheCare"",""Biore"",""CornStick"",""Necol"",""Neora"",""Neova"",""peeling oil"",""Toner"",""Tonic"",""WartStick"",""Zapne"",""Blemish serum"",""Cuplex verruca"",""GlyCylic"",""PsoCleer"",""RayaSal"",""SaliSkin"",""Acne Cleansing"",""Acne Reparatif"",""BioSeb"",""Callus Removers"",""Cleansing Wipes"",""Clearing Tonic"",""Daily Cleansing"",""Dandruff Relief"",""Dermaclear Mask"",""Dermaclear Pads"",""Facial Cleanser"",""Hasol Intensive"",""Medicated Wash"",""Narasoo Healing"",""Phiso-clear"",""Preparing Tonic"",""Prosoria Scalp"",""SaliCo"",""Salicylic Aclid"",""Salicyllic Acid"",""Stridex Maximum"",""Acne Cleanser"",""Acne Control"",""Acne Solution"",""Acnezzol Base"",""Ala-septic"",""Asepxia Acne"",""Balancing Act"",""Better Braids"",""Blemish Dots"",""Clearprep Fx"",""Corn Removers"",""Double Fight"",""Equate Beauty"",""Glycare Acne"",""Gppe paint"",""Healthy Lips"",""Quick Action"",""Scalp Revival"",""Scantily Pad"",""SeboRaserShampoo"",""Shea Moisture"",""Solutions Kit"",""Tiege Hanley"",""Wart Removers"",""Anti-acne"",""Acne Buster"",""Acne Drying"",""Acne kit"",""Acne Prone"",""Acne Scrub"",""Acne Serum"",""Acne Toner"",""Acne Wipes"",""BioSeb Mousse"",""Body Spray"",""Broda Acne"",""Clarifying Bacne"",""Clarifying Toner"",""Clear Skin"",""Daily Meds"",""Dermaclear Serum"",""Foaming Cleanser"",""Liva Clean"",""Mattifying Tonic"",""Oil Control"",""SaliSkin Wash"",""ACNE solutions"",""clear days ahead"",""Roothouse EnCore"",""Acne Dots"",""Acne Wash"",""Acni Spot"",""Bensal Hp"",""Body Wash"",""Clear-N-smooth"",""Dial Acne"",""mark."",""Obeo Hair"",""Solva-Ker"",""Ultrasal-ER"",""Angryhead Premium"",""Bath And Beauty""]",69-72-7,338,O=C(O)c1ccccc1O,"InChI=1S/C7H6O3/c8-6-4-2-1-3-5(6)7(9)10/h1-4,8H,(H,9,10)",YGSDEFSMJLZEOE-UHFFFAOYSA-N,C7H6O3,138.12,defined_single_substance,resolved,true,qsar,null,"{""pubchem"":{""cid"":338,""fetched_at"":""2026-07-24T14:39:24.658022+00:00"",""source_url"":""https://pubchem.ncbi.nlm.nih.gov/compound/338"",""metadata_only"":true},""first_source"":""ocr:local"",""observations"":[{""source"":""ocr:local"",""seen_at"":""2026-07-24T14:12:40.194069+00:00"",""observed_name"":""Salicylic Acid"",""ocr_confidence"":38.6},{""source"":""ocr:local"",""seen_at"":""2026-07-24T14:18:39.786843+00:00"",""observed_name"":""Salicylic Acid"",""ocr_confidence"":38.6},{""source"":""manual:pubchem_lookup"",""seen_at"":""2026-07-24T14:39:24.660974+00:00"",""observed_name"":""Salicylic Acid"",""ocr_confidence"":null}],""offline_seed"":""pubchem-registry-20260724-v1""}",verified,1
salithion,,Salithion,[],[],,19657,COP1(=S)OCc2ccccc2O1,"InChI=1S/C8H9O3PS/c1-9-12(13)10-6-7-4-2-3-5-8(7)11-12/h2-5H,6H2,1H3",OUNSASXJZHBGAI-UHFFFAOYSA-N,C8H9O3PS,216.198,defined_single_substance,resolved,true,qsar,null,"{""identity_verification"":{""cid"":19657,""method"":""pubchem_cid_direct_structure"",""source"":""PubChem PUG REST"",""screening_envelope"":{""mw"":[30.0,500.0],""heavy_atoms"":[2,36]}},""offline_seed"":""pubchem-registry-20260724-v1""}",verified,1
sb-200473,,SB-200473,[],[],,9861604,COc1ccc(C2(C#N)CCC(=O)CC2)cc1OC1CCCC1,"InChI=1S/C19H23NO3/c1-22-17-7-6-14(12-18(17)23-16-4-2-3-5-16)19(13-20)10-8-15(21)9-11-19/h6-7,12,16H,2-5,8-11H2,1H3",URXUAYQZIDJXGT-UHFFFAOYSA-N,C19H23NO3,313.39700000000005,defined_single_substance,resolved,true,qsar,null,"{""identity_verification"":{""cid"":9861604,""method"":""pubchem_cid_direct_structure"",""source"":""PubChem PUG REST"",""screening_envelope"":{""mw"":[30.0,500.0],""heavy_atoms"":[2,36]}},""offline_seed"":""pubchem-registry-20260724-v1""}",verified,1
schradan,,Schradan,[],[],,9037,CN(C)P(=O)(OP(=O)(N(C)C)N(C)C)N(C)C,"InChI=1S/C8H24N4O3P2/c1-9(2)16(13,10(3)4)15-17(14,11(5)6)12(7)8/h1-8H3",SZKKRCSOSQAJDE-UHFFFAOYSA-N,C8H24N4O3P2,286.25300000000004,defined_single_substance,resolved,true,qsar,null,"{""identity_verification"":{""cid"":9037,""method"":""pubchem_cid_direct_structure"",""source"":""PubChem PUG REST"",""screening_envelope"":{""mw"":[30.0,500.0],""heavy_atoms"":[2,36]}},""offline_seed"":""pubchem-registry-20260724-v1""}",verified,1
"silane, dimethoxybis(1-methylethyl)-",,"Silane, dimethoxybis(1-methylethyl)-",[],[],,87520,CO[Si](OC)(C(C)C)C(C)C,"InChI=1S/C8H20O2Si/c1-7(2)11(9-5,10-6)8(3)4/h7-8H,1-6H3",VHPUZTHRFWIGAW-UHFFFAOYSA-N,C8H20O2Si,176.33199999999997,defined_single_substance,resolved,true,qsar,null,"{""identity_verification"":{""cid"":87520,""method"":""pubchem_cid_direct_structure"",""source"":""PubChem PUG REST"",""screening_envelope"":{""mw"":[30.0,500.0],""heavy_atoms"":[2,36]}},""offline_seed"":""pubchem-registry-20260724-v1""}",verified,1
sildenafil,,Sildenafil,[],[],,135398744,CCCc1nn(C)c2c(=O)[nH]c(-c3cc(S(=O)(=O)N4CCN(C)CC4)ccc3OCC)nc12,"InChI=1S/C22H30N6O4S/c1-5-7-17-19-20(27(4)25-17)22(29)24-21(23-19)16-14-15(8-9-18(16)32-6-2)33(30,31)28-12-10-26(3)11-13-28/h8-9,14H,5-7,10-13H2,1-4H3,(H,23,24,29)",BNRNXUUZRGQAQC-UHFFFAOYSA-N,C22H30N6O4S,474.5870000000004,defined_single_substance,resolved,true,qsar,null,"{""identity_verification"":{""cid"":135398744,""method"":""pubchem_cid_direct_structure"",""source"":""PubChem PUG REST"",""screening_envelope"":{""mw"":[30.0,500.0],""heavy_atoms"":[2,36]}},""offline_seed"":""pubchem-registry-20260724-v1""}",verified,1
silicon tetrachloride,,Silicon tetrachloride,[],[],,24816,Cl[Si](Cl)(Cl)Cl,"InChI=1S/Cl4Si/c1-5(2,3)4",FDNAPBUWERUEDA-UHFFFAOYSA-N,Cl4Si,169.898,defined_single_substance,resolved,true,qsar,null,"{""identity_verification"":{""cid"":24816,""method"":""pubchem_cid_direct_structure"",""source"":""PubChem PUG REST"",""screening_envelope"":{""mw"":[30.0,500.0],""heavy_atoms"":[2,36]}},""offline_seed"":""pubchem-registry-20260724-v1""}",verified,1
sodium hyaluronate,sodium hyaluronate,Sodium Hyaluronate,[],"[""Sodium Hyaluronate"",""Hyaluronic Acid Sodium Salt""]",,,,,,,,polymer,polymeric,false,knowledge_base,null,"{""first_source"":""ocr:curated"",""observations"":[{""source"":""ocr:curated"",""seen_at"":""2026-07-24T14:12:40.226030+00:00"",""observed_name"":""sodium hyaluronate"",""ocr_confidence"":38.6},{""source"":""ocr:curated"",""seen_at"":""2026-07-24T14:18:39.814628+00:00"",""observed_name"":""sodium hyaluronate"",""ocr_confidence"":38.6}],""offline_seed"":""pubchem-registry-20260724-v1""}",verified,1
sodium hydroxide,sodium hydroxide,Sodium Hydroxide,[],"[""Sodium Hydroxide"",""Caustic Soda"",""Lye""]",1310-73-2,14798,[OH-].[Na+],InChI=1S/Na.H2O/h;1H2/q+1;/p-1,HEMHJVSKTPXQMS-UHFFFAOYSA-M,NaOH,39.997,inorganic,resolved,false,knowledge_base,null,"{""first_source"":""ocr:curated"",""observations"":[{""source"":""ocr:curated"",""seen_at"":""2026-07-24T14:12:40.213656+00:00"",""observed_name"":""sodium hydroxide"",""ocr_confidence"":38.6},{""source"":""ocr:curated"",""seen_at"":""2026-07-24T14:18:39.805350+00:00"",""observed_name"":""sodium hydroxide"",""ocr_confidence"":38.6}],""offline_seed"":""pubchem-registry-20260724-v1""}",verified,1
soneclosan,,Soneclosan,[],[],,18807,Oc1cc(Cl)ccc1Oc1ccc(Cl)cc1,"InChI=1S/C12H8Cl2O2/c13-8-1-4-10(5-2-8)16-12-6-3-9(14)7-11(12)15/h1-7,15H",BYNQFCJOHGOKSS-UHFFFAOYSA-N,C12H8Cl2O2,255.1,defined_single_substance,resolved,true,qsar,null,"{""identity_verification"":{""cid"":18807,""method"":""pubchem_cid_direct_structure"",""source"":""PubChem PUG REST"",""screening_envelope"":{""mw"":[30.0,500.0],""heavy_atoms"":[2,36]}},""offline_seed"":""pubchem-registry-20260724-v1""}",verified,1
"spiro(bicyclo(3.1.1)heptane-3,1'-(2)cyclohexen)-4'-one, 2,6,6-trimethyl-, (1s,1's,2s,5r)-",,"Spiro(bicyclo(3.1.1)heptane-3,1'-(2)cyclohexen)-4'-one, 2,6,6-trimethyl-, (1S,1'S,2S,5R)-",[],[],,117859414,C[C@H]1[C@@H]2C[C@H](C[C@@]13C=CC(=O)CC3)C2(C)C,"InChI=1S/C15H22O/c1-10-13-8-11(14(13,2)3)9-15(10)6-4-12(16)5-7-15/h4,6,10-11,13H,5,7-9H2,1-3H3/t10-,11+,13-,15-/m0/s1",YBDPZJGWLRHCHO-WJNVRWDZSA-N,C15H22O,218.33999999999997,defined_single_substance,resolved,true,qsar,null,"{""identity_verification"":{""cid"":117859414,""method"":""pubchem_cid_direct_structure"",""source"":""PubChem PUG REST"",""screening_envelope"":{""mw"":[30.0,500.0],""heavy_atoms"":[2,36]}},""offline_seed"":""pubchem-registry-20260724-v1""}",verified,1
st002072,,ST002072,[],[],,3104707,CCCCCC1CCC(c2ccc(C(C)=O)cc2)CC1,"InChI=1S/C19H28O/c1-3-4-5-6-16-7-9-18(10-8-16)19-13-11-17(12-14-19)15(2)20/h11-14,16,18H,3-10H2,1-2H3",ALIWXHRFAQHUSM-UHFFFAOYSA-N,C19H28O,272.432,defined_single_substance,resolved,true,qsar,null,"{""identity_verification"":{""cid"":3104707,""method"":""pubchem_cid_direct_structure"",""source"":""PubChem PUG REST"",""screening_envelope"":{""mw"":[30.0,500.0],""heavy_atoms"":[2,36]}},""offline_seed"":""pubchem-registry-20260724-v1""}",verified,1
stk063463,,Stk063463,[],[],,4456634,CCC1CCC(c2ccc(C(C)=O)cc2)CC1,"InChI=1S/C16H22O/c1-3-13-4-6-15(7-5-13)16-10-8-14(9-11-16)12(2)17/h8-11,13,15H,3-7H2,1-2H3",QEHKEQQMWGSFPB-UHFFFAOYSA-N,C16H22O,230.351,defined_single_substance,resolved,true,qsar,null,"{""identity_verification"":{""cid"":4456634,""method"":""pubchem_cid_direct_structure"",""source"":""PubChem PUG REST"",""screening_envelope"":{""mw"":[30.0,500.0],""heavy_atoms"":[2,36]}},""offline_seed"":""pubchem-registry-20260724-v1""}",verified,1
strychnine,,Strychnine,[],[],,441071,O=C1C[C@@H]2OCC=C3CN4CC[C@]56c7ccccc7N1[C@H]5[C@H]2[C@H]3C[C@H]46,"InChI=1S/C21H22N2O2/c24-18-10-16-19-13-9-17-21(6-7-22(17)11-12(13)5-8-25-16)14-3-1-2-4-15(14)23(18)20(19)21/h1-5,13,16-17,19-20H,6-11H2/t13-,16-,17-,19-,20-,21+/m0/s1",QMGVPVSNSZLJIA-FVWCLLPLSA-N,C21H22N2O2,334.41900000000004,defined_single_substance,resolved,true,qsar,null,"{""identity_verification"":{""cid"":441071,""method"":""pubchem_cid_direct_structure"",""source"":""PubChem PUG REST"",""screening_envelope"":{""mw"":[30.0,500.0],""heavy_atoms"":[2,36]}},""offline_seed"":""pubchem-registry-20260724-v1""}",verified,1
styphnic acid,,Styphnic acid,[],[],,6721,O=[N+]([O-])c1cc([N+](=O)[O-])c(O)c([N+](=O)[O-])c1O,"InChI=1S/C6H3N3O8/c10-5-2(7(12)13)1-3(8(14)15)6(11)4(5)9(16)17/h1,10-11H",IXHMHWIBCIYOAZ-UHFFFAOYSA-N,C6H3N3O8,245.10299999999998,defined_single_substance,resolved,true,qsar,null,"{""identity_verification"":{""cid"":6721,""method"":""pubchem_cid_direct_structure"",""source"":""PubChem PUG REST"",""screening_envelope"":{""mw"":[30.0,500.0],""heavy_atoms"":[2,36]}},""offline_seed"":""pubchem-registry-20260724-v1""}",verified,1
styrene,,Styrene,[],[],,7501,C=Cc1ccccc1,"InChI=1S/C8H8/c1-2-8-6-4-3-5-7-8/h2-7H,1H2",PPBRXRYQALVLMV-UHFFFAOYSA-N,C8H8,104.15199999999997,defined_single_substance,resolved,true,qsar,null,"{""identity_verification"":{""cid"":7501,""method"":""pubchem_cid_direct_structure"",""source"":""PubChem PUG REST"",""screening_envelope"":{""mw"":[30.0,500.0],""heavy_atoms"":[2,36]}},""offline_seed"":""pubchem-registry-20260724-v1""}",verified,1
styrene oxide,,Styrene Oxide,[],[],,7276,c1ccc(C2CO2)cc1,"InChI=1S/C8H8O/c1-2-4-7(5-3-1)8-6-9-8/h1-5,8H,6H2",AWMVMTVKBNGEAK-UHFFFAOYSA-N,C8H8O,120.15099999999995,defined_single_substance,resolved,true,qsar,null,"{""identity_verification"":{""cid"":7276,""method"":""pubchem_cid_direct_structure"",""source"":""PubChem PUG REST"",""screening_envelope"":{""mw"":[30.0,500.0],""heavy_atoms"":[2,36]}},""offline_seed"":""pubchem-registry-20260724-v1""}",verified,1
styrene-4-sulfonyl chloride,,Styrene-4-sulfonyl chloride,[],[],,9855777,C=Cc1ccc(S(=O)(=O)Cl)cc1,"InChI=1S/C8H7ClO2S/c1-2-7-3-5-8(6-4-7)12(9,10)11/h2-6H,1H2",VHEKFTULOYIMSU-UHFFFAOYSA-N,C8H7ClO2S,202.66199999999998,defined_single_substance,resolved,true,qsar,null,"{""identity_verification"":{""cid"":9855777,""method"":""pubchem_cid_direct_structure"",""source"":""PubChem PUG REST"",""screening_envelope"":{""mw"":[30.0,500.0],""heavy_atoms"":[2,36]}},""offline_seed"":""pubchem-registry-20260724-v1""}",verified,1
"succinic acid, di(neryl) ester",,"Succinic acid, di(neryl) ester",[],[],,57495010,CC(C)=CCC/C(C)=C\COC(=O)CCC(=O)OC/C=C(/C)CCC=C(C)C,"InChI=1S/C24H38O4/c1-19(2)9-7-11-21(5)15-17-27-23(25)13-14-24(26)28-18-16-22(6)12-8-10-20(3)4/h9-10,15-16H,7-8,11-14,17-18H2,1-6H3/b21-15-,22-16-",WCOGJMOUNVGCLA-BMJUYKDLSA-N,C24H38O4,390.5640000000002,defined_single_substance,resolved,true,qsar,null,"{""identity_verification"":{""cid"":57495010,""method"":""pubchem_cid_direct_structure"",""source"":""PubChem PUG REST"",""screening_envelope"":{""mw"":[30.0,500.0],""heavy_atoms"":[2,36]}},""offline_seed"":""pubchem-registry-20260724-v1""}",verified,1
succinic anhydride,,Succinic anhydride,[],[],,7922,O=C1CCC(=O)O1,InChI=1S/C4H4O3/c5-3-1-2-4(6)7-3/h1-2H2,RINCXYDBBGOEEQ-UHFFFAOYSA-N,C4H4O3,100.073,defined_single_substance,resolved,true,qsar,null,"{""identity_verification"":{""cid"":7922,""method"":""pubchem_cid_direct_structure"",""source"":""PubChem PUG REST"",""screening_envelope"":{""mw"":[30.0,500.0],""heavy_atoms"":[2,36]}},""offline_seed"":""pubchem-registry-20260724-v1""}",verified,1
sufentanil,,Sufentanil,[],[],,41693,CCC(=O)N(c1ccccc1)C1(COC)CCN(CCc2cccs2)CC1,"InChI=1S/C22H30N2O2S/c1-3-21(25)24(19-8-5-4-6-9-19)22(18-26-2)12-15-23(16-13-22)14-11-20-10-7-17-27-20/h4-10,17H,3,11-16,18H2,1-2H3",GGCSSNBKKAUURC-UHFFFAOYSA-N,C22H30N2O2S,386.5610000000001,defined_single_substance,resolved,true,qsar,null,"{""identity_verification"":{""cid"":41693,""method"":""pubchem_cid_direct_structure"",""source"":""PubChem PUG REST"",""screening_envelope"":{""mw"":[30.0,500.0],""heavy_atoms"":[2,36]}},""offline_seed"":""pubchem-registry-20260724-v1""}",verified,1
sulcotrione,,Sulcotrione,[],[],,91760,CS(=O)(=O)c1ccc(C(=O)C2C(=O)CCCC2=O)c(Cl)c1,"InChI=1S/C14H13ClO5S/c1-21(19,20)8-5-6-9(10(15)7-8)14(18)13-11(16)3-2-4-12(13)17/h5-7,13H,2-4H2,1H3",PQTBTIFWAXVEPB-UHFFFAOYSA-N,C14H13ClO5S,328.773,defined_single_substance,resolved,true,qsar,null,"{""identity_verification"":{""cid"":91760,""method"":""pubchem_cid_direct_structure"",""source"":""PubChem PUG REST"",""screening_envelope"":{""mw"":[30.0,500.0],""heavy_atoms"":[2,36]}},""offline_seed"":""pubchem-registry-20260724-v1""}",verified,1
sulfallate,,Sulfallate,[],[],,7216,C=C(Cl)CSC(=S)N(CC)CC,"InChI=1S/C8H14ClNS2/c1-4-10(5-2)8(11)12-6-7(3)9/h3-6H2,1-2H3",XJCLWVXTCRQIDI-UHFFFAOYSA-N,C8H14ClNS2,223.79399999999998,defined_single_substance,resolved,true,qsar,null,"{""identity_verification"":{""cid"":7216,""method"":""pubchem_cid_direct_structure"",""source"":""PubChem PUG REST"",""screening_envelope"":{""mw"":[30.0,500.0],""heavy_atoms"":[2,36]}},""offline_seed"":""pubchem-registry-20260724-v1""}",verified,1
sulfolane,,Sulfolane,[],[],,31347,O=S1(=O)CCCC1,InChI=1S/C4H8O2S/c5-7(6)3-1-2-4-7/h1-4H2,HXJUTPCZVOIRIF-UHFFFAOYSA-N,C4H8O2S,120.17299999999999,defined_single_substance,resolved,true,qsar,null,"{""identity_verification"":{""cid"":31347,""method"":""pubchem_cid_direct_structure"",""source"":""PubChem PUG REST"",""screening_envelope"":{""mw"":[30.0,500.0],""heavy_atoms"":[2,36]}},""offline_seed"":""pubchem-registry-20260724-v1""}",verified,1
sulfotep,,Sulfotep,[],[],,19395,CCOP(=S)(OCC)OP(=S)(OCC)OCC,"InChI=1S/C8H20O5P2S2/c1-5-9-14(16,10-6-2)13-15(17,11-7-3)12-8-4/h5-8H2,1-4H3",XIUROWKZWPIAIB-UHFFFAOYSA-N,C8H20O5P2S2,322.3250000000001,defined_single_substance,resolved,true,qsar,null,"{""identity_verification"":{""cid"":19395,""method"":""pubchem_cid_direct_structure"",""source"":""PubChem PUG REST"",""screening_envelope"":{""mw"":[30.0,500.0],""heavy_atoms"":[2,36]}},""offline_seed"":""pubchem-registry-20260724-v1""}",verified,1
sulfur dichloride,,Sulfur dichloride,[],[],,25353,ClSCl,InChI=1S/Cl2S/c1-3-2,FWMUJAIKEJWSSY-UHFFFAOYSA-N,Cl2S,102.97300000000001,defined_single_substance,resolved,true,qsar,null,"{""identity_verification"":{""cid"":25353,""method"":""pubchem_cid_direct_structure"",""source"":""PubChem PUG REST"",""screening_envelope"":{""mw"":[30.0,500.0],""heavy_atoms"":[2,36]}},""offline_seed"":""pubchem-registry-20260724-v1""}",verified,1
sulfur monochloride,,Sulfur monochloride,[],[],,24807,ClSSCl,InChI=1S/Cl2S2/c1-3-4-2,PXJJSXABGXMUSU-UHFFFAOYSA-N,Cl2S2,135.04000000000002,defined_single_substance,resolved,true,qsar,null,"{""identity_verification"":{""cid"":24807,""method"":""pubchem_cid_direct_structure"",""source"":""PubChem PUG REST"",""screening_envelope"":{""mw"":[30.0,500.0],""heavy_atoms"":[2,36]}},""offline_seed"":""pubchem-registry-20260724-v1""}",verified,1
sulfur tetrachloride,,Sulfur tetrachloride,[],[],,13932016,ClS(Cl)(Cl)Cl,"InChI=1S/Cl4S/c1-5(2,3)4",JMPVZWBJWHQJDD-UHFFFAOYSA-N,Cl4S,173.87900000000002,defined_single_substance,resolved,true,qsar,null,"{""identity_verification"":{""cid"":13932016,""method"":""pubchem_cid_direct_structure"",""source"":""PubChem PUG REST"",""screening_envelope"":{""mw"":[30.0,500.0],""heavy_atoms"":[2,36]}},""offline_seed"":""pubchem-registry-20260724-v1""}",verified,1
sulfuryl chloride,,Sulfuryl chloride,[],[],,24648,O=S(=O)(Cl)Cl,"InChI=1S/Cl2O2S/c1-5(2,3)4",YBBRCQOCSYXUOC-UHFFFAOYSA-N,Cl2O2S,134.971,defined_single_substance,resolved,true,qsar,null,"{""identity_verification"":{""cid"":24648,""method"":""pubchem_cid_direct_structure"",""source"":""PubChem PUG REST"",""screening_envelope"":{""mw"":[30.0,500.0],""heavy_atoms"":[2,36]}},""offline_seed"":""pubchem-registry-20260724-v1""}",verified,1
sylveterpinolene,,Sylveterpinolene,[],[],,524200,CC1=CC(=C(C)C)CCC1,"InChI=1S/C10H16/c1-8(2)10-6-4-5-9(3)7-10/h7H,4-6H2,1-3H3",BXZMJUJBUSHRMV-UHFFFAOYSA-N,C10H16,136.238,defined_single_substance,resolved,true,qsar,null,"{""identity_verification"":{""cid"":524200,""method"":""pubchem_cid_direct_structure"",""source"":""PubChem PUG REST"",""screening_envelope"":{""mw"":[30.0,500.0],""heavy_atoms"":[2,36]}},""offline_seed"":""pubchem-registry-20260724-v1""}",verified,1
tca-ethadyl,,TCA-ethadyl,[],[],,17284,O=C(OCCOC(=O)C(Cl)(Cl)Cl)C(Cl)(Cl)Cl,"InChI=1S/C6H4Cl6O4/c7-5(8,9)3(13)15-1-2-16-4(14)6(10,11)12/h1-2H2",SSDZRWBPFCFZGB-UHFFFAOYSA-N,C6H4Cl6O4,352.8119999999999,defined_single_substance,resolved,true,qsar,null,"{""identity_verification"":{""cid"":17284,""method"":""pubchem_cid_direct_structure"",""source"":""PubChem PUG REST"",""screening_envelope"":{""mw"":[30.0,500.0],""heavy_atoms"":[2,36]}},""offline_seed"":""pubchem-registry-20260724-v1""}",verified,1
tebuconazole,,Tebuconazole,[],[],,86102,CC(C)(C)C(O)(CCc1ccc(Cl)cc1)Cn1cncn1,"InChI=1S/C16H22ClN3O/c1-15(2,3)16(21,10-20-12-18-11-19-20)9-8-13-4-6-14(17)7-5-13/h4-7,11-12,21H,8-10H2,1-3H3",PXMNMQRDXWABCY-UHFFFAOYSA-N,C16H22ClN3O,307.825,defined_single_substance,resolved,true,qsar,null,"{""identity_verification"":{""cid"":86102,""method"":""pubchem_cid_direct_structure"",""source"":""PubChem PUG REST"",""screening_envelope"":{""mw"":[30.0,500.0],""heavy_atoms"":[2,36]}},""offline_seed"":""pubchem-registry-20260724-v1""}",verified,1
tefluthrin,,Tefluthrin,[],[],,11534837,Cc1c(F)c(F)c(COC(=O)[C@H]2[C@@H](/C=C(\Cl)C(F)(F)F)C2(C)C)c(F)c1F,"InChI=1S/C17H14ClF7O2/c1-6-11(19)13(21)7(14(22)12(6)20)5-27-15(26)10-8(16(10,2)3)4-9(18)17(23,24)25/h4,8,10H,5H2,1-3H3/b9-4-/t8-,10-/m1/s1",ZFHGXWPMULPQSE-SZGBIDFHSA-N,C17H14ClF7O2,418.736,defined_single_substance,resolved,true,qsar,null,"{""identity_verification"":{""cid"":11534837,""method"":""pubchem_cid_direct_structure"",""source"":""PubChem PUG REST"",""screening_envelope"":{""mw"":[30.0,500.0],""heavy_atoms"":[2,36]}},""offline_seed"":""pubchem-registry-20260724-v1""}",verified,1
tembotrione,,Tembotrione,[],[],,11556911,CS(=O)(=O)c1ccc(C(=O)C2C(=O)CCCC2=O)c(Cl)c1COCC(F)(F)F,"InChI=1S/C17H16ClF3O6S/c1-28(25,26)13-6-5-9(15(18)10(13)7-27-8-17(19,20)21)16(24)14-11(22)3-2-4-12(14)23/h5-6,14H,2-4,7-8H2,1H3",IUQAXCIUEPFPSF-UHFFFAOYSA-N,C17H16ClF3O6S,440.8230000000002,defined_single_substance,resolved,true,qsar,null,"{""identity_verification"":{""cid"":11556911,""method"":""pubchem_cid_direct_structure"",""source"":""PubChem PUG REST"",""screening_envelope"":{""mw"":[30.0,500.0],""heavy_atoms"":[2,36]}},""offline_seed"":""pubchem-registry-20260724-v1""}",verified,1
terbufos,,Terbufos,[],[],,25670,CCOP(=S)(OCC)SCSC(C)(C)C,"InChI=1S/C9H21O2PS3/c1-6-10-12(13,11-7-2)15-8-14-9(3,4)5/h6-8H2,1-5H3",XLNZEKHULJKQBA-UHFFFAOYSA-N,C9H21O2PS3,288.44,defined_single_substance,resolved,true,qsar,null,"{""identity_verification"":{""cid"":25670,""method"":""pubchem_cid_direct_structure"",""source"":""PubChem PUG REST"",""screening_envelope"":{""mw"":[30.0,500.0],""heavy_atoms"":[2,36]}},""offline_seed"":""pubchem-registry-20260724-v1""}",verified,1
terpinen-4-ol,,Terpinen-4-ol,[],[],,11230,CC1=CCC(O)(C(C)C)CC1,"InChI=1S/C10H18O/c1-8(2)10(11)6-4-9(3)5-7-10/h4,8,11H,5-7H2,1-3H3",WRYLYDPHFGVWKC-UHFFFAOYSA-N,C10H18O,154.25300000000001,defined_single_substance,resolved,true,qsar,null,"{""identity_verification"":{""cid"":11230,""method"":""pubchem_cid_direct_structure"",""source"":""PubChem PUG REST"",""screening_envelope"":{""mw"":[30.0,500.0],""heavy_atoms"":[2,36]}},""offline_seed"":""pubchem-registry-20260724-v1""}",verified,1
tert-amyl methyl ether,,Tert-Amyl methyl ether,[],[],,61247,CCC(C)(C)OC,"InChI=1S/C6H14O/c1-5-6(2,3)7-4/h5H2,1-4H3",HVZJRWJGKQPSFL-UHFFFAOYSA-N,C6H14O,102.17699999999998,defined_single_substance,resolved,true,qsar,null,"{""identity_verification"":{""cid"":61247,""method"":""pubchem_cid_direct_structure"",""source"":""PubChem PUG REST"",""screening_envelope"":{""mw"":[30.0,500.0],""heavy_atoms"":[2,36]}},""offline_seed"":""pubchem-registry-20260724-v1""}",verified,1
tert-butanol,,tert-Butanol,[],[],,6386,CC(C)(C)O,"InChI=1S/C4H10O/c1-4(2,3)5/h5H,1-3H3",DKGAVHZHDRPRBM-UHFFFAOYSA-N,C4H10O,74.12299999999999,defined_single_substance,resolved,true,qsar,null,"{""identity_verification"":{""cid"":6386,""method"":""pubchem_cid_direct_structure"",""source"":""PubChem PUG REST"",""screening_envelope"":{""mw"":[30.0,500.0],""heavy_atoms"":[2,36]}},""offline_seed"":""pubchem-registry-20260724-v1""}",verified,1
tert-butyl (triphenylphosphoranylidene) acetate,,tert-Butyl (triphenylphosphoranylidene) acetate,[],[],,256127,CC(C)(C)OC(=O)C=P(c1ccccc1)(c1ccccc1)c1ccccc1,"InChI=1S/C24H25O2P/c1-24(2,3)26-23(25)19-27(20-13-7-4-8-14-20,21-15-9-5-10-16-21)22-17-11-6-12-18-22/h4-19H,1-3H3",ZWZUFQPXYVYAFO-UHFFFAOYSA-N,C24H25O2P,376.43600000000004,defined_single_substance,resolved,true,qsar,null,"{""identity_verification"":{""cid"":256127,""method"":""pubchem_cid_direct_structure"",""source"":""PubChem PUG REST"",""screening_envelope"":{""mw"":[30.0,500.0],""heavy_atoms"":[2,36]}},""offline_seed"":""pubchem-registry-20260724-v1""}",verified,1
"tert-butyl 2,4-dideoxy-3,5-o-(1-methylethylidene)-d-erythro-hexonate",,"tert-Butyl 2,4-dideoxy-3,5-O-(1-methylethylidene)-D-erythro-hexonate",[],[],,9816650,CC(C)(C)OC(=O)C[C@H]1C[C@@H](CO)OC(C)(C)O1,"InChI=1S/C13H24O5/c1-12(2,3)18-11(15)7-9-6-10(8-14)17-13(4,5)16-9/h9-10,14H,6-8H2,1-5H3/t9-,10+/m1/s1",CFRUAOXMCVQMFP-ZJUUUORDSA-N,C13H24O5,260.33,defined_single_substance,resolved,true,qsar,null,"{""identity_verification"":{""cid"":9816650,""method"":""pubchem_cid_direct_structure"",""source"":""PubChem PUG REST"",""screening_envelope"":{""mw"":[30.0,500.0],""heavy_atoms"":[2,36]}},""offline_seed"":""pubchem-registry-20260724-v1""}",verified,1
tert-butyl 4'-(bromomethyl)biphenyl-2-carboxylate,,tert-Butyl 4'-(bromomethyl)biphenyl-2-carboxylate,[],[],,9906257,CC(C)(C)OC(=O)c1ccccc1-c1ccc(CBr)cc1,"InChI=1S/C18H19BrO2/c1-18(2,3)21-17(20)16-7-5-4-6-15(16)14-10-8-13(12-19)9-11-14/h4-11H,12H2,1-3H3",YHXCWNQNVMAENQ-UHFFFAOYSA-N,C18H19BrO2,347.252,defined_single_substance,resolved,true,qsar,null,"{""identity_verification"":{""cid"":9906257,""method"":""pubchem_cid_direct_structure"",""source"":""PubChem PUG REST"",""screening_envelope"":{""mw"":[30.0,500.0],""heavy_atoms"":[2,36]}},""offline_seed"":""pubchem-registry-20260724-v1""}",verified,1
tert-butyl acrylate,,tert-Butyl acrylate,[],[],,15458,C=CC(=O)OC(C)(C)C,"InChI=1S/C7H12O2/c1-5-6(8)9-7(2,3)4/h5H,1H2,2-4H3",ISXSCDLOGDJUNJ-UHFFFAOYSA-N,C7H12O2,128.17099999999996,defined_single_substance,resolved,true,qsar,null,"{""identity_verification"":{""cid"":15458,""method"":""pubchem_cid_direct_structure"",""source"":""PubChem PUG REST"",""screening_envelope"":{""mw"":[30.0,500.0],""heavy_atoms"":[2,36]}},""offline_seed"":""pubchem-registry-20260724-v1""}",verified,1
tert-butyl hydroperoxide,,tert-Butyl hydroperoxide,[],[],,6410,CC(C)(C)OO,"InChI=1S/C4H10O2/c1-4(2,3)6-5/h5H,1-3H3",CIHOLLKRGTVIJN-UHFFFAOYSA-N,C4H10O2,90.12199999999999,defined_single_substance,resolved,true,qsar,null,"{""identity_verification"":{""cid"":6410,""method"":""pubchem_cid_direct_structure"",""source"":""PubChem PUG REST"",""screening_envelope"":{""mw"":[30.0,500.0],""heavy_atoms"":[2,36]}},""offline_seed"":""pubchem-registry-20260724-v1""}",verified,1
tert-butyl methyl ether,,tert-Butyl methyl ether,[],[],,15413,COC(C)(C)C,"InChI=1S/C5H12O/c1-5(2,3)6-4/h1-4H3",BZLVMXJERCGZMT-UHFFFAOYSA-N,C5H12O,88.14999999999999,defined_single_substance,resolved,true,qsar,null,"{""identity_verification"":{""cid"":15413,""method"":""pubchem_cid_direct_structure"",""source"":""PubChem PUG REST"",""screening_envelope"":{""mw"":[30.0,500.0],""heavy_atoms"":[2,36]}},""offline_seed"":""pubchem-registry-20260724-v1""}",verified,1
tert-butyl nitrite,,Tert-Butyl nitrite,[],[],,10906,CC(C)(C)ON=O,"InChI=1S/C4H9NO2/c1-4(2,3)7-5-6/h1-3H3",IOGXOCVLYRDXLW-UHFFFAOYSA-N,C4H9NO2,103.121,defined_single_substance,resolved,true,qsar,null,"{""identity_verification"":{""cid"":10906,""method"":""pubchem_cid_direct_structure"",""source"":""PubChem PUG REST"",""screening_envelope"":{""mw"":[30.0,500.0],""heavy_atoms"":[2,36]}},""offline_seed"":""pubchem-registry-20260724-v1""}",verified,1
tert-butyl peroxybenzoate,,tert-Butyl peroxybenzoate,[],[],,11966,CC(C)(C)OOC(=O)c1ccccc1,"InChI=1S/C11H14O3/c1-11(2,3)14-13-10(12)9-7-5-4-6-8-9/h4-8H,1-3H3",GJBRNHKUVLOCEB-UHFFFAOYSA-N,C11H14O3,194.23000000000002,defined_single_substance,resolved,true,qsar,null,"{""identity_verification"":{""cid"":11966,""method"":""pubchem_cid_direct_structure"",""source"":""PubChem PUG REST"",""screening_envelope"":{""mw"":[30.0,500.0],""heavy_atoms"":[2,36]}},""offline_seed"":""pubchem-registry-20260724-v1""}",verified,1
tert-butylhydroquinone,,Tert-Butylhydroquinone,[],[],,16043,CC(C)(C)c1cc(O)ccc1O,"InChI=1S/C10H14O2/c1-10(2,3)8-6-7(11)4-5-9(8)12/h4-6,11-12H,1-3H3",BGNXCDMCOKJUMV-UHFFFAOYSA-N,C10H14O2,166.22,defined_single_substance,resolved,true,qsar,null,"{""identity_verification"":{""cid"":16043,""method"":""pubchem_cid_direct_structure"",""source"":""PubChem PUG REST"",""screening_envelope"":{""mw"":[30.0,500.0],""heavy_atoms"":[2,36]}},""offline_seed"":""pubchem-registry-20260724-v1""}",verified,1
testosterone,,Testosterone,[],[],,6013,C[C@]12CC[C@H]3[C@@H](CCC4=CC(=O)CC[C@@]43C)[C@@H]1CC[C@@H]2O,"InChI=1S/C19H28O2/c1-18-9-7-13(20)11-12(18)3-4-14-15-5-6-17(21)19(15,2)10-8-16(14)18/h11,14-17,21H,3-10H2,1-2H3/t14-,15-,16-,17-,18-,19-/m0/s1",MUMGGOZAMZWBJJ-DYKIIFRCSA-N,C19H28O2,288.43100000000004,defined_single_substance,resolved,true,qsar,null,"{""identity_verification"":{""cid"":6013,""method"":""pubchem_cid_direct_structure"",""source"":""PubChem PUG REST"",""screening_envelope"":{""mw"":[30.0,500.0],""heavy_atoms"":[2,36]}},""offline_seed"":""pubchem-registry-20260724-v1""}",verified,1
tetrachloroethylene,,Tetrachloroethylene,[],[],,31373,ClC(Cl)=C(Cl)Cl,InChI=1S/C2Cl4/c3-1(4)2(5)6,CYTYCFOTNPOANT-UHFFFAOYSA-N,C2Cl4,165.834,defined_single_substance,resolved,true,qsar,null,"{""identity_verification"":{""cid"":31373,""method"":""pubchem_cid_direct_structure"",""source"":""PubChem PUG REST"",""screening_envelope"":{""mw"":[30.0,500.0],""heavy_atoms"":[2,36]}},""offline_seed"":""pubchem-registry-20260724-v1""}",verified,1
tetrachlorophthalic anhydride,,Tetrachlorophthalic anhydride,[],[],,8326,O=C1OC(=O)c2c(Cl)c(Cl)c(Cl)c(Cl)c21,InChI=1S/C8Cl4O3/c9-3-1-2(8(14)15-7(1)13)4(10)6(12)5(3)11,AUHHYELHRWCWEZ-UHFFFAOYSA-N,C8Cl4O3,285.89700000000005,defined_single_substance,resolved,true,qsar,null,"{""identity_verification"":{""cid"":8326,""method"":""pubchem_cid_direct_structure"",""source"":""PubChem PUG REST"",""screening_envelope"":{""mw"":[30.0,500.0],""heavy_atoms"":[2,36]}},""offline_seed"":""pubchem-registry-20260724-v1""}",verified,1
tetrachloroterephthalonitrile,,Tetrachloroterephthalonitrile,[],[],,74694,N#Cc1c(Cl)c(Cl)c(C#N)c(Cl)c1Cl,InChI=1S/C8Cl4N2/c9-5-3(1-13)6(10)8(12)4(2-14)7(5)11,TXRVDQMSXQKAPG-UHFFFAOYSA-N,C8Cl4N2,265.914,defined_single_substance,resolved,true,qsar,null,"{""identity_verification"":{""cid"":74694,""method"":""pubchem_cid_direct_structure"",""source"":""PubChem PUG REST"",""screening_envelope"":{""mw"":[30.0,500.0],""heavy_atoms"":[2,36]}},""offline_seed"":""pubchem-registry-20260724-v1""}",verified,1
tetraethoxysilane,,Tetraethoxysilane,[],[],,6517,CCO[Si](OCC)(OCC)OCC,"InChI=1S/C8H20O4Si/c1-5-9-13(10-6-2,11-7-3)12-8-4/h5-8H2,1-4H3",BOTDANWDWHJENH-UHFFFAOYSA-N,C8H20O4Si,208.32999999999996,defined_single_substance,resolved,true,qsar,null,"{""identity_verification"":{""cid"":6517,""method"":""pubchem_cid_direct_structure"",""source"":""PubChem PUG REST"",""screening_envelope"":{""mw"":[30.0,500.0],""heavy_atoms"":[2,36]}},""offline_seed"":""pubchem-registry-20260724-v1""}",verified,1
tetraethyl pyrophosphate,,Tetraethyl Pyrophosphate,[],[],,7873,CCOP(=O)(OCC)OP(=O)(OCC)OCC,"InChI=1S/C8H20O7P2/c1-5-11-16(9,12-6-2)15-17(10,13-7-3)14-8-4/h5-8H2,1-4H3",IDCBOTIENDVCBQ-UHFFFAOYSA-N,C8H20O7P2,290.189,defined_single_substance,resolved,true,qsar,null,"{""identity_verification"":{""cid"":7873,""method"":""pubchem_cid_direct_structure"",""source"":""PubChem PUG REST"",""screening_envelope"":{""mw"":[30.0,500.0],""heavy_atoms"":[2,36]}},""offline_seed"":""pubchem-registry-20260724-v1""}",verified,1
tetrahydrofuran,,Tetrahydrofuran,[],[],,8028,C1CCOC1,InChI=1S/C4H8O/c1-2-4-5-3-1/h1-4H2,WYURNTSHIVDZCO-UHFFFAOYSA-N,C4H8O,72.107,defined_single_substance,resolved,true,qsar,null,"{""identity_verification"":{""cid"":8028,""method"":""pubchem_cid_direct_structure"",""source"":""PubChem PUG REST"",""screening_envelope"":{""mw"":[30.0,500.0],""heavy_atoms"":[2,36]}},""offline_seed"":""pubchem-registry-20260724-v1""}",verified,1
tetrahydrofurfuryl alcohol,,Tetrahydrofurfuryl alcohol,[],[],,7360,OCC1CCCO1,"InChI=1S/C5H10O2/c6-4-5-2-1-3-7-5/h5-6H,1-4H2",BSYVTEYKTMYBMK-UHFFFAOYSA-N,C5H10O2,102.133,defined_single_substance,resolved,true,qsar,null,"{""identity_verification"":{""cid"":7360,""method"":""pubchem_cid_direct_structure"",""source"":""PubChem PUG REST"",""screening_envelope"":{""mw"":[30.0,500.0],""heavy_atoms"":[2,36]}},""offline_seed"":""pubchem-registry-20260724-v1""}",verified,1
tetrahydrothiopyran-3-carboxaldehyde,,Tetrahydrothiopyran-3-carboxaldehyde,[],[],,11969521,O=CC1CCCSC1,"InChI=1S/C6H10OS/c7-4-6-2-1-3-8-5-6/h4,6H,1-3,5H2",QWFSMJVKLCAOEB-UHFFFAOYSA-N,C6H10OS,130.212,defined_single_substance,resolved,true,qsar,null,"{""identity_verification"":{""cid"":11969521,""method"":""pubchem_cid_direct_structure"",""source"":""PubChem PUG REST"",""screening_envelope"":{""mw"":[30.0,500.0],""heavy_atoms"":[2,36]}},""offline_seed"":""pubchem-registry-20260724-v1""}",verified,1
tetralin,,Tetralin,[],[],,8404,c1ccc2c(c1)CCCC2,"InChI=1S/C10H12/c1-2-6-10-8-4-3-7-9(10)5-1/h1-2,5-6H,3-4,7-8H2",CXWXQJXEFPUFDZ-UHFFFAOYSA-N,C10H12,132.20599999999996,defined_single_substance,resolved,true,qsar,null,"{""identity_verification"":{""cid"":8404,""method"":""pubchem_cid_direct_structure"",""source"":""PubChem PUG REST"",""screening_envelope"":{""mw"":[30.0,500.0],""heavy_atoms"":[2,36]}},""offline_seed"":""pubchem-registry-20260724-v1""}",verified,1
tetramethylthiuram monosulfide,,Tetramethylthiuram monosulfide,[],[],,7347,CN(C)C(=S)SC(=S)N(C)C,InChI=1S/C6H12N2S3/c1-7(2)5(9)11-6(10)8(3)4/h1-4H3,REQPQFUJGGOFQL-UHFFFAOYSA-N,C6H12N2S3,208.377,defined_single_substance,resolved,true,qsar,null,"{""identity_verification"":{""cid"":7347,""method"":""pubchem_cid_direct_structure"",""source"":""PubChem PUG REST"",""screening_envelope"":{""mw"":[30.0,500.0],""heavy_atoms"":[2,36]}},""offline_seed"":""pubchem-registry-20260724-v1""}",verified,1
thalidomide,,Thalidomide,[],[],,5426,O=C1CCC(N2C(=O)c3ccccc3C2=O)C(=O)N1,"InChI=1S/C13H10N2O4/c16-10-6-5-9(11(17)14-10)15-12(18)7-3-1-2-4-8(7)13(15)19/h1-4,9H,5-6H2,(H,14,16,17)",UEJJHQNACJXSKW-UHFFFAOYSA-N,C13H10N2O4,258.233,defined_single_substance,resolved,true,qsar,null,"{""identity_verification"":{""cid"":5426,""method"":""pubchem_cid_direct_structure"",""source"":""PubChem PUG REST"",""screening_envelope"":{""mw"":[30.0,500.0],""heavy_atoms"":[2,36]}},""offline_seed"":""pubchem-registry-20260724-v1""}",verified,1
theobromine,,Theobromine,[],[],,5429,Cn1cnc2c1c(=O)[nH]c(=O)n2C,"InChI=1S/C7H8N4O2/c1-10-3-8-5-4(10)6(12)9-7(13)11(5)2/h3H,1-2H3,(H,9,12,13)",YAPQBXQYLJRXSA-UHFFFAOYSA-N,C7H8N4O2,180.16699999999997,defined_single_substance,resolved,true,qsar,null,"{""identity_verification"":{""cid"":5429,""method"":""pubchem_cid_direct_structure"",""source"":""PubChem PUG REST"",""screening_envelope"":{""mw"":[30.0,500.0],""heavy_atoms"":[2,36]}},""offline_seed"":""pubchem-registry-20260724-v1""}",verified,1
theophylline,,Theophylline,[],[],,2153,Cn1c(=O)c2[nH]cnc2n(C)c1=O,"InChI=1S/C7H8N4O2/c1-10-5-4(8-3-9-5)6(12)11(2)7(10)13/h3H,1-2H3,(H,8,9)",ZFXYFBGIUFBOJW-UHFFFAOYSA-N,C7H8N4O2,180.167,defined_single_substance,resolved,true,qsar,null,"{""identity_verification"":{""cid"":2153,""method"":""pubchem_cid_direct_structure"",""source"":""PubChem PUG REST"",""screening_envelope"":{""mw"":[30.0,500.0],""heavy_atoms"":[2,36]}},""offline_seed"":""pubchem-registry-20260724-v1""}",verified,1
thiobencarb,,Thiobencarb,[],[],,34192,CCN(CC)C(=O)SCc1ccc(Cl)cc1,"InChI=1S/C12H16ClNOS/c1-3-14(4-2)12(15)16-9-10-5-7-11(13)8-6-10/h5-8H,3-4,9H2,1-2H3",QHTQREMOGMZHJV-UHFFFAOYSA-N,C12H16ClNOS,257.786,defined_single_substance,resolved,true,qsar,null,"{""identity_verification"":{""cid"":34192,""method"":""pubchem_cid_direct_structure"",""source"":""PubChem PUG REST"",""screening_envelope"":{""mw"":[30.0,500.0],""heavy_atoms"":[2,36]}},""offline_seed"":""pubchem-registry-20260724-v1""}",verified,1
thiodicarb,,Thiodicarb,[],[],,62155,CSC(C)=NOC(=O)N(C)SN(C)C(=O)ON=C(C)SC,InChI=1S/C10H18N4O4S3/c1-7(19-5)11-17-9(15)13(3)21-14(4)10(16)18-12-8(2)20-6/h1-6H3,XDOTVMNBCQVZKG-UHFFFAOYSA-N,C10H18N4O4S3,354.47900000000004,defined_single_substance,resolved,true,qsar,null,"{""identity_verification"":{""cid"":62155,""method"":""pubchem_cid_direct_structure"",""source"":""PubChem PUG REST"",""screening_envelope"":{""mw"":[30.0,500.0],""heavy_atoms"":[2,36]}},""offline_seed"":""pubchem-registry-20260724-v1""}",verified,1
thiodiglycol,,Thiodiglycol,[],[],,5447,OCCSCCO,"InChI=1S/C4H10O2S/c5-1-3-7-4-2-6/h5-6H,1-4H2",YODZTKMDCQEPHD-UHFFFAOYSA-N,C4H10O2S,122.18899999999998,defined_single_substance,resolved,true,qsar,null,"{""identity_verification"":{""cid"":5447,""method"":""pubchem_cid_direct_structure"",""source"":""PubChem PUG REST"",""screening_envelope"":{""mw"":[30.0,500.0],""heavy_atoms"":[2,36]}},""offline_seed"":""pubchem-registry-20260724-v1""}",verified,1
thiofanox,,Thiofanox,[],[],,38235,CNC(=O)ON=C(CSC)C(C)(C)C,"InChI=1S/C9H18N2O2S/c1-9(2,3)7(6-14-5)11-13-8(12)10-4/h6H2,1-5H3,(H,10,12)",FZSVSABTBYGOQH-UHFFFAOYSA-N,C9H18N2O2S,218.32199999999997,defined_single_substance,resolved,true,qsar,null,"{""identity_verification"":{""cid"":38235,""method"":""pubchem_cid_direct_structure"",""source"":""PubChem PUG REST"",""screening_envelope"":{""mw"":[30.0,500.0],""heavy_atoms"":[2,36]}},""offline_seed"":""pubchem-registry-20260724-v1""}",verified,1
thioglycolic acid,,Thioglycolic Acid,[],[],,1133,O=C(O)CS,"InChI=1S/C2H4O2S/c3-2(4)1-5/h5H,1H2,(H,3,4)",CWERGRDVMFNCDR-UHFFFAOYSA-N,C2H4O2S,92.119,defined_single_substance,resolved,true,qsar,null,"{""identity_verification"":{""cid"":1133,""method"":""pubchem_cid_direct_structure"",""source"":""PubChem PUG REST"",""screening_envelope"":{""mw"":[30.0,500.0],""heavy_atoms"":[2,36]}},""offline_seed"":""pubchem-registry-20260724-v1""}",verified,1
"thioimidodicarbonic acid ((ho)c(o)nhc(s)(oh)), o1-ethyl o3-(2-methylpropyl) ester",,"Thioimidodicarbonic acid ((HO)C(O)NHC(S)(OH)), O1-ethyl O3-(2-methylpropyl) ester",[],[],,3034440,CCOC(=O)NC(=S)OCC(C)C,"InChI=1S/C8H15NO3S/c1-4-11-7(10)9-8(13)12-5-6(2)3/h6H,4-5H2,1-3H3,(H,9,10,13)",XNMRLZYOSGDPRB-UHFFFAOYSA-N,C8H15NO3S,205.27899999999997,defined_single_substance,resolved,true,qsar,null,"{""identity_verification"":{""cid"":3034440,""method"":""pubchem_cid_direct_structure"",""source"":""PubChem PUG REST"",""screening_envelope"":{""mw"":[30.0,500.0],""heavy_atoms"":[2,36]}},""offline_seed"":""pubchem-registry-20260724-v1""}",verified,1
thiometon,,Thiometon,[],[],,12541,CCSCCSP(=S)(OC)OC,"InChI=1S/C6H15O2PS3/c1-4-11-5-6-12-9(10,7-2)8-3/h4-6H2,1-3H3",OPASCBHCTNRLRM-UHFFFAOYSA-N,C6H15O2PS3,246.35899999999998,defined_single_substance,resolved,true,qsar,null,"{""identity_verification"":{""cid"":12541,""method"":""pubchem_cid_direct_structure"",""source"":""PubChem PUG REST"",""screening_envelope"":{""mw"":[30.0,500.0],""heavy_atoms"":[2,36]}},""offline_seed"":""pubchem-registry-20260724-v1""}",verified,1
thiometon sulfoxide,,Thiometon sulfoxide,[],[],,75917,CCS(=O)CCSP(=S)(OC)OC,"InChI=1S/C6H15O3PS3/c1-4-13(7)6-5-12-10(11,8-2)9-3/h4-6H2,1-3H3",UILALIJMTSYZSE-UHFFFAOYSA-N,C6H15O3PS3,262.358,defined_single_substance,resolved,true,qsar,null,"{""identity_verification"":{""cid"":75917,""method"":""pubchem_cid_direct_structure"",""source"":""PubChem PUG REST"",""screening_envelope"":{""mw"":[30.0,500.0],""heavy_atoms"":[2,36]}},""offline_seed"":""pubchem-registry-20260724-v1""}",verified,1
thionazin,,Thionazin,[],[],,9272,CCOP(=S)(OCC)Oc1cnccn1,"InChI=1S/C8H13N2O3PS/c1-3-11-14(15,12-4-2)13-8-7-9-5-6-10-8/h5-7H,3-4H2,1-2H3",IRVDMKJLOCGUBJ-UHFFFAOYSA-N,C8H13N2O3PS,248.244,defined_single_substance,resolved,true,qsar,null,"{""identity_verification"":{""cid"":9272,""method"":""pubchem_cid_direct_structure"",""source"":""PubChem PUG REST"",""screening_envelope"":{""mw"":[30.0,500.0],""heavy_atoms"":[2,36]}},""offline_seed"":""pubchem-registry-20260724-v1""}",verified,1
thionyl chloride,,Thionyl Chloride,[],[],,24386,O=S(Cl)Cl,InChI=1S/Cl2OS/c1-4(2)3,FYSNRJHAOHDILO-UHFFFAOYSA-N,Cl2OS,118.97200000000001,defined_single_substance,resolved,true,qsar,null,"{""identity_verification"":{""cid"":24386,""method"":""pubchem_cid_direct_structure"",""source"":""PubChem PUG REST"",""screening_envelope"":{""mw"":[30.0,500.0],""heavy_atoms"":[2,36]}},""offline_seed"":""pubchem-registry-20260724-v1""}",verified,1
thiophanate-methyl,,Thiophanate-Methyl,[],[],,3032791,COC(=O)NC(=S)Nc1ccccc1NC(=S)NC(=O)OC,"InChI=1S/C12H14N4O4S2/c1-19-11(17)15-9(21)13-7-5-3-4-6-8(7)14-10(22)16-12(18)20-2/h3-6H,1-2H3,(H2,13,15,17,21)(H2,14,16,18,22)",QGHREAKMXXNCOA-UHFFFAOYSA-N,C12H14N4O4S2,342.4020000000001,defined_single_substance,resolved,true,qsar,null,"{""identity_verification"":{""cid"":3032791,""method"":""pubchem_cid_direct_structure"",""source"":""PubChem PUG REST"",""screening_envelope"":{""mw"":[30.0,500.0],""heavy_atoms"":[2,36]}},""offline_seed"":""pubchem-registry-20260724-v1""}",verified,1
thiophenol,,Thiophenol,[],[],,7969,Sc1ccccc1,"InChI=1S/C6H6S/c7-6-4-2-1-3-5-6/h1-5,7H",RMVRSNDYEFQCLF-UHFFFAOYSA-N,C6H6S,110.18099999999997,defined_single_substance,resolved,true,qsar,null,"{""identity_verification"":{""cid"":7969,""method"":""pubchem_cid_direct_structure"",""source"":""PubChem PUG REST"",""screening_envelope"":{""mw"":[30.0,500.0],""heavy_atoms"":[2,36]}},""offline_seed"":""pubchem-registry-20260724-v1""}",verified,1
thiophosgene,,Thiophosgene,[],[],,10040,S=C(Cl)Cl,InChI=1S/CCl2S/c2-1(3)4,ZWZVWGITAAIFPS-UHFFFAOYSA-N,CCl2S,114.98400000000001,defined_single_substance,resolved,true,qsar,null,"{""identity_verification"":{""cid"":10040,""method"":""pubchem_cid_direct_structure"",""source"":""PubChem PUG REST"",""screening_envelope"":{""mw"":[30.0,500.0],""heavy_atoms"":[2,36]}},""offline_seed"":""pubchem-registry-20260724-v1""}",verified,1
thiosemicarbazide,,Thiosemicarbazide,[],[],,2723789,NNC(N)=S,"InChI=1S/CH5N3S/c2-1(5)4-3/h3H2,(H3,2,4,5)",BRWIZMBXBAOCCF-UHFFFAOYSA-N,CH5N3S,91.13900000000001,defined_single_substance,resolved,true,qsar,null,"{""identity_verification"":{""cid"":2723789,""method"":""pubchem_cid_direct_structure"",""source"":""PubChem PUG REST"",""screening_envelope"":{""mw"":[30.0,500.0],""heavy_atoms"":[2,36]}},""offline_seed"":""pubchem-registry-20260724-v1""}",verified,1
thiotepa,,Thiotepa,[],[],,5453,S=P(N1CC1)(N1CC1)N1CC1,"InChI=1S/C6H12N3PS/c11-10(7-1-2-7,8-3-4-8)9-5-6-9/h1-6H2",FOCVUCIESVLUNU-UHFFFAOYSA-N,C6H12N3PS,189.22399999999996,defined_single_substance,resolved,true,qsar,null,"{""identity_verification"":{""cid"":5453,""method"":""pubchem_cid_direct_structure"",""source"":""PubChem PUG REST"",""screening_envelope"":{""mw"":[30.0,500.0],""heavy_atoms"":[2,36]}},""offline_seed"":""pubchem-registry-20260724-v1""}",verified,1
thiourea,,Thiourea,[],[],,2723790,NC(N)=S,"InChI=1S/CH4N2S/c2-1(3)4/h(H4,2,3,4)",UMGDCJDMYOKAJW-UHFFFAOYSA-N,CH4N2S,76.12400000000001,defined_single_substance,resolved,true,qsar,null,"{""identity_verification"":{""cid"":2723790,""method"":""pubchem_cid_direct_structure"",""source"":""PubChem PUG REST"",""screening_envelope"":{""mw"":[30.0,500.0],""heavy_atoms"":[2,36]}},""offline_seed"":""pubchem-registry-20260724-v1""}",verified,1
thiram,,Thiram,[],[],,5455,CN(C)C(=S)SSC(=S)N(C)C,InChI=1S/C6H12N2S4/c1-7(2)5(9)11-12-6(10)8(3)4/h1-4H3,KUAZQDVKQLNFPE-UHFFFAOYSA-N,C6H12N2S4,240.44400000000002,defined_single_substance,resolved,true,qsar,null,"{""identity_verification"":{""cid"":5455,""method"":""pubchem_cid_direct_structure"",""source"":""PubChem PUG REST"",""screening_envelope"":{""mw"":[30.0,500.0],""heavy_atoms"":[2,36]}},""offline_seed"":""pubchem-registry-20260724-v1""}",verified,1
thymol,,Thymol,[],[],,6989,Cc1ccc(C(C)C)c(O)c1,"InChI=1S/C10H14O/c1-7(2)9-5-4-8(3)6-10(9)11/h4-7,11H,1-3H3",MGSRCZKZVOBKFT-UHFFFAOYSA-N,C10H14O,150.22099999999998,defined_single_substance,resolved,true,qsar,null,"{""identity_verification"":{""cid"":6989,""method"":""pubchem_cid_direct_structure"",""source"":""PubChem PUG REST"",""screening_envelope"":{""mw"":[30.0,500.0],""heavy_atoms"":[2,36]}},""offline_seed"":""pubchem-registry-20260724-v1""}",verified,1
tolclofos-methyl,,Tolclofos-methyl,[],[],,91664,COP(=S)(OC)Oc1c(Cl)cc(C)cc1Cl,"InChI=1S/C9H11Cl2O3PS/c1-6-4-7(10)9(8(11)5-6)14-15(16,12-2)13-3/h4-5H,1-3H3",OBZIQQJJIKNWNO-UHFFFAOYSA-N,C9H11Cl2O3PS,301.131,defined_single_substance,resolved,true,qsar,null,"{""identity_verification"":{""cid"":91664,""method"":""pubchem_cid_direct_structure"",""source"":""PubChem PUG REST"",""screening_envelope"":{""mw"":[30.0,500.0],""heavy_atoms"":[2,36]}},""offline_seed"":""pubchem-registry-20260724-v1""}",verified,1
toluene,,Toluene,[],[],,1140,Cc1ccccc1,"InChI=1S/C7H8/c1-7-5-3-2-4-6-7/h2-6H,1H3",YXFVVABEGXRONW-UHFFFAOYSA-N,C7H8,92.14099999999999,defined_single_substance,resolved,true,qsar,null,"{""identity_verification"":{""cid"":1140,""method"":""pubchem_cid_direct_structure"",""source"":""PubChem PUG REST"",""screening_envelope"":{""mw"":[30.0,500.0],""heavy_atoms"":[2,36]}},""offline_seed"":""pubchem-registry-20260724-v1""}",verified,1
toxaphene,,Toxaphene,[],[],,5284469,C=C1C(CCl)(CCl)C2(Cl)C(Cl)C(Cl)C1(Cl)C2(Cl)Cl,"InChI=1S/C10H8Cl8/c1-4-7(2-11,3-12)9(16)6(14)5(13)8(4,15)10(9,17)18/h5-6H,1-3H2",OEJNXTAZZBRGDN-UHFFFAOYSA-N,C10H8Cl8,411.798,defined_single_substance,resolved,true,qsar,null,"{""identity_verification"":{""cid"":5284469,""method"":""pubchem_cid_direct_structure"",""source"":""PubChem PUG REST"",""screening_envelope"":{""mw"":[30.0,500.0],""heavy_atoms"":[2,36]}},""offline_seed"":""pubchem-registry-20260724-v1""}",verified,1
tralkoxydim,,Tralkoxydim,[],[],,135492483,CCO/N=C(\CC)C1=C(O)CC(c2c(C)cc(C)cc2C)CC1=O,"InChI=1S/C20H27NO3/c1-6-16(21-24-7-2)20-17(22)10-15(11-18(20)23)19-13(4)8-12(3)9-14(19)5/h8-9,15,22H,6-7,10-11H2,1-5H3/b21-16+",DQFPEYARZIQXRM-LTGZKZEYSA-N,C20H27NO3,329.44000000000005,defined_single_substance,resolved,true,qsar,null,"{""identity_verification"":{""cid"":135492483,""method"":""pubchem_cid_direct_structure"",""source"":""PubChem PUG REST"",""screening_envelope"":{""mw"":[30.0,500.0],""heavy_atoms"":[2,36]}},""offline_seed"":""pubchem-registry-20260724-v1""}",verified,1
tramadol,,Tramadol,[],[],,33741,COc1cccc([C@@]2(O)CCCC[C@@H]2CN(C)C)c1,"InChI=1S/C16H25NO2/c1-17(2)12-14-7-4-5-10-16(14,18)13-8-6-9-15(11-13)19-3/h6,8-9,11,14,18H,4-5,7,10,12H2,1-3H3/t14-,16+/m1/s1",TVYLLZQTGLZFBW-ZBFHGGJFSA-N,C16H25NO2,263.381,defined_single_substance,resolved,true,qsar,null,"{""identity_verification"":{""cid"":33741,""method"":""pubchem_cid_direct_structure"",""source"":""PubChem PUG REST"",""screening_envelope"":{""mw"":[30.0,500.0],""heavy_atoms"":[2,36]}},""offline_seed"":""pubchem-registry-20260724-v1""}",verified,1
tranid,,Tranid,[],[],,76970394,CNC(=O)O/N=C1\[C@H]2C[C@H](C[C@H]2C#N)[C@H]1Cl,"InChI=1S/C10H12ClN3O2/c1-13-10(15)16-14-9-7-3-5(8(9)11)2-6(7)4-12/h5-8H,2-3H2,1H3,(H,13,15)/b14-9+/t5-,6-,7-,8+/m0/s1",QCQPGRMMDFIQMB-JTLQWOPJSA-N,C10H12ClN3O2,241.678,defined_single_substance,resolved,true,qsar,null,"{""identity_verification"":{""cid"":76970394,""method"":""pubchem_cid_direct_structure"",""source"":""PubChem PUG REST"",""screening_envelope"":{""mw"":[30.0,500.0],""heavy_atoms"":[2,36]}},""offline_seed"":""pubchem-registry-20260724-v1""}",verified,1
"trans-(5rs,6sr)-6-amino-2,2-dimethyl-1,3-dioxepan-5-ol",,"trans-(5RS,6SR)-6-amino-2,2-dimethyl-1,3-dioxepan-5-ol",[],[],,10176840,CC1(C)OC[C@H](N)[C@@H](O)CO1,"InChI=1S/C7H15NO3/c1-7(2)10-3-5(8)6(9)4-11-7/h5-6,9H,3-4,8H2,1-2H3/t5-,6-/m0/s1",BXRMFUZPBYHYSM-WDSKDSINSA-N,C7H15NO3,161.201,defined_single_substance,resolved,true,qsar,null,"{""identity_verification"":{""cid"":10176840,""method"":""pubchem_cid_direct_structure"",""source"":""PubChem PUG REST"",""screening_envelope"":{""mw"":[30.0,500.0],""heavy_atoms"":[2,36]}},""offline_seed"":""pubchem-registry-20260724-v1""}",verified,1
transfluthrin,,Transfluthrin,[],[],,656612,CC1(C)[C@H](C=C(Cl)Cl)[C@H]1C(=O)OCc1c(F)c(F)cc(F)c1F,"InChI=1S/C15H12Cl2F4O2/c1-15(2)7(3-10(16)17)11(15)14(22)23-5-6-12(20)8(18)4-9(19)13(6)21/h3-4,7,11H,5H2,1-2H3/t7-,11+/m1/s1",DDVNRFNDOPPVQJ-HQJQHLMTSA-N,C15H12Cl2F4O2,371.157,defined_single_substance,resolved,true,qsar,null,"{""identity_verification"":{""cid"":656612,""method"":""pubchem_cid_direct_structure"",""source"":""PubChem PUG REST"",""screening_envelope"":{""mw"":[30.0,500.0],""heavy_atoms"":[2,36]}},""offline_seed"":""pubchem-registry-20260724-v1""}",verified,1
trazodone,,Trazodone,[],[],,5533,O=c1n(CCCN2CCN(c3cccc(Cl)c3)CC2)nc2ccccn12,"InChI=1S/C19H22ClN5O/c20-16-5-3-6-17(15-16)23-13-11-22(12-14-23)8-4-10-25-19(26)24-9-2-1-7-18(24)21-25/h1-3,5-7,9,15H,4,8,10-14H2",PHLBKPHSAVXXEF-UHFFFAOYSA-N,C19H22ClN5O,371.87200000000007,defined_single_substance,resolved,true,qsar,null,"{""identity_verification"":{""cid"":5533,""method"":""pubchem_cid_direct_structure"",""source"":""PubChem PUG REST"",""screening_envelope"":{""mw"":[30.0,500.0],""heavy_atoms"":[2,36]}},""offline_seed"":""pubchem-registry-20260724-v1""}",verified,1
tri-p-cresyl phosphate,,Tri-p-cresyl phosphate,[],[],,6529,Cc1ccc(OP(=O)(Oc2ccc(C)cc2)Oc2ccc(C)cc2)cc1,"InChI=1S/C21H21O4P/c1-16-4-10-19(11-5-16)23-26(22,24-20-12-6-17(2)7-13-20)25-21-14-8-18(3)9-15-21/h4-15H,1-3H3",BOSMZFBHAYFUBJ-UHFFFAOYSA-N,C21H21O4P,368.36900000000014,defined_single_substance,resolved,true,qsar,null,"{""identity_verification"":{""cid"":6529,""method"":""pubchem_cid_direct_structure"",""source"":""PubChem PUG REST"",""screening_envelope"":{""mw"":[30.0,500.0],""heavy_atoms"":[2,36]}},""offline_seed"":""pubchem-registry-20260724-v1""}",verified,1
triadimefon,,Triadimefon,[],[],,39385,CC(C)(C)C(=O)C(Oc1ccc(Cl)cc1)n1cncn1,"InChI=1S/C14H16ClN3O2/c1-14(2,3)12(19)13(18-9-16-8-17-18)20-11-6-4-10(15)5-7-11/h4-9,13H,1-3H3",WURBVZBTWMNKQT-UHFFFAOYSA-N,C14H16ClN3O2,293.754,defined_single_substance,resolved,true,qsar,null,"{""identity_verification"":{""cid"":39385,""method"":""pubchem_cid_direct_structure"",""source"":""PubChem PUG REST"",""screening_envelope"":{""mw"":[30.0,500.0],""heavy_atoms"":[2,36]}},""offline_seed"":""pubchem-registry-20260724-v1""}",verified,1
triallate,,Triallate,[],[],,5543,CC(C)N(C(=O)SCC(Cl)=C(Cl)Cl)C(C)C,"InChI=1S/C10H16Cl3NOS/c1-6(2)14(7(3)4)10(15)16-5-8(11)9(12)13/h6-7H,5H2,1-4H3",MWBPRDONLNQCFV-UHFFFAOYSA-N,C10H16Cl3NOS,304.66999999999996,defined_single_substance,resolved,true,qsar,null,"{""identity_verification"":{""cid"":5543,""method"":""pubchem_cid_direct_structure"",""source"":""PubChem PUG REST"",""screening_envelope"":{""mw"":[30.0,500.0],""heavy_atoms"":[2,36]}},""offline_seed"":""pubchem-registry-20260724-v1""}",verified,1
triamiphos,,Triamiphos,[],[],,13943,CN(C)P(=O)(N(C)C)n1nc(-c2ccccc2)nc1N,"InChI=1S/C12H19N6OP/c1-16(2)20(19,17(3)4)18-12(13)14-11(15-18)10-8-6-5-7-9-10/h5-9H,1-4H3,(H2,13,14,15)",BABJTMNVJXLAEX-UHFFFAOYSA-N,C12H19N6OP,294.29900000000004,defined_single_substance,resolved,true,qsar,null,"{""identity_verification"":{""cid"":13943,""method"":""pubchem_cid_direct_structure"",""source"":""PubChem PUG REST"",""screening_envelope"":{""mw"":[30.0,500.0],""heavy_atoms"":[2,36]}},""offline_seed"":""pubchem-registry-20260724-v1""}",verified,1
triamterene,,Triamterene,[],[],,5546,Nc1nc(N)c2nc(-c3ccccc3)c(N)nc2n1,"InChI=1S/C12H11N7/c13-9-7(6-4-2-1-3-5-6)16-8-10(14)18-12(15)19-11(8)17-9/h1-5H,(H6,13,14,15,17,18,19)",FNYLWPVRPXGIIP-UHFFFAOYSA-N,C12H11N7,253.26899999999995,defined_single_substance,resolved,true,qsar,null,"{""identity_verification"":{""cid"":5546,""method"":""pubchem_cid_direct_structure"",""source"":""PubChem PUG REST"",""screening_envelope"":{""mw"":[30.0,500.0],""heavy_atoms"":[2,36]}},""offline_seed"":""pubchem-registry-20260724-v1""}",verified,1
triarimol,,Triarimol,[],[],,33605,OC(c1ccccc1)(c1cncnc1)c1ccc(Cl)cc1Cl,"InChI=1S/C17H12Cl2N2O/c18-14-6-7-15(16(19)8-14)17(22,12-4-2-1-3-5-12)13-9-20-11-21-10-13/h1-11,22H",MYUPFXPCYUISAG-UHFFFAOYSA-N,C17H12Cl2N2O,331.202,defined_single_substance,resolved,true,qsar,null,"{""identity_verification"":{""cid"":33605,""method"":""pubchem_cid_direct_structure"",""source"":""PubChem PUG REST"",""screening_envelope"":{""mw"":[30.0,500.0],""heavy_atoms"":[2,36]}},""offline_seed"":""pubchem-registry-20260724-v1""}",verified,1
triazamate,,Triazamate,[],[],,86306,CCOC(=O)CSc1nc(C(C)(C)C)nn1C(=O)N(C)C,"InChI=1S/C13H22N4O3S/c1-7-20-9(18)8-21-11-14-10(13(2,3)4)15-17(11)12(19)16(5)6/h7-8H2,1-6H3",NKNFWVNSBIXGLL-UHFFFAOYSA-N,C13H22N4O3S,314.41100000000006,defined_single_substance,resolved,true,qsar,null,"{""identity_verification"":{""cid"":86306,""method"":""pubchem_cid_direct_structure"",""source"":""PubChem PUG REST"",""screening_envelope"":{""mw"":[30.0,500.0],""heavy_atoms"":[2,36]}},""offline_seed"":""pubchem-registry-20260724-v1""}",verified,1
triazophos,,Triazophos,[],[],,32184,CCOP(=S)(OCC)Oc1ncn(-c2ccccc2)n1,"InChI=1S/C12H16N3O3PS/c1-3-16-19(20,17-4-2)18-12-13-10-15(14-12)11-8-6-5-7-9-11/h5-10H,3-4H2,1-2H3",AMFGTOFWMRQMEM-UHFFFAOYSA-N,C12H16N3O3PS,313.319,defined_single_substance,resolved,true,qsar,null,"{""identity_verification"":{""cid"":32184,""method"":""pubchem_cid_direct_structure"",""source"":""PubChem PUG REST"",""screening_envelope"":{""mw"":[30.0,500.0],""heavy_atoms"":[2,36]}},""offline_seed"":""pubchem-registry-20260724-v1""}",verified,1
tribenuron-methyl,,Tribenuron-methyl,[],[],,153909,COC(=O)c1ccccc1S(=O)(=O)NC(=O)N(C)c1nc(C)nc(OC)n1,"InChI=1S/C15H17N5O6S/c1-9-16-13(18-14(17-9)26-4)20(2)15(22)19-27(23,24)11-8-6-5-7-10(11)12(21)25-3/h5-8H,1-4H3,(H,19,22)",VLCQZHSMCYCDJL-UHFFFAOYSA-N,C15H17N5O6S,395.39700000000016,defined_single_substance,resolved,true,qsar,null,"{""identity_verification"":{""cid"":153909,""method"":""pubchem_cid_direct_structure"",""source"":""PubChem PUG REST"",""screening_envelope"":{""mw"":[30.0,500.0],""heavy_atoms"":[2,36]}},""offline_seed"":""pubchem-registry-20260724-v1""}",verified,1
tributyl phosphate,,Tributyl Phosphate,[],[],,31357,CCCCOP(=O)(OCCCC)OCCCC,"InChI=1S/C12H27O4P/c1-4-7-10-14-17(13,15-11-8-5-2)16-12-9-6-3/h4-12H2,1-3H3",STCOOQWBFONSKY-UHFFFAOYSA-N,C12H27O4P,266.3179999999999,defined_single_substance,resolved,true,qsar,null,"{""identity_verification"":{""cid"":31357,""method"":""pubchem_cid_direct_structure"",""source"":""PubChem PUG REST"",""screening_envelope"":{""mw"":[30.0,500.0],""heavy_atoms"":[2,36]}},""offline_seed"":""pubchem-registry-20260724-v1""}",verified,1
tributylamine,,Tributylamine,[],[],,7622,CCCCN(CCCC)CCCC,"InChI=1S/C12H27N/c1-4-7-10-13(11-8-5-2)12-9-6-3/h4-12H2,1-3H3",IMFACGCPASFAPR-UHFFFAOYSA-N,C12H27N,185.35499999999993,defined_single_substance,resolved,true,qsar,null,"{""identity_verification"":{""cid"":7622,""method"":""pubchem_cid_direct_structure"",""source"":""PubChem PUG REST"",""screening_envelope"":{""mw"":[30.0,500.0],""heavy_atoms"":[2,36]}},""offline_seed"":""pubchem-registry-20260724-v1""}",verified,1
trichlorfon,,Trichlorfon,[],[],,5853,COP(=O)(OC)C(O)C(Cl)(Cl)Cl,"InChI=1S/C4H8Cl3O4P/c1-10-12(9,11-2)3(8)4(5,6)7/h3,8H,1-2H3",NFACJZMKEDPNKN-UHFFFAOYSA-N,C4H8Cl3O4P,257.43699999999995,defined_single_substance,resolved,true,qsar,null,"{""identity_verification"":{""cid"":5853,""method"":""pubchem_cid_direct_structure"",""source"":""PubChem PUG REST"",""screening_envelope"":{""mw"":[30.0,500.0],""heavy_atoms"":[2,36]}},""offline_seed"":""pubchem-registry-20260724-v1""}",verified,1
trichloroacetic acid,,Trichloroacetic Acid,[],[],,6421,O=C(O)C(Cl)(Cl)Cl,"InChI=1S/C2HCl3O2/c3-2(4,5)1(6)7/h(H,6,7)",YNJBWRMUSHSURL-UHFFFAOYSA-N,C2HCl3O2,163.387,defined_single_substance,resolved,true,qsar,null,"{""identity_verification"":{""cid"":6421,""method"":""pubchem_cid_direct_structure"",""source"":""PubChem PUG REST"",""screening_envelope"":{""mw"":[30.0,500.0],""heavy_atoms"":[2,36]}},""offline_seed"":""pubchem-registry-20260724-v1""}",verified,1
trichloroacetonitrile,,Trichloroacetonitrile,[],[],,11011,N#CC(Cl)(Cl)Cl,"InChI=1S/C2Cl3N/c3-2(4,5)1-6",DRUIESSIVFYOMK-UHFFFAOYSA-N,C2Cl3N,144.388,defined_single_substance,resolved,true,qsar,null,"{""identity_verification"":{""cid"":11011,""method"":""pubchem_cid_direct_structure"",""source"":""PubChem PUG REST"",""screening_envelope"":{""mw"":[30.0,500.0],""heavy_atoms"":[2,36]}},""offline_seed"":""pubchem-registry-20260724-v1""}",verified,1
trichloroethylene,,Trichloroethylene,[],[],,6575,ClC=C(Cl)Cl,InChI=1S/C2HCl3/c3-1-2(4)5/h1H,XSTXAVWGXDQKEL-UHFFFAOYSA-N,C2HCl3,131.389,defined_single_substance,resolved,true,qsar,null,"{""identity_verification"":{""cid"":6575,""method"":""pubchem_cid_direct_structure"",""source"":""PubChem PUG REST"",""screening_envelope"":{""mw"":[30.0,500.0],""heavy_atoms"":[2,36]}},""offline_seed"":""pubchem-registry-20260724-v1""}",verified,1
trichloromethylsilane,,Trichloromethylsilane,[],[],,6399,C[Si](Cl)(Cl)Cl,"InChI=1S/CH3Cl3Si/c1-5(2,3)4/h1H3",JLUFWMXJHAVVNN-UHFFFAOYSA-N,CH3Cl3Si,149.48000000000002,defined_single_substance,resolved,true,qsar,null,"{""identity_verification"":{""cid"":6399,""method"":""pubchem_cid_direct_structure"",""source"":""PubChem PUG REST"",""screening_envelope"":{""mw"":[30.0,500.0],""heavy_atoms"":[2,36]}},""offline_seed"":""pubchem-registry-20260724-v1""}",verified,1
trichloronate,,Trichloronate,[],[],,9477,CCOP(=S)(CC)Oc1cc(Cl)c(Cl)cc1Cl,"InChI=1S/C10H12Cl3O2PS/c1-3-14-16(17,4-2)15-10-6-8(12)7(11)5-9(10)13/h5-6H,3-4H2,1-2H3",ANIAQSUBRGXWLS-UHFFFAOYSA-N,C10H12Cl3O2PS,333.6039999999999,defined_single_substance,resolved,true,qsar,null,"{""identity_verification"":{""cid"":9477,""method"":""pubchem_cid_direct_structure"",""source"":""PubChem PUG REST"",""screening_envelope"":{""mw"":[30.0,500.0],""heavy_atoms"":[2,36]}},""offline_seed"":""pubchem-registry-20260724-v1""}",verified,1
trichlorophenoxyacetic acid,,Trichlorophenoxyacetic acid,[],[],,1480,O=C(O)COc1cc(Cl)c(Cl)cc1Cl,"InChI=1S/C8H5Cl3O3/c9-4-1-6(11)7(2-5(4)10)14-3-8(12)13/h1-2H,3H2,(H,12,13)",SMYMJHWAQXWPDB-UHFFFAOYSA-N,C8H5Cl3O3,255.48399999999998,defined_single_substance,resolved,true,qsar,null,"{""identity_verification"":{""cid"":1480,""method"":""pubchem_cid_direct_structure"",""source"":""PubChem PUG REST"",""screening_envelope"":{""mw"":[30.0,500.0],""heavy_atoms"":[2,36]}},""offline_seed"":""pubchem-registry-20260724-v1""}",verified,1
trichlorosilane,,Trichlorosilane,[],[],,24811,Cl[SiH](Cl)Cl,InChI=1S/Cl3HSi/c1-4(2)3/h4H,ZDHXKXAHOVTTAH-UHFFFAOYSA-N,Cl3HSi,135.453,defined_single_substance,resolved,true,qsar,null,"{""identity_verification"":{""cid"":24811,""method"":""pubchem_cid_direct_structure"",""source"":""PubChem PUG REST"",""screening_envelope"":{""mw"":[30.0,500.0],""heavy_atoms"":[2,36]}},""offline_seed"":""pubchem-registry-20260724-v1""}",verified,1
triclopyr,,Triclopyr,[],[],,41428,O=C(O)COc1nc(Cl)c(Cl)cc1Cl,"InChI=1S/C7H4Cl3NO3/c8-3-1-4(9)7(11-6(3)10)14-2-5(12)13/h1H,2H2,(H,12,13)",REEQLXCGVXDJSQ-UHFFFAOYSA-N,C7H4Cl3NO3,256.472,defined_single_substance,resolved,true,qsar,null,"{""identity_verification"":{""cid"":41428,""method"":""pubchem_cid_direct_structure"",""source"":""PubChem PUG REST"",""screening_envelope"":{""mw"":[30.0,500.0],""heavy_atoms"":[2,36]}},""offline_seed"":""pubchem-registry-20260724-v1""}",verified,1
triclosan,,Triclosan,[],[],,5564,Oc1cc(Cl)ccc1Oc1ccc(Cl)cc1Cl,"InChI=1S/C12H7Cl3O2/c13-7-1-3-11(9(15)5-7)17-12-4-2-8(14)6-10(12)16/h1-6,16H",XEFQLINVKFYRCS-UHFFFAOYSA-N,C12H7Cl3O2,289.54499999999996,defined_single_substance,resolved,true,qsar,null,"{""identity_verification"":{""cid"":5564,""method"":""pubchem_cid_direct_structure"",""source"":""PubChem PUG REST"",""screening_envelope"":{""mw"":[30.0,500.0],""heavy_atoms"":[2,36]}},""offline_seed"":""pubchem-registry-20260724-v1""}",verified,1
tricyclazole,,Tricyclazole,[],[],,39040,Cc1cccc2sc3nncn3c12,"InChI=1S/C9H7N3S/c1-6-3-2-4-7-8(6)12-5-10-11-9(12)13-7/h2-5H,1H3",DQJCHOQLCLEDLL-UHFFFAOYSA-N,C9H7N3S,189.243,defined_single_substance,resolved,true,qsar,null,"{""identity_verification"":{""cid"":39040,""method"":""pubchem_cid_direct_structure"",""source"":""PubChem PUG REST"",""screening_envelope"":{""mw"":[30.0,500.0],""heavy_atoms"":[2,36]}},""offline_seed"":""pubchem-registry-20260724-v1""}",verified,1
triethoxy(2-methylpropyl)silane,,Triethoxy(2-methylpropyl)silane,[],[],,87391,CCO[Si](CC(C)C)(OCC)OCC,"InChI=1S/C10H24O3Si/c1-6-11-14(12-7-2,13-8-3)9-10(4)5/h10H,6-9H2,1-5H3",ALVYUZIFSCKIFP-UHFFFAOYSA-N,C10H24O3Si,220.38499999999993,defined_single_substance,resolved,true,qsar,null,"{""identity_verification"":{""cid"":87391,""method"":""pubchem_cid_direct_structure"",""source"":""PubChem PUG REST"",""screening_envelope"":{""mw"":[30.0,500.0],""heavy_atoms"":[2,36]}},""offline_seed"":""pubchem-registry-20260724-v1""}",verified,1
triethyl phosphate,,Triethyl Phosphate,[],[],,6535,CCOP(=O)(OCC)OCC,"InChI=1S/C6H15O4P/c1-4-8-11(7,9-5-2)10-6-3/h4-6H2,1-3H3",DQWPFSLDHJDLRL-UHFFFAOYSA-N,C6H15O4P,182.15599999999998,defined_single_substance,resolved,true,qsar,null,"{""identity_verification"":{""cid"":6535,""method"":""pubchem_cid_direct_structure"",""source"":""PubChem PUG REST"",""screening_envelope"":{""mw"":[30.0,500.0],""heavy_atoms"":[2,36]}},""offline_seed"":""pubchem-registry-20260724-v1""}",verified,1
triethyl phosphite,,Triethyl phosphite,[],[],,31215,CCOP(OCC)OCC,"InChI=1S/C6H15O3P/c1-4-7-10(8-5-2)9-6-3/h4-6H2,1-3H3",BDZBKCUKTQZUTL-UHFFFAOYSA-N,C6H15O3P,166.15699999999998,defined_single_substance,resolved,true,qsar,null,"{""identity_verification"":{""cid"":31215,""method"":""pubchem_cid_direct_structure"",""source"":""PubChem PUG REST"",""screening_envelope"":{""mw"":[30.0,500.0],""heavy_atoms"":[2,36]}},""offline_seed"":""pubchem-registry-20260724-v1""}",verified,1
triethylamine,,Triethylamine,[],[],,8471,CCN(CC)CC,"InChI=1S/C6H15N/c1-4-7(5-2)6-3/h4-6H2,1-3H3",ZMANZCXQSJIPKH-UHFFFAOYSA-N,C6H15N,101.193,defined_single_substance,resolved,true,qsar,null,"{""identity_verification"":{""cid"":8471,""method"":""pubchem_cid_direct_structure"",""source"":""PubChem PUG REST"",""screening_envelope"":{""mw"":[30.0,500.0],""heavy_atoms"":[2,36]}},""offline_seed"":""pubchem-registry-20260724-v1""}",verified,1
triethylene glycol monobutyl ether,,Triethylene glycol monobutyl ether,[],[],,8923,CCCCOCCOCCOCCO,"InChI=1S/C10H22O4/c1-2-3-5-12-7-9-14-10-8-13-6-4-11/h11H,2-10H2,1H3",COBPKKZHLDDMTB-UHFFFAOYSA-N,C10H22O4,206.28199999999995,defined_single_substance,resolved,true,qsar,null,"{""identity_verification"":{""cid"":8923,""method"":""pubchem_cid_direct_structure"",""source"":""PubChem PUG REST"",""screening_envelope"":{""mw"":[30.0,500.0],""heavy_atoms"":[2,36]}},""offline_seed"":""pubchem-registry-20260724-v1""}",verified,1
trifloxystrobin,,Trifloxystrobin,[],[],,11664966,CO/N=C(/C(=O)OC)c1ccccc1CO/N=C(\C)c1cccc(C(F)(F)F)c1,"InChI=1S/C20H19F3N2O4/c1-13(14-8-6-9-16(11-14)20(21,22)23)24-29-12-15-7-4-5-10-17(15)18(25-28-3)19(26)27-2/h4-11H,12H2,1-3H3/b24-13+,25-18+",ONCZDRURRATYFI-TVJDWZFNSA-N,C20H19F3N2O4,408.37600000000003,defined_single_substance,resolved,true,qsar,null,"{""identity_verification"":{""cid"":11664966,""method"":""pubchem_cid_direct_structure"",""source"":""PubChem PUG REST"",""screening_envelope"":{""mw"":[30.0,500.0],""heavy_atoms"":[2,36]}},""offline_seed"":""pubchem-registry-20260724-v1""}",verified,1
triflumizole,,Triflumizole,[],[],,91699,CCCOCC(=Nc1ccc(Cl)cc1C(F)(F)F)n1ccnc1,"InChI=1S/C15H15ClF3N3O/c1-2-7-23-9-14(22-6-5-20-10-22)21-13-4-3-11(16)8-12(13)15(17,18)19/h3-6,8,10H,2,7,9H2,1H3",HSMVPDGQOIQYSR-UHFFFAOYSA-N,C15H15ClF3N3O,345.752,defined_single_substance,resolved,true,qsar,null,"{""identity_verification"":{""cid"":91699,""method"":""pubchem_cid_direct_structure"",""source"":""PubChem PUG REST"",""screening_envelope"":{""mw"":[30.0,500.0],""heavy_atoms"":[2,36]}},""offline_seed"":""pubchem-registry-20260724-v1""}",verified,1
trifluoroacetic acid,,Trifluoroacetic acid,[],[],,6422,O=C(O)C(F)(F)F,"InChI=1S/C2HF3O2/c3-2(4,5)1(6)7/h(H,6,7)",DTQVDTLACAAQTR-UHFFFAOYSA-N,C2HF3O2,114.022,defined_single_substance,resolved,true,qsar,null,"{""identity_verification"":{""cid"":6422,""method"":""pubchem_cid_direct_structure"",""source"":""PubChem PUG REST"",""screening_envelope"":{""mw"":[30.0,500.0],""heavy_atoms"":[2,36]}},""offline_seed"":""pubchem-registry-20260724-v1""}",verified,1
trifluralin,,Trifluralin,[],[],,5569,CCCN(CCC)c1c([N+](=O)[O-])cc(C(F)(F)F)cc1[N+](=O)[O-],"InChI=1S/C13H16F3N3O4/c1-3-5-17(6-4-2)12-10(18(20)21)7-9(13(14,15)16)8-11(12)19(22)23/h7-8H,3-6H2,1-2H3",ZSDSQXJSNMTJDA-UHFFFAOYSA-N,C13H16F3N3O4,335.28200000000004,defined_single_substance,resolved,true,qsar,null,"{""identity_verification"":{""cid"":5569,""method"":""pubchem_cid_direct_structure"",""source"":""PubChem PUG REST"",""screening_envelope"":{""mw"":[30.0,500.0],""heavy_atoms"":[2,36]}},""offline_seed"":""pubchem-registry-20260724-v1""}",verified,1
triglycidyl isocyanurate,,Triglycidyl isocyanurate,[],[],,17142,O=c1n(CC2CO2)c(=O)n(CC2CO2)c(=O)n1CC1CO1,"InChI=1S/C12H15N3O6/c16-10-13(1-7-4-19-7)11(17)15(3-9-6-21-9)12(18)14(10)2-8-5-20-8/h7-9H,1-6H2",OUPZKGBUJRBPGC-UHFFFAOYSA-N,C12H15N3O6,297.267,defined_single_substance,resolved,true,qsar,null,"{""identity_verification"":{""cid"":17142,""method"":""pubchem_cid_direct_structure"",""source"":""PubChem PUG REST"",""screening_envelope"":{""mw"":[30.0,500.0],""heavy_atoms"":[2,36]}},""offline_seed"":""pubchem-registry-20260724-v1""}",verified,1
triisopropanolamine,,Triisopropanolamine,[],[],,24730,CC(O)CN(CC(C)O)CC(C)O,"InChI=1S/C9H21NO3/c1-7(11)4-10(5-8(2)12)6-9(3)13/h7-9,11-13H,4-6H2,1-3H3",SLINHMUFWFWBMU-UHFFFAOYSA-N,C9H21NO3,191.271,defined_single_substance,resolved,true,qsar,null,"{""identity_verification"":{""cid"":24730,""method"":""pubchem_cid_direct_structure"",""source"":""PubChem PUG REST"",""screening_envelope"":{""mw"":[30.0,500.0],""heavy_atoms"":[2,36]}},""offline_seed"":""pubchem-registry-20260724-v1""}",verified,1
trimellitic anhydride,,Trimellitic anhydride,[],[],,11089,O=C(O)c1ccc2c(c1)C(=O)OC2=O,"InChI=1S/C9H4O5/c10-7(11)4-1-2-5-6(3-4)9(13)14-8(5)12/h1-3H,(H,10,11)",SRPWOOOHEPICQU-UHFFFAOYSA-N,C9H4O5,192.12599999999995,defined_single_substance,resolved,true,qsar,null,"{""identity_verification"":{""cid"":11089,""method"":""pubchem_cid_direct_structure"",""source"":""PubChem PUG REST"",""screening_envelope"":{""mw"":[30.0,500.0],""heavy_atoms"":[2,36]}},""offline_seed"":""pubchem-registry-20260724-v1""}",verified,1
trimethyl phosphate,,Trimethyl Phosphate,[],[],,10541,COP(=O)(OC)OC,"InChI=1S/C3H9O4P/c1-5-8(4,6-2)7-3/h1-3H3",WVLBCYQITXONBZ-UHFFFAOYSA-N,C3H9O4P,140.075,defined_single_substance,resolved,true,qsar,null,"{""identity_verification"":{""cid"":10541,""method"":""pubchem_cid_direct_structure"",""source"":""PubChem PUG REST"",""screening_envelope"":{""mw"":[30.0,500.0],""heavy_atoms"":[2,36]}},""offline_seed"":""pubchem-registry-20260724-v1""}",verified,1
trimethyl phosphite,,Trimethyl phosphite,[],[],,8472,COP(OC)OC,InChI=1S/C3H9O3P/c1-4-7(5-2)6-3/h1-3H3,CYTQBVOFDCPGCX-UHFFFAOYSA-N,C3H9O3P,124.07599999999998,defined_single_substance,resolved,true,qsar,null,"{""identity_verification"":{""cid"":8472,""method"":""pubchem_cid_direct_structure"",""source"":""PubChem PUG REST"",""screening_envelope"":{""mw"":[30.0,500.0],""heavy_atoms"":[2,36]}},""offline_seed"":""pubchem-registry-20260724-v1""}",verified,1
trimethylamine,,Trimethylamine,[],[],,1146,CN(C)C,InChI=1S/C3H9N/c1-4(2)3/h1-3H3,GETQZCLCWQTVFV-UHFFFAOYSA-N,C3H9N,59.111999999999995,defined_single_substance,resolved,true,qsar,null,"{""identity_verification"":{""cid"":1146,""method"":""pubchem_cid_direct_structure"",""source"":""PubChem PUG REST"",""screening_envelope"":{""mw"":[30.0,500.0],""heavy_atoms"":[2,36]}},""offline_seed"":""pubchem-registry-20260724-v1""}",verified,1
trimethylhydroquinone,,Trimethylhydroquinone,[],[],,12785,Cc1cc(O)c(C)c(C)c1O,"InChI=1S/C9H12O2/c1-5-4-8(10)6(2)7(3)9(5)11/h4,10-11H,1-3H3",AUFZRCJENRSRLY-UHFFFAOYSA-N,C9H12O2,152.19299999999998,defined_single_substance,resolved,true,qsar,null,"{""identity_verification"":{""cid"":12785,""method"":""pubchem_cid_direct_structure"",""source"":""PubChem PUG REST"",""screening_envelope"":{""mw"":[30.0,500.0],""heavy_atoms"":[2,36]}},""offline_seed"":""pubchem-registry-20260724-v1""}",verified,1
trimethylolpropane triacrylate,,Trimethylolpropane triacrylate,[],[],,27423,C=CC(=O)OCC(CC)(COC(=O)C=C)COC(=O)C=C,"InChI=1S/C15H20O6/c1-5-12(16)19-9-15(8-4,10-20-13(17)6-2)11-21-14(18)7-3/h5-7H,1-3,8-11H2,4H3",DAKWPKUUDNSNPN-UHFFFAOYSA-N,C15H20O6,296.31899999999996,defined_single_substance,resolved,true,qsar,null,"{""identity_verification"":{""cid"":27423,""method"":""pubchem_cid_direct_structure"",""source"":""PubChem PUG REST"",""screening_envelope"":{""mw"":[30.0,500.0],""heavy_atoms"":[2,36]}},""offline_seed"":""pubchem-registry-20260724-v1""}",verified,1
triphenyl phosphite,,Triphenyl phosphite,[],[],,7540,c1ccc(OP(Oc2ccccc2)Oc2ccccc2)cc1,InChI=1S/C18H15O3P/c1-4-10-16(11-5-1)19-22(20-17-12-6-2-7-13-17)21-18-14-8-3-9-15-18/h1-15H,HVLLSGMXQDNUAL-UHFFFAOYSA-N,C18H15O3P,310.289,defined_single_substance,resolved,true,qsar,null,"{""identity_verification"":{""cid"":7540,""method"":""pubchem_cid_direct_structure"",""source"":""PubChem PUG REST"",""screening_envelope"":{""mw"":[30.0,500.0],""heavy_atoms"":[2,36]}},""offline_seed"":""pubchem-registry-20260724-v1""}",verified,1
tripropylene glycol diacrylate,,Tripropylene glycol diacrylate,[],[],,4128060,C=CC(=O)OCC(C)OCC(C)OCC(C)OC(=O)C=C,"InChI=1S/C15H24O6/c1-6-14(16)20-9-12(4)18-8-11(3)19-10-13(5)21-15(17)7-2/h6-7,11-13H,1-2,8-10H2,3-5H3",LJRSZGKUUZPHEB-UHFFFAOYSA-N,C15H24O6,300.35100000000006,defined_single_substance,resolved,true,qsar,null,"{""identity_verification"":{""cid"":4128060,""method"":""pubchem_cid_direct_structure"",""source"":""PubChem PUG REST"",""screening_envelope"":{""mw"":[30.0,500.0],""heavy_atoms"":[2,36]}},""offline_seed"":""pubchem-registry-20260724-v1""}",verified,1
tris(2-butoxyethyl) phosphate,,Tris(2-butoxyethyl) phosphate,[],[],,6540,CCCCOCCOP(=O)(OCCOCCCC)OCCOCCCC,"InChI=1S/C18H39O7P/c1-4-7-10-20-13-16-23-26(19,24-17-14-21-11-8-5-2)25-18-15-22-12-9-6-3/h4-18H2,1-3H3",WTLBZVNBAKMVDP-UHFFFAOYSA-N,C18H39O7P,398.47700000000026,defined_single_substance,resolved,true,qsar,null,"{""identity_verification"":{""cid"":6540,""method"":""pubchem_cid_direct_structure"",""source"":""PubChem PUG REST"",""screening_envelope"":{""mw"":[30.0,500.0],""heavy_atoms"":[2,36]}},""offline_seed"":""pubchem-registry-20260724-v1""}",verified,1
tris(2-chloroethyl) phosphate,,Tris(2-chloroethyl) phosphate,[],[],,8295,O=P(OCCCl)(OCCCl)OCCCl,"InChI=1S/C6H12Cl3O4P/c7-1-4-11-14(10,12-5-2-8)13-6-3-9/h1-6H2",HQUQLFOMPYWACS-UHFFFAOYSA-N,C6H12Cl3O4P,285.491,defined_single_substance,resolved,true,qsar,null,"{""identity_verification"":{""cid"":8295,""method"":""pubchem_cid_direct_structure"",""source"":""PubChem PUG REST"",""screening_envelope"":{""mw"":[30.0,500.0],""heavy_atoms"":[2,36]}},""offline_seed"":""pubchem-registry-20260724-v1""}",verified,1
trisodium ethylenediaminedisuccinate,trisodium ethylenediaminedisuccinate,Trisodium Ethylenediamine Disuccinate,[],"[""Trisodium Ethylenediaminedisuccinate"",""Trisodium EDDS""]",,,,,,,,salt,multi_component,false,knowledge_base,null,"{""first_source"":""ocr:curated"",""observations"":[{""source"":""ocr:curated"",""seen_at"":""2026-07-24T14:12:40.224261+00:00"",""observed_name"":""trisodium ethylenediaminedisuccinate"",""ocr_confidence"":38.6},{""source"":""ocr:curated"",""seen_at"":""2026-07-24T14:18:39.812836+00:00"",""observed_name"":""trisodium ethylenediaminedisuccinate"",""ocr_confidence"":38.6}],""offline_seed"":""pubchem-registry-20260724-v1""}",verified,1
urea,Urea,Urea,[],"[""urea"",""57-13-6"",""carbamide"",""Carbonyldiamide"",""Ureophil"",""Carbonyldiamine"",""Ureaphil"",""Keratinamin"",""Urevert"",""Alphadrate"",""Aquadrate"",""Carbaderm"",""Pastaron"",""Urepearl"",""Carbonyl diamide"",""Carbamide resin"",""Ultra Mide"",""Varioform ii"",""Aqua Care"",""Harnstoff"",""Mocovina"",""Nutraplus"",""Prespersion, 75 urea"",""Supercel 3000"",""Aqua Care HP"",""Ureacin-10 lotion"",""Ureacin-40 Creme"",""Caswell No. 902"",""NCI-C02119"",""Antisepsis bolus"",""Elaqua xx"",""Sterile Urea"",""EPA Pesticide Chemical Code 085702"",""AI3-01202"",""Azodicarboxylic acid-diamide"",""NSC-34375"",""INS NO.927A"",""E927b"",""INS-927A"",""E-927A"",""8W8T17847W"",""CHEBI:16199"",""NSC34375"",""Lanaphilic"",""Flexifoot"",""Flexitol"",""Protexa"",""Vanamide"",""UterCleanse"",""Xurea"",""Balneum plus"",""Umecta Mousse"",""Sential e"",""Cem-urea"",""St.james balm"",""Urea Foam"",""Hydromol intensive"",""Cracked Skin Cream"",""Umecta Mousse Urea"",""Urea 40 Percent"",""RYNODERM"",""20% Urea Cream"",""Urea 39% Cream"",""Urea Cream 40%"",""Urea Cream 41%"",""Clear 40"",""Urea 40 Nail Gel"",""Bare 40 Plus HA"",""Clear 50 Nail Gel"",""Urea 40 Plus HA"",""Clear 40 Plus HA"",""HEEL BALM"",""CLEAN-UP"",""Bare 20"",""Bare 40"",""RefChem:6696"",""Urea 20"",""Urea 40"",""Bare 40 HA"",""Bare 40 SA"",""URE-K"",""Urea Cream 40 Percent"",""INTRAUTERINE BOLUS"",""Urea 41%"",""Nekvnro 20% Urea Cream"",""Drymatine 20% Urea Cream"",""Kp Exfoliating Repair Cream"",""Urea 39.5%"",""iShanCare Cracked Skin Cream"",""URE-39"",""UREA 40%"",""Joypretty Kp Exfoliating Repair Cream"",""200-315-5"",""682-045-1"",""Isourea"",""Carbamimidic acid"",""basodexan"",""B-I-K"",""carmol"",""Ureacin-20"",""Aquacare"",""Panafil"",""Hyanit"",""Carbonyl Diamine"",""CCRIS 989"",""aminoketone"",""HSDB 163"",""Ureum"",""Carbamimic acid"",""DTXSID4021426"",""Bubber shet"",""Keratinamin Kowa"",""NSC 34375"",""Benural 70"",""37955-36-5"",""UR"",""Urea-18O"",""Carbamide;Carbonyldiamide"",""MFCD00008022"",""(NH2)2CO"",""Urea, prilled"",""NCGC00090892-01"",""M02656"",""Mocovina [Czech]"",""3138-51-0"",""4744-36-9"",""URE"",""Harnstoff [German]"",""DTXCID901426"",""Urea [JAN]"",""CAS-57-13-6"",""Urea [USP:JAN]"",""UREA, ACS"",""EINECS 200-315-5"",""uree"",""Isoharnstoff"",""Cerovel"",""Karbamid"",""Urepeal"",""Uroderm"",""amino ketone"",""amino-ketone"",""Urea perhydrate"",""Pastaron soft"",""Urea, ultrapure"",""Aquacare HP"",""UNII-8W8T17847W"",""Urepeal L"",""Urea (Standard)"",""Urea 100 microg/mL in Methanol"",""beta-I-k"",""Pastaron 10"",""Pastaron 20"",""Pastaron (TN)"",""Pastaron 20 soft"",""Urea CRS"",""carbonamidimidic acid"",""Carmol 40"",""Cerovel (Salt/Mix)"",""Panafil (Salt/Mix)"",""Rubinol ST 010"",""Urea, p.a."",""Optigen 1200"",""Spectrum_000672"",""UREA [VANDF]"",""WLN: ZVZ"",""Carbamimidic acid (VAN)"",""Spectrum2_001192"",""Spectrum3_001791"",""Spectrum4_001168"",""Spectrum5_001862"",""Urea (JP18/USP)"",""Urea, analytical standard"",""Urea, for electrophoresis"",""UREA [HPUS]"",""UREA [HSDB]"",""Urea (8CI,9CI)"",""UREA [FCC]"",""UREA [USP-RS]"",""UREA [WHO-DD]"",""Eucerin 10% Urea Lotion"",""CHEMBL985"",""UREA [II]"",""UREA [MART.]"",""UREA [MI]"",""EC 200-315-5"",""SCHEMBL4441"",""UREA [ORANGE BOOK]"",""H2N-CO-NH2"",""H2NC(O)NH2"",""UREA [EP MONOGRAPH]"",""UREA [USP IMPURITY]"",""Urea A.C.S. reagent grade"",""H2N-C(OH)=NH"",""SCHEMBL26926"",""BSPBio_003341"",""KBioGR_001775"",""KBioSS_001152"",""U-CORT COMPONENT UREA"",""UREA [USP MONOGRAPH]""]",57-13-6,1176,NC(N)=O,"InChI=1S/CH4N2O/c2-1(3)4/h(H4,2,3,4)",XSQUKJJJFZCRTK-UHFFFAOYSA-N,CH4N2O,60.056,defined_single_substance,resolved,true,qsar,null,"{""pubchem"":{""cid"":1176,""reason_th"":""พบโครงสร้างโมเลกุลเดี่ยวจาก PubChem แต่ต้องยืนยันตัวตนก่อนส่งเข้า QSAR"",""fetched_at"":""2026-07-24T14:43:56.916491+00:00"",""source_url"":""https://pubchem.ncbi.nlm.nih.gov/compound/1176"",""reason_code"":""awaiting_verification"",""proposed_qsar_eligible"":true},""last_review"":{""action"":""verify"",""reviewed_at"":""2026-07-24T14:43:56.964386+00:00"",""reviewer_note"":""Catalog seed accepted only after exact canonical structure match with PubChem""},""first_source"":""manual:pubchem_lookup"",""observations"":[{""source"":""manual:pubchem_lookup"",""seen_at"":""2026-07-24T14:43:56.922586+00:00"",""observed_name"":""Urea"",""ocr_confidence"":null}],""offline_seed"":""pubchem-registry-20260724-v1""}",verified,2
vamidothion,,Vamidothion,[],[],,560193,CNC(=O)C(C)SCCSP(=O)(OC)OC,"InChI=1S/C8H18NO4PS2/c1-7(8(10)9-2)15-5-6-16-14(11,12-3)13-4/h7H,5-6H2,1-4H3,(H,9,10)",LESVOLZBIFDZGS-UHFFFAOYSA-N,C8H18NO4PS2,287.34299999999996,defined_single_substance,resolved,true,qsar,null,"{""identity_verification"":{""cid"":560193,""method"":""pubchem_cid_direct_structure"",""source"":""PubChem PUG REST"",""screening_envelope"":{""mw"":[30.0,500.0],""heavy_atoms"":[2,36]}},""offline_seed"":""pubchem-registry-20260724-v1""}",verified,1
vanillin,,Vanillin,[],[],,1183,COc1cc(C=O)ccc1O,"InChI=1S/C8H8O3/c1-11-8-4-6(5-9)2-3-7(8)10/h2-5,10H,1H3",MWOOGOJBHIARFG-UHFFFAOYSA-N,C8H8O3,152.14899999999997,defined_single_substance,resolved,true,qsar,null,"{""identity_verification"":{""cid"":1183,""method"":""pubchem_cid_direct_structure"",""source"":""PubChem PUG REST"",""screening_envelope"":{""mw"":[30.0,500.0],""heavy_atoms"":[2,36]}},""offline_seed"":""pubchem-registry-20260724-v1""}",verified,1
varenicline,,Varenicline,[],[],,5310966,c1cnc2cc3c(cc2n1)[C@@H]1CNC[C@H]3C1,"InChI=1S/C13H13N3/c1-2-16-13-5-11-9-3-8(6-14-7-9)10(11)4-12(13)15-1/h1-2,4-5,8-9,14H,3,6-7H2/t8-,9+",JQSHBVHOMNKWFT-DTORHVGOSA-N,C13H13N3,211.26799999999997,defined_single_substance,resolved,true,qsar,null,"{""identity_verification"":{""cid"":5310966,""method"":""pubchem_cid_direct_structure"",""source"":""PubChem PUG REST"",""screening_envelope"":{""mw"":[30.0,500.0],""heavy_atoms"":[2,36]}},""offline_seed"":""pubchem-registry-20260724-v1""}",verified,1
verapamil,,Verapamil,[],[],,2520,COc1ccc(CCN(C)CCCC(C#N)(c2ccc(OC)c(OC)c2)C(C)C)cc1OC,"InChI=1S/C27H38N2O4/c1-20(2)27(19-28,22-10-12-24(31-5)26(18-22)33-7)14-8-15-29(3)16-13-21-9-11-23(30-4)25(17-21)32-6/h9-12,17-18,20H,8,13-16H2,1-7H3",SGTNSNPWRIOYBX-UHFFFAOYSA-N,C27H38N2O4,454.6110000000003,defined_single_substance,resolved,true,qsar,null,"{""identity_verification"":{""cid"":2520,""method"":""pubchem_cid_direct_structure"",""source"":""PubChem PUG REST"",""screening_envelope"":{""mw"":[30.0,500.0],""heavy_atoms"":[2,36]}},""offline_seed"":""pubchem-registry-20260724-v1""}",verified,1
vernolate,,Vernolate,[],[],,25246088,CCCCCC1OC1C/C=C\CCCCCCCC(=O)[O-],"InChI=1S/C18H32O3/c1-2-3-10-13-16-17(21-16)14-11-8-6-4-5-7-9-12-15-18(19)20/h8,11,16-17H,2-7,9-10,12-15H2,1H3,(H,19,20)/p-1/b11-8-",CCPPLLJZDQAOHD-FLIBITNWSA-M,C18H31O3-,295.443,defined_single_substance,resolved,true,qsar,null,"{""identity_verification"":{""cid"":25246088,""method"":""pubchem_cid_direct_structure"",""source"":""PubChem PUG REST"",""screening_envelope"":{""mw"":[30.0,500.0],""heavy_atoms"":[2,36]}},""offline_seed"":""pubchem-registry-20260724-v1""}",verified,1
vinclozolin,,Vinclozolin,[],[],,39676,C=CC1(C)OC(=O)N(c2cc(Cl)cc(Cl)c2)C1=O,"InChI=1S/C12H9Cl2NO3/c1-3-12(2)10(16)15(11(17)18-12)9-5-7(13)4-8(14)6-9/h3-6H,1H2,2H3",FSCWZHGZWWDELK-UHFFFAOYSA-N,C12H9Cl2NO3,286.11400000000003,defined_single_substance,resolved,true,qsar,null,"{""identity_verification"":{""cid"":39676,""method"":""pubchem_cid_direct_structure"",""source"":""PubChem PUG REST"",""screening_envelope"":{""mw"":[30.0,500.0],""heavy_atoms"":[2,36]}},""offline_seed"":""pubchem-registry-20260724-v1""}",verified,1
vinyl cyclohexene dioxide,,Vinyl cyclohexene dioxide,[],[],,7833,C1CC2OC2CC1C1CO1,"InChI=1S/C8H12O2/c1-2-6-7(10-6)3-5(1)8-4-9-8/h5-8H,1-4H2",OECTYKWYRCHAKR-UHFFFAOYSA-N,C8H12O2,140.182,defined_single_substance,resolved,true,qsar,null,"{""identity_verification"":{""cid"":7833,""method"":""pubchem_cid_direct_structure"",""source"":""PubChem PUG REST"",""screening_envelope"":{""mw"":[30.0,500.0],""heavy_atoms"":[2,36]}},""offline_seed"":""pubchem-registry-20260724-v1""}",verified,1
vinylidene chloride,,Vinylidene chloride,[],[],,6366,C=C(Cl)Cl,InChI=1S/C2H2Cl2/c1-2(3)4/h1H2,LGXVIGDEPROXKC-UHFFFAOYSA-N,C2H2Cl2,96.944,defined_single_substance,resolved,true,qsar,null,"{""identity_verification"":{""cid"":6366,""method"":""pubchem_cid_direct_structure"",""source"":""PubChem PUG REST"",""screening_envelope"":{""mw"":[30.0,500.0],""heavy_atoms"":[2,36]}},""offline_seed"":""pubchem-registry-20260724-v1""}",verified,1
vitamin d3,,Vitamin D3,[],[],,5280795,C=C1CC[C@H](O)C/C1=C/C=C1\CCC[C@]2(C)[C@@H]([C@H](C)CCCC(C)C)CC[C@@H]12,"InChI=1S/C27H44O/c1-19(2)8-6-9-21(4)25-15-16-26-22(10-7-17-27(25,26)5)12-13-23-18-24(28)14-11-20(23)3/h12-13,19,21,24-26,28H,3,6-11,14-18H2,1-2,4-5H3/b22-12+,23-13-/t21-,24+,25-,26+,27-/m1/s1",QYSXJUFSXHHAJI-YRZJJWOYSA-N,C27H44O,384.6480000000002,defined_single_substance,resolved,true,qsar,null,"{""identity_verification"":{""cid"":5280795,""method"":""pubchem_cid_direct_structure"",""source"":""PubChem PUG REST"",""screening_envelope"":{""mw"":[30.0,500.0],""heavy_atoms"":[2,36]}},""offline_seed"":""pubchem-registry-20260724-v1""}",verified,1
xylylcarb,,Xylylcarb,[],[],,17040,CNC(=O)Oc1ccc(C)c(C)c1,"InChI=1S/C10H13NO2/c1-7-4-5-9(6-8(7)2)13-10(12)11-3/h4-6H,1-3H3,(H,11,12)",WCJYTPVNMWIZCG-UHFFFAOYSA-N,C10H13NO2,179.219,defined_single_substance,resolved,true,qsar,null,"{""identity_verification"":{""cid"":17040,""method"":""pubchem_cid_direct_structure"",""source"":""PubChem PUG REST"",""screening_envelope"":{""mw"":[30.0,500.0],""heavy_atoms"":[2,36]}},""offline_seed"":""pubchem-registry-20260724-v1""}",verified,1
ziprasidone,,Ziprasidone,[],[],,60854,O=C1Cc2cc(CCN3CCN(c4nsc5ccccc45)CC3)c(Cl)cc2N1,"InChI=1S/C21H21ClN4OS/c22-17-13-18-15(12-20(27)23-18)11-14(17)5-6-25-7-9-26(10-8-25)21-16-3-1-2-4-19(16)28-24-21/h1-4,11,13H,5-10,12H2,(H,23,27)",MVWVFYHBGMAFLY-UHFFFAOYSA-N,C21H21ClN4OS,412.94600000000014,defined_single_substance,resolved,true,qsar,null,"{""identity_verification"":{""cid"":60854,""method"":""pubchem_cid_direct_structure"",""source"":""PubChem PUG REST"",""screening_envelope"":{""mw"":[30.0,500.0],""heavy_atoms"":[2,36]}},""offline_seed"":""pubchem-registry-20260724-v1""}",verified,1
zoxamide,,Zoxamide,[],[],,122087,CCC(C)(NC(=O)c1cc(Cl)c(C)c(Cl)c1)C(=O)CCl,"InChI=1S/C14H16Cl3NO2/c1-4-14(3,12(19)7-15)18-13(20)9-5-10(16)8(2)11(17)6-9/h5-6H,4,7H2,1-3H3,(H,18,20)",SOUGWDPPRBKJEX-UHFFFAOYSA-N,C14H16Cl3NO2,336.6460000000001,defined_single_substance,resolved,true,qsar,null,"{""identity_verification"":{""cid"":122087,""method"":""pubchem_cid_direct_structure"",""source"":""PubChem PUG REST"",""screening_envelope"":{""mw"":[30.0,500.0],""heavy_atoms"":[2,36]}},""offline_seed"":""pubchem-registry-20260724-v1""}",verified,1
