smiles,label,name,inchikey,casrn,source,source_url,evidence_ids,mapping_rules,label_quality,sample_weight,study_type,method,result,reliability,source_record_id,source_sha256,source_repository,source_commit,provided_identity
CC[N+](C)(C)Cc1ccccc1Br,0,59-41-6,AAQOQKQBGPPFNS-UHFFFAOYSA-N,59-41-6,STopTox peer-reviewed curated experimental irritation dataset,https://doi.org/10.1289/EHP9341,"[""eye:CpId:1036""]","[""explicit_curated_experimental_outcome_0"", ""absence_of_hazard_statement_not_used"", ""defined_single_structure"", ""exact_identity_deduplicated"", ""current_strong_conflicts_excluded"", ""external_holdout_quarantined"", ""publication_dataset_oecd_405_curation""]",peer_reviewed_curated_experimental_negative,0.9,experimental,"OECD TG 405 experimental eye irritation, curated at dataset level",not irritating / not classified (curated Outcome=0),not_reported_per_record_in_public_sdf,eye:CpId:1036,03dc5888f0859ddcc1b694e186bb2137229ea571e3db56572205f482794de03d,https://github.com/joyvb/stoptox,6ba3a7f82ab9fda8534f120114a566eec296e8ae,"InChI=1S/C11H17BrN/c1-4-13(2,3)9-10-7-5-6-8-11(10)12/h5-8H,4,9H2,1-3H3/q+1"
CN(Cc1ccc(C(C)(C)C)cc1)Cc1cccc2ccccc12,0,101828-21-1,ABJKWBDEJIDSJZ-UHFFFAOYSA-N,101828-21-1,STopTox peer-reviewed curated experimental irritation dataset,https://doi.org/10.1289/EHP9341,"[""eye:CpId:1038""]","[""explicit_curated_experimental_outcome_0"", ""absence_of_hazard_statement_not_used"", ""defined_single_structure"", ""exact_identity_deduplicated"", ""current_strong_conflicts_excluded"", ""external_holdout_quarantined"", ""publication_dataset_oecd_405_curation""]",peer_reviewed_curated_experimental_negative,0.9,experimental,"OECD TG 405 experimental eye irritation, curated at dataset level",not irritating / not classified (curated Outcome=0),not_reported_per_record_in_public_sdf,eye:CpId:1038,03dc5888f0859ddcc1b694e186bb2137229ea571e3db56572205f482794de03d,https://github.com/joyvb/stoptox,6ba3a7f82ab9fda8534f120114a566eec296e8ae,"InChI=1S/C23H27N/c1-23(2,3)21-14-12-18(13-15-21)16-24(4)17-20-10-7-9-19-8-5-6-11-22(19)20/h5-15H,16-17H2,1-4H3"
CCCCCCCCCCCCCCCCCCOC(=O)CCCCCC,0,66009-41-4,ABTZKZVAJTXGNN-UHFFFAOYSA-N,66009-41-4,STopTox peer-reviewed curated experimental irritation dataset,https://doi.org/10.1289/EHP9341,"[""eye:CpId:1039""]","[""explicit_curated_experimental_outcome_0"", ""absence_of_hazard_statement_not_used"", ""defined_single_structure"", ""exact_identity_deduplicated"", ""current_strong_conflicts_excluded"", ""external_holdout_quarantined"", ""publication_dataset_oecd_405_curation""]",peer_reviewed_curated_experimental_negative,0.9,experimental,"OECD TG 405 experimental eye irritation, curated at dataset level",not irritating / not classified (curated Outcome=0),not_reported_per_record_in_public_sdf,eye:CpId:1039,03dc5888f0859ddcc1b694e186bb2137229ea571e3db56572205f482794de03d,https://github.com/joyvb/stoptox,6ba3a7f82ab9fda8534f120114a566eec296e8ae,"InChI=1S/C25H50O2/c1-3-5-7-9-10-11-12-13-14-15-16-17-18-19-20-22-24-27-25(26)23-21-8-6-4-2/h3-24H2,1-2H3"
O=P(O)(O)C(Cl)(Cl)P(=O)(O)O,0,10596-23-3,ACSIXWWBWUQEHA-UHFFFAOYSA-N,10596-23-3,STopTox peer-reviewed curated experimental irritation dataset,https://doi.org/10.1289/EHP9341,"[""eye:CpId:1043""]","[""explicit_curated_experimental_outcome_0"", ""absence_of_hazard_statement_not_used"", ""defined_single_structure"", ""exact_identity_deduplicated"", ""current_strong_conflicts_excluded"", ""external_holdout_quarantined"", ""publication_dataset_oecd_405_curation""]",peer_reviewed_curated_experimental_negative,0.9,experimental,"OECD TG 405 experimental eye irritation, curated at dataset level",not irritating / not classified (curated Outcome=0),not_reported_per_record_in_public_sdf,eye:CpId:1043,03dc5888f0859ddcc1b694e186bb2137229ea571e3db56572205f482794de03d,https://github.com/joyvb/stoptox,6ba3a7f82ab9fda8534f120114a566eec296e8ae,"InChI=1S/CH4Cl2O6P2/c2-1(3,10(4,5)6)11(7,8)9/h(H2,4,5,6)(H2,7,8,9)"
O=C(O)C(S)C(S)C(=O)O,0,304-55-2,ACTRVOBWPAIOHC-UHFFFAOYSA-N,304-55-2,STopTox peer-reviewed curated experimental irritation dataset,https://doi.org/10.1289/EHP9341,"[""eye:CpId:1044""]","[""explicit_curated_experimental_outcome_0"", ""absence_of_hazard_statement_not_used"", ""defined_single_structure"", ""exact_identity_deduplicated"", ""current_strong_conflicts_excluded"", ""external_holdout_quarantined"", ""publication_dataset_oecd_405_curation""]",peer_reviewed_curated_experimental_negative,0.9,experimental,"OECD TG 405 experimental eye irritation, curated at dataset level",not irritating / not classified (curated Outcome=0),not_reported_per_record_in_public_sdf,eye:CpId:1044,03dc5888f0859ddcc1b694e186bb2137229ea571e3db56572205f482794de03d,https://github.com/joyvb/stoptox,6ba3a7f82ab9fda8534f120114a566eec296e8ae,"InChI=1S/C4H6O4S2/c5-3(6)1(9)2(10)4(7)8/h1-2,9-10H,(H,5,6)(H,7,8)"
CCCCCCC(O)CO,0,1117-86-8,AEIJTFQOBWATKX-UHFFFAOYSA-N,1117-86-8,STopTox peer-reviewed curated experimental irritation dataset,https://doi.org/10.1289/EHP9341,"[""eye:CpId:2""]","[""explicit_curated_experimental_outcome_0"", ""absence_of_hazard_statement_not_used"", ""defined_single_structure"", ""exact_identity_deduplicated"", ""current_strong_conflicts_excluded"", ""external_holdout_quarantined"", ""publication_dataset_oecd_405_curation""]",peer_reviewed_curated_experimental_negative,0.9,experimental,"OECD TG 405 experimental eye irritation, curated at dataset level",not irritating / not classified (curated Outcome=0),not_reported_per_record_in_public_sdf,eye:CpId:2,03dc5888f0859ddcc1b694e186bb2137229ea571e3db56572205f482794de03d,https://github.com/joyvb/stoptox,6ba3a7f82ab9fda8534f120114a566eec296e8ae,AEIJTFQOBWATKX-UHFFFAOYSA-N
NC1CC1c1ccccc1,0,95-62-5,AELCINSCMGFISI-UHFFFAOYSA-N,95-62-5,STopTox peer-reviewed curated experimental irritation dataset,https://doi.org/10.1289/EHP9341,"[""eye:CpId:1049""]","[""explicit_curated_experimental_outcome_0"", ""absence_of_hazard_statement_not_used"", ""defined_single_structure"", ""exact_identity_deduplicated"", ""current_strong_conflicts_excluded"", ""external_holdout_quarantined"", ""publication_dataset_oecd_405_curation""]",peer_reviewed_curated_experimental_negative,0.9,experimental,"OECD TG 405 experimental eye irritation, curated at dataset level",not irritating / not classified (curated Outcome=0),not_reported_per_record_in_public_sdf,eye:CpId:1049,03dc5888f0859ddcc1b694e186bb2137229ea571e3db56572205f482794de03d,https://github.com/joyvb/stoptox,6ba3a7f82ab9fda8534f120114a566eec296e8ae,"InChI=1S/C9H11N/c10-9-6-8(9)7-4-2-1-3-5-7/h1-5,8-9H,6,10H2"
O=C(O)C1OC(O)C(O)C(O)C1O,0,14982-50-4 9046-38-2,AEMOLEFTQBMNLQ-UHFFFAOYSA-N,14982-50-4 9046-38-2,STopTox peer-reviewed curated experimental irritation dataset,https://doi.org/10.1289/EHP9341,"[""eye:CpId:1050""]","[""explicit_curated_experimental_outcome_0"", ""absence_of_hazard_statement_not_used"", ""defined_single_structure"", ""exact_identity_deduplicated"", ""current_strong_conflicts_excluded"", ""external_holdout_quarantined"", ""publication_dataset_oecd_405_curation""]",peer_reviewed_curated_experimental_negative,0.9,experimental,"OECD TG 405 experimental eye irritation, curated at dataset level",not irritating / not classified (curated Outcome=0),not_reported_per_record_in_public_sdf,eye:CpId:1050,03dc5888f0859ddcc1b694e186bb2137229ea571e3db56572205f482794de03d,https://github.com/joyvb/stoptox,6ba3a7f82ab9fda8534f120114a566eec296e8ae,"InChI=1S/C6H10O7/c7-1-2(8)4(5(10)11)13-6(12)3(1)9/h1-4,6-9,12H,(H,10,11)"
CCc1cc(C(N)=S)ccn1,0,536-33-4,AEOCXXJPGCBFJA-UHFFFAOYSA-N,536-33-4,STopTox peer-reviewed curated experimental irritation dataset,https://doi.org/10.1289/EHP9341,"[""eye:CpId:1051""]","[""explicit_curated_experimental_outcome_0"", ""absence_of_hazard_statement_not_used"", ""defined_single_structure"", ""exact_identity_deduplicated"", ""current_strong_conflicts_excluded"", ""external_holdout_quarantined"", ""publication_dataset_oecd_405_curation""]",peer_reviewed_curated_experimental_negative,0.9,experimental,"OECD TG 405 experimental eye irritation, curated at dataset level",not irritating / not classified (curated Outcome=0),not_reported_per_record_in_public_sdf,eye:CpId:1051,03dc5888f0859ddcc1b694e186bb2137229ea571e3db56572205f482794de03d,https://github.com/joyvb/stoptox,6ba3a7f82ab9fda8534f120114a566eec296e8ae,"InChI=1S/C8H10N2S/c1-2-7-5-6(8(9)11)3-4-10-7/h3-5H,2H2,1H3,(H2,9,11)"
CCC(CO)NCCNC(CC)CO,0,74-55-5,AEUTYOVWOVBAKS-UHFFFAOYSA-N,74-55-5,STopTox peer-reviewed curated experimental irritation dataset,https://doi.org/10.1289/EHP9341,"[""eye:CpId:1052""]","[""explicit_curated_experimental_outcome_0"", ""absence_of_hazard_statement_not_used"", ""defined_single_structure"", ""exact_identity_deduplicated"", ""current_strong_conflicts_excluded"", ""external_holdout_quarantined"", ""publication_dataset_oecd_405_curation""]",peer_reviewed_curated_experimental_negative,0.9,experimental,"OECD TG 405 experimental eye irritation, curated at dataset level",not irritating / not classified (curated Outcome=0),not_reported_per_record_in_public_sdf,eye:CpId:1052,03dc5888f0859ddcc1b694e186bb2137229ea571e3db56572205f482794de03d,https://github.com/joyvb/stoptox,6ba3a7f82ab9fda8534f120114a566eec296e8ae,"InChI=1S/C10H24N2O2/c1-3-9(7-13)11-5-6-12-10(4-2)8-14/h9-14H,3-8H2,1-2H3"
O=S(=O)(O)CCS(=O)(=O)O,0,110-04-3,AFAXGSQYZLGZPG-UHFFFAOYSA-N,110-04-3,STopTox peer-reviewed curated experimental irritation dataset,https://doi.org/10.1289/EHP9341,"[""eye:CpId:1055""]","[""explicit_curated_experimental_outcome_0"", ""absence_of_hazard_statement_not_used"", ""defined_single_structure"", ""exact_identity_deduplicated"", ""current_strong_conflicts_excluded"", ""external_holdout_quarantined"", ""publication_dataset_oecd_405_curation""]",peer_reviewed_curated_experimental_negative,0.9,experimental,"OECD TG 405 experimental eye irritation, curated at dataset level",not irritating / not classified (curated Outcome=0),not_reported_per_record_in_public_sdf,eye:CpId:1055,03dc5888f0859ddcc1b694e186bb2137229ea571e3db56572205f482794de03d,https://github.com/joyvb/stoptox,6ba3a7f82ab9fda8534f120114a566eec296e8ae,"InChI=1S/C2H6O6S2/c3-9(4,5)1-2-10(6,7)8/h1-2H2,(H,3,4,5)(H,6,7,8)"
FC(F)(F)Cl,0,75-72-9,AFYPFACVUDMOHA-UHFFFAOYSA-N,75-72-9,STopTox peer-reviewed curated experimental irritation dataset,https://doi.org/10.1289/EHP9341,"[""eye:CpId:1058""]","[""explicit_curated_experimental_outcome_0"", ""absence_of_hazard_statement_not_used"", ""defined_single_structure"", ""exact_identity_deduplicated"", ""current_strong_conflicts_excluded"", ""external_holdout_quarantined"", ""publication_dataset_oecd_405_curation""]",peer_reviewed_curated_experimental_negative,0.9,experimental,"OECD TG 405 experimental eye irritation, curated at dataset level",not irritating / not classified (curated Outcome=0),not_reported_per_record_in_public_sdf,eye:CpId:1058,03dc5888f0859ddcc1b694e186bb2137229ea571e3db56572205f482794de03d,https://github.com/joyvb/stoptox,6ba3a7f82ab9fda8534f120114a566eec296e8ae,"InChI=1S/CClF3/c2-1(3,4)5"
CO[Si](OC)(c1ccccc1)c1ccccc1,0,6843-66-9,AHUXYBVKTIBBJW-UHFFFAOYSA-N,6843-66-9,STopTox peer-reviewed curated experimental irritation dataset,https://doi.org/10.1289/EHP9341,"[""eye:CpId:4""]","[""explicit_curated_experimental_outcome_0"", ""absence_of_hazard_statement_not_used"", ""defined_single_structure"", ""exact_identity_deduplicated"", ""current_strong_conflicts_excluded"", ""external_holdout_quarantined"", ""publication_dataset_oecd_405_curation""]",peer_reviewed_curated_experimental_negative,0.9,experimental,"OECD TG 405 experimental eye irritation, curated at dataset level",not irritating / not classified (curated Outcome=0),not_reported_per_record_in_public_sdf,eye:CpId:4,03dc5888f0859ddcc1b694e186bb2137229ea571e3db56572205f482794de03d,https://github.com/joyvb/stoptox,6ba3a7f82ab9fda8534f120114a566eec296e8ae,AHUXYBVKTIBBJW-UHFFFAOYSA-N
CCCCC(C)(C)C(O)C=CC1C(O)CC(Cl)C1CC=CCCCC(=O)O,0,79360-43-3,AIOFTOLPMOTZKD-UHFFFAOYSA-N,79360-43-3,STopTox peer-reviewed curated experimental irritation dataset,https://doi.org/10.1289/EHP9341,"[""eye:CpId:1071""]","[""explicit_curated_experimental_outcome_0"", ""absence_of_hazard_statement_not_used"", ""defined_single_structure"", ""exact_identity_deduplicated"", ""current_strong_conflicts_excluded"", ""external_holdout_quarantined"", ""publication_dataset_oecd_405_curation""]",peer_reviewed_curated_experimental_negative,0.9,experimental,"OECD TG 405 experimental eye irritation, curated at dataset level",not irritating / not classified (curated Outcome=0),not_reported_per_record_in_public_sdf,eye:CpId:1071,03dc5888f0859ddcc1b694e186bb2137229ea571e3db56572205f482794de03d,https://github.com/joyvb/stoptox,6ba3a7f82ab9fda8534f120114a566eec296e8ae,"InChI=1S/C22H37ClO4/c1-4-5-14-22(2,3)20(25)13-12-17-16(18(23)15-19(17)24)10-8-6-7-9-11-21(26)27/h6,8,12-13,16-20,24-25H,4-5,7,9-11,14-15H2,1-3H3,(H,26,27)"
FC(F)(Cl)C(F)(Cl)Cl,0,76-13-1,AJDIZQLSFPQPEY-UHFFFAOYSA-N,76-13-1,STopTox peer-reviewed curated experimental irritation dataset,https://doi.org/10.1289/EHP9341,"[""eye:CpId:1075""]","[""explicit_curated_experimental_outcome_0"", ""absence_of_hazard_statement_not_used"", ""defined_single_structure"", ""exact_identity_deduplicated"", ""current_strong_conflicts_excluded"", ""external_holdout_quarantined"", ""publication_dataset_oecd_405_curation""]",peer_reviewed_curated_experimental_negative,0.9,experimental,"OECD TG 405 experimental eye irritation, curated at dataset level",not irritating / not classified (curated Outcome=0),not_reported_per_record_in_public_sdf,eye:CpId:1075,03dc5888f0859ddcc1b694e186bb2137229ea571e3db56572205f482794de03d,https://github.com/joyvb/stoptox,6ba3a7f82ab9fda8534f120114a566eec296e8ae,"InChI=1S/C2Cl3F3/c3-1(4,6)2(5,7)8"
CCC(C)C(=O)OC1CCC=C2C=CC(C)C(CCC3CC(O)CC(=O)O3)C21,0,73573-88-3,AJLFOPYRIVGYMJ-UHFFFAOYSA-N,73573-88-3,STopTox peer-reviewed curated experimental irritation dataset,https://doi.org/10.1289/EHP9341,"[""eye:CpId:1077""]","[""explicit_curated_experimental_outcome_0"", ""absence_of_hazard_statement_not_used"", ""defined_single_structure"", ""exact_identity_deduplicated"", ""current_strong_conflicts_excluded"", ""external_holdout_quarantined"", ""publication_dataset_oecd_405_curation""]",peer_reviewed_curated_experimental_negative,0.9,experimental,"OECD TG 405 experimental eye irritation, curated at dataset level",not irritating / not classified (curated Outcome=0),not_reported_per_record_in_public_sdf,eye:CpId:1077,03dc5888f0859ddcc1b694e186bb2137229ea571e3db56572205f482794de03d,https://github.com/joyvb/stoptox,6ba3a7f82ab9fda8534f120114a566eec296e8ae,"InChI=1S/C23H34O5/c1-4-14(2)23(26)28-20-7-5-6-16-9-8-15(3)19(22(16)20)11-10-18-12-17(24)13-21(25)27-18/h6,8-9,14-15,17-20,22,24H,4-5,7,10-13H2,1-3H3"
CC(=O)CCc1ccccc1,0,2550-26-7,AKGGYBADQZYZPD-UHFFFAOYSA-N,2550-26-7,STopTox peer-reviewed curated experimental irritation dataset,https://doi.org/10.1289/EHP9341,"[""eye:CpId:7""]","[""explicit_curated_experimental_outcome_0"", ""absence_of_hazard_statement_not_used"", ""defined_single_structure"", ""exact_identity_deduplicated"", ""current_strong_conflicts_excluded"", ""external_holdout_quarantined"", ""publication_dataset_oecd_405_curation""]",peer_reviewed_curated_experimental_negative,0.9,experimental,"OECD TG 405 experimental eye irritation, curated at dataset level",not irritating / not classified (curated Outcome=0),not_reported_per_record_in_public_sdf,eye:CpId:7,03dc5888f0859ddcc1b694e186bb2137229ea571e3db56572205f482794de03d,https://github.com/joyvb/stoptox,6ba3a7f82ab9fda8534f120114a566eec296e8ae,AKGGYBADQZYZPD-UHFFFAOYSA-N
CC(CC1c2ccccc2CCc2ccccc21)CN(C)C,0,35941-65-2,ALELTFCQZDXAMQ-UHFFFAOYSA-N,35941-65-2,STopTox peer-reviewed curated experimental irritation dataset,https://doi.org/10.1289/EHP9341,"[""eye:CpId:1086""]","[""explicit_curated_experimental_outcome_0"", ""absence_of_hazard_statement_not_used"", ""defined_single_structure"", ""exact_identity_deduplicated"", ""current_strong_conflicts_excluded"", ""external_holdout_quarantined"", ""publication_dataset_oecd_405_curation""]",peer_reviewed_curated_experimental_negative,0.9,experimental,"OECD TG 405 experimental eye irritation, curated at dataset level",not irritating / not classified (curated Outcome=0),not_reported_per_record_in_public_sdf,eye:CpId:1086,03dc5888f0859ddcc1b694e186bb2137229ea571e3db56572205f482794de03d,https://github.com/joyvb/stoptox,6ba3a7f82ab9fda8534f120114a566eec296e8ae,"InChI=1S/C21H27N/c1-16(15-22(2)3)14-21-19-10-6-4-8-17(19)12-13-18-9-5-7-11-20(18)21/h4-11,16,21H,12-15H2,1-3H3"
OCCCCCO,0,111-29-5,ALQSHHUCVQOPAS-UHFFFAOYSA-N,111-29-5,STopTox peer-reviewed curated experimental irritation dataset,https://doi.org/10.1289/EHP9341,"[""eye:CpId:10""]","[""explicit_curated_experimental_outcome_0"", ""absence_of_hazard_statement_not_used"", ""defined_single_structure"", ""exact_identity_deduplicated"", ""current_strong_conflicts_excluded"", ""external_holdout_quarantined"", ""publication_dataset_oecd_405_curation""]",peer_reviewed_curated_experimental_negative,0.9,experimental,"OECD TG 405 experimental eye irritation, curated at dataset level",not irritating / not classified (curated Outcome=0),not_reported_per_record_in_public_sdf,eye:CpId:10,03dc5888f0859ddcc1b694e186bb2137229ea571e3db56572205f482794de03d,https://github.com/joyvb/stoptox,6ba3a7f82ab9fda8534f120114a566eec296e8ae,ALQSHHUCVQOPAS-UHFFFAOYSA-N
CCCCCCCCC=CCCCCCCCCO,0,143-28-2,ALSTYHKOOCGGFT-UHFFFAOYSA-N,143-28-2,STopTox peer-reviewed curated experimental irritation dataset,https://doi.org/10.1289/EHP9341,"[""eye:CpId:1089""]","[""explicit_curated_experimental_outcome_0"", ""absence_of_hazard_statement_not_used"", ""defined_single_structure"", ""exact_identity_deduplicated"", ""current_strong_conflicts_excluded"", ""external_holdout_quarantined"", ""publication_dataset_oecd_405_curation""]",peer_reviewed_curated_experimental_negative,0.9,experimental,"OECD TG 405 experimental eye irritation, curated at dataset level",not irritating / not classified (curated Outcome=0),not_reported_per_record_in_public_sdf,eye:CpId:1089,03dc5888f0859ddcc1b694e186bb2137229ea571e3db56572205f482794de03d,https://github.com/joyvb/stoptox,6ba3a7f82ab9fda8534f120114a566eec296e8ae,"InChI=1S/C18H36O/c1-2-3-4-5-6-7-8-9-10-11-12-13-14-15-16-17-18-19/h9-10,19H,2-8,11-18H2,1H3"
CCCSSCCC,0,629-19-6,ALVPFGSHPUPROW-UHFFFAOYSA-N,629-19-6,STopTox peer-reviewed curated experimental irritation dataset,https://doi.org/10.1289/EHP9341,"[""eye:CpId:1090""]","[""explicit_curated_experimental_outcome_0"", ""absence_of_hazard_statement_not_used"", ""defined_single_structure"", ""exact_identity_deduplicated"", ""current_strong_conflicts_excluded"", ""external_holdout_quarantined"", ""publication_dataset_oecd_405_curation""]",peer_reviewed_curated_experimental_negative,0.9,experimental,"OECD TG 405 experimental eye irritation, curated at dataset level",not irritating / not classified (curated Outcome=0),not_reported_per_record_in_public_sdf,eye:CpId:1090,03dc5888f0859ddcc1b694e186bb2137229ea571e3db56572205f482794de03d,https://github.com/joyvb/stoptox,6ba3a7f82ab9fda8534f120114a566eec296e8ae,"InChI=1S/C6H14S2/c1-3-5-7-8-6-4-2/h3-6H2,1-2H3"
CCO[Si](CC(C)C)(OCC)OCC,0,17980-47-1,ALVYUZIFSCKIFP-UHFFFAOYSA-N,17980-47-1,STopTox peer-reviewed curated experimental irritation dataset,https://doi.org/10.1289/EHP9341,"[""eye:CpId:11""]","[""explicit_curated_experimental_outcome_0"", ""absence_of_hazard_statement_not_used"", ""defined_single_structure"", ""exact_identity_deduplicated"", ""current_strong_conflicts_excluded"", ""external_holdout_quarantined"", ""publication_dataset_oecd_405_curation""]",peer_reviewed_curated_experimental_negative,0.9,experimental,"OECD TG 405 experimental eye irritation, curated at dataset level",not irritating / not classified (curated Outcome=0),not_reported_per_record_in_public_sdf,eye:CpId:11,03dc5888f0859ddcc1b694e186bb2137229ea571e3db56572205f482794de03d,https://github.com/joyvb/stoptox,6ba3a7f82ab9fda8534f120114a566eec296e8ae,ALVYUZIFSCKIFP-UHFFFAOYSA-N
Nc1ccc(C(=O)O)cc1,0,150-13-0,ALYNCZNDIQEVRV-UHFFFAOYSA-N,150-13-0,STopTox peer-reviewed curated experimental irritation dataset,https://doi.org/10.1289/EHP9341,"[""eye:CpId:1092""]","[""explicit_curated_experimental_outcome_0"", ""absence_of_hazard_statement_not_used"", ""defined_single_structure"", ""exact_identity_deduplicated"", ""current_strong_conflicts_excluded"", ""external_holdout_quarantined"", ""publication_dataset_oecd_405_curation""]",peer_reviewed_curated_experimental_negative,0.9,experimental,"OECD TG 405 experimental eye irritation, curated at dataset level",not irritating / not classified (curated Outcome=0),not_reported_per_record_in_public_sdf,eye:CpId:1092,03dc5888f0859ddcc1b694e186bb2137229ea571e3db56572205f482794de03d,https://github.com/joyvb/stoptox,6ba3a7f82ab9fda8534f120114a566eec296e8ae,"InChI=1S/C7H7NO2/c8-6-3-1-5(2-4-6)7(9)10/h1-4H,8H2,(H,9,10)"
CCCCCO,0,71-41-0,AMQJEAYHLZJPGS-UHFFFAOYSA-N,71-41-0,STopTox peer-reviewed curated experimental irritation dataset,https://doi.org/10.1289/EHP9341,"[""eye:CpId:1094""]","[""explicit_curated_experimental_outcome_0"", ""absence_of_hazard_statement_not_used"", ""defined_single_structure"", ""exact_identity_deduplicated"", ""current_strong_conflicts_excluded"", ""external_holdout_quarantined"", ""publication_dataset_oecd_405_curation""]",peer_reviewed_curated_experimental_negative,0.9,experimental,"OECD TG 405 experimental eye irritation, curated at dataset level",not irritating / not classified (curated Outcome=0),not_reported_per_record_in_public_sdf,eye:CpId:1094,03dc5888f0859ddcc1b694e186bb2137229ea571e3db56572205f482794de03d,https://github.com/joyvb/stoptox,6ba3a7f82ab9fda8534f120114a566eec296e8ae,"InChI=1S/C5H12O/c1-2-3-4-5-6/h6H,2-5H2,1H3"
C=C(C)C(=O)OCc1ccccc1,0,2495-37-6,AOJOEFVRHOZDFN-UHFFFAOYSA-N,2495-37-6,STopTox peer-reviewed curated experimental irritation dataset,https://doi.org/10.1289/EHP9341,"[""eye:CpId:13""]","[""explicit_curated_experimental_outcome_0"", ""absence_of_hazard_statement_not_used"", ""defined_single_structure"", ""exact_identity_deduplicated"", ""current_strong_conflicts_excluded"", ""external_holdout_quarantined"", ""publication_dataset_oecd_405_curation""]",peer_reviewed_curated_experimental_negative,0.9,experimental,"OECD TG 405 experimental eye irritation, curated at dataset level",not irritating / not classified (curated Outcome=0),not_reported_per_record_in_public_sdf,eye:CpId:13,03dc5888f0859ddcc1b694e186bb2137229ea571e3db56572205f482794de03d,https://github.com/joyvb/stoptox,6ba3a7f82ab9fda8534f120114a566eec296e8ae,AOJOEFVRHOZDFN-UHFFFAOYSA-N
CCC1(O)CCC2C3CCC4=CCCCC4C3CCC21C,0,965-90-2,AOXRBFRFYPMWLR-UHFFFAOYSA-N,965-90-2,STopTox peer-reviewed curated experimental irritation dataset,https://doi.org/10.1289/EHP9341,"[""eye:CpId:1104""]","[""explicit_curated_experimental_outcome_0"", ""absence_of_hazard_statement_not_used"", ""defined_single_structure"", ""exact_identity_deduplicated"", ""current_strong_conflicts_excluded"", ""external_holdout_quarantined"", ""publication_dataset_oecd_405_curation""]",peer_reviewed_curated_experimental_negative,0.9,experimental,"OECD TG 405 experimental eye irritation, curated at dataset level",not irritating / not classified (curated Outcome=0),not_reported_per_record_in_public_sdf,eye:CpId:1104,03dc5888f0859ddcc1b694e186bb2137229ea571e3db56572205f482794de03d,https://github.com/joyvb/stoptox,6ba3a7f82ab9fda8534f120114a566eec296e8ae,"InChI=1S/C20H32O/c1-3-20(21)13-11-18-17-9-8-14-6-4-5-7-15(14)16(17)10-12-19(18,20)2/h6,15-18,21H,3-5,7-13H2,1-2H3"
C#CC1(OC(=O)CCCCCC)CCC2C3CCC4=CC(=O)CCC4C3CCC21C,0,3836-23-5,APTGJECXMIKIET-UHFFFAOYSA-N,3836-23-5,STopTox peer-reviewed curated experimental irritation dataset,https://doi.org/10.1289/EHP9341,"[""eye:CpId:1108""]","[""explicit_curated_experimental_outcome_0"", ""absence_of_hazard_statement_not_used"", ""defined_single_structure"", ""exact_identity_deduplicated"", ""current_strong_conflicts_excluded"", ""external_holdout_quarantined"", ""publication_dataset_oecd_405_curation""]",peer_reviewed_curated_experimental_negative,0.9,experimental,"OECD TG 405 experimental eye irritation, curated at dataset level",not irritating / not classified (curated Outcome=0),not_reported_per_record_in_public_sdf,eye:CpId:1108,03dc5888f0859ddcc1b694e186bb2137229ea571e3db56572205f482794de03d,https://github.com/joyvb/stoptox,6ba3a7f82ab9fda8534f120114a566eec296e8ae,"InChI=1S/C27H38O3/c1-4-6-7-8-9-25(29)30-27(5-2)17-15-24-23-12-10-19-18-20(28)11-13-21(19)22(23)14-16-26(24,27)3/h2,18,21-24H,4,6-17H2,1,3H3"
CCC(NC)c1ccccc1OC,0,93-30-1,AQJWUFYHPCPVOG-UHFFFAOYSA-N,93-30-1,STopTox peer-reviewed curated experimental irritation dataset,https://doi.org/10.1289/EHP9341,"[""eye:CpId:1112""]","[""explicit_curated_experimental_outcome_0"", ""absence_of_hazard_statement_not_used"", ""defined_single_structure"", ""exact_identity_deduplicated"", ""current_strong_conflicts_excluded"", ""external_holdout_quarantined"", ""publication_dataset_oecd_405_curation""]",peer_reviewed_curated_experimental_negative,0.9,experimental,"OECD TG 405 experimental eye irritation, curated at dataset level",not irritating / not classified (curated Outcome=0),not_reported_per_record_in_public_sdf,eye:CpId:1112,03dc5888f0859ddcc1b694e186bb2137229ea571e3db56572205f482794de03d,https://github.com/joyvb/stoptox,6ba3a7f82ab9fda8534f120114a566eec296e8ae,"InChI=1S/C11H17NO/c1-4-10(12-2)9-7-5-6-8-11(9)13-3/h5-8,10,12H,4H2,1-3H3"
C=CCOc1ccc(CC(=O)O)cc1Cl,0,22131-79-9,ARHWPKZXBHOEEE-UHFFFAOYSA-N,22131-79-9,STopTox peer-reviewed curated experimental irritation dataset,https://doi.org/10.1289/EHP9341,"[""eye:CpId:1118""]","[""explicit_curated_experimental_outcome_0"", ""absence_of_hazard_statement_not_used"", ""defined_single_structure"", ""exact_identity_deduplicated"", ""current_strong_conflicts_excluded"", ""external_holdout_quarantined"", ""publication_dataset_oecd_405_curation""]",peer_reviewed_curated_experimental_negative,0.9,experimental,"OECD TG 405 experimental eye irritation, curated at dataset level",not irritating / not classified (curated Outcome=0),not_reported_per_record_in_public_sdf,eye:CpId:1118,03dc5888f0859ddcc1b694e186bb2137229ea571e3db56572205f482794de03d,https://github.com/joyvb/stoptox,6ba3a7f82ab9fda8534f120114a566eec296e8ae,"InChI=1S/C11H11ClO3/c1-2-5-15-10-4-3-8(6-9(10)12)7-11(13)14/h2-4,6H,1,5,7H2,(H,13,14)"
COCC(C)O,0,107-98-2,ARXJGSRGQADJSQ-UHFFFAOYSA-N,107-98-2,STopTox peer-reviewed curated experimental irritation dataset,https://doi.org/10.1289/EHP9341,"[""eye:CpId:1121""]","[""explicit_curated_experimental_outcome_0"", ""absence_of_hazard_statement_not_used"", ""defined_single_structure"", ""exact_identity_deduplicated"", ""current_strong_conflicts_excluded"", ""external_holdout_quarantined"", ""publication_dataset_oecd_405_curation""]",peer_reviewed_curated_experimental_negative,0.9,experimental,"OECD TG 405 experimental eye irritation, curated at dataset level",not irritating / not classified (curated Outcome=0),not_reported_per_record_in_public_sdf,eye:CpId:1121,03dc5888f0859ddcc1b694e186bb2137229ea571e3db56572205f482794de03d,https://github.com/joyvb/stoptox,6ba3a7f82ab9fda8534f120114a566eec296e8ae,"InChI=1S/C4H10O2/c1-4(5)3-6-2/h4-5H,3H2,1-2H3"
CC(C)(Oc1ccc(C(O)c2ccc(Cl)cc2)cc1)C(=O)O,0,54419-31-7,ASDCLYXOQCGHNT-UHFFFAOYSA-N,54419-31-7,STopTox peer-reviewed curated experimental irritation dataset,https://doi.org/10.1289/EHP9341,"[""eye:CpId:1122""]","[""explicit_curated_experimental_outcome_0"", ""absence_of_hazard_statement_not_used"", ""defined_single_structure"", ""exact_identity_deduplicated"", ""current_strong_conflicts_excluded"", ""external_holdout_quarantined"", ""publication_dataset_oecd_405_curation""]",peer_reviewed_curated_experimental_negative,0.9,experimental,"OECD TG 405 experimental eye irritation, curated at dataset level",not irritating / not classified (curated Outcome=0),not_reported_per_record_in_public_sdf,eye:CpId:1122,03dc5888f0859ddcc1b694e186bb2137229ea571e3db56572205f482794de03d,https://github.com/joyvb/stoptox,6ba3a7f82ab9fda8534f120114a566eec296e8ae,"InChI=1S/C17H17ClO4/c1-17(2,16(20)21)22-14-9-5-12(6-10-14)15(19)11-3-7-13(18)8-4-11/h3-10,15,19H,1-2H3,(H,20,21)"
Cc1ccnc(NC(=O)C(C)c2cccc(C(=O)c3ccccc3)c2)c1,0,60576-13-8,ASFKKFRSMGBFRO-UHFFFAOYSA-N,60576-13-8,STopTox peer-reviewed curated experimental irritation dataset,https://doi.org/10.1289/EHP9341,"[""eye:CpId:1123""]","[""explicit_curated_experimental_outcome_0"", ""absence_of_hazard_statement_not_used"", ""defined_single_structure"", ""exact_identity_deduplicated"", ""current_strong_conflicts_excluded"", ""external_holdout_quarantined"", ""publication_dataset_oecd_405_curation""]",peer_reviewed_curated_experimental_negative,0.9,experimental,"OECD TG 405 experimental eye irritation, curated at dataset level",not irritating / not classified (curated Outcome=0),not_reported_per_record_in_public_sdf,eye:CpId:1123,03dc5888f0859ddcc1b694e186bb2137229ea571e3db56572205f482794de03d,https://github.com/joyvb/stoptox,6ba3a7f82ab9fda8534f120114a566eec296e8ae,"InChI=1S/C22H20N2O2/c1-15-11-12-23-20(13-15)24-22(26)16(2)18-9-6-10-19(14-18)21(25)17-7-4-3-5-8-17/h3-14,16H,1-2H3,(H,23,24,26)"
CCOC(=O)C=Cc1ccc(O)c(OC)c1,0,4046-02-0,ATJVZXXHKSYELS-UHFFFAOYSA-N,4046-02-0,STopTox peer-reviewed curated experimental irritation dataset,https://doi.org/10.1289/EHP9341,"[""eye:CpId:1129""]","[""explicit_curated_experimental_outcome_0"", ""absence_of_hazard_statement_not_used"", ""defined_single_structure"", ""exact_identity_deduplicated"", ""current_strong_conflicts_excluded"", ""external_holdout_quarantined"", ""publication_dataset_oecd_405_curation""]",peer_reviewed_curated_experimental_negative,0.9,experimental,"OECD TG 405 experimental eye irritation, curated at dataset level",not irritating / not classified (curated Outcome=0),not_reported_per_record_in_public_sdf,eye:CpId:1129,03dc5888f0859ddcc1b694e186bb2137229ea571e3db56572205f482794de03d,https://github.com/joyvb/stoptox,6ba3a7f82ab9fda8534f120114a566eec296e8ae,"InChI=1S/C12H14O4/c1-3-16-12(14)7-5-9-4-6-10(13)11(8-9)15-2/h4-8,13H,3H2,1-2H3"
CCC,0,74-98-6,ATUOYWHBWRKTHZ-UHFFFAOYSA-N,74-98-6,STopTox peer-reviewed curated experimental irritation dataset,https://doi.org/10.1289/EHP9341,"[""eye:CpId:1130""]","[""explicit_curated_experimental_outcome_0"", ""absence_of_hazard_statement_not_used"", ""defined_single_structure"", ""exact_identity_deduplicated"", ""current_strong_conflicts_excluded"", ""external_holdout_quarantined"", ""publication_dataset_oecd_405_curation""]",peer_reviewed_curated_experimental_negative,0.9,experimental,"OECD TG 405 experimental eye irritation, curated at dataset level",not irritating / not classified (curated Outcome=0),not_reported_per_record_in_public_sdf,eye:CpId:1130,03dc5888f0859ddcc1b694e186bb2137229ea571e3db56572205f482794de03d,https://github.com/joyvb/stoptox,6ba3a7f82ab9fda8534f120114a566eec296e8ae,"InChI=1S/C3H8/c1-3-2/h3H2,1-2H3"
CCN(CC)C(=S)SSC(=S)N(CC)CC,0,97-77-8,AUZONCFQVSMFAP-UHFFFAOYSA-N,97-77-8,STopTox peer-reviewed curated experimental irritation dataset,https://doi.org/10.1289/EHP9341,"[""eye:CpId:19""]","[""explicit_curated_experimental_outcome_0"", ""absence_of_hazard_statement_not_used"", ""defined_single_structure"", ""exact_identity_deduplicated"", ""current_strong_conflicts_excluded"", ""external_holdout_quarantined"", ""publication_dataset_oecd_405_curation""]",peer_reviewed_curated_experimental_negative,0.9,experimental,"OECD TG 405 experimental eye irritation, curated at dataset level",not irritating / not classified (curated Outcome=0),not_reported_per_record_in_public_sdf,eye:CpId:19,03dc5888f0859ddcc1b694e186bb2137229ea571e3db56572205f482794de03d,https://github.com/joyvb/stoptox,6ba3a7f82ab9fda8534f120114a566eec296e8ae,AUZONCFQVSMFAP-UHFFFAOYSA-N
C=C(CC)C(=O)c1ccc(OCC(=O)O)c(Cl)c1Cl,0,58-54-8,AVOLMBLBETYQHX-UHFFFAOYSA-N,58-54-8,STopTox peer-reviewed curated experimental irritation dataset,https://doi.org/10.1289/EHP9341,"[""eye:CpId:1138""]","[""explicit_curated_experimental_outcome_0"", ""absence_of_hazard_statement_not_used"", ""defined_single_structure"", ""exact_identity_deduplicated"", ""current_strong_conflicts_excluded"", ""external_holdout_quarantined"", ""publication_dataset_oecd_405_curation""]",peer_reviewed_curated_experimental_negative,0.9,experimental,"OECD TG 405 experimental eye irritation, curated at dataset level",not irritating / not classified (curated Outcome=0),not_reported_per_record_in_public_sdf,eye:CpId:1138,03dc5888f0859ddcc1b694e186bb2137229ea571e3db56572205f482794de03d,https://github.com/joyvb/stoptox,6ba3a7f82ab9fda8534f120114a566eec296e8ae,"InChI=1S/C13H12Cl2O4/c1-3-7(2)13(18)8-4-5-9(12(15)11(8)14)19-6-10(16)17/h4-5H,2-3,6H2,1H3,(H,16,17)"
CN(C)C(=O)N(C)C,0,632-22-4,AVQQQNCBBIEMEU-UHFFFAOYSA-N,632-22-4,STopTox peer-reviewed curated experimental irritation dataset,https://doi.org/10.1289/EHP9341,"[""eye:CpId:1139""]","[""explicit_curated_experimental_outcome_0"", ""absence_of_hazard_statement_not_used"", ""defined_single_structure"", ""exact_identity_deduplicated"", ""current_strong_conflicts_excluded"", ""external_holdout_quarantined"", ""publication_dataset_oecd_405_curation""]",peer_reviewed_curated_experimental_negative,0.9,experimental,"OECD TG 405 experimental eye irritation, curated at dataset level",not irritating / not classified (curated Outcome=0),not_reported_per_record_in_public_sdf,eye:CpId:1139,03dc5888f0859ddcc1b694e186bb2137229ea571e3db56572205f482794de03d,https://github.com/joyvb/stoptox,6ba3a7f82ab9fda8534f120114a566eec296e8ae,InChI=1S/C5H12N2O/c1-6(2)5(8)7(3)4/h1-4H3
CCC(C)(C#N)N=NC(C)(C#N)CC,0,13472-08-7,AVTLBBWTUPQRAY-UHFFFAOYSA-N,13472-08-7,STopTox peer-reviewed curated experimental irritation dataset,https://doi.org/10.1289/EHP9341,"[""eye:CpId:20""]","[""explicit_curated_experimental_outcome_0"", ""absence_of_hazard_statement_not_used"", ""defined_single_structure"", ""exact_identity_deduplicated"", ""current_strong_conflicts_excluded"", ""external_holdout_quarantined"", ""publication_dataset_oecd_405_curation""]",peer_reviewed_curated_experimental_negative,0.9,experimental,"OECD TG 405 experimental eye irritation, curated at dataset level",not irritating / not classified (curated Outcome=0),not_reported_per_record_in_public_sdf,eye:CpId:20,03dc5888f0859ddcc1b694e186bb2137229ea571e3db56572205f482794de03d,https://github.com/joyvb/stoptox,6ba3a7f82ab9fda8534f120114a566eec296e8ae,AVTLBBWTUPQRAY-UHFFFAOYSA-N
NC(=O)NC(=O)O,0,26479-35-6,AVWRKZWQTYIKIY-UHFFFAOYSA-N,26479-35-6,STopTox peer-reviewed curated experimental irritation dataset,https://doi.org/10.1289/EHP9341,"[""eye:CpId:21""]","[""explicit_curated_experimental_outcome_0"", ""absence_of_hazard_statement_not_used"", ""defined_single_structure"", ""exact_identity_deduplicated"", ""current_strong_conflicts_excluded"", ""external_holdout_quarantined"", ""publication_dataset_oecd_405_curation""]",peer_reviewed_curated_experimental_negative,0.9,experimental,"OECD TG 405 experimental eye irritation, curated at dataset level",not irritating / not classified (curated Outcome=0),not_reported_per_record_in_public_sdf,eye:CpId:21,03dc5888f0859ddcc1b694e186bb2137229ea571e3db56572205f482794de03d,https://github.com/joyvb/stoptox,6ba3a7f82ab9fda8534f120114a566eec296e8ae,AVWRKZWQTYIKIY-UHFFFAOYSA-M
NO,0,7803-49-8,AVXURJPOCDRRFD-UHFFFAOYSA-N,7803-49-8,STopTox peer-reviewed curated experimental irritation dataset,https://doi.org/10.1289/EHP9341,"[""eye:CpId:22""]","[""explicit_curated_experimental_outcome_0"", ""absence_of_hazard_statement_not_used"", ""defined_single_structure"", ""exact_identity_deduplicated"", ""current_strong_conflicts_excluded"", ""external_holdout_quarantined"", ""publication_dataset_oecd_405_curation""]",peer_reviewed_curated_experimental_negative,0.9,experimental,"OECD TG 405 experimental eye irritation, curated at dataset level",not irritating / not classified (curated Outcome=0),not_reported_per_record_in_public_sdf,eye:CpId:22,03dc5888f0859ddcc1b694e186bb2137229ea571e3db56572205f482794de03d,https://github.com/joyvb/stoptox,6ba3a7f82ab9fda8534f120114a566eec296e8ae,AVXURJPOCDRRFD-UHFFFAOYSA-N
CCC=CCC(C)OC(=O)c1ccccc1O,0,873888-84-7,AWFJMMINHWORIB-UHFFFAOYSA-N,873888-84-7,STopTox peer-reviewed curated experimental irritation dataset,https://doi.org/10.1289/EHP9341,"[""eye:CpId:23""]","[""explicit_curated_experimental_outcome_0"", ""absence_of_hazard_statement_not_used"", ""defined_single_structure"", ""exact_identity_deduplicated"", ""current_strong_conflicts_excluded"", ""external_holdout_quarantined"", ""publication_dataset_oecd_405_curation""]",peer_reviewed_curated_experimental_negative,0.9,experimental,"OECD TG 405 experimental eye irritation, curated at dataset level",not irritating / not classified (curated Outcome=0),not_reported_per_record_in_public_sdf,eye:CpId:23,03dc5888f0859ddcc1b694e186bb2137229ea571e3db56572205f482794de03d,https://github.com/joyvb/stoptox,6ba3a7f82ab9fda8534f120114a566eec296e8ae,AWFJMMINHWORIB-PLNGDYQASA-N
C[N+](C)(C)CCOC(=O)CCC(=O)OCC[N+](C)(C)C,0,306-40-1,AXOIZCJOOAYSMI-UHFFFAOYSA-N,306-40-1,STopTox peer-reviewed curated experimental irritation dataset,https://doi.org/10.1289/EHP9341,"[""eye:CpId:1143""]","[""explicit_curated_experimental_outcome_0"", ""absence_of_hazard_statement_not_used"", ""defined_single_structure"", ""exact_identity_deduplicated"", ""current_strong_conflicts_excluded"", ""external_holdout_quarantined"", ""publication_dataset_oecd_405_curation""]",peer_reviewed_curated_experimental_negative,0.9,experimental,"OECD TG 405 experimental eye irritation, curated at dataset level",not irritating / not classified (curated Outcome=0),not_reported_per_record_in_public_sdf,eye:CpId:1143,03dc5888f0859ddcc1b694e186bb2137229ea571e3db56572205f482794de03d,https://github.com/joyvb/stoptox,6ba3a7f82ab9fda8534f120114a566eec296e8ae,"InChI=1S/C14H30N2O4/c1-15(2,3)9-11-19-13(17)7-8-14(18)20-12-10-16(4,5)6/h7-12H2,1-6H3/q+2"
CC(C)CCCCCCOC(=O)CCCCC(=O)OCCCCCCC(C)C,0,33703-08-1,AYWLCKHHUFBVGJ-UHFFFAOYSA-N,33703-08-1,STopTox peer-reviewed curated experimental irritation dataset,https://doi.org/10.1289/EHP9341,"[""eye:CpId:26""]","[""explicit_curated_experimental_outcome_0"", ""absence_of_hazard_statement_not_used"", ""defined_single_structure"", ""exact_identity_deduplicated"", ""current_strong_conflicts_excluded"", ""external_holdout_quarantined"", ""publication_dataset_oecd_405_curation""]",peer_reviewed_curated_experimental_negative,0.9,experimental,"OECD TG 405 experimental eye irritation, curated at dataset level",not irritating / not classified (curated Outcome=0),not_reported_per_record_in_public_sdf,eye:CpId:26,03dc5888f0859ddcc1b694e186bb2137229ea571e3db56572205f482794de03d,https://github.com/joyvb/stoptox,6ba3a7f82ab9fda8534f120114a566eec296e8ae,AYWLCKHHUFBVGJ-UHFFFAOYSA-N
CC(C)c1cc(C(C)C)c(N=C=O)c(C(C)C)c1N=C=O,0,2162-73-4,AZAKSPACDDRBQB-UHFFFAOYSA-N,2162-73-4,STopTox peer-reviewed curated experimental irritation dataset,https://doi.org/10.1289/EHP9341,"[""eye:CpId:27""]","[""explicit_curated_experimental_outcome_0"", ""absence_of_hazard_statement_not_used"", ""defined_single_structure"", ""exact_identity_deduplicated"", ""current_strong_conflicts_excluded"", ""external_holdout_quarantined"", ""publication_dataset_oecd_405_curation""]",peer_reviewed_curated_experimental_negative,0.9,experimental,"OECD TG 405 experimental eye irritation, curated at dataset level",not irritating / not classified (curated Outcome=0),not_reported_per_record_in_public_sdf,eye:CpId:27,03dc5888f0859ddcc1b694e186bb2137229ea571e3db56572205f482794de03d,https://github.com/joyvb/stoptox,6ba3a7f82ab9fda8534f120114a566eec296e8ae,AZAKSPACDDRBQB-UHFFFAOYSA-N
OCCCOCC(COCCCO)(COCCCO)COCCCO,0,9051-49-4,AZEOMCMPNPXNDQ-UHFFFAOYSA-N,9051-49-4,STopTox peer-reviewed curated experimental irritation dataset,https://doi.org/10.1289/EHP9341,"[""eye:CpId:28""]","[""explicit_curated_experimental_outcome_0"", ""absence_of_hazard_statement_not_used"", ""defined_single_structure"", ""exact_identity_deduplicated"", ""current_strong_conflicts_excluded"", ""external_holdout_quarantined"", ""publication_dataset_oecd_405_curation""]",peer_reviewed_curated_experimental_negative,0.9,experimental,"OECD TG 405 experimental eye irritation, curated at dataset level",not irritating / not classified (curated Outcome=0),not_reported_per_record_in_public_sdf,eye:CpId:28,03dc5888f0859ddcc1b694e186bb2137229ea571e3db56572205f482794de03d,https://github.com/joyvb/stoptox,6ba3a7f82ab9fda8534f120114a566eec296e8ae,AZEOMCMPNPXNDQ-UHFFFAOYSA-N
CCCCCCC(O)CC=CCCCCCCCC(=O)OCC,0,55066-53-0,AZXVZUBIFYQWJK-UHFFFAOYSA-N,55066-53-0,STopTox peer-reviewed curated experimental irritation dataset,https://doi.org/10.1289/EHP9341,"[""eye:CpId:1150""]","[""explicit_curated_experimental_outcome_0"", ""absence_of_hazard_statement_not_used"", ""defined_single_structure"", ""exact_identity_deduplicated"", ""current_strong_conflicts_excluded"", ""external_holdout_quarantined"", ""publication_dataset_oecd_405_curation""]",peer_reviewed_curated_experimental_negative,0.9,experimental,"OECD TG 405 experimental eye irritation, curated at dataset level",not irritating / not classified (curated Outcome=0),not_reported_per_record_in_public_sdf,eye:CpId:1150,03dc5888f0859ddcc1b694e186bb2137229ea571e3db56572205f482794de03d,https://github.com/joyvb/stoptox,6ba3a7f82ab9fda8534f120114a566eec296e8ae,"InChI=1S/C20H38O3/c1-3-5-6-13-16-19(21)17-14-11-9-7-8-10-12-15-18-20(22)23-4-2/h11,14,19,21H,3-10,12-13,15-18H2,1-2H3"
Cc1cc(Cc2cc(C)c(O)c(C)c2)cc(C)c1O,0,5384-21-4,AZZWZMUXHALBCQ-UHFFFAOYSA-N,5384-21-4,STopTox peer-reviewed curated experimental irritation dataset,https://doi.org/10.1289/EHP9341,"[""eye:CpId:30""]","[""explicit_curated_experimental_outcome_0"", ""absence_of_hazard_statement_not_used"", ""defined_single_structure"", ""exact_identity_deduplicated"", ""current_strong_conflicts_excluded"", ""external_holdout_quarantined"", ""publication_dataset_oecd_405_curation""]",peer_reviewed_curated_experimental_negative,0.9,experimental,"OECD TG 405 experimental eye irritation, curated at dataset level",not irritating / not classified (curated Outcome=0),not_reported_per_record_in_public_sdf,eye:CpId:30,03dc5888f0859ddcc1b694e186bb2137229ea571e3db56572205f482794de03d,https://github.com/joyvb/stoptox,6ba3a7f82ab9fda8534f120114a566eec296e8ae,AZZWZMUXHALBCQ-UHFFFAOYSA-N
CCC(=O)OC1C=CC2C3CCC(C3)C12,0,68912-13-0,BALAUIYKESNHDW-UHFFFAOYSA-N,68912-13-0,STopTox peer-reviewed curated experimental irritation dataset,https://doi.org/10.1289/EHP9341,"[""eye:CpId:32""]","[""explicit_curated_experimental_outcome_0"", ""absence_of_hazard_statement_not_used"", ""defined_single_structure"", ""exact_identity_deduplicated"", ""current_strong_conflicts_excluded"", ""external_holdout_quarantined"", ""publication_dataset_oecd_405_curation""]",peer_reviewed_curated_experimental_negative,0.9,experimental,"OECD TG 405 experimental eye irritation, curated at dataset level",not irritating / not classified (curated Outcome=0),not_reported_per_record_in_public_sdf,eye:CpId:32,03dc5888f0859ddcc1b694e186bb2137229ea571e3db56572205f482794de03d,https://github.com/joyvb/stoptox,6ba3a7f82ab9fda8534f120114a566eec296e8ae,BALAUIYKESNHDW-UHFFFAOYSA-N
CCCCCCCCCCCCCC(C)C,0,93685-80-4,BANXPJUEBPWEOT-UHFFFAOYSA-N,93685-80-4,STopTox peer-reviewed curated experimental irritation dataset,https://doi.org/10.1289/EHP9341,"[""eye:CpId:33""]","[""explicit_curated_experimental_outcome_0"", ""absence_of_hazard_statement_not_used"", ""defined_single_structure"", ""exact_identity_deduplicated"", ""current_strong_conflicts_excluded"", ""external_holdout_quarantined"", ""publication_dataset_oecd_405_curation""]",peer_reviewed_curated_experimental_negative,0.9,experimental,"OECD TG 405 experimental eye irritation, curated at dataset level",not irritating / not classified (curated Outcome=0),not_reported_per_record_in_public_sdf,eye:CpId:33,03dc5888f0859ddcc1b694e186bb2137229ea571e3db56572205f482794de03d,https://github.com/joyvb/stoptox,6ba3a7f82ab9fda8534f120114a566eec296e8ae,BANXPJUEBPWEOT-UHFFFAOYSA-N
C=C(C)C(=O)OCCC(C)CC(C)(C)C,0,13453-03-7,BBPSWYWJFWHIHC-UHFFFAOYSA-N,13453-03-7,STopTox peer-reviewed curated experimental irritation dataset,https://doi.org/10.1289/EHP9341,"[""eye:CpId:1161""]","[""explicit_curated_experimental_outcome_0"", ""absence_of_hazard_statement_not_used"", ""defined_single_structure"", ""exact_identity_deduplicated"", ""current_strong_conflicts_excluded"", ""external_holdout_quarantined"", ""publication_dataset_oecd_405_curation""]",peer_reviewed_curated_experimental_negative,0.9,experimental,"OECD TG 405 experimental eye irritation, curated at dataset level",not irritating / not classified (curated Outcome=0),not_reported_per_record_in_public_sdf,eye:CpId:1161,03dc5888f0859ddcc1b694e186bb2137229ea571e3db56572205f482794de03d,https://github.com/joyvb/stoptox,6ba3a7f82ab9fda8534f120114a566eec296e8ae,"InChI=1S/C13H24O2/c1-10(2)12(14)15-8-7-11(3)9-13(4,5)6/h11H,1,7-9H2,2-6H3"
CCCCC(C)CC(O)C=CC1C(O)CC(=O)C1CC(=O)CCCCC(=O)OC,0,70667-26-4,BBRBUTFBTUFFBU-UHFFFAOYSA-N,70667-26-4,STopTox peer-reviewed curated experimental irritation dataset,https://doi.org/10.1289/EHP9341,"[""eye:CpId:1162""]","[""explicit_curated_experimental_outcome_0"", ""absence_of_hazard_statement_not_used"", ""defined_single_structure"", ""exact_identity_deduplicated"", ""current_strong_conflicts_excluded"", ""external_holdout_quarantined"", ""publication_dataset_oecd_405_curation""]",peer_reviewed_curated_experimental_negative,0.9,experimental,"OECD TG 405 experimental eye irritation, curated at dataset level",not irritating / not classified (curated Outcome=0),not_reported_per_record_in_public_sdf,eye:CpId:1162,03dc5888f0859ddcc1b694e186bb2137229ea571e3db56572205f482794de03d,https://github.com/joyvb/stoptox,6ba3a7f82ab9fda8534f120114a566eec296e8ae,"InChI=1S/C23H38O6/c1-4-5-8-16(2)13-18(25)11-12-19-20(22(27)15-21(19)26)14-17(24)9-6-7-10-23(28)29-3/h11-12,16,18-21,25-26H,4-10,13-15H2,1-3H3"
CN(C)CCCN1c2ccccc2CCc2ccccc21,0,50-49-7,BCGWQEUPMDMJNV-UHFFFAOYSA-N,50-49-7,STopTox peer-reviewed curated experimental irritation dataset,https://doi.org/10.1289/EHP9341,"[""eye:CpId:1165""]","[""explicit_curated_experimental_outcome_0"", ""absence_of_hazard_statement_not_used"", ""defined_single_structure"", ""exact_identity_deduplicated"", ""current_strong_conflicts_excluded"", ""external_holdout_quarantined"", ""publication_dataset_oecd_405_curation""]",peer_reviewed_curated_experimental_negative,0.9,experimental,"OECD TG 405 experimental eye irritation, curated at dataset level",not irritating / not classified (curated Outcome=0),not_reported_per_record_in_public_sdf,eye:CpId:1165,03dc5888f0859ddcc1b694e186bb2137229ea571e3db56572205f482794de03d,https://github.com/joyvb/stoptox,6ba3a7f82ab9fda8534f120114a566eec296e8ae,"InChI=1S/C19H24N2/c1-20(2)14-7-15-21-18-10-5-3-8-16(18)12-13-17-9-4-6-11-19(17)21/h3-6,8-11H,7,12-15H2,1-2H3"
FC(F)(F)C(Cl)Br,0,151-67-7,BCQZXOMGPXTTIC-UHFFFAOYSA-N,151-67-7,STopTox peer-reviewed curated experimental irritation dataset,https://doi.org/10.1289/EHP9341,"[""eye:CpId:1166""]","[""explicit_curated_experimental_outcome_0"", ""absence_of_hazard_statement_not_used"", ""defined_single_structure"", ""exact_identity_deduplicated"", ""current_strong_conflicts_excluded"", ""external_holdout_quarantined"", ""publication_dataset_oecd_405_curation""]",peer_reviewed_curated_experimental_negative,0.9,experimental,"OECD TG 405 experimental eye irritation, curated at dataset level",not irritating / not classified (curated Outcome=0),not_reported_per_record_in_public_sdf,eye:CpId:1166,03dc5888f0859ddcc1b694e186bb2137229ea571e3db56572205f482794de03d,https://github.com/joyvb/stoptox,6ba3a7f82ab9fda8534f120114a566eec296e8ae,"InChI=1S/C2HBrClF3/c3-1(4)2(5,6)7/h1H"
C=CCOCC(CC)(CO)COCC=C,0,682-09-7,BDKDHWOPFRTWPP-UHFFFAOYSA-N,682-09-7,STopTox peer-reviewed curated experimental irritation dataset,https://doi.org/10.1289/EHP9341,"[""eye:CpId:38""]","[""explicit_curated_experimental_outcome_0"", ""absence_of_hazard_statement_not_used"", ""defined_single_structure"", ""exact_identity_deduplicated"", ""current_strong_conflicts_excluded"", ""external_holdout_quarantined"", ""publication_dataset_oecd_405_curation""]",peer_reviewed_curated_experimental_negative,0.9,experimental,"OECD TG 405 experimental eye irritation, curated at dataset level",not irritating / not classified (curated Outcome=0),not_reported_per_record_in_public_sdf,eye:CpId:38,03dc5888f0859ddcc1b694e186bb2137229ea571e3db56572205f482794de03d,https://github.com/joyvb/stoptox,6ba3a7f82ab9fda8534f120114a566eec296e8ae,BDKDHWOPFRTWPP-UHFFFAOYSA-N
O=[N+]([O-])c1ccccc1Cl,0,88-73-3,BFCFYVKQTRLZHA-UHFFFAOYSA-N,88-73-3,STopTox peer-reviewed curated experimental irritation dataset,https://doi.org/10.1289/EHP9341,"[""eye:CpId:39""]","[""explicit_curated_experimental_outcome_0"", ""absence_of_hazard_statement_not_used"", ""defined_single_structure"", ""exact_identity_deduplicated"", ""current_strong_conflicts_excluded"", ""external_holdout_quarantined"", ""publication_dataset_oecd_405_curation""]",peer_reviewed_curated_experimental_negative,0.9,experimental,"OECD TG 405 experimental eye irritation, curated at dataset level",not irritating / not classified (curated Outcome=0),not_reported_per_record_in_public_sdf,eye:CpId:39,03dc5888f0859ddcc1b694e186bb2137229ea571e3db56572205f482794de03d,https://github.com/joyvb/stoptox,6ba3a7f82ab9fda8534f120114a566eec296e8ae,BFCFYVKQTRLZHA-UHFFFAOYSA-N
FC(F)=C(F)F,0,116-14-3,BFKJFAAPBSQJPD-UHFFFAOYSA-N,116-14-3,STopTox peer-reviewed curated experimental irritation dataset,https://doi.org/10.1289/EHP9341,"[""eye:CpId:1173""]","[""explicit_curated_experimental_outcome_0"", ""absence_of_hazard_statement_not_used"", ""defined_single_structure"", ""exact_identity_deduplicated"", ""current_strong_conflicts_excluded"", ""external_holdout_quarantined"", ""publication_dataset_oecd_405_curation""]",peer_reviewed_curated_experimental_negative,0.9,experimental,"OECD TG 405 experimental eye irritation, curated at dataset level",not irritating / not classified (curated Outcome=0),not_reported_per_record_in_public_sdf,eye:CpId:1173,03dc5888f0859ddcc1b694e186bb2137229ea571e3db56572205f482794de03d,https://github.com/joyvb/stoptox,6ba3a7f82ab9fda8534f120114a566eec296e8ae,InChI=1S/C2F4/c3-1(4)2(5)6
COc1ccc(C(Cl)=C(c2ccc(OC)cc2)c2ccc(OC)cc2)cc1,0,569-57-3,BFPSDSIWYFKGBC-UHFFFAOYSA-N,569-57-3,STopTox peer-reviewed curated experimental irritation dataset,https://doi.org/10.1289/EHP9341,"[""eye:CpId:1174""]","[""explicit_curated_experimental_outcome_0"", ""absence_of_hazard_statement_not_used"", ""defined_single_structure"", ""exact_identity_deduplicated"", ""current_strong_conflicts_excluded"", ""external_holdout_quarantined"", ""publication_dataset_oecd_405_curation""]",peer_reviewed_curated_experimental_negative,0.9,experimental,"OECD TG 405 experimental eye irritation, curated at dataset level",not irritating / not classified (curated Outcome=0),not_reported_per_record_in_public_sdf,eye:CpId:1174,03dc5888f0859ddcc1b694e186bb2137229ea571e3db56572205f482794de03d,https://github.com/joyvb/stoptox,6ba3a7f82ab9fda8534f120114a566eec296e8ae,"InChI=1S/C23H21ClO3/c1-25-19-10-4-16(5-11-19)22(17-6-12-20(26-2)13-7-17)23(24)18-8-14-21(27-3)15-9-18/h4-15H,1-3H3"
C#CC1(O)CCC2C3CCc4cc(O)ccc4C3CCC21C,0,57-63-6,BFPYWIDHMRZLRN-UHFFFAOYSA-N,57-63-6,STopTox peer-reviewed curated experimental irritation dataset,https://doi.org/10.1289/EHP9341,"[""eye:CpId:1175""]","[""explicit_curated_experimental_outcome_0"", ""absence_of_hazard_statement_not_used"", ""defined_single_structure"", ""exact_identity_deduplicated"", ""current_strong_conflicts_excluded"", ""external_holdout_quarantined"", ""publication_dataset_oecd_405_curation""]",peer_reviewed_curated_experimental_negative,0.9,experimental,"OECD TG 405 experimental eye irritation, curated at dataset level",not irritating / not classified (curated Outcome=0),not_reported_per_record_in_public_sdf,eye:CpId:1175,03dc5888f0859ddcc1b694e186bb2137229ea571e3db56572205f482794de03d,https://github.com/joyvb/stoptox,6ba3a7f82ab9fda8534f120114a566eec296e8ae,"InChI=1S/C20H24O2/c1-3-20(22)11-9-18-17-6-4-13-12-14(21)5-7-15(13)16(17)8-10-19(18,20)2/h1,5,7,12,16-18,21-22H,4,6,8-11H2,2H3"
CO[Si](C)(OC)OC,0,1185-55-3,BFXIKLCIZHOAAZ-UHFFFAOYSA-N,1185-55-3,STopTox peer-reviewed curated experimental irritation dataset,https://doi.org/10.1289/EHP9341,"[""eye:CpId:40""]","[""explicit_curated_experimental_outcome_0"", ""absence_of_hazard_statement_not_used"", ""defined_single_structure"", ""exact_identity_deduplicated"", ""current_strong_conflicts_excluded"", ""external_holdout_quarantined"", ""publication_dataset_oecd_405_curation""]",peer_reviewed_curated_experimental_negative,0.9,experimental,"OECD TG 405 experimental eye irritation, curated at dataset level",not irritating / not classified (curated Outcome=0),not_reported_per_record_in_public_sdf,eye:CpId:40,03dc5888f0859ddcc1b694e186bb2137229ea571e3db56572205f482794de03d,https://github.com/joyvb/stoptox,6ba3a7f82ab9fda8534f120114a566eec296e8ae,BFXIKLCIZHOAAZ-UHFFFAOYSA-N
C=C1CC2C(CCC3(C)C(=O)CCC23)C2(C)C=CC(=O)C=C12,0,107868-30-4,BFYIZQONLCFLEV-UHFFFAOYSA-N,107868-30-4,STopTox peer-reviewed curated experimental irritation dataset,https://doi.org/10.1289/EHP9341,"[""eye:CpId:1177""]","[""explicit_curated_experimental_outcome_0"", ""absence_of_hazard_statement_not_used"", ""defined_single_structure"", ""exact_identity_deduplicated"", ""current_strong_conflicts_excluded"", ""external_holdout_quarantined"", ""publication_dataset_oecd_405_curation""]",peer_reviewed_curated_experimental_negative,0.9,experimental,"OECD TG 405 experimental eye irritation, curated at dataset level",not irritating / not classified (curated Outcome=0),not_reported_per_record_in_public_sdf,eye:CpId:1177,03dc5888f0859ddcc1b694e186bb2137229ea571e3db56572205f482794de03d,https://github.com/joyvb/stoptox,6ba3a7f82ab9fda8534f120114a566eec296e8ae,"InChI=1S/C20H24O2/c1-12-10-14-15-4-5-18(22)20(15,3)9-7-16(14)19(2)8-6-13(21)11-17(12)19/h6,8,11,14-16H,1,4-5,7,9-10H2,2-3H3"
CC(=O)OCC(=O)c1ccccc1,0,2243-35-8,BGAXCPSNMHVHJC-UHFFFAOYSA-N,2243-35-8,STopTox peer-reviewed curated experimental irritation dataset,https://doi.org/10.1289/EHP9341,"[""eye:CpId:1179""]","[""explicit_curated_experimental_outcome_0"", ""absence_of_hazard_statement_not_used"", ""defined_single_structure"", ""exact_identity_deduplicated"", ""current_strong_conflicts_excluded"", ""external_holdout_quarantined"", ""publication_dataset_oecd_405_curation""]",peer_reviewed_curated_experimental_negative,0.9,experimental,"OECD TG 405 experimental eye irritation, curated at dataset level",not irritating / not classified (curated Outcome=0),not_reported_per_record_in_public_sdf,eye:CpId:1179,03dc5888f0859ddcc1b694e186bb2137229ea571e3db56572205f482794de03d,https://github.com/joyvb/stoptox,6ba3a7f82ab9fda8534f120114a566eec296e8ae,"InChI=1S/C10H10O3/c1-8(11)13-7-10(12)9-5-3-2-4-6-9/h2-6H,7H2,1H3"
CCCCCCCCCCCCCC,0,629-59-4,BGHCVCJVXZWKCC-UHFFFAOYSA-N,629-59-4,STopTox peer-reviewed curated experimental irritation dataset,https://doi.org/10.1289/EHP9341,"[""eye:CpId:42""]","[""explicit_curated_experimental_outcome_0"", ""absence_of_hazard_statement_not_used"", ""defined_single_structure"", ""exact_identity_deduplicated"", ""current_strong_conflicts_excluded"", ""external_holdout_quarantined"", ""publication_dataset_oecd_405_curation""]",peer_reviewed_curated_experimental_negative,0.9,experimental,"OECD TG 405 experimental eye irritation, curated at dataset level",not irritating / not classified (curated Outcome=0),not_reported_per_record_in_public_sdf,eye:CpId:42,03dc5888f0859ddcc1b694e186bb2137229ea571e3db56572205f482794de03d,https://github.com/joyvb/stoptox,6ba3a7f82ab9fda8534f120114a566eec296e8ae,BGHCVCJVXZWKCC-UHFFFAOYSA-N
C1OCOCO1,0,110-88-3,BGJSXRVXTHVRSN-UHFFFAOYSA-N,110-88-3,STopTox peer-reviewed curated experimental irritation dataset,https://doi.org/10.1289/EHP9341,"[""eye:CpId:1181""]","[""explicit_curated_experimental_outcome_0"", ""absence_of_hazard_statement_not_used"", ""defined_single_structure"", ""exact_identity_deduplicated"", ""current_strong_conflicts_excluded"", ""external_holdout_quarantined"", ""publication_dataset_oecd_405_curation""]",peer_reviewed_curated_experimental_negative,0.9,experimental,"OECD TG 405 experimental eye irritation, curated at dataset level",not irritating / not classified (curated Outcome=0),not_reported_per_record_in_public_sdf,eye:CpId:1181,03dc5888f0859ddcc1b694e186bb2137229ea571e3db56572205f482794de03d,https://github.com/joyvb/stoptox,6ba3a7f82ab9fda8534f120114a566eec296e8ae,InChI=1S/C3H6O3/c1-4-2-6-3-5-1/h1-3H2
CC(=O)N(CCN(C(C)=O)C(C)=O)C(C)=O,0,10543-57-4,BGRWYDHXPHLNKA-UHFFFAOYSA-N,10543-57-4,STopTox peer-reviewed curated experimental irritation dataset,https://doi.org/10.1289/EHP9341,"[""eye:CpId:43""]","[""explicit_curated_experimental_outcome_0"", ""absence_of_hazard_statement_not_used"", ""defined_single_structure"", ""exact_identity_deduplicated"", ""current_strong_conflicts_excluded"", ""external_holdout_quarantined"", ""publication_dataset_oecd_405_curation""]",peer_reviewed_curated_experimental_negative,0.9,experimental,"OECD TG 405 experimental eye irritation, curated at dataset level",not irritating / not classified (curated Outcome=0),not_reported_per_record_in_public_sdf,eye:CpId:43,03dc5888f0859ddcc1b694e186bb2137229ea571e3db56572205f482794de03d,https://github.com/joyvb/stoptox,6ba3a7f82ab9fda8534f120114a566eec296e8ae,BGRWYDHXPHLNKA-UHFFFAOYSA-N
O=C(Oc1cccc2cccnc12)c1ccccc1,0,86-75-9,BHKPHCKISVSDGV-UHFFFAOYSA-N,86-75-9,STopTox peer-reviewed curated experimental irritation dataset,https://doi.org/10.1289/EHP9341,"[""eye:CpId:1188""]","[""explicit_curated_experimental_outcome_0"", ""absence_of_hazard_statement_not_used"", ""defined_single_structure"", ""exact_identity_deduplicated"", ""current_strong_conflicts_excluded"", ""external_holdout_quarantined"", ""publication_dataset_oecd_405_curation""]",peer_reviewed_curated_experimental_negative,0.9,experimental,"OECD TG 405 experimental eye irritation, curated at dataset level",not irritating / not classified (curated Outcome=0),not_reported_per_record_in_public_sdf,eye:CpId:1188,03dc5888f0859ddcc1b694e186bb2137229ea571e3db56572205f482794de03d,https://github.com/joyvb/stoptox,6ba3a7f82ab9fda8534f120114a566eec296e8ae,InChI=1S/C16H11NO2/c18-16(13-6-2-1-3-7-13)19-14-10-4-8-12-9-5-11-17-15(12)14/h1-11H
CCOCCC(=O)OCC,0,763-69-9,BHXIWUJLHYHGSJ-UHFFFAOYSA-N,763-69-9,STopTox peer-reviewed curated experimental irritation dataset,https://doi.org/10.1289/EHP9341,"[""eye:CpId:46""]","[""explicit_curated_experimental_outcome_0"", ""absence_of_hazard_statement_not_used"", ""defined_single_structure"", ""exact_identity_deduplicated"", ""current_strong_conflicts_excluded"", ""external_holdout_quarantined"", ""publication_dataset_oecd_405_curation""]",peer_reviewed_curated_experimental_negative,0.9,experimental,"OECD TG 405 experimental eye irritation, curated at dataset level",not irritating / not classified (curated Outcome=0),not_reported_per_record_in_public_sdf,eye:CpId:46,03dc5888f0859ddcc1b694e186bb2137229ea571e3db56572205f482794de03d,https://github.com/joyvb/stoptox,6ba3a7f82ab9fda8534f120114a566eec296e8ae,BHXIWUJLHYHGSJ-UHFFFAOYSA-N
CC1CCC2C(C)C(O)OC3OC4(C)CCC1C32OO4,0,71939-50-9,BJDCWCLMFKKGEE-UHFFFAOYSA-N,71939-50-9,STopTox peer-reviewed curated experimental irritation dataset,https://doi.org/10.1289/EHP9341,"[""eye:CpId:1191""]","[""explicit_curated_experimental_outcome_0"", ""absence_of_hazard_statement_not_used"", ""defined_single_structure"", ""exact_identity_deduplicated"", ""current_strong_conflicts_excluded"", ""external_holdout_quarantined"", ""publication_dataset_oecd_405_curation""]",peer_reviewed_curated_experimental_negative,0.9,experimental,"OECD TG 405 experimental eye irritation, curated at dataset level",not irritating / not classified (curated Outcome=0),not_reported_per_record_in_public_sdf,eye:CpId:1191,03dc5888f0859ddcc1b694e186bb2137229ea571e3db56572205f482794de03d,https://github.com/joyvb/stoptox,6ba3a7f82ab9fda8534f120114a566eec296e8ae,"InChI=1S/C15H24O5/c1-8-4-5-11-9(2)12(16)17-13-15(11)10(8)6-7-14(3,18-13)19-20-15/h8-13,16H,4-7H2,1-3H3"
O=C(CO)C(O)C(O)C(O)CO,0,87-79-6,BJHIKXHVCXFQLS-UHFFFAOYSA-N,87-79-6,STopTox peer-reviewed curated experimental irritation dataset,https://doi.org/10.1289/EHP9341,"[""eye:CpId:1193""]","[""explicit_curated_experimental_outcome_0"", ""absence_of_hazard_statement_not_used"", ""defined_single_structure"", ""exact_identity_deduplicated"", ""current_strong_conflicts_excluded"", ""external_holdout_quarantined"", ""publication_dataset_oecd_405_curation""]",peer_reviewed_curated_experimental_negative,0.9,experimental,"OECD TG 405 experimental eye irritation, curated at dataset level",not irritating / not classified (curated Outcome=0),not_reported_per_record_in_public_sdf,eye:CpId:1193,03dc5888f0859ddcc1b694e186bb2137229ea571e3db56572205f482794de03d,https://github.com/joyvb/stoptox,6ba3a7f82ab9fda8534f120114a566eec296e8ae,"InChI=1S/C6H12O6/c7-1-3(9)5(11)6(12)4(10)2-8/h3,5-9,11-12H,1-2H2"
CCCCC(CC)COC(=O)c1ccccc1C(=O)OCC(CC)CCCC,0,117-81-7,BJQHLKABXJIVAM-UHFFFAOYSA-N,117-81-7,STopTox peer-reviewed curated experimental irritation dataset,https://doi.org/10.1289/EHP9341,"[""eye:CpId:47""]","[""explicit_curated_experimental_outcome_0"", ""absence_of_hazard_statement_not_used"", ""defined_single_structure"", ""exact_identity_deduplicated"", ""current_strong_conflicts_excluded"", ""external_holdout_quarantined"", ""publication_dataset_oecd_405_curation""]",peer_reviewed_curated_experimental_negative,0.9,experimental,"OECD TG 405 experimental eye irritation, curated at dataset level",not irritating / not classified (curated Outcome=0),not_reported_per_record_in_public_sdf,eye:CpId:47,03dc5888f0859ddcc1b694e186bb2137229ea571e3db56572205f482794de03d,https://github.com/joyvb/stoptox,6ba3a7f82ab9fda8534f120114a566eec296e8ae,BJQHLKABXJIVAM-UHFFFAOYSA-N
CC=C(C)C,0,513-35-9,BKOOMYPCSUNDGP-UHFFFAOYSA-N,513-35-9,STopTox peer-reviewed curated experimental irritation dataset,https://doi.org/10.1289/EHP9341,"[""eye:CpId:49""]","[""explicit_curated_experimental_outcome_0"", ""absence_of_hazard_statement_not_used"", ""defined_single_structure"", ""exact_identity_deduplicated"", ""current_strong_conflicts_excluded"", ""external_holdout_quarantined"", ""publication_dataset_oecd_405_curation""]",peer_reviewed_curated_experimental_negative,0.9,experimental,"OECD TG 405 experimental eye irritation, curated at dataset level",not irritating / not classified (curated Outcome=0),not_reported_per_record_in_public_sdf,eye:CpId:49,03dc5888f0859ddcc1b694e186bb2137229ea571e3db56572205f482794de03d,https://github.com/joyvb/stoptox,6ba3a7f82ab9fda8534f120114a566eec296e8ae,BKOOMYPCSUNDGP-UHFFFAOYSA-N
CCOC(=O)c1ccc(N)cc1,0,94-09-7,BLFLLBZGZJTVJG-UHFFFAOYSA-N,94-09-7,STopTox peer-reviewed curated experimental irritation dataset,https://doi.org/10.1289/EHP9341,"[""eye:CpId:1199""]","[""explicit_curated_experimental_outcome_0"", ""absence_of_hazard_statement_not_used"", ""defined_single_structure"", ""exact_identity_deduplicated"", ""current_strong_conflicts_excluded"", ""external_holdout_quarantined"", ""publication_dataset_oecd_405_curation""]",peer_reviewed_curated_experimental_negative,0.9,experimental,"OECD TG 405 experimental eye irritation, curated at dataset level",not irritating / not classified (curated Outcome=0),not_reported_per_record_in_public_sdf,eye:CpId:1199,03dc5888f0859ddcc1b694e186bb2137229ea571e3db56572205f482794de03d,https://github.com/joyvb/stoptox,6ba3a7f82ab9fda8534f120114a566eec296e8ae,"InChI=1S/C9H11NO2/c1-2-12-9(11)7-3-5-8(10)6-4-7/h3-6H,2,10H2,1H3"
FC(F)=C(F)OC(F)(F)F,0,1187-93-5,BLTXWCKMNMYXEA-UHFFFAOYSA-N,1187-93-5,STopTox peer-reviewed curated experimental irritation dataset,https://doi.org/10.1289/EHP9341,"[""eye:CpId:50""]","[""explicit_curated_experimental_outcome_0"", ""absence_of_hazard_statement_not_used"", ""defined_single_structure"", ""exact_identity_deduplicated"", ""current_strong_conflicts_excluded"", ""external_holdout_quarantined"", ""publication_dataset_oecd_405_curation""]",peer_reviewed_curated_experimental_negative,0.9,experimental,"OECD TG 405 experimental eye irritation, curated at dataset level",not irritating / not classified (curated Outcome=0),not_reported_per_record_in_public_sdf,eye:CpId:50,03dc5888f0859ddcc1b694e186bb2137229ea571e3db56572205f482794de03d,https://github.com/joyvb/stoptox,6ba3a7f82ab9fda8534f120114a566eec296e8ae,BLTXWCKMNMYXEA-UHFFFAOYSA-N
CCCC(=O)OC1(C(=O)CO)CCC2C3CCC4=CC(=O)CCC4(C)C3C(O)CC21C,0,13609-67-1,BMCQMVFGOVHVNG-UHFFFAOYSA-N,13609-67-1,STopTox peer-reviewed curated experimental irritation dataset,https://doi.org/10.1289/EHP9341,"[""eye:CpId:1202""]","[""explicit_curated_experimental_outcome_0"", ""absence_of_hazard_statement_not_used"", ""defined_single_structure"", ""exact_identity_deduplicated"", ""current_strong_conflicts_excluded"", ""external_holdout_quarantined"", ""publication_dataset_oecd_405_curation""]",peer_reviewed_curated_experimental_negative,0.9,experimental,"OECD TG 405 experimental eye irritation, curated at dataset level",not irritating / not classified (curated Outcome=0),not_reported_per_record_in_public_sdf,eye:CpId:1202,03dc5888f0859ddcc1b694e186bb2137229ea571e3db56572205f482794de03d,https://github.com/joyvb/stoptox,6ba3a7f82ab9fda8534f120114a566eec296e8ae,"InChI=1S/C25H36O6/c1-4-5-21(30)31-25(20(29)14-26)11-9-18-17-7-6-15-12-16(27)8-10-23(15,2)22(17)19(28)13-24(18,25)3/h12,17-19,22,26,28H,4-11,13-14H2,1-3H3"
CCC(C)(Oc1ccc(C2(c3ccc(OC(C)(CC)C(=O)O)cc3)CCCCC2)cc1)C(=O)O,0,30299-08-2,BMOVQUBVGICXQN-UHFFFAOYSA-N,30299-08-2,STopTox peer-reviewed curated experimental irritation dataset,https://doi.org/10.1289/EHP9341,"[""eye:CpId:1205""]","[""explicit_curated_experimental_outcome_0"", ""absence_of_hazard_statement_not_used"", ""defined_single_structure"", ""exact_identity_deduplicated"", ""current_strong_conflicts_excluded"", ""external_holdout_quarantined"", ""publication_dataset_oecd_405_curation""]",peer_reviewed_curated_experimental_negative,0.9,experimental,"OECD TG 405 experimental eye irritation, curated at dataset level",not irritating / not classified (curated Outcome=0),not_reported_per_record_in_public_sdf,eye:CpId:1205,03dc5888f0859ddcc1b694e186bb2137229ea571e3db56572205f482794de03d,https://github.com/joyvb/stoptox,6ba3a7f82ab9fda8534f120114a566eec296e8ae,"InChI=1S/C28H36O6/c1-5-26(3,24(29)30)33-22-14-10-20(11-15-22)28(18-8-7-9-19-28)21-12-16-23(17-13-21)34-27(4,6-2)25(31)32/h10-17H,5-9,18-19H2,1-4H3,(H,29,30)(H,31,32)"
CC(COc1ccccc1)NC(C)C(O)c1ccc(O)cc1,0,395-28-8,BMUKKTUHUDJSNZ-UHFFFAOYSA-N,395-28-8,STopTox peer-reviewed curated experimental irritation dataset,https://doi.org/10.1289/EHP9341,"[""eye:CpId:1207""]","[""explicit_curated_experimental_outcome_0"", ""absence_of_hazard_statement_not_used"", ""defined_single_structure"", ""exact_identity_deduplicated"", ""current_strong_conflicts_excluded"", ""external_holdout_quarantined"", ""publication_dataset_oecd_405_curation""]",peer_reviewed_curated_experimental_negative,0.9,experimental,"OECD TG 405 experimental eye irritation, curated at dataset level",not irritating / not classified (curated Outcome=0),not_reported_per_record_in_public_sdf,eye:CpId:1207,03dc5888f0859ddcc1b694e186bb2137229ea571e3db56572205f482794de03d,https://github.com/joyvb/stoptox,6ba3a7f82ab9fda8534f120114a566eec296e8ae,"InChI=1S/C18H23NO3/c1-13(12-22-17-6-4-3-5-7-17)19-14(2)18(21)15-8-10-16(20)11-9-15/h3-11,13-14,18-21H,12H2,1-2H3"
Cc1ccc(OP(=O)(Oc2ccc(C)cc2)Oc2ccc(C)cc2)cc1,0,1330-78-5,BOSMZFBHAYFUBJ-UHFFFAOYSA-N,1330-78-5,STopTox peer-reviewed curated experimental irritation dataset,https://doi.org/10.1289/EHP9341,"[""eye:CpId:1212""]","[""explicit_curated_experimental_outcome_0"", ""absence_of_hazard_statement_not_used"", ""defined_single_structure"", ""exact_identity_deduplicated"", ""current_strong_conflicts_excluded"", ""external_holdout_quarantined"", ""publication_dataset_oecd_405_curation""]",peer_reviewed_curated_experimental_negative,0.9,experimental,"OECD TG 405 experimental eye irritation, curated at dataset level",not irritating / not classified (curated Outcome=0),not_reported_per_record_in_public_sdf,eye:CpId:1212,03dc5888f0859ddcc1b694e186bb2137229ea571e3db56572205f482794de03d,https://github.com/joyvb/stoptox,6ba3a7f82ab9fda8534f120114a566eec296e8ae,"InChI=1S/C21H21O4P/c1-16-4-10-19(11-5-16)23-26(22,24-20-12-6-17(2)7-13-20)25-21-14-8-18(3)9-15-21/h4-15H,1-3H3"
CCO[Si](OCC)(OCC)OCC,0,78-10-4,BOTDANWDWHJENH-UHFFFAOYSA-N,78-10-4,STopTox peer-reviewed curated experimental irritation dataset,https://doi.org/10.1289/EHP9341,"[""eye:CpId:54""]","[""explicit_curated_experimental_outcome_0"", ""absence_of_hazard_statement_not_used"", ""defined_single_structure"", ""exact_identity_deduplicated"", ""current_strong_conflicts_excluded"", ""external_holdout_quarantined"", ""publication_dataset_oecd_405_curation""]",peer_reviewed_curated_experimental_negative,0.9,experimental,"OECD TG 405 experimental eye irritation, curated at dataset level",not irritating / not classified (curated Outcome=0),not_reported_per_record_in_public_sdf,eye:CpId:54,03dc5888f0859ddcc1b694e186bb2137229ea571e3db56572205f482794de03d,https://github.com/joyvb/stoptox,6ba3a7f82ab9fda8534f120114a566eec296e8ae,BOTDANWDWHJENH-UHFFFAOYSA-N
CC12CCC3C(CCC4=CC(=O)C=CC43C)C1CCC(=O)O2,0,968-93-4,BPEWUONYVDABNZ-UHFFFAOYSA-N,968-93-4,STopTox peer-reviewed curated experimental irritation dataset,https://doi.org/10.1289/EHP9341,"[""eye:CpId:1215""]","[""explicit_curated_experimental_outcome_0"", ""absence_of_hazard_statement_not_used"", ""defined_single_structure"", ""exact_identity_deduplicated"", ""current_strong_conflicts_excluded"", ""external_holdout_quarantined"", ""publication_dataset_oecd_405_curation""]",peer_reviewed_curated_experimental_negative,0.9,experimental,"OECD TG 405 experimental eye irritation, curated at dataset level",not irritating / not classified (curated Outcome=0),not_reported_per_record_in_public_sdf,eye:CpId:1215,03dc5888f0859ddcc1b694e186bb2137229ea571e3db56572205f482794de03d,https://github.com/joyvb/stoptox,6ba3a7f82ab9fda8534f120114a566eec296e8ae,"InChI=1S/C19H24O3/c1-18-9-7-13(20)11-12(18)3-4-14-15(18)8-10-19(2)16(14)5-6-17(21)22-19/h7,9,11,14-16H,3-6,8,10H2,1-2H3"
CC(C=CC(C)C(C)(C)O)C1CCC2C(=CC=C3CC(O)CC(O)C3)CCCC21C,0,131918-61-1,BPKAHTKRCLCHEA-UHFFFAOYSA-N,131918-61-1,STopTox peer-reviewed curated experimental irritation dataset,https://doi.org/10.1289/EHP9341,"[""eye:CpId:1217""]","[""explicit_curated_experimental_outcome_0"", ""absence_of_hazard_statement_not_used"", ""defined_single_structure"", ""exact_identity_deduplicated"", ""current_strong_conflicts_excluded"", ""external_holdout_quarantined"", ""publication_dataset_oecd_405_curation""]",peer_reviewed_curated_experimental_negative,0.9,experimental,"OECD TG 405 experimental eye irritation, curated at dataset level",not irritating / not classified (curated Outcome=0),not_reported_per_record_in_public_sdf,eye:CpId:1217,03dc5888f0859ddcc1b694e186bb2137229ea571e3db56572205f482794de03d,https://github.com/joyvb/stoptox,6ba3a7f82ab9fda8534f120114a566eec296e8ae,"InChI=1S/C27H44O3/c1-18(8-9-19(2)26(3,4)30)24-12-13-25-21(7-6-14-27(24,25)5)11-10-20-15-22(28)17-23(29)16-20/h8-11,18-19,22-25,28-30H,6-7,12-17H2,1-5H3"
CC1=CCC2C(C1)C2(C)C,0,13466-78-9,BQOFWKZOCNGFEC-UHFFFAOYSA-N,13466-78-9,STopTox peer-reviewed curated experimental irritation dataset,https://doi.org/10.1289/EHP9341,"[""eye:CpId:58""]","[""explicit_curated_experimental_outcome_0"", ""absence_of_hazard_statement_not_used"", ""defined_single_structure"", ""exact_identity_deduplicated"", ""current_strong_conflicts_excluded"", ""external_holdout_quarantined"", ""publication_dataset_oecd_405_curation""]",peer_reviewed_curated_experimental_negative,0.9,experimental,"OECD TG 405 experimental eye irritation, curated at dataset level",not irritating / not classified (curated Outcome=0),not_reported_per_record_in_public_sdf,eye:CpId:58,03dc5888f0859ddcc1b694e186bb2137229ea571e3db56572205f482794de03d,https://github.com/joyvb/stoptox,6ba3a7f82ab9fda8534f120114a566eec296e8ae,BQOFWKZOCNGFEC-UHFFFAOYSA-N
ClCC1CO1,0,106-89-8,BRLQWZUYTZBJKN-UHFFFAOYSA-N,106-89-8,STopTox peer-reviewed curated experimental irritation dataset,https://doi.org/10.1289/EHP9341,"[""eye:CpId:1224""]","[""explicit_curated_experimental_outcome_0"", ""absence_of_hazard_statement_not_used"", ""defined_single_structure"", ""exact_identity_deduplicated"", ""current_strong_conflicts_excluded"", ""external_holdout_quarantined"", ""publication_dataset_oecd_405_curation""]",peer_reviewed_curated_experimental_negative,0.9,experimental,"OECD TG 405 experimental eye irritation, curated at dataset level",not irritating / not classified (curated Outcome=0),not_reported_per_record_in_public_sdf,eye:CpId:1224,03dc5888f0859ddcc1b694e186bb2137229ea571e3db56572205f482794de03d,https://github.com/joyvb/stoptox,6ba3a7f82ab9fda8534f120114a566eec296e8ae,"InChI=1S/C3H5ClO/c4-1-3-2-5-3/h3H,1-2H2"
CCCCC(CC)COC(=O)OOC(C)(C)C,0,34443-12-4,BRQMAAFGEXNUOL-UHFFFAOYSA-N,34443-12-4,STopTox peer-reviewed curated experimental irritation dataset,https://doi.org/10.1289/EHP9341,"[""eye:CpId:60""]","[""explicit_curated_experimental_outcome_0"", ""absence_of_hazard_statement_not_used"", ""defined_single_structure"", ""exact_identity_deduplicated"", ""current_strong_conflicts_excluded"", ""external_holdout_quarantined"", ""publication_dataset_oecd_405_curation""]",peer_reviewed_curated_experimental_negative,0.9,experimental,"OECD TG 405 experimental eye irritation, curated at dataset level",not irritating / not classified (curated Outcome=0),not_reported_per_record_in_public_sdf,eye:CpId:60,03dc5888f0859ddcc1b694e186bb2137229ea571e3db56572205f482794de03d,https://github.com/joyvb/stoptox,6ba3a7f82ab9fda8534f120114a566eec296e8ae,BRQMAAFGEXNUOL-UHFFFAOYSA-N
CC(=O)Oc1ccccc1C(=O)O,0,50-78-2,BSYNRYMUTXBXSQ-UHFFFAOYSA-N,50-78-2,STopTox peer-reviewed curated experimental irritation dataset,https://doi.org/10.1289/EHP9341,"[""eye:CpId:63""]","[""explicit_curated_experimental_outcome_0"", ""absence_of_hazard_statement_not_used"", ""defined_single_structure"", ""exact_identity_deduplicated"", ""current_strong_conflicts_excluded"", ""external_holdout_quarantined"", ""publication_dataset_oecd_405_curation""]",peer_reviewed_curated_experimental_negative,0.9,experimental,"OECD TG 405 experimental eye irritation, curated at dataset level",not irritating / not classified (curated Outcome=0),not_reported_per_record_in_public_sdf,eye:CpId:63,03dc5888f0859ddcc1b694e186bb2137229ea571e3db56572205f482794de03d,https://github.com/joyvb/stoptox,6ba3a7f82ab9fda8534f120114a566eec296e8ae,BSYNRYMUTXBXSQ-UHFFFAOYSA-N
CC(c1ccccc1)c1ccccc1,0,38888-98-1,BSZXAFXFTLXUFV-UHFFFAOYSA-N,38888-98-1,STopTox peer-reviewed curated experimental irritation dataset,https://doi.org/10.1289/EHP9341,"[""eye:CpId:64""]","[""explicit_curated_experimental_outcome_0"", ""absence_of_hazard_statement_not_used"", ""defined_single_structure"", ""exact_identity_deduplicated"", ""current_strong_conflicts_excluded"", ""external_holdout_quarantined"", ""publication_dataset_oecd_405_curation""]",peer_reviewed_curated_experimental_negative,0.9,experimental,"OECD TG 405 experimental eye irritation, curated at dataset level",not irritating / not classified (curated Outcome=0),not_reported_per_record_in_public_sdf,eye:CpId:64,03dc5888f0859ddcc1b694e186bb2137229ea571e3db56572205f482794de03d,https://github.com/joyvb/stoptox,6ba3a7f82ab9fda8534f120114a566eec296e8ae,BSZXAFXFTLXUFV-UHFFFAOYSA-N
CCCCCCCCCCCCCCCCCCCCO,0,629-96-9,BTFJIXJJCSYFAL-UHFFFAOYSA-N,629-96-9,STopTox peer-reviewed curated experimental irritation dataset,https://doi.org/10.1289/EHP9341,"[""eye:CpId:66""]","[""explicit_curated_experimental_outcome_0"", ""absence_of_hazard_statement_not_used"", ""defined_single_structure"", ""exact_identity_deduplicated"", ""current_strong_conflicts_excluded"", ""external_holdout_quarantined"", ""publication_dataset_oecd_405_curation""]",peer_reviewed_curated_experimental_negative,0.9,experimental,"OECD TG 405 experimental eye irritation, curated at dataset level",not irritating / not classified (curated Outcome=0),not_reported_per_record_in_public_sdf,eye:CpId:66,03dc5888f0859ddcc1b694e186bb2137229ea571e3db56572205f482794de03d,https://github.com/joyvb/stoptox,6ba3a7f82ab9fda8534f120114a566eec296e8ae,BTFJIXJJCSYFAL-UHFFFAOYSA-N
N#CCCCCCCC#N,0,629-40-3,BTNXBLUGMAMSSH-UHFFFAOYSA-N,629-40-3,STopTox peer-reviewed curated experimental irritation dataset,https://doi.org/10.1289/EHP9341,"[""eye:CpId:67""]","[""explicit_curated_experimental_outcome_0"", ""absence_of_hazard_statement_not_used"", ""defined_single_structure"", ""exact_identity_deduplicated"", ""current_strong_conflicts_excluded"", ""external_holdout_quarantined"", ""publication_dataset_oecd_405_curation""]",peer_reviewed_curated_experimental_negative,0.9,experimental,"OECD TG 405 experimental eye irritation, curated at dataset level",not irritating / not classified (curated Outcome=0),not_reported_per_record_in_public_sdf,eye:CpId:67,03dc5888f0859ddcc1b694e186bb2137229ea571e3db56572205f482794de03d,https://github.com/joyvb/stoptox,6ba3a7f82ab9fda8534f120114a566eec296e8ae,BTNXBLUGMAMSSH-UHFFFAOYSA-N
CC12CC3CC(C)(C1)CC(N)(C3)C2,0,19982-08-2,BUGYDGFZZOZRHP-UHFFFAOYSA-N,19982-08-2,STopTox peer-reviewed curated experimental irritation dataset,https://doi.org/10.1289/EHP9341,"[""eye:CpId:1232""]","[""explicit_curated_experimental_outcome_0"", ""absence_of_hazard_statement_not_used"", ""defined_single_structure"", ""exact_identity_deduplicated"", ""current_strong_conflicts_excluded"", ""external_holdout_quarantined"", ""publication_dataset_oecd_405_curation""]",peer_reviewed_curated_experimental_negative,0.9,experimental,"OECD TG 405 experimental eye irritation, curated at dataset level",not irritating / not classified (curated Outcome=0),not_reported_per_record_in_public_sdf,eye:CpId:1232,03dc5888f0859ddcc1b694e186bb2137229ea571e3db56572205f482794de03d,https://github.com/joyvb/stoptox,6ba3a7f82ab9fda8534f120114a566eec296e8ae,"InChI=1S/C12H21N/c1-10-3-9-4-11(2,6-10)8-12(13,5-9)7-10/h9H,3-8,13H2,1-2H3"
Cc1cccc(C)c1NC(=O)C(C)N,0,41708-72-9,BUJAGSGYPOAWEI-UHFFFAOYSA-N,41708-72-9,STopTox peer-reviewed curated experimental irritation dataset,https://doi.org/10.1289/EHP9341,"[""eye:CpId:1233""]","[""explicit_curated_experimental_outcome_0"", ""absence_of_hazard_statement_not_used"", ""defined_single_structure"", ""exact_identity_deduplicated"", ""current_strong_conflicts_excluded"", ""external_holdout_quarantined"", ""publication_dataset_oecd_405_curation""]",peer_reviewed_curated_experimental_negative,0.9,experimental,"OECD TG 405 experimental eye irritation, curated at dataset level",not irritating / not classified (curated Outcome=0),not_reported_per_record_in_public_sdf,eye:CpId:1233,03dc5888f0859ddcc1b694e186bb2137229ea571e3db56572205f482794de03d,https://github.com/joyvb/stoptox,6ba3a7f82ab9fda8534f120114a566eec296e8ae,"InChI=1S/C11H16N2O/c1-7-5-4-6-8(2)10(7)13-11(14)9(3)12/h4-6,9H,12H2,1-3H3,(H,13,14)"
CC(C)(Cl)OC(C)(C)Cl,0,39638-32-9,BULHJTXRZFEUDQ-UHFFFAOYSA-N,39638-32-9,STopTox peer-reviewed curated experimental irritation dataset,https://doi.org/10.1289/EHP9341,"[""eye:CpId:1234""]","[""explicit_curated_experimental_outcome_0"", ""absence_of_hazard_statement_not_used"", ""defined_single_structure"", ""exact_identity_deduplicated"", ""current_strong_conflicts_excluded"", ""external_holdout_quarantined"", ""publication_dataset_oecd_405_curation""]",peer_reviewed_curated_experimental_negative,0.9,experimental,"OECD TG 405 experimental eye irritation, curated at dataset level",not irritating / not classified (curated Outcome=0),not_reported_per_record_in_public_sdf,eye:CpId:1234,03dc5888f0859ddcc1b694e186bb2137229ea571e3db56572205f482794de03d,https://github.com/joyvb/stoptox,6ba3a7f82ab9fda8534f120114a566eec296e8ae,"InChI=1S/C6H12Cl2O/c1-5(2,7)9-6(3,4)8/h1-4H3"
O=C(O)O,0,10361-29-2,BVKZGUZCCUSVTD-UHFFFAOYSA-N,10361-29-2,STopTox peer-reviewed curated experimental irritation dataset,https://doi.org/10.1289/EHP9341,"[""eye:CpId:70""]","[""explicit_curated_experimental_outcome_0"", ""absence_of_hazard_statement_not_used"", ""defined_single_structure"", ""exact_identity_deduplicated"", ""current_strong_conflicts_excluded"", ""external_holdout_quarantined"", ""publication_dataset_oecd_405_curation""]",peer_reviewed_curated_experimental_negative,0.9,experimental,"OECD TG 405 experimental eye irritation, curated at dataset level",not irritating / not classified (curated Outcome=0),not_reported_per_record_in_public_sdf,eye:CpId:70,03dc5888f0859ddcc1b694e186bb2137229ea571e3db56572205f482794de03d,https://github.com/joyvb/stoptox,6ba3a7f82ab9fda8534f120114a566eec296e8ae,BVKZGUZCCUSVTD-UHFFFAOYSA-N
CC(=O)C=Cc1ccccc1,0,122-57-6,BWHOZHOGCMHOBV-UHFFFAOYSA-N,122-57-6,STopTox peer-reviewed curated experimental irritation dataset,https://doi.org/10.1289/EHP9341,"[""eye:CpId:72""]","[""explicit_curated_experimental_outcome_0"", ""absence_of_hazard_statement_not_used"", ""defined_single_structure"", ""exact_identity_deduplicated"", ""current_strong_conflicts_excluded"", ""external_holdout_quarantined"", ""publication_dataset_oecd_405_curation""]",peer_reviewed_curated_experimental_negative,0.9,experimental,"OECD TG 405 experimental eye irritation, curated at dataset level",not irritating / not classified (curated Outcome=0),not_reported_per_record_in_public_sdf,eye:CpId:72,03dc5888f0859ddcc1b694e186bb2137229ea571e3db56572205f482794de03d,https://github.com/joyvb/stoptox,6ba3a7f82ab9fda8534f120114a566eec296e8ae,BWHOZHOGCMHOBV-BQYQJAHWSA-N
CCCCCCCCCCCCCCCCO,0,36653-82-4,BXWNKGSJHAJOGX-UHFFFAOYSA-N,36653-82-4,STopTox peer-reviewed curated experimental irritation dataset,https://doi.org/10.1289/EHP9341,"[""eye:CpId:73""]","[""explicit_curated_experimental_outcome_0"", ""absence_of_hazard_statement_not_used"", ""defined_single_structure"", ""exact_identity_deduplicated"", ""current_strong_conflicts_excluded"", ""external_holdout_quarantined"", ""publication_dataset_oecd_405_curation""]",peer_reviewed_curated_experimental_negative,0.9,experimental,"OECD TG 405 experimental eye irritation, curated at dataset level",not irritating / not classified (curated Outcome=0),not_reported_per_record_in_public_sdf,eye:CpId:73,03dc5888f0859ddcc1b694e186bb2137229ea571e3db56572205f482794de03d,https://github.com/joyvb/stoptox,6ba3a7f82ab9fda8534f120114a566eec296e8ae,BXWNKGSJHAJOGX-UHFFFAOYSA-N
COC(=O)CCC=C=CCC1C(O)CC(O)C1C=CC(O)COc1ccccc1,0,69381-94-8,BYNHBQROLKAEDQ-UHFFFAOYSA-N,69381-94-8,STopTox peer-reviewed curated experimental irritation dataset,https://doi.org/10.1289/EHP9341,"[""eye:CpId:1247""]","[""explicit_curated_experimental_outcome_0"", ""absence_of_hazard_statement_not_used"", ""defined_single_structure"", ""exact_identity_deduplicated"", ""current_strong_conflicts_excluded"", ""external_holdout_quarantined"", ""publication_dataset_oecd_405_curation""]",peer_reviewed_curated_experimental_negative,0.9,experimental,"OECD TG 405 experimental eye irritation, curated at dataset level",not irritating / not classified (curated Outcome=0),not_reported_per_record_in_public_sdf,eye:CpId:1247,03dc5888f0859ddcc1b694e186bb2137229ea571e3db56572205f482794de03d,https://github.com/joyvb/stoptox,6ba3a7f82ab9fda8534f120114a566eec296e8ae,"InChI=1S/C23H30O6/c1-28-23(27)12-8-3-2-7-11-19-20(22(26)15-21(19)25)14-13-17(24)16-29-18-9-5-4-6-10-18/h3-7,9-10,13-14,17,19-22,24-26H,8,11-12,15-16H2,1H3"
O=C(OCCCOCCCOC(=O)c1ccccc1)c1ccccc1,0,27138-31-4,BYQDGAVOOHIJQS-UHFFFAOYSA-N,27138-31-4,STopTox peer-reviewed curated experimental irritation dataset,https://doi.org/10.1289/EHP9341,"[""eye:CpId:74""]","[""explicit_curated_experimental_outcome_0"", ""absence_of_hazard_statement_not_used"", ""defined_single_structure"", ""exact_identity_deduplicated"", ""current_strong_conflicts_excluded"", ""external_holdout_quarantined"", ""publication_dataset_oecd_405_curation""]",peer_reviewed_curated_experimental_negative,0.9,experimental,"OECD TG 405 experimental eye irritation, curated at dataset level",not irritating / not classified (curated Outcome=0),not_reported_per_record_in_public_sdf,eye:CpId:74,03dc5888f0859ddcc1b694e186bb2137229ea571e3db56572205f482794de03d,https://github.com/joyvb/stoptox,6ba3a7f82ab9fda8534f120114a566eec296e8ae,BYQDGAVOOHIJQS-UHFFFAOYSA-N
CCCCOc1ccc(C(=O)CCN2CCCCC2)cc1,0,586-60-7,BZEWSEKUUPWQDQ-UHFFFAOYSA-N,586-60-7,STopTox peer-reviewed curated experimental irritation dataset,https://doi.org/10.1289/EHP9341,"[""eye:CpId:1250""]","[""explicit_curated_experimental_outcome_0"", ""absence_of_hazard_statement_not_used"", ""defined_single_structure"", ""exact_identity_deduplicated"", ""current_strong_conflicts_excluded"", ""external_holdout_quarantined"", ""publication_dataset_oecd_405_curation""]",peer_reviewed_curated_experimental_negative,0.9,experimental,"OECD TG 405 experimental eye irritation, curated at dataset level",not irritating / not classified (curated Outcome=0),not_reported_per_record_in_public_sdf,eye:CpId:1250,03dc5888f0859ddcc1b694e186bb2137229ea571e3db56572205f482794de03d,https://github.com/joyvb/stoptox,6ba3a7f82ab9fda8534f120114a566eec296e8ae,"InChI=1S/C18H27NO2/c1-2-3-15-21-17-9-7-16(8-10-17)18(20)11-14-19-12-5-4-6-13-19/h7-10H,2-6,11-15H2,1H3"
CC(OC(C)(C)COC(=O)C1CC1)C1CCCC(C)(C)C1,0,477218-42-1,BZLYOWSSNHNYKW-UHFFFAOYSA-N,477218-42-1,STopTox peer-reviewed curated experimental irritation dataset,https://doi.org/10.1289/EHP9341,"[""eye:CpId:77""]","[""explicit_curated_experimental_outcome_0"", ""absence_of_hazard_statement_not_used"", ""defined_single_structure"", ""exact_identity_deduplicated"", ""current_strong_conflicts_excluded"", ""external_holdout_quarantined"", ""publication_dataset_oecd_405_curation""]",peer_reviewed_curated_experimental_negative,0.9,experimental,"OECD TG 405 experimental eye irritation, curated at dataset level",not irritating / not classified (curated Outcome=0),not_reported_per_record_in_public_sdf,eye:CpId:77,03dc5888f0859ddcc1b694e186bb2137229ea571e3db56572205f482794de03d,https://github.com/joyvb/stoptox,6ba3a7f82ab9fda8534f120114a566eec296e8ae,BZLYOWSSNHNYKW-UHFFFAOYSA-N
CCCCC(CC)CN(CC(CC)CCCC)CC(CC)CCCC,0,1860-26-0,BZUDVELGTZDOIG-UHFFFAOYSA-N,1860-26-0,STopTox peer-reviewed curated experimental irritation dataset,https://doi.org/10.1289/EHP9341,"[""eye:CpId:79""]","[""explicit_curated_experimental_outcome_0"", ""absence_of_hazard_statement_not_used"", ""defined_single_structure"", ""exact_identity_deduplicated"", ""current_strong_conflicts_excluded"", ""external_holdout_quarantined"", ""publication_dataset_oecd_405_curation""]",peer_reviewed_curated_experimental_negative,0.9,experimental,"OECD TG 405 experimental eye irritation, curated at dataset level",not irritating / not classified (curated Outcome=0),not_reported_per_record_in_public_sdf,eye:CpId:79,03dc5888f0859ddcc1b694e186bb2137229ea571e3db56572205f482794de03d,https://github.com/joyvb/stoptox,6ba3a7f82ab9fda8534f120114a566eec296e8ae,BZUDVELGTZDOIG-UHFFFAOYSA-N
CCCCCCCCCCCCCCCCCCCC,0,112-95-8,CBFCDTFDPHXCNY-UHFFFAOYSA-N,112-95-8,STopTox peer-reviewed curated experimental irritation dataset,https://doi.org/10.1289/EHP9341,"[""eye:CpId:81""]","[""explicit_curated_experimental_outcome_0"", ""absence_of_hazard_statement_not_used"", ""defined_single_structure"", ""exact_identity_deduplicated"", ""current_strong_conflicts_excluded"", ""external_holdout_quarantined"", ""publication_dataset_oecd_405_curation""]",peer_reviewed_curated_experimental_negative,0.9,experimental,"OECD TG 405 experimental eye irritation, curated at dataset level",not irritating / not classified (curated Outcome=0),not_reported_per_record_in_public_sdf,eye:CpId:81,03dc5888f0859ddcc1b694e186bb2137229ea571e3db56572205f482794de03d,https://github.com/joyvb/stoptox,6ba3a7f82ab9fda8534f120114a566eec296e8ae,CBFCDTFDPHXCNY-UHFFFAOYSA-N
CC(C=O)(CO)CO,0,18516-18-2,CBIFNLUPCWCNQT-UHFFFAOYSA-N,18516-18-2,STopTox peer-reviewed curated experimental irritation dataset,https://doi.org/10.1289/EHP9341,"[""eye:CpId:82""]","[""explicit_curated_experimental_outcome_0"", ""absence_of_hazard_statement_not_used"", ""defined_single_structure"", ""exact_identity_deduplicated"", ""current_strong_conflicts_excluded"", ""external_holdout_quarantined"", ""publication_dataset_oecd_405_curation""]",peer_reviewed_curated_experimental_negative,0.9,experimental,"OECD TG 405 experimental eye irritation, curated at dataset level",not irritating / not classified (curated Outcome=0),not_reported_per_record_in_public_sdf,eye:CpId:82,03dc5888f0859ddcc1b694e186bb2137229ea571e3db56572205f482794de03d,https://github.com/joyvb/stoptox,6ba3a7f82ab9fda8534f120114a566eec296e8ae,CBIFNLUPCWCNQT-UHFFFAOYSA-N
CC[N+](CC)(CC)CC,0,66-40-0,CBXCPBUEXACCNR-UHFFFAOYSA-N,66-40-0,STopTox peer-reviewed curated experimental irritation dataset,https://doi.org/10.1289/EHP9341,"[""eye:CpId:1263""]","[""explicit_curated_experimental_outcome_0"", ""absence_of_hazard_statement_not_used"", ""defined_single_structure"", ""exact_identity_deduplicated"", ""current_strong_conflicts_excluded"", ""external_holdout_quarantined"", ""publication_dataset_oecd_405_curation""]",peer_reviewed_curated_experimental_negative,0.9,experimental,"OECD TG 405 experimental eye irritation, curated at dataset level",not irritating / not classified (curated Outcome=0),not_reported_per_record_in_public_sdf,eye:CpId:1263,03dc5888f0859ddcc1b694e186bb2137229ea571e3db56572205f482794de03d,https://github.com/joyvb/stoptox,6ba3a7f82ab9fda8534f120114a566eec296e8ae,"InChI=1S/C8H20N/c1-5-9(6-2,7-3)8-4/h5-8H2,1-4H3/q+1"
CCCCCCCCC(=O)OCC(CC)CCCC,0,59587-44-9,CCFWAONPPYWNDM-UHFFFAOYSA-N,59587-44-9,STopTox peer-reviewed curated experimental irritation dataset,https://doi.org/10.1289/EHP9341,"[""eye:CpId:1264""]","[""explicit_curated_experimental_outcome_0"", ""absence_of_hazard_statement_not_used"", ""defined_single_structure"", ""exact_identity_deduplicated"", ""current_strong_conflicts_excluded"", ""external_holdout_quarantined"", ""publication_dataset_oecd_405_curation""]",peer_reviewed_curated_experimental_negative,0.9,experimental,"OECD TG 405 experimental eye irritation, curated at dataset level",not irritating / not classified (curated Outcome=0),not_reported_per_record_in_public_sdf,eye:CpId:1264,03dc5888f0859ddcc1b694e186bb2137229ea571e3db56572205f482794de03d,https://github.com/joyvb/stoptox,6ba3a7f82ab9fda8534f120114a566eec296e8ae,"InChI=1S/C17H34O2/c1-4-7-9-10-11-12-14-17(18)19-15-16(6-3)13-8-5-2/h16H,4-15H2,1-3H3"
Nc1ccccc1O,0,95-55-6,CDAWCLOXVUBKRW-UHFFFAOYSA-N,95-55-6,STopTox peer-reviewed curated experimental irritation dataset,https://doi.org/10.1289/EHP9341,"[""eye:CpId:1267""]","[""explicit_curated_experimental_outcome_0"", ""absence_of_hazard_statement_not_used"", ""defined_single_structure"", ""exact_identity_deduplicated"", ""current_strong_conflicts_excluded"", ""external_holdout_quarantined"", ""publication_dataset_oecd_405_curation""]",peer_reviewed_curated_experimental_negative,0.9,experimental,"OECD TG 405 experimental eye irritation, curated at dataset level",not irritating / not classified (curated Outcome=0),not_reported_per_record_in_public_sdf,eye:CpId:1267,03dc5888f0859ddcc1b694e186bb2137229ea571e3db56572205f482794de03d,https://github.com/joyvb/stoptox,6ba3a7f82ab9fda8534f120114a566eec296e8ae,"InChI=1S/C6H7NO/c7-5-3-1-2-4-6(5)8/h1-4,8H,7H2"
CC(C)(C1CCC(O)CC1)C1CCC(O)CC1,0,80-04-6,CDBAMNGURPMUTG-UHFFFAOYSA-N,80-04-6,STopTox peer-reviewed curated experimental irritation dataset,https://doi.org/10.1289/EHP9341,"[""eye:CpId:87""]","[""explicit_curated_experimental_outcome_0"", ""absence_of_hazard_statement_not_used"", ""defined_single_structure"", ""exact_identity_deduplicated"", ""current_strong_conflicts_excluded"", ""external_holdout_quarantined"", ""publication_dataset_oecd_405_curation""]",peer_reviewed_curated_experimental_negative,0.9,experimental,"OECD TG 405 experimental eye irritation, curated at dataset level",not irritating / not classified (curated Outcome=0),not_reported_per_record_in_public_sdf,eye:CpId:87,03dc5888f0859ddcc1b694e186bb2137229ea571e3db56572205f482794de03d,https://github.com/joyvb/stoptox,6ba3a7f82ab9fda8534f120114a566eec296e8ae,CDBAMNGURPMUTG-UHFFFAOYSA-N
COc1ccc(N)c(C)c1,0,102-50-1,CDGNLUSBENXDGG-UHFFFAOYSA-N,102-50-1,STopTox peer-reviewed curated experimental irritation dataset,https://doi.org/10.1289/EHP9341,"[""eye:CpId:1268""]","[""explicit_curated_experimental_outcome_0"", ""absence_of_hazard_statement_not_used"", ""defined_single_structure"", ""exact_identity_deduplicated"", ""current_strong_conflicts_excluded"", ""external_holdout_quarantined"", ""publication_dataset_oecd_405_curation""]",peer_reviewed_curated_experimental_negative,0.9,experimental,"OECD TG 405 experimental eye irritation, curated at dataset level",not irritating / not classified (curated Outcome=0),not_reported_per_record_in_public_sdf,eye:CpId:1268,03dc5888f0859ddcc1b694e186bb2137229ea571e3db56572205f482794de03d,https://github.com/joyvb/stoptox,6ba3a7f82ab9fda8534f120114a566eec296e8ae,"InChI=1S/C8H11NO/c1-6-5-7(10-2)3-4-8(6)9/h3-5H,9H2,1-2H3"
CCN(CC)CCOCCOC(=O)C1(c2ccccc2)CCCC1,0,77-23-6,CFJMRBQWBDQYMK-UHFFFAOYSA-N,77-23-6,STopTox peer-reviewed curated experimental irritation dataset,https://doi.org/10.1289/EHP9341,"[""eye:CpId:1277""]","[""explicit_curated_experimental_outcome_0"", ""absence_of_hazard_statement_not_used"", ""defined_single_structure"", ""exact_identity_deduplicated"", ""current_strong_conflicts_excluded"", ""external_holdout_quarantined"", ""publication_dataset_oecd_405_curation""]",peer_reviewed_curated_experimental_negative,0.9,experimental,"OECD TG 405 experimental eye irritation, curated at dataset level",not irritating / not classified (curated Outcome=0),not_reported_per_record_in_public_sdf,eye:CpId:1277,03dc5888f0859ddcc1b694e186bb2137229ea571e3db56572205f482794de03d,https://github.com/joyvb/stoptox,6ba3a7f82ab9fda8534f120114a566eec296e8ae,"InChI=1S/C20H31NO3/c1-3-21(4-2)14-15-23-16-17-24-19(22)20(12-8-9-13-20)18-10-6-5-7-11-18/h5-7,10-11H,3-4,8-9,12-17H2,1-2H3"
CC1CCC(C(C)C)CC1,0,99-82-1,CFJYNSNXFXLKNS-UHFFFAOYSA-N,99-82-1,STopTox peer-reviewed curated experimental irritation dataset,https://doi.org/10.1289/EHP9341,"[""eye:CpId:93""]","[""explicit_curated_experimental_outcome_0"", ""absence_of_hazard_statement_not_used"", ""defined_single_structure"", ""exact_identity_deduplicated"", ""current_strong_conflicts_excluded"", ""external_holdout_quarantined"", ""publication_dataset_oecd_405_curation""]",peer_reviewed_curated_experimental_negative,0.9,experimental,"OECD TG 405 experimental eye irritation, curated at dataset level",not irritating / not classified (curated Outcome=0),not_reported_per_record_in_public_sdf,eye:CpId:93,03dc5888f0859ddcc1b694e186bb2137229ea571e3db56572205f482794de03d,https://github.com/joyvb/stoptox,6ba3a7f82ab9fda8534f120114a566eec296e8ae,CFJYNSNXFXLKNS-UHFFFAOYSA-N
Nc1ccc2c(c1)Cc1ccccc1-2,0,153-78-6,CFRFHWQYWJMEJN-UHFFFAOYSA-N,153-78-6,STopTox peer-reviewed curated experimental irritation dataset,https://doi.org/10.1289/EHP9341,"[""eye:CpId:1280""]","[""explicit_curated_experimental_outcome_0"", ""absence_of_hazard_statement_not_used"", ""defined_single_structure"", ""exact_identity_deduplicated"", ""current_strong_conflicts_excluded"", ""external_holdout_quarantined"", ""publication_dataset_oecd_405_curation""]",peer_reviewed_curated_experimental_negative,0.9,experimental,"OECD TG 405 experimental eye irritation, curated at dataset level",not irritating / not classified (curated Outcome=0),not_reported_per_record_in_public_sdf,eye:CpId:1280,03dc5888f0859ddcc1b694e186bb2137229ea571e3db56572205f482794de03d,https://github.com/joyvb/stoptox,6ba3a7f82ab9fda8534f120114a566eec296e8ae,"InChI=1S/C13H11N/c14-11-5-6-13-10(8-11)7-9-3-1-2-4-12(9)13/h1-6,8H,7,14H2"
ClCC(Cl)CCl,0,96-18-4,CFXQEHVMCRXUSD-UHFFFAOYSA-N,96-18-4,STopTox peer-reviewed curated experimental irritation dataset,https://doi.org/10.1289/EHP9341,"[""eye:CpId:94""]","[""explicit_curated_experimental_outcome_0"", ""absence_of_hazard_statement_not_used"", ""defined_single_structure"", ""exact_identity_deduplicated"", ""current_strong_conflicts_excluded"", ""external_holdout_quarantined"", ""publication_dataset_oecd_405_curation""]",peer_reviewed_curated_experimental_negative,0.9,experimental,"OECD TG 405 experimental eye irritation, curated at dataset level",not irritating / not classified (curated Outcome=0),not_reported_per_record_in_public_sdf,eye:CpId:94,03dc5888f0859ddcc1b694e186bb2137229ea571e3db56572205f482794de03d,https://github.com/joyvb/stoptox,6ba3a7f82ab9fda8534f120114a566eec296e8ae,CFXQEHVMCRXUSD-UHFFFAOYSA-N
C#CC1(O)CCC2C3CCC4=CC(=O)CCC4(C)C3CCC21C,0,434-03-7,CHNXZKVNWQUJIB-UHFFFAOYSA-N,434-03-7,STopTox peer-reviewed curated experimental irritation dataset,https://doi.org/10.1289/EHP9341,"[""eye:CpId:1285""]","[""explicit_curated_experimental_outcome_0"", ""absence_of_hazard_statement_not_used"", ""defined_single_structure"", ""exact_identity_deduplicated"", ""current_strong_conflicts_excluded"", ""external_holdout_quarantined"", ""publication_dataset_oecd_405_curation""]",peer_reviewed_curated_experimental_negative,0.9,experimental,"OECD TG 405 experimental eye irritation, curated at dataset level",not irritating / not classified (curated Outcome=0),not_reported_per_record_in_public_sdf,eye:CpId:1285,03dc5888f0859ddcc1b694e186bb2137229ea571e3db56572205f482794de03d,https://github.com/joyvb/stoptox,6ba3a7f82ab9fda8534f120114a566eec296e8ae,"InChI=1S/C21H28O2/c1-4-21(23)12-9-18-16-6-5-14-13-15(22)7-10-19(14,2)17(16)8-11-20(18,21)3/h1,13,16-18,23H,5-12H2,2-3H3"
CCCCCCCCCCCCCC[Si](C)(O[Si](C)(C)C)O[Si](C)(C)C,0,CIAZJIQGPOGZDS-UHFFFAOYSA-N,CIAZJIQGPOGZDS-UHFFFAOYSA-N,,STopTox peer-reviewed curated experimental irritation dataset,https://doi.org/10.1289/EHP9341,"[""eye:CpId:96""]","[""explicit_curated_experimental_outcome_0"", ""absence_of_hazard_statement_not_used"", ""defined_single_structure"", ""exact_identity_deduplicated"", ""current_strong_conflicts_excluded"", ""external_holdout_quarantined"", ""publication_dataset_oecd_405_curation""]",peer_reviewed_curated_experimental_negative,0.9,experimental,"OECD TG 405 experimental eye irritation, curated at dataset level",not irritating / not classified (curated Outcome=0),not_reported_per_record_in_public_sdf,eye:CpId:96,03dc5888f0859ddcc1b694e186bb2137229ea571e3db56572205f482794de03d,https://github.com/joyvb/stoptox,6ba3a7f82ab9fda8534f120114a566eec296e8ae,CIAZJIQGPOGZDS-UHFFFAOYSA-N
CCCCC(C)(O)CC=CC1C(O)CC(=O)C1CCC=CCCC(=O)OC,0,81026-63-3,CIBHDGPIOICRGX-UHFFFAOYSA-N,81026-63-3,STopTox peer-reviewed curated experimental irritation dataset,https://doi.org/10.1289/EHP9341,"[""eye:CpId:1288""]","[""explicit_curated_experimental_outcome_0"", ""absence_of_hazard_statement_not_used"", ""defined_single_structure"", ""exact_identity_deduplicated"", ""current_strong_conflicts_excluded"", ""external_holdout_quarantined"", ""publication_dataset_oecd_405_curation""]",peer_reviewed_curated_experimental_negative,0.9,experimental,"OECD TG 405 experimental eye irritation, curated at dataset level",not irritating / not classified (curated Outcome=0),not_reported_per_record_in_public_sdf,eye:CpId:1288,03dc5888f0859ddcc1b694e186bb2137229ea571e3db56572205f482794de03d,https://github.com/joyvb/stoptox,6ba3a7f82ab9fda8534f120114a566eec296e8ae,"InChI=1S/C22H36O5/c1-4-5-14-22(2,26)15-10-12-18-17(19(23)16-20(18)24)11-8-6-7-9-13-21(25)27-3/h6-7,10,12,17-18,20,24,26H,4-5,8-9,11,13-16H2,1-3H3"
Nc1ccc(C2(c3ccc(N)c(Cl)c3)c3ccccc3-c3ccccc32)cc1Cl,0,107934-68-9,CIZUMWWHWPJAAK-UHFFFAOYSA-N,107934-68-9,STopTox peer-reviewed curated experimental irritation dataset,https://doi.org/10.1289/EHP9341,"[""eye:CpId:97""]","[""explicit_curated_experimental_outcome_0"", ""absence_of_hazard_statement_not_used"", ""defined_single_structure"", ""exact_identity_deduplicated"", ""current_strong_conflicts_excluded"", ""external_holdout_quarantined"", ""publication_dataset_oecd_405_curation""]",peer_reviewed_curated_experimental_negative,0.9,experimental,"OECD TG 405 experimental eye irritation, curated at dataset level",not irritating / not classified (curated Outcome=0),not_reported_per_record_in_public_sdf,eye:CpId:97,03dc5888f0859ddcc1b694e186bb2137229ea571e3db56572205f482794de03d,https://github.com/joyvb/stoptox,6ba3a7f82ab9fda8534f120114a566eec296e8ae,CIZUMWWHWPJAAK-UHFFFAOYSA-N
O=C1OC(=O)c2ccc3c4ccc5c6c(ccc(c7ccc1c2c73)c64)C(=O)OC5=O,0,128-69-8,CLYVDMAATCIVBF-UHFFFAOYSA-N,128-69-8,STopTox peer-reviewed curated experimental irritation dataset,https://doi.org/10.1289/EHP9341,"[""eye:CpId:101""]","[""explicit_curated_experimental_outcome_0"", ""absence_of_hazard_statement_not_used"", ""defined_single_structure"", ""exact_identity_deduplicated"", ""current_strong_conflicts_excluded"", ""external_holdout_quarantined"", ""publication_dataset_oecd_405_curation""]",peer_reviewed_curated_experimental_negative,0.9,experimental,"OECD TG 405 experimental eye irritation, curated at dataset level",not irritating / not classified (curated Outcome=0),not_reported_per_record_in_public_sdf,eye:CpId:101,03dc5888f0859ddcc1b694e186bb2137229ea571e3db56572205f482794de03d,https://github.com/joyvb/stoptox,6ba3a7f82ab9fda8534f120114a566eec296e8ae,CLYVDMAATCIVBF-UHFFFAOYSA-N
CC(C)OC(=O)c1ccc(O)cc1,0,4191-73-5,CMHMMKSPYOOVGI-UHFFFAOYSA-N,4191-73-5,STopTox peer-reviewed curated experimental irritation dataset,https://doi.org/10.1289/EHP9341,"[""eye:CpId:1301""]","[""explicit_curated_experimental_outcome_0"", ""absence_of_hazard_statement_not_used"", ""defined_single_structure"", ""exact_identity_deduplicated"", ""current_strong_conflicts_excluded"", ""external_holdout_quarantined"", ""publication_dataset_oecd_405_curation""]",peer_reviewed_curated_experimental_negative,0.9,experimental,"OECD TG 405 experimental eye irritation, curated at dataset level",not irritating / not classified (curated Outcome=0),not_reported_per_record_in_public_sdf,eye:CpId:1301,03dc5888f0859ddcc1b694e186bb2137229ea571e3db56572205f482794de03d,https://github.com/joyvb/stoptox,6ba3a7f82ab9fda8534f120114a566eec296e8ae,"InChI=1S/C10H12O3/c1-7(2)13-10(12)8-3-5-9(11)6-4-8/h3-7,11H,1-2H3"
C=C(C)C(=O)OCCOC(=O)C=C(C)O,0,21282-97-3,CMLLBPTWCQJWCH-UHFFFAOYSA-N,21282-97-3,STopTox peer-reviewed curated experimental irritation dataset,https://doi.org/10.1289/EHP9341,"[""eye:CpId:294""]","[""explicit_curated_experimental_outcome_0"", ""absence_of_hazard_statement_not_used"", ""defined_single_structure"", ""exact_identity_deduplicated"", ""current_strong_conflicts_excluded"", ""external_holdout_quarantined"", ""publication_dataset_oecd_405_curation""]",peer_reviewed_curated_experimental_negative,0.9,experimental,"OECD TG 405 experimental eye irritation, curated at dataset level",not irritating / not classified (curated Outcome=0),not_reported_per_record_in_public_sdf,eye:CpId:294,03dc5888f0859ddcc1b694e186bb2137229ea571e3db56572205f482794de03d,https://github.com/joyvb/stoptox,6ba3a7f82ab9fda8534f120114a566eec296e8ae,IBDVWXAVKPRHCU-UHFFFAOYSA-N
C=CC(=O)NCC(OC)OC,0,49707-23-5,CMMYGCUEJWTBCG-UHFFFAOYSA-N,49707-23-5,STopTox peer-reviewed curated experimental irritation dataset,https://doi.org/10.1289/EHP9341,"[""eye:CpId:103""]","[""explicit_curated_experimental_outcome_0"", ""absence_of_hazard_statement_not_used"", ""defined_single_structure"", ""exact_identity_deduplicated"", ""current_strong_conflicts_excluded"", ""external_holdout_quarantined"", ""publication_dataset_oecd_405_curation""]",peer_reviewed_curated_experimental_negative,0.9,experimental,"OECD TG 405 experimental eye irritation, curated at dataset level",not irritating / not classified (curated Outcome=0),not_reported_per_record_in_public_sdf,eye:CpId:103,03dc5888f0859ddcc1b694e186bb2137229ea571e3db56572205f482794de03d,https://github.com/joyvb/stoptox,6ba3a7f82ab9fda8534f120114a566eec296e8ae,CMMYGCUEJWTBCG-UHFFFAOYSA-N
COC(=O)C(C)(C)C,0,598-98-1,CNMFHDIDIMZHKY-UHFFFAOYSA-N,598-98-1,STopTox peer-reviewed curated experimental irritation dataset,https://doi.org/10.1289/EHP9341,"[""eye:CpId:1305""]","[""explicit_curated_experimental_outcome_0"", ""absence_of_hazard_statement_not_used"", ""defined_single_structure"", ""exact_identity_deduplicated"", ""current_strong_conflicts_excluded"", ""external_holdout_quarantined"", ""publication_dataset_oecd_405_curation""]",peer_reviewed_curated_experimental_negative,0.9,experimental,"OECD TG 405 experimental eye irritation, curated at dataset level",not irritating / not classified (curated Outcome=0),not_reported_per_record_in_public_sdf,eye:CpId:1305,03dc5888f0859ddcc1b694e186bb2137229ea571e3db56572205f482794de03d,https://github.com/joyvb/stoptox,6ba3a7f82ab9fda8534f120114a566eec296e8ae,"InChI=1S/C6H12O2/c1-6(2,3)5(7)8-4/h1-4H3"
CCCCCCCCCCCCCCCOS(=O)(=O)O,0,68955-19-1,COUMKTRLCGRAAA-UHFFFAOYSA-N,68955-19-1,STopTox peer-reviewed curated experimental irritation dataset,https://doi.org/10.1289/EHP9341,"[""eye:CpId:108""]","[""explicit_curated_experimental_outcome_0"", ""absence_of_hazard_statement_not_used"", ""defined_single_structure"", ""exact_identity_deduplicated"", ""current_strong_conflicts_excluded"", ""external_holdout_quarantined"", ""publication_dataset_oecd_405_curation""]",peer_reviewed_curated_experimental_negative,0.9,experimental,"OECD TG 405 experimental eye irritation, curated at dataset level",not irritating / not classified (curated Outcome=0),not_reported_per_record_in_public_sdf,eye:CpId:108,03dc5888f0859ddcc1b694e186bb2137229ea571e3db56572205f482794de03d,https://github.com/joyvb/stoptox,6ba3a7f82ab9fda8534f120114a566eec296e8ae,COUMKTRLCGRAAA-UHFFFAOYSA-M
CCOc1ccc(NC(C)=O)cc1,0,62-44-2,CPJSUEIXXCENMM-UHFFFAOYSA-N,62-44-2,STopTox peer-reviewed curated experimental irritation dataset,https://doi.org/10.1289/EHP9341,"[""eye:CpId:1310""]","[""explicit_curated_experimental_outcome_0"", ""absence_of_hazard_statement_not_used"", ""defined_single_structure"", ""exact_identity_deduplicated"", ""current_strong_conflicts_excluded"", ""external_holdout_quarantined"", ""publication_dataset_oecd_405_curation""]",peer_reviewed_curated_experimental_negative,0.9,experimental,"OECD TG 405 experimental eye irritation, curated at dataset level",not irritating / not classified (curated Outcome=0),not_reported_per_record_in_public_sdf,eye:CpId:1310,03dc5888f0859ddcc1b694e186bb2137229ea571e3db56572205f482794de03d,https://github.com/joyvb/stoptox,6ba3a7f82ab9fda8534f120114a566eec296e8ae,"InChI=1S/C10H13NO2/c1-3-13-10-6-4-9(5-7-10)11-8(2)12/h4-7H,3H2,1-2H3,(H,11,12)"
CCO[Si](C)(OCC)OCC,0,2031-67-6,CPUDPFPXCZDNGI-UHFFFAOYSA-N,2031-67-6,STopTox peer-reviewed curated experimental irritation dataset,https://doi.org/10.1289/EHP9341,"[""eye:CpId:111""]","[""explicit_curated_experimental_outcome_0"", ""absence_of_hazard_statement_not_used"", ""defined_single_structure"", ""exact_identity_deduplicated"", ""current_strong_conflicts_excluded"", ""external_holdout_quarantined"", ""publication_dataset_oecd_405_curation""]",peer_reviewed_curated_experimental_negative,0.9,experimental,"OECD TG 405 experimental eye irritation, curated at dataset level",not irritating / not classified (curated Outcome=0),not_reported_per_record_in_public_sdf,eye:CpId:111,03dc5888f0859ddcc1b694e186bb2137229ea571e3db56572205f482794de03d,https://github.com/joyvb/stoptox,6ba3a7f82ab9fda8534f120114a566eec296e8ae,CPUDPFPXCZDNGI-UHFFFAOYSA-N
CC(C)(C)CCCCC1(C(=O)OC(C)(C)CC(C)(C)C)OO1,0,51240-95-0,CRJIYMRJTJWVLU-UHFFFAOYSA-N,51240-95-0,STopTox peer-reviewed curated experimental irritation dataset,https://doi.org/10.1289/EHP9341,"[""eye:CpId:113""]","[""explicit_curated_experimental_outcome_0"", ""absence_of_hazard_statement_not_used"", ""defined_single_structure"", ""exact_identity_deduplicated"", ""current_strong_conflicts_excluded"", ""external_holdout_quarantined"", ""publication_dataset_oecd_405_curation""]",peer_reviewed_curated_experimental_negative,0.9,experimental,"OECD TG 405 experimental eye irritation, curated at dataset level",not irritating / not classified (curated Outcome=0),not_reported_per_record_in_public_sdf,eye:CpId:113,03dc5888f0859ddcc1b694e186bb2137229ea571e3db56572205f482794de03d,https://github.com/joyvb/stoptox,6ba3a7f82ab9fda8534f120114a566eec296e8ae,CRJIYMRJTJWVLU-UHFFFAOYSA-N
C=CCCCCCCCCCC,0,112-41-4,CRSBERNSMYQZNG-UHFFFAOYSA-N,112-41-4,STopTox peer-reviewed curated experimental irritation dataset,https://doi.org/10.1289/EHP9341,"[""eye:CpId:114""]","[""explicit_curated_experimental_outcome_0"", ""absence_of_hazard_statement_not_used"", ""defined_single_structure"", ""exact_identity_deduplicated"", ""current_strong_conflicts_excluded"", ""external_holdout_quarantined"", ""publication_dataset_oecd_405_curation""]",peer_reviewed_curated_experimental_negative,0.9,experimental,"OECD TG 405 experimental eye irritation, curated at dataset level",not irritating / not classified (curated Outcome=0),not_reported_per_record_in_public_sdf,eye:CpId:114,03dc5888f0859ddcc1b694e186bb2137229ea571e3db56572205f482794de03d,https://github.com/joyvb/stoptox,6ba3a7f82ab9fda8534f120114a566eec296e8ae,CRSBERNSMYQZNG-UHFFFAOYSA-N
CCCCCON=O,0,463-04-7,CSDTZUBPSYWZDX-UHFFFAOYSA-N,463-04-7,STopTox peer-reviewed curated experimental irritation dataset,https://doi.org/10.1289/EHP9341,"[""eye:CpId:1320""]","[""explicit_curated_experimental_outcome_0"", ""absence_of_hazard_statement_not_used"", ""defined_single_structure"", ""exact_identity_deduplicated"", ""current_strong_conflicts_excluded"", ""external_holdout_quarantined"", ""publication_dataset_oecd_405_curation""]",peer_reviewed_curated_experimental_negative,0.9,experimental,"OECD TG 405 experimental eye irritation, curated at dataset level",not irritating / not classified (curated Outcome=0),not_reported_per_record_in_public_sdf,eye:CpId:1320,03dc5888f0859ddcc1b694e186bb2137229ea571e3db56572205f482794de03d,https://github.com/joyvb/stoptox,6ba3a7f82ab9fda8534f120114a566eec296e8ae,"InChI=1S/C5H11NO2/c1-2-3-4-5-8-6-7/h2-5H2,1H3"
CC#CCC(C)C(O)C=CC1C(O)CC2Oc3c(CCCC(=O)O)cccc3C21,0,88430-50-6,CTPOHARTNNSRSR-UHFFFAOYSA-N,88430-50-6,STopTox peer-reviewed curated experimental irritation dataset,https://doi.org/10.1289/EHP9341,"[""eye:CpId:1323""]","[""explicit_curated_experimental_outcome_0"", ""absence_of_hazard_statement_not_used"", ""defined_single_structure"", ""exact_identity_deduplicated"", ""current_strong_conflicts_excluded"", ""external_holdout_quarantined"", ""publication_dataset_oecd_405_curation""]",peer_reviewed_curated_experimental_negative,0.9,experimental,"OECD TG 405 experimental eye irritation, curated at dataset level",not irritating / not classified (curated Outcome=0),not_reported_per_record_in_public_sdf,eye:CpId:1323,03dc5888f0859ddcc1b694e186bb2137229ea571e3db56572205f482794de03d,https://github.com/joyvb/stoptox,6ba3a7f82ab9fda8534f120114a566eec296e8ae,"InChI=1S/C24H30O5/c1-3-4-7-15(2)19(25)13-12-17-20(26)14-21-23(17)18-10-5-8-16(24(18)29-21)9-6-11-22(27)28/h5,8,10,12-13,15,17,19-21,23,25-26H,6-7,9,11,14H2,1-2H3,(H,27,28)"
CCCCCCCCCCCC(=O)OCCO,0,9004-81-3,CTXGTHVAWRBISV-UHFFFAOYSA-N,9004-81-3,STopTox peer-reviewed curated experimental irritation dataset,https://doi.org/10.1289/EHP9341,"[""eye:CpId:1327""]","[""explicit_curated_experimental_outcome_0"", ""absence_of_hazard_statement_not_used"", ""defined_single_structure"", ""exact_identity_deduplicated"", ""current_strong_conflicts_excluded"", ""external_holdout_quarantined"", ""publication_dataset_oecd_405_curation""]",peer_reviewed_curated_experimental_negative,0.9,experimental,"OECD TG 405 experimental eye irritation, curated at dataset level",not irritating / not classified (curated Outcome=0),not_reported_per_record_in_public_sdf,eye:CpId:1327,03dc5888f0859ddcc1b694e186bb2137229ea571e3db56572205f482794de03d,https://github.com/joyvb/stoptox,6ba3a7f82ab9fda8534f120114a566eec296e8ae,"InChI=1S/C14H28O3/c1-2-3-4-5-6-7-8-9-10-11-14(16)17-13-12-15/h15H,2-13H2,1H3"
CCN(CC)CCOC(=O)C1(C2CCCCC2)CCCCC1,0,77-19-0,CURUTKGFNZGFSE-UHFFFAOYSA-N,77-19-0,STopTox peer-reviewed curated experimental irritation dataset,https://doi.org/10.1289/EHP9341,"[""eye:CpId:1329""]","[""explicit_curated_experimental_outcome_0"", ""absence_of_hazard_statement_not_used"", ""defined_single_structure"", ""exact_identity_deduplicated"", ""current_strong_conflicts_excluded"", ""external_holdout_quarantined"", ""publication_dataset_oecd_405_curation""]",peer_reviewed_curated_experimental_negative,0.9,experimental,"OECD TG 405 experimental eye irritation, curated at dataset level",not irritating / not classified (curated Outcome=0),not_reported_per_record_in_public_sdf,eye:CpId:1329,03dc5888f0859ddcc1b694e186bb2137229ea571e3db56572205f482794de03d,https://github.com/joyvb/stoptox,6ba3a7f82ab9fda8534f120114a566eec296e8ae,"InChI=1S/C19H35NO2/c1-3-20(4-2)15-16-22-18(21)19(13-9-6-10-14-19)17-11-7-5-8-12-17/h17H,3-16H2,1-2H3"
CCCCOCC(C)OCC(C)O,0,29911-28-2,CUVLMZNMSPJDON-UHFFFAOYSA-N,29911-28-2,STopTox peer-reviewed curated experimental irritation dataset,https://doi.org/10.1289/EHP9341,"[""eye:CpId:119""]","[""explicit_curated_experimental_outcome_0"", ""absence_of_hazard_statement_not_used"", ""defined_single_structure"", ""exact_identity_deduplicated"", ""current_strong_conflicts_excluded"", ""external_holdout_quarantined"", ""publication_dataset_oecd_405_curation""]",peer_reviewed_curated_experimental_negative,0.9,experimental,"OECD TG 405 experimental eye irritation, curated at dataset level",not irritating / not classified (curated Outcome=0),not_reported_per_record_in_public_sdf,eye:CpId:119,03dc5888f0859ddcc1b694e186bb2137229ea571e3db56572205f482794de03d,https://github.com/joyvb/stoptox,6ba3a7f82ab9fda8534f120114a566eec296e8ae,CUVLMZNMSPJDON-UHFFFAOYSA-N
CC(C)c1ccc(S(=O)(=O)O)cc1,0,15763-76-5,CVLHGLWXLDOELD-UHFFFAOYSA-N,15763-76-5,STopTox peer-reviewed curated experimental irritation dataset,https://doi.org/10.1289/EHP9341,"[""eye:CpId:121""]","[""explicit_curated_experimental_outcome_0"", ""absence_of_hazard_statement_not_used"", ""defined_single_structure"", ""exact_identity_deduplicated"", ""current_strong_conflicts_excluded"", ""external_holdout_quarantined"", ""publication_dataset_oecd_405_curation""]",peer_reviewed_curated_experimental_negative,0.9,experimental,"OECD TG 405 experimental eye irritation, curated at dataset level",not irritating / not classified (curated Outcome=0),not_reported_per_record_in_public_sdf,eye:CpId:121,03dc5888f0859ddcc1b694e186bb2137229ea571e3db56572205f482794de03d,https://github.com/joyvb/stoptox,6ba3a7f82ab9fda8534f120114a566eec296e8ae,CVLHGLWXLDOELD-UHFFFAOYSA-M
CC(C)OC(=O)Nc1cccc(Cl)c1,0,101-21-3,CWJSHJJYOPWUGX-UHFFFAOYSA-N,101-21-3,STopTox peer-reviewed curated experimental irritation dataset,https://doi.org/10.1289/EHP9341,"[""eye:CpId:1332""]","[""explicit_curated_experimental_outcome_0"", ""absence_of_hazard_statement_not_used"", ""defined_single_structure"", ""exact_identity_deduplicated"", ""current_strong_conflicts_excluded"", ""external_holdout_quarantined"", ""publication_dataset_oecd_405_curation""]",peer_reviewed_curated_experimental_negative,0.9,experimental,"OECD TG 405 experimental eye irritation, curated at dataset level",not irritating / not classified (curated Outcome=0),not_reported_per_record_in_public_sdf,eye:CpId:1332,03dc5888f0859ddcc1b694e186bb2137229ea571e3db56572205f482794de03d,https://github.com/joyvb/stoptox,6ba3a7f82ab9fda8534f120114a566eec296e8ae,"InChI=1S/C10H12ClNO2/c1-7(2)14-10(13)12-9-5-3-4-8(11)6-9/h3-7H,1-2H3,(H,12,13)"
COc1cc(O)c(C(=O)c2ccccc2)cc1S(=O)(=O)O,0,4065-45-6 6628-37-1,CXVGEDCSTKKODG-UHFFFAOYSA-N,4065-45-6 6628-37-1,STopTox peer-reviewed curated experimental irritation dataset,https://doi.org/10.1289/EHP9341,"[""eye:CpId:1339""]","[""explicit_curated_experimental_outcome_0"", ""absence_of_hazard_statement_not_used"", ""defined_single_structure"", ""exact_identity_deduplicated"", ""current_strong_conflicts_excluded"", ""external_holdout_quarantined"", ""publication_dataset_oecd_405_curation""]",peer_reviewed_curated_experimental_negative,0.9,experimental,"OECD TG 405 experimental eye irritation, curated at dataset level",not irritating / not classified (curated Outcome=0),not_reported_per_record_in_public_sdf,eye:CpId:1339,03dc5888f0859ddcc1b694e186bb2137229ea571e3db56572205f482794de03d,https://github.com/joyvb/stoptox,6ba3a7f82ab9fda8534f120114a566eec296e8ae,"InChI=1S/C14H12O6S/c1-20-12-8-11(15)10(7-13(12)21(17,18)19)14(16)9-5-3-2-4-6-9/h2-8,15H,1H3,(H,17,18,19)"
C=COCCOCCOCCOC=C,0,765-12-8,CYIGRWUIQAVBFG-UHFFFAOYSA-N,765-12-8,STopTox peer-reviewed curated experimental irritation dataset,https://doi.org/10.1289/EHP9341,"[""eye:CpId:123""]","[""explicit_curated_experimental_outcome_0"", ""absence_of_hazard_statement_not_used"", ""defined_single_structure"", ""exact_identity_deduplicated"", ""current_strong_conflicts_excluded"", ""external_holdout_quarantined"", ""publication_dataset_oecd_405_curation""]",peer_reviewed_curated_experimental_negative,0.9,experimental,"OECD TG 405 experimental eye irritation, curated at dataset level",not irritating / not classified (curated Outcome=0),not_reported_per_record_in_public_sdf,eye:CpId:123,03dc5888f0859ddcc1b694e186bb2137229ea571e3db56572205f482794de03d,https://github.com/joyvb/stoptox,6ba3a7f82ab9fda8534f120114a566eec296e8ae,CYIGRWUIQAVBFG-UHFFFAOYSA-N
CCCCC(CC)CNC(=O)CCCCCC(C)C,0,93820-33-8,CYJLFSMDQYFKRD-UHFFFAOYSA-N,93820-33-8,STopTox peer-reviewed curated experimental irritation dataset,https://doi.org/10.1289/EHP9341,"[""eye:CpId:124""]","[""explicit_curated_experimental_outcome_0"", ""absence_of_hazard_statement_not_used"", ""defined_single_structure"", ""exact_identity_deduplicated"", ""current_strong_conflicts_excluded"", ""external_holdout_quarantined"", ""publication_dataset_oecd_405_curation""]",peer_reviewed_curated_experimental_negative,0.9,experimental,"OECD TG 405 experimental eye irritation, curated at dataset level",not irritating / not classified (curated Outcome=0),not_reported_per_record_in_public_sdf,eye:CpId:124,03dc5888f0859ddcc1b694e186bb2137229ea571e3db56572205f482794de03d,https://github.com/joyvb/stoptox,6ba3a7f82ab9fda8534f120114a566eec296e8ae,CYJLFSMDQYFKRD-UHFFFAOYSA-N
C[Si](C)(C)C,0,75-76-3,CZDYPVPMEAXLPK-UHFFFAOYSA-N,75-76-3,STopTox peer-reviewed curated experimental irritation dataset,https://doi.org/10.1289/EHP9341,"[""eye:CpId:126""]","[""explicit_curated_experimental_outcome_0"", ""absence_of_hazard_statement_not_used"", ""defined_single_structure"", ""exact_identity_deduplicated"", ""current_strong_conflicts_excluded"", ""external_holdout_quarantined"", ""publication_dataset_oecd_405_curation""]",peer_reviewed_curated_experimental_negative,0.9,experimental,"OECD TG 405 experimental eye irritation, curated at dataset level",not irritating / not classified (curated Outcome=0),not_reported_per_record_in_public_sdf,eye:CpId:126,03dc5888f0859ddcc1b694e186bb2137229ea571e3db56572205f482794de03d,https://github.com/joyvb/stoptox,6ba3a7f82ab9fda8534f120114a566eec296e8ae,CZDYPVPMEAXLPK-UHFFFAOYSA-N
OCC1OC(OC2(CO)OC(CO)C(O)C2O)C(O)C(O)C1O,0,57-50-1,CZMRCDWAGMRECN-UHFFFAOYSA-N,57-50-1,STopTox peer-reviewed curated experimental irritation dataset,https://doi.org/10.1289/EHP9341,"[""eye:CpId:1347""]","[""explicit_curated_experimental_outcome_0"", ""absence_of_hazard_statement_not_used"", ""defined_single_structure"", ""exact_identity_deduplicated"", ""current_strong_conflicts_excluded"", ""external_holdout_quarantined"", ""publication_dataset_oecd_405_curation""]",peer_reviewed_curated_experimental_negative,0.9,experimental,"OECD TG 405 experimental eye irritation, curated at dataset level",not irritating / not classified (curated Outcome=0),not_reported_per_record_in_public_sdf,eye:CpId:1347,03dc5888f0859ddcc1b694e186bb2137229ea571e3db56572205f482794de03d,https://github.com/joyvb/stoptox,6ba3a7f82ab9fda8534f120114a566eec296e8ae,"InChI=1S/C12H22O11/c13-1-4-6(16)8(18)9(19)11(21-4)23-12(3-15)10(20)7(17)5(2-14)22-12/h4-11,13-20H,1-3H2"
CC(C)C(=O)OCC(C)(C)C(O)C(C)C,0,25265-77-4,DAFHKNAQFPVRKR-UHFFFAOYSA-N,25265-77-4,STopTox peer-reviewed curated experimental irritation dataset,https://doi.org/10.1289/EHP9341,"[""eye:CpId:127""]","[""explicit_curated_experimental_outcome_0"", ""absence_of_hazard_statement_not_used"", ""defined_single_structure"", ""exact_identity_deduplicated"", ""current_strong_conflicts_excluded"", ""external_holdout_quarantined"", ""publication_dataset_oecd_405_curation""]",peer_reviewed_curated_experimental_negative,0.9,experimental,"OECD TG 405 experimental eye irritation, curated at dataset level",not irritating / not classified (curated Outcome=0),not_reported_per_record_in_public_sdf,eye:CpId:127,03dc5888f0859ddcc1b694e186bb2137229ea571e3db56572205f482794de03d,https://github.com/joyvb/stoptox,6ba3a7f82ab9fda8534f120114a566eec296e8ae,DAFHKNAQFPVRKR-UHFFFAOYSA-N
CCNC(C)Cc1cccc(C(F)(F)F)c1,0,458-24-2,DBGIVFWFUFKIQN-UHFFFAOYSA-N,458-24-2,STopTox peer-reviewed curated experimental irritation dataset,https://doi.org/10.1289/EHP9341,"[""eye:CpId:1351""]","[""explicit_curated_experimental_outcome_0"", ""absence_of_hazard_statement_not_used"", ""defined_single_structure"", ""exact_identity_deduplicated"", ""current_strong_conflicts_excluded"", ""external_holdout_quarantined"", ""publication_dataset_oecd_405_curation""]",peer_reviewed_curated_experimental_negative,0.9,experimental,"OECD TG 405 experimental eye irritation, curated at dataset level",not irritating / not classified (curated Outcome=0),not_reported_per_record_in_public_sdf,eye:CpId:1351,03dc5888f0859ddcc1b694e186bb2137229ea571e3db56572205f482794de03d,https://github.com/joyvb/stoptox,6ba3a7f82ab9fda8534f120114a566eec296e8ae,"InChI=1S/C12H16F3N/c1-3-16-9(2)7-10-5-4-6-11(8-10)12(13,14)15/h4-6,8-9,16H,3,7H2,1-2H3"
CC(O)(P(=O)(O)O)P(=O)(O)O,0,3794-83-0,DBVJJBKOTRCVKF-UHFFFAOYSA-N,3794-83-0,STopTox peer-reviewed curated experimental irritation dataset,https://doi.org/10.1289/EHP9341,"[""eye:CpId:128""]","[""explicit_curated_experimental_outcome_0"", ""absence_of_hazard_statement_not_used"", ""defined_single_structure"", ""exact_identity_deduplicated"", ""current_strong_conflicts_excluded"", ""external_holdout_quarantined"", ""publication_dataset_oecd_405_curation""]",peer_reviewed_curated_experimental_negative,0.9,experimental,"OECD TG 405 experimental eye irritation, curated at dataset level",not irritating / not classified (curated Outcome=0),not_reported_per_record_in_public_sdf,eye:CpId:128,03dc5888f0859ddcc1b694e186bb2137229ea571e3db56572205f482794de03d,https://github.com/joyvb/stoptox,6ba3a7f82ab9fda8534f120114a566eec296e8ae,DBVJJBKOTRCVKF-UHFFFAOYSA-J
CCCCCCCCCCCCCCCC,0,544-76-3,DCAYPVUWAIABOU-UHFFFAOYSA-N,544-76-3,STopTox peer-reviewed curated experimental irritation dataset,https://doi.org/10.1289/EHP9341,"[""eye:CpId:129""]","[""explicit_curated_experimental_outcome_0"", ""absence_of_hazard_statement_not_used"", ""defined_single_structure"", ""exact_identity_deduplicated"", ""current_strong_conflicts_excluded"", ""external_holdout_quarantined"", ""publication_dataset_oecd_405_curation""]",peer_reviewed_curated_experimental_negative,0.9,experimental,"OECD TG 405 experimental eye irritation, curated at dataset level",not irritating / not classified (curated Outcome=0),not_reported_per_record_in_public_sdf,eye:CpId:129,03dc5888f0859ddcc1b694e186bb2137229ea571e3db56572205f482794de03d,https://github.com/joyvb/stoptox,6ba3a7f82ab9fda8534f120114a566eec296e8ae,DCAYPVUWAIABOU-UHFFFAOYSA-N
C1CCCCCCCCCCC1,0,294-62-2,DDTBPAQBQHZRDW-UHFFFAOYSA-N,294-62-2,STopTox peer-reviewed curated experimental irritation dataset,https://doi.org/10.1289/EHP9341,"[""eye:CpId:1360""]","[""explicit_curated_experimental_outcome_0"", ""absence_of_hazard_statement_not_used"", ""defined_single_structure"", ""exact_identity_deduplicated"", ""current_strong_conflicts_excluded"", ""external_holdout_quarantined"", ""publication_dataset_oecd_405_curation""]",peer_reviewed_curated_experimental_negative,0.9,experimental,"OECD TG 405 experimental eye irritation, curated at dataset level",not irritating / not classified (curated Outcome=0),not_reported_per_record_in_public_sdf,eye:CpId:1360,03dc5888f0859ddcc1b694e186bb2137229ea571e3db56572205f482794de03d,https://github.com/joyvb/stoptox,6ba3a7f82ab9fda8534f120114a566eec296e8ae,InChI=1S/C12H24/c1-2-4-6-8-10-12-11-9-7-5-3-1/h1-12H2
C(=Cc1ccccc1)CN1CCN(C(c2ccccc2)c2ccccc2)CC1,0,298-57-7,DERZBLKQOCDDDZ-UHFFFAOYSA-N,298-57-7,STopTox peer-reviewed curated experimental irritation dataset,https://doi.org/10.1289/EHP9341,"[""eye:CpId:1364""]","[""explicit_curated_experimental_outcome_0"", ""absence_of_hazard_statement_not_used"", ""defined_single_structure"", ""exact_identity_deduplicated"", ""current_strong_conflicts_excluded"", ""external_holdout_quarantined"", ""publication_dataset_oecd_405_curation""]",peer_reviewed_curated_experimental_negative,0.9,experimental,"OECD TG 405 experimental eye irritation, curated at dataset level",not irritating / not classified (curated Outcome=0),not_reported_per_record_in_public_sdf,eye:CpId:1364,03dc5888f0859ddcc1b694e186bb2137229ea571e3db56572205f482794de03d,https://github.com/joyvb/stoptox,6ba3a7f82ab9fda8534f120114a566eec296e8ae,"InChI=1S/C26H28N2/c1-4-11-23(12-5-1)13-10-18-27-19-21-28(22-20-27)26(24-14-6-2-7-15-24)25-16-8-3-9-17-25/h1-17,26H,18-22H2"
FCOC(C(F)(F)F)C(F)(F)F,0,28523-86-6,DFEYYRMXOJXZRJ-UHFFFAOYSA-N,28523-86-6,STopTox peer-reviewed curated experimental irritation dataset,https://doi.org/10.1289/EHP9341,"[""eye:CpId:1367""]","[""explicit_curated_experimental_outcome_0"", ""absence_of_hazard_statement_not_used"", ""defined_single_structure"", ""exact_identity_deduplicated"", ""current_strong_conflicts_excluded"", ""external_holdout_quarantined"", ""publication_dataset_oecd_405_curation""]",peer_reviewed_curated_experimental_negative,0.9,experimental,"OECD TG 405 experimental eye irritation, curated at dataset level",not irritating / not classified (curated Outcome=0),not_reported_per_record_in_public_sdf,eye:CpId:1367,03dc5888f0859ddcc1b694e186bb2137229ea571e3db56572205f482794de03d,https://github.com/joyvb/stoptox,6ba3a7f82ab9fda8534f120114a566eec296e8ae,"InChI=1S/C4H3F7O/c5-1-12-2(3(6,7)8)4(9,10)11/h2H,1H2"
CCCCc1ccc(C(=O)O)nc1,0,536-69-6,DGMPVYSXXIOGJY-UHFFFAOYSA-N,536-69-6,STopTox peer-reviewed curated experimental irritation dataset,https://doi.org/10.1289/EHP9341,"[""eye:CpId:1369""]","[""explicit_curated_experimental_outcome_0"", ""absence_of_hazard_statement_not_used"", ""defined_single_structure"", ""exact_identity_deduplicated"", ""current_strong_conflicts_excluded"", ""external_holdout_quarantined"", ""publication_dataset_oecd_405_curation""]",peer_reviewed_curated_experimental_negative,0.9,experimental,"OECD TG 405 experimental eye irritation, curated at dataset level",not irritating / not classified (curated Outcome=0),not_reported_per_record_in_public_sdf,eye:CpId:1369,03dc5888f0859ddcc1b694e186bb2137229ea571e3db56572205f482794de03d,https://github.com/joyvb/stoptox,6ba3a7f82ab9fda8534f120114a566eec296e8ae,"InChI=1S/C10H13NO2/c1-2-3-4-8-5-6-9(10(12)13)11-7-8/h5-7H,2-4H2,1H3,(H,12,13)"
Cc1ccc(N)c(N)c1,0,496-72-0,DGRGLKZMKWPMOH-UHFFFAOYSA-N,496-72-0,STopTox peer-reviewed curated experimental irritation dataset,https://doi.org/10.1289/EHP9341,"[""eye:CpId:1371""]","[""explicit_curated_experimental_outcome_0"", ""absence_of_hazard_statement_not_used"", ""defined_single_structure"", ""exact_identity_deduplicated"", ""current_strong_conflicts_excluded"", ""external_holdout_quarantined"", ""publication_dataset_oecd_405_curation""]",peer_reviewed_curated_experimental_negative,0.9,experimental,"OECD TG 405 experimental eye irritation, curated at dataset level",not irritating / not classified (curated Outcome=0),not_reported_per_record_in_public_sdf,eye:CpId:1371,03dc5888f0859ddcc1b694e186bb2137229ea571e3db56572205f482794de03d,https://github.com/joyvb/stoptox,6ba3a7f82ab9fda8534f120114a566eec296e8ae,"InChI=1S/C7H10N2/c1-5-2-3-6(8)7(9)4-5/h2-4H,8-9H2,1H3"
CCCCCCCCCCCCCC(=O)OCCCC,0,110-36-1,DHAZIUXMHRHVMP-UHFFFAOYSA-N,110-36-1,STopTox peer-reviewed curated experimental irritation dataset,https://doi.org/10.1289/EHP9341,"[""eye:CpId:1374""]","[""explicit_curated_experimental_outcome_0"", ""absence_of_hazard_statement_not_used"", ""defined_single_structure"", ""exact_identity_deduplicated"", ""current_strong_conflicts_excluded"", ""external_holdout_quarantined"", ""publication_dataset_oecd_405_curation""]",peer_reviewed_curated_experimental_negative,0.9,experimental,"OECD TG 405 experimental eye irritation, curated at dataset level",not irritating / not classified (curated Outcome=0),not_reported_per_record_in_public_sdf,eye:CpId:1374,03dc5888f0859ddcc1b694e186bb2137229ea571e3db56572205f482794de03d,https://github.com/joyvb/stoptox,6ba3a7f82ab9fda8534f120114a566eec296e8ae,"InChI=1S/C18H36O2/c1-3-5-7-8-9-10-11-12-13-14-15-16-18(19)20-17-6-4-2/h3-17H2,1-2H3"
O=S(O)(O)=S,0,7783-18-8,DHCDFWKWKRSZHF-UHFFFAOYSA-N,7783-18-8,STopTox peer-reviewed curated experimental irritation dataset,https://doi.org/10.1289/EHP9341,"[""eye:CpId:134""]","[""explicit_curated_experimental_outcome_0"", ""absence_of_hazard_statement_not_used"", ""defined_single_structure"", ""exact_identity_deduplicated"", ""current_strong_conflicts_excluded"", ""external_holdout_quarantined"", ""publication_dataset_oecd_405_curation""]",peer_reviewed_curated_experimental_negative,0.9,experimental,"OECD TG 405 experimental eye irritation, curated at dataset level",not irritating / not classified (curated Outcome=0),not_reported_per_record_in_public_sdf,eye:CpId:134,03dc5888f0859ddcc1b694e186bb2137229ea571e3db56572205f482794de03d,https://github.com/joyvb/stoptox,6ba3a7f82ab9fda8534f120114a566eec296e8ae,DHCDFWKWKRSZHF-UHFFFAOYSA-N
CCC(C)(CCC(C)C)C(=O)OCC1CO1,0,26761-45-5,DHEHEJGXTUCSQF-UHFFFAOYSA-N,26761-45-5,STopTox peer-reviewed curated experimental irritation dataset,https://doi.org/10.1289/EHP9341,"[""eye:CpId:135""]","[""explicit_curated_experimental_outcome_0"", ""absence_of_hazard_statement_not_used"", ""defined_single_structure"", ""exact_identity_deduplicated"", ""current_strong_conflicts_excluded"", ""external_holdout_quarantined"", ""publication_dataset_oecd_405_curation""]",peer_reviewed_curated_experimental_negative,0.9,experimental,"OECD TG 405 experimental eye irritation, curated at dataset level",not irritating / not classified (curated Outcome=0),not_reported_per_record_in_public_sdf,eye:CpId:135,03dc5888f0859ddcc1b694e186bb2137229ea571e3db56572205f482794de03d,https://github.com/joyvb/stoptox,6ba3a7f82ab9fda8534f120114a566eec296e8ae,DHEHEJGXTUCSQF-UHFFFAOYSA-N
CC(C)(N)Cc1ccccc1,0,122-09-8,DHHVAGZRUROJKS-UHFFFAOYSA-N,122-09-8,STopTox peer-reviewed curated experimental irritation dataset,https://doi.org/10.1289/EHP9341,"[""eye:CpId:1375""]","[""explicit_curated_experimental_outcome_0"", ""absence_of_hazard_statement_not_used"", ""defined_single_structure"", ""exact_identity_deduplicated"", ""current_strong_conflicts_excluded"", ""external_holdout_quarantined"", ""publication_dataset_oecd_405_curation""]",peer_reviewed_curated_experimental_negative,0.9,experimental,"OECD TG 405 experimental eye irritation, curated at dataset level",not irritating / not classified (curated Outcome=0),not_reported_per_record_in_public_sdf,eye:CpId:1375,03dc5888f0859ddcc1b694e186bb2137229ea571e3db56572205f482794de03d,https://github.com/joyvb/stoptox,6ba3a7f82ab9fda8534f120114a566eec296e8ae,"InChI=1S/C10H15N/c1-10(2,11)8-9-6-4-3-5-7-9/h3-7H,8,11H2,1-2H3"
CCCCCCCCCC,0,124-18-5,DIOQZVSQGTUSAI-UHFFFAOYSA-N,124-18-5,STopTox peer-reviewed curated experimental irritation dataset,https://doi.org/10.1289/EHP9341,"[""eye:CpId:136""]","[""explicit_curated_experimental_outcome_0"", ""absence_of_hazard_statement_not_used"", ""defined_single_structure"", ""exact_identity_deduplicated"", ""current_strong_conflicts_excluded"", ""external_holdout_quarantined"", ""publication_dataset_oecd_405_curation""]",peer_reviewed_curated_experimental_negative,0.9,experimental,"OECD TG 405 experimental eye irritation, curated at dataset level",not irritating / not classified (curated Outcome=0),not_reported_per_record_in_public_sdf,eye:CpId:136,03dc5888f0859ddcc1b694e186bb2137229ea571e3db56572205f482794de03d,https://github.com/joyvb/stoptox,6ba3a7f82ab9fda8534f120114a566eec296e8ae,DIOQZVSQGTUSAI-UHFFFAOYSA-N
NC12CC3CC(CC(C3)C1)C2,0,768-94-5,DKNWSYNQZKUICI-UHFFFAOYSA-N,768-94-5,STopTox peer-reviewed curated experimental irritation dataset,https://doi.org/10.1289/EHP9341,"[""eye:CpId:1387""]","[""explicit_curated_experimental_outcome_0"", ""absence_of_hazard_statement_not_used"", ""defined_single_structure"", ""exact_identity_deduplicated"", ""current_strong_conflicts_excluded"", ""external_holdout_quarantined"", ""publication_dataset_oecd_405_curation""]",peer_reviewed_curated_experimental_negative,0.9,experimental,"OECD TG 405 experimental eye irritation, curated at dataset level",not irritating / not classified (curated Outcome=0),not_reported_per_record_in_public_sdf,eye:CpId:1387,03dc5888f0859ddcc1b694e186bb2137229ea571e3db56572205f482794de03d,https://github.com/joyvb/stoptox,6ba3a7f82ab9fda8534f120114a566eec296e8ae,"InChI=1S/C10H17N/c11-10-4-7-1-8(5-10)3-9(2-7)6-10/h7-9H,1-6,11H2"
CCCCOC(C)=O,0,123-86-4,DKPFZGUDAPQIHT-UHFFFAOYSA-N,123-86-4,STopTox peer-reviewed curated experimental irritation dataset,https://doi.org/10.1289/EHP9341,"[""eye:CpId:140""]","[""explicit_curated_experimental_outcome_0"", ""absence_of_hazard_statement_not_used"", ""defined_single_structure"", ""exact_identity_deduplicated"", ""current_strong_conflicts_excluded"", ""external_holdout_quarantined"", ""publication_dataset_oecd_405_curation""]",peer_reviewed_curated_experimental_negative,0.9,experimental,"OECD TG 405 experimental eye irritation, curated at dataset level",not irritating / not classified (curated Outcome=0),not_reported_per_record_in_public_sdf,eye:CpId:140,03dc5888f0859ddcc1b694e186bb2137229ea571e3db56572205f482794de03d,https://github.com/joyvb/stoptox,6ba3a7f82ab9fda8534f120114a566eec296e8ae,DKPFZGUDAPQIHT-UHFFFAOYSA-N
CCCCOCCOCCOCOCCOCCOCCCC,0,143-29-3,DKWHHTWSTXZKDW-UHFFFAOYSA-N,143-29-3,STopTox peer-reviewed curated experimental irritation dataset,https://doi.org/10.1289/EHP9341,"[""eye:CpId:141""]","[""explicit_curated_experimental_outcome_0"", ""absence_of_hazard_statement_not_used"", ""defined_single_structure"", ""exact_identity_deduplicated"", ""current_strong_conflicts_excluded"", ""external_holdout_quarantined"", ""publication_dataset_oecd_405_curation""]",peer_reviewed_curated_experimental_negative,0.9,experimental,"OECD TG 405 experimental eye irritation, curated at dataset level",not irritating / not classified (curated Outcome=0),not_reported_per_record_in_public_sdf,eye:CpId:141,03dc5888f0859ddcc1b694e186bb2137229ea571e3db56572205f482794de03d,https://github.com/joyvb/stoptox,6ba3a7f82ab9fda8534f120114a566eec296e8ae,DKWHHTWSTXZKDW-UHFFFAOYSA-N
CCCCCCCCCCCCOC(=O)c1ccccc1,0,68411-27-8,DLAHAXOYRFRPFQ-UHFFFAOYSA-N,68411-27-8,STopTox peer-reviewed curated experimental irritation dataset,https://doi.org/10.1289/EHP9341,"[""eye:CpId:142""]","[""explicit_curated_experimental_outcome_0"", ""absence_of_hazard_statement_not_used"", ""defined_single_structure"", ""exact_identity_deduplicated"", ""current_strong_conflicts_excluded"", ""external_holdout_quarantined"", ""publication_dataset_oecd_405_curation""]",peer_reviewed_curated_experimental_negative,0.9,experimental,"OECD TG 405 experimental eye irritation, curated at dataset level",not irritating / not classified (curated Outcome=0),not_reported_per_record_in_public_sdf,eye:CpId:142,03dc5888f0859ddcc1b694e186bb2137229ea571e3db56572205f482794de03d,https://github.com/joyvb/stoptox,6ba3a7f82ab9fda8534f120114a566eec296e8ae,DLAHAXOYRFRPFQ-UHFFFAOYSA-N
OCC#CCO,0,110-65-6,DLDJFQGPPSQZKI-UHFFFAOYSA-N,110-65-6,STopTox peer-reviewed curated experimental irritation dataset,https://doi.org/10.1289/EHP9341,"[""eye:CpId:143""]","[""explicit_curated_experimental_outcome_0"", ""absence_of_hazard_statement_not_used"", ""defined_single_structure"", ""exact_identity_deduplicated"", ""current_strong_conflicts_excluded"", ""external_holdout_quarantined"", ""publication_dataset_oecd_405_curation""]",peer_reviewed_curated_experimental_negative,0.9,experimental,"OECD TG 405 experimental eye irritation, curated at dataset level",not irritating / not classified (curated Outcome=0),not_reported_per_record_in_public_sdf,eye:CpId:143,03dc5888f0859ddcc1b694e186bb2137229ea571e3db56572205f482794de03d,https://github.com/joyvb/stoptox,6ba3a7f82ab9fda8534f120114a566eec296e8ae,DLDJFQGPPSQZKI-UHFFFAOYSA-N
C=COCC(F)(F)F,0,406-90-6,DLEGDLSLRSOURQ-UHFFFAOYSA-N,406-90-6,STopTox peer-reviewed curated experimental irritation dataset,https://doi.org/10.1289/EHP9341,"[""eye:CpId:1389""]","[""explicit_curated_experimental_outcome_0"", ""absence_of_hazard_statement_not_used"", ""defined_single_structure"", ""exact_identity_deduplicated"", ""current_strong_conflicts_excluded"", ""external_holdout_quarantined"", ""publication_dataset_oecd_405_curation""]",peer_reviewed_curated_experimental_negative,0.9,experimental,"OECD TG 405 experimental eye irritation, curated at dataset level",not irritating / not classified (curated Outcome=0),not_reported_per_record_in_public_sdf,eye:CpId:1389,03dc5888f0859ddcc1b694e186bb2137229ea571e3db56572205f482794de03d,https://github.com/joyvb/stoptox,6ba3a7f82ab9fda8534f120114a566eec296e8ae,"InChI=1S/C4H5F3O/c1-2-8-3-4(5,6)7/h2H,1,3H2"
CCCCCC(C)(O)C=CC1C(O)CC(O)C1CC=CCCCC(=O)O,0,35700-23-3,DLJKPYFALUEJCK-UHFFFAOYSA-N,35700-23-3,STopTox peer-reviewed curated experimental irritation dataset,https://doi.org/10.1289/EHP9341,"[""eye:CpId:1391""]","[""explicit_curated_experimental_outcome_0"", ""absence_of_hazard_statement_not_used"", ""defined_single_structure"", ""exact_identity_deduplicated"", ""current_strong_conflicts_excluded"", ""external_holdout_quarantined"", ""publication_dataset_oecd_405_curation""]",peer_reviewed_curated_experimental_negative,0.9,experimental,"OECD TG 405 experimental eye irritation, curated at dataset level",not irritating / not classified (curated Outcome=0),not_reported_per_record_in_public_sdf,eye:CpId:1391,03dc5888f0859ddcc1b694e186bb2137229ea571e3db56572205f482794de03d,https://github.com/joyvb/stoptox,6ba3a7f82ab9fda8534f120114a566eec296e8ae,"InChI=1S/C21H36O5/c1-3-4-9-13-21(2,26)14-12-17-16(18(22)15-19(17)23)10-7-5-6-8-11-20(24)25/h5,7,12,14,16-19,22-23,26H,3-4,6,8-11,13,15H2,1-2H3,(H,24,25)"
O=C(O)CSSCC(=O)O,0,68223-93-8,DLLMHEDYJQACRM-UHFFFAOYSA-N,68223-93-8,STopTox peer-reviewed curated experimental irritation dataset,https://doi.org/10.1289/EHP9341,"[""eye:CpId:144""]","[""explicit_curated_experimental_outcome_0"", ""absence_of_hazard_statement_not_used"", ""defined_single_structure"", ""exact_identity_deduplicated"", ""current_strong_conflicts_excluded"", ""external_holdout_quarantined"", ""publication_dataset_oecd_405_curation""]",peer_reviewed_curated_experimental_negative,0.9,experimental,"OECD TG 405 experimental eye irritation, curated at dataset level",not irritating / not classified (curated Outcome=0),not_reported_per_record_in_public_sdf,eye:CpId:144,03dc5888f0859ddcc1b694e186bb2137229ea571e3db56572205f482794de03d,https://github.com/joyvb/stoptox,6ba3a7f82ab9fda8534f120114a566eec296e8ae,DLLMHEDYJQACRM-UHFFFAOYSA-L
CC(N)C(O)c1ccccc1,0,14838-15-4,DLNKOYKMWOXYQA-UHFFFAOYSA-N,14838-15-4,STopTox peer-reviewed curated experimental irritation dataset,https://doi.org/10.1289/EHP9341,"[""eye:CpId:1392""]","[""explicit_curated_experimental_outcome_0"", ""absence_of_hazard_statement_not_used"", ""defined_single_structure"", ""exact_identity_deduplicated"", ""current_strong_conflicts_excluded"", ""external_holdout_quarantined"", ""publication_dataset_oecd_405_curation""]",peer_reviewed_curated_experimental_negative,0.9,experimental,"OECD TG 405 experimental eye irritation, curated at dataset level",not irritating / not classified (curated Outcome=0),not_reported_per_record_in_public_sdf,eye:CpId:1392,03dc5888f0859ddcc1b694e186bb2137229ea571e3db56572205f482794de03d,https://github.com/joyvb/stoptox,6ba3a7f82ab9fda8534f120114a566eec296e8ae,"InChI=1S/C9H13NO/c1-7(10)9(11)8-5-3-2-4-6-8/h2-7,9,11H,10H2,1H3"
Cc1cc(C)c(Nc2ccc(Nc3c(C)cc(C)cc3C)c3c2C(=O)c2ccccc2C3=O)c(C)c1,0,116-75-6,DMDRBXCDTZRMHZ-UHFFFAOYSA-N,116-75-6,STopTox peer-reviewed curated experimental irritation dataset,https://doi.org/10.1289/EHP9341,"[""eye:CpId:145""]","[""explicit_curated_experimental_outcome_0"", ""absence_of_hazard_statement_not_used"", ""defined_single_structure"", ""exact_identity_deduplicated"", ""current_strong_conflicts_excluded"", ""external_holdout_quarantined"", ""publication_dataset_oecd_405_curation""]",peer_reviewed_curated_experimental_negative,0.9,experimental,"OECD TG 405 experimental eye irritation, curated at dataset level",not irritating / not classified (curated Outcome=0),not_reported_per_record_in_public_sdf,eye:CpId:145,03dc5888f0859ddcc1b694e186bb2137229ea571e3db56572205f482794de03d,https://github.com/joyvb/stoptox,6ba3a7f82ab9fda8534f120114a566eec296e8ae,DMDRBXCDTZRMHZ-UHFFFAOYSA-N
CC12CCC3c4ccc(O)cc4CCC3C1CCC2=O,0,53-16-7,DNXHEGUUPJUMQT-UHFFFAOYSA-N,53-16-7,STopTox peer-reviewed curated experimental irritation dataset,https://doi.org/10.1289/EHP9341,"[""eye:CpId:1402""]","[""explicit_curated_experimental_outcome_0"", ""absence_of_hazard_statement_not_used"", ""defined_single_structure"", ""exact_identity_deduplicated"", ""current_strong_conflicts_excluded"", ""external_holdout_quarantined"", ""publication_dataset_oecd_405_curation""]",peer_reviewed_curated_experimental_negative,0.9,experimental,"OECD TG 405 experimental eye irritation, curated at dataset level",not irritating / not classified (curated Outcome=0),not_reported_per_record_in_public_sdf,eye:CpId:1402,03dc5888f0859ddcc1b694e186bb2137229ea571e3db56572205f482794de03d,https://github.com/joyvb/stoptox,6ba3a7f82ab9fda8534f120114a566eec296e8ae,"InChI=1S/C18H22O2/c1-18-9-8-14-13-5-3-12(19)10-11(13)2-4-15(14)16(18)6-7-17(18)20/h3,5,10,14-16,19H,2,4,6-9H2,1H3"
O=C(CS)OCC(O)CO,0,30618-84-9,DOGJSOZYUGJVKS-UHFFFAOYSA-N,30618-84-9,STopTox peer-reviewed curated experimental irritation dataset,https://doi.org/10.1289/EHP9341,"[""eye:CpId:149""]","[""explicit_curated_experimental_outcome_0"", ""absence_of_hazard_statement_not_used"", ""defined_single_structure"", ""exact_identity_deduplicated"", ""current_strong_conflicts_excluded"", ""external_holdout_quarantined"", ""publication_dataset_oecd_405_curation""]",peer_reviewed_curated_experimental_negative,0.9,experimental,"OECD TG 405 experimental eye irritation, curated at dataset level",not irritating / not classified (curated Outcome=0),not_reported_per_record_in_public_sdf,eye:CpId:149,03dc5888f0859ddcc1b694e186bb2137229ea571e3db56572205f482794de03d,https://github.com/joyvb/stoptox,6ba3a7f82ab9fda8534f120114a566eec296e8ae,DOGJSOZYUGJVKS-UHFFFAOYSA-N
CCCCOC(=O)c1ccccc1C(=O)OCCCC,0,84-74-2,DOIRQSBPFJWKBE-UHFFFAOYSA-N,84-74-2,STopTox peer-reviewed curated experimental irritation dataset,https://doi.org/10.1289/EHP9341,"[""eye:CpId:150""]","[""explicit_curated_experimental_outcome_0"", ""absence_of_hazard_statement_not_used"", ""defined_single_structure"", ""exact_identity_deduplicated"", ""current_strong_conflicts_excluded"", ""external_holdout_quarantined"", ""publication_dataset_oecd_405_curation""]",peer_reviewed_curated_experimental_negative,0.9,experimental,"OECD TG 405 experimental eye irritation, curated at dataset level",not irritating / not classified (curated Outcome=0),not_reported_per_record_in_public_sdf,eye:CpId:150,03dc5888f0859ddcc1b694e186bb2137229ea571e3db56572205f482794de03d,https://github.com/joyvb/stoptox,6ba3a7f82ab9fda8534f120114a566eec296e8ae,DOIRQSBPFJWKBE-UHFFFAOYSA-N
CCCCCC(=O)OC1(C(C)=O)CCC2C3CCC4=CC(=O)CCC4(C)C3CCC21C,0,630-56-8,DOMWKUIIPQCAJU-UHFFFAOYSA-N,630-56-8,STopTox peer-reviewed curated experimental irritation dataset,https://doi.org/10.1289/EHP9341,"[""eye:CpId:1406""]","[""explicit_curated_experimental_outcome_0"", ""absence_of_hazard_statement_not_used"", ""defined_single_structure"", ""exact_identity_deduplicated"", ""current_strong_conflicts_excluded"", ""external_holdout_quarantined"", ""publication_dataset_oecd_405_curation""]",peer_reviewed_curated_experimental_negative,0.9,experimental,"OECD TG 405 experimental eye irritation, curated at dataset level",not irritating / not classified (curated Outcome=0),not_reported_per_record_in_public_sdf,eye:CpId:1406,03dc5888f0859ddcc1b694e186bb2137229ea571e3db56572205f482794de03d,https://github.com/joyvb/stoptox,6ba3a7f82ab9fda8534f120114a566eec296e8ae,"InChI=1S/C27H40O4/c1-5-6-7-8-24(30)31-27(18(2)28)16-13-23-21-10-9-19-17-20(29)11-14-25(19,3)22(21)12-15-26(23,27)4/h17,21-23H,5-16H2,1-4H3"
O=[N+]([O-])c1ccc(F)c(Cl)c1,0,350-30-1,DPHCXXYPSYMICK-UHFFFAOYSA-N,350-30-1,STopTox peer-reviewed curated experimental irritation dataset,https://doi.org/10.1289/EHP9341,"[""eye:CpId:1409""]","[""explicit_curated_experimental_outcome_0"", ""absence_of_hazard_statement_not_used"", ""defined_single_structure"", ""exact_identity_deduplicated"", ""current_strong_conflicts_excluded"", ""external_holdout_quarantined"", ""publication_dataset_oecd_405_curation""]",peer_reviewed_curated_experimental_negative,0.9,experimental,"OECD TG 405 experimental eye irritation, curated at dataset level",not irritating / not classified (curated Outcome=0),not_reported_per_record_in_public_sdf,eye:CpId:1409,03dc5888f0859ddcc1b694e186bb2137229ea571e3db56572205f482794de03d,https://github.com/joyvb/stoptox,6ba3a7f82ab9fda8534f120114a566eec296e8ae,InChI=1S/C6H3ClFNO2/c7-5-3-4(9(10)11)1-2-6(5)8/h1-3H
C#CCN(C)Cc1ccccc1,0,555-57-7,DPWPWRLQFGFJFI-UHFFFAOYSA-N,555-57-7,STopTox peer-reviewed curated experimental irritation dataset,https://doi.org/10.1289/EHP9341,"[""eye:CpId:1411""]","[""explicit_curated_experimental_outcome_0"", ""absence_of_hazard_statement_not_used"", ""defined_single_structure"", ""exact_identity_deduplicated"", ""current_strong_conflicts_excluded"", ""external_holdout_quarantined"", ""publication_dataset_oecd_405_curation""]",peer_reviewed_curated_experimental_negative,0.9,experimental,"OECD TG 405 experimental eye irritation, curated at dataset level",not irritating / not classified (curated Outcome=0),not_reported_per_record_in_public_sdf,eye:CpId:1411,03dc5888f0859ddcc1b694e186bb2137229ea571e3db56572205f482794de03d,https://github.com/joyvb/stoptox,6ba3a7f82ab9fda8534f120114a566eec296e8ae,"InChI=1S/C11H13N/c1-3-9-12(2)10-11-7-5-4-6-8-11/h1,4-8H,9-10H2,2H3"
FC(F)OC(F)C(F)(F)F,0,57041-67-5,DPYMFVXJLLWWEU-UHFFFAOYSA-N,57041-67-5,STopTox peer-reviewed curated experimental irritation dataset,https://doi.org/10.1289/EHP9341,"[""eye:CpId:1412""]","[""explicit_curated_experimental_outcome_0"", ""absence_of_hazard_statement_not_used"", ""defined_single_structure"", ""exact_identity_deduplicated"", ""current_strong_conflicts_excluded"", ""external_holdout_quarantined"", ""publication_dataset_oecd_405_curation""]",peer_reviewed_curated_experimental_negative,0.9,experimental,"OECD TG 405 experimental eye irritation, curated at dataset level",not irritating / not classified (curated Outcome=0),not_reported_per_record_in_public_sdf,eye:CpId:1412,03dc5888f0859ddcc1b694e186bb2137229ea571e3db56572205f482794de03d,https://github.com/joyvb/stoptox,6ba3a7f82ab9fda8534f120114a566eec296e8ae,"InChI=1S/C3H2F6O/c4-1(3(7,8)9)10-2(5)6/h1-2H"
CCC(c1ccccc1)c1c(O)c2ccccc2oc1=O,0,435-97-2,DQDAYGNAKTZFIW-UHFFFAOYSA-N,435-97-2,STopTox peer-reviewed curated experimental irritation dataset,https://doi.org/10.1289/EHP9341,"[""eye:CpId:2601""]","[""explicit_curated_experimental_outcome_0"", ""absence_of_hazard_statement_not_used"", ""defined_single_structure"", ""exact_identity_deduplicated"", ""current_strong_conflicts_excluded"", ""external_holdout_quarantined"", ""publication_dataset_oecd_405_curation""]",peer_reviewed_curated_experimental_negative,0.9,experimental,"OECD TG 405 experimental eye irritation, curated at dataset level",not irritating / not classified (curated Outcome=0),not_reported_per_record_in_public_sdf,eye:CpId:2601,03dc5888f0859ddcc1b694e186bb2137229ea571e3db56572205f482794de03d,https://github.com/joyvb/stoptox,6ba3a7f82ab9fda8534f120114a566eec296e8ae,"InChI=1S/C18H16O3/c1-2-13(12-8-4-3-5-9-12)16-17(19)14-10-6-7-11-15(14)21-18(16)20/h3-11,13,19H,2H2,1H3"
CCCCCCCC(=O)Oc1c(Br)cc(C#N)cc1Br,0,1689-99-2,DQKWXTIYGWPGOO-UHFFFAOYSA-N,1689-99-2,STopTox peer-reviewed curated experimental irritation dataset,https://doi.org/10.1289/EHP9341,"[""eye:CpId:1415""]","[""explicit_curated_experimental_outcome_0"", ""absence_of_hazard_statement_not_used"", ""defined_single_structure"", ""exact_identity_deduplicated"", ""current_strong_conflicts_excluded"", ""external_holdout_quarantined"", ""publication_dataset_oecd_405_curation""]",peer_reviewed_curated_experimental_negative,0.9,experimental,"OECD TG 405 experimental eye irritation, curated at dataset level",not irritating / not classified (curated Outcome=0),not_reported_per_record_in_public_sdf,eye:CpId:1415,03dc5888f0859ddcc1b694e186bb2137229ea571e3db56572205f482794de03d,https://github.com/joyvb/stoptox,6ba3a7f82ab9fda8534f120114a566eec296e8ae,"InChI=1S/C15H17Br2NO2/c1-2-3-4-5-6-7-14(19)20-15-12(16)8-11(10-18)9-13(15)17/h8-9H,2-7H2,1H3"
O=C1C(=NNc2cc(S(=O)(=O)O)ccc2O)C=Cc2c(O)cccc21,0,2052-25-7,DQQJOYVHPYHKAQ-UHFFFAOYSA-N,2052-25-7,STopTox peer-reviewed curated experimental irritation dataset,https://doi.org/10.1289/EHP9341,"[""eye:CpId:52""]","[""explicit_curated_experimental_outcome_0"", ""absence_of_hazard_statement_not_used"", ""defined_single_structure"", ""exact_identity_deduplicated"", ""current_strong_conflicts_excluded"", ""external_holdout_quarantined"", ""publication_dataset_oecd_405_curation""]",peer_reviewed_curated_experimental_negative,0.9,experimental,"OECD TG 405 experimental eye irritation, curated at dataset level",not irritating / not classified (curated Outcome=0),not_reported_per_record_in_public_sdf,eye:CpId:52,03dc5888f0859ddcc1b694e186bb2137229ea571e3db56572205f482794de03d,https://github.com/joyvb/stoptox,6ba3a7f82ab9fda8534f120114a566eec296e8ae,BNBSEAFANQAPGO-UHFFFAOYSA-M
O=C(O)C(O)C(O)C(O)C(O)C(=O)O,0,526-99-8,DSLZVSRJTYRBFB-UHFFFAOYSA-N,526-99-8,STopTox peer-reviewed curated experimental irritation dataset,https://doi.org/10.1289/EHP9341,"[""eye:CpId:1419""]","[""explicit_curated_experimental_outcome_0"", ""absence_of_hazard_statement_not_used"", ""defined_single_structure"", ""exact_identity_deduplicated"", ""current_strong_conflicts_excluded"", ""external_holdout_quarantined"", ""publication_dataset_oecd_405_curation""]",peer_reviewed_curated_experimental_negative,0.9,experimental,"OECD TG 405 experimental eye irritation, curated at dataset level",not irritating / not classified (curated Outcome=0),not_reported_per_record_in_public_sdf,eye:CpId:1419,03dc5888f0859ddcc1b694e186bb2137229ea571e3db56572205f482794de03d,https://github.com/joyvb/stoptox,6ba3a7f82ab9fda8534f120114a566eec296e8ae,"InChI=1S/C6H10O8/c7-1(3(9)5(11)12)2(8)4(10)6(13)14/h1-4,7-10H,(H,11,12)(H,13,14)"
CC12CCC(CC1=O)C2(C)C,0,76-22-2,DSSYKIVIOFKYAU-UHFFFAOYSA-N,76-22-2,STopTox peer-reviewed curated experimental irritation dataset,https://doi.org/10.1289/EHP9341,"[""eye:CpId:153""]","[""explicit_curated_experimental_outcome_0"", ""absence_of_hazard_statement_not_used"", ""defined_single_structure"", ""exact_identity_deduplicated"", ""current_strong_conflicts_excluded"", ""external_holdout_quarantined"", ""publication_dataset_oecd_405_curation""]",peer_reviewed_curated_experimental_negative,0.9,experimental,"OECD TG 405 experimental eye irritation, curated at dataset level",not irritating / not classified (curated Outcome=0),not_reported_per_record_in_public_sdf,eye:CpId:153,03dc5888f0859ddcc1b694e186bb2137229ea571e3db56572205f482794de03d,https://github.com/joyvb/stoptox,6ba3a7f82ab9fda8534f120114a566eec296e8ae,DSSYKIVIOFKYAU-UHFFFAOYSA-N
O=C(O)C(F)(F)F,0,2923-16-2,DTQVDTLACAAQTR-UHFFFAOYSA-N,2923-16-2,STopTox peer-reviewed curated experimental irritation dataset,https://doi.org/10.1289/EHP9341,"[""eye:CpId:154""]","[""explicit_curated_experimental_outcome_0"", ""absence_of_hazard_statement_not_used"", ""defined_single_structure"", ""exact_identity_deduplicated"", ""current_strong_conflicts_excluded"", ""external_holdout_quarantined"", ""publication_dataset_oecd_405_curation""]",peer_reviewed_curated_experimental_negative,0.9,experimental,"OECD TG 405 experimental eye irritation, curated at dataset level",not irritating / not classified (curated Outcome=0),not_reported_per_record_in_public_sdf,eye:CpId:154,03dc5888f0859ddcc1b694e186bb2137229ea571e3db56572205f482794de03d,https://github.com/joyvb/stoptox,6ba3a7f82ab9fda8534f120114a566eec296e8ae,DTQVDTLACAAQTR-UHFFFAOYSA-M
CC1CCCC(O)C1=CC=C1CCCC2(C)C1CCC2C(C)C=CC(C)C(C)C,0,67-96-9,DTSXXSAWQHPLEF-UHFFFAOYSA-N,67-96-9,STopTox peer-reviewed curated experimental irritation dataset,https://doi.org/10.1289/EHP9341,"[""eye:CpId:1423""]","[""explicit_curated_experimental_outcome_0"", ""absence_of_hazard_statement_not_used"", ""defined_single_structure"", ""exact_identity_deduplicated"", ""current_strong_conflicts_excluded"", ""external_holdout_quarantined"", ""publication_dataset_oecd_405_curation""]",peer_reviewed_curated_experimental_negative,0.9,experimental,"OECD TG 405 experimental eye irritation, curated at dataset level",not irritating / not classified (curated Outcome=0),not_reported_per_record_in_public_sdf,eye:CpId:1423,03dc5888f0859ddcc1b694e186bb2137229ea571e3db56572205f482794de03d,https://github.com/joyvb/stoptox,6ba3a7f82ab9fda8534f120114a566eec296e8ae,"InChI=1S/C28H46O/c1-19(2)20(3)12-13-22(5)25-16-17-26-23(10-8-18-28(25,26)6)14-15-24-21(4)9-7-11-27(24)29/h12-15,19-22,25-27,29H,7-11,16-18H2,1-6H3"
CC(=O)C1CCC2C3CCC4CC(O)CCC4(C)C3C(=O)CC12C,0,23930-19-0,DUHUCHOQIDJXAT-UHFFFAOYSA-N,23930-19-0,STopTox peer-reviewed curated experimental irritation dataset,https://doi.org/10.1289/EHP9341,"[""eye:CpId:1426""]","[""explicit_curated_experimental_outcome_0"", ""absence_of_hazard_statement_not_used"", ""defined_single_structure"", ""exact_identity_deduplicated"", ""current_strong_conflicts_excluded"", ""external_holdout_quarantined"", ""publication_dataset_oecd_405_curation""]",peer_reviewed_curated_experimental_negative,0.9,experimental,"OECD TG 405 experimental eye irritation, curated at dataset level",not irritating / not classified (curated Outcome=0),not_reported_per_record_in_public_sdf,eye:CpId:1426,03dc5888f0859ddcc1b694e186bb2137229ea571e3db56572205f482794de03d,https://github.com/joyvb/stoptox,6ba3a7f82ab9fda8534f120114a566eec296e8ae,"InChI=1S/C21H32O3/c1-12(22)16-6-7-17-15-5-4-13-10-14(23)8-9-20(13,2)19(15)18(24)11-21(16,17)3/h13-17,19,23H,4-11H2,1-3H3"
CCCCCCOC(=O)c1ccccc1O,0,6259-76-3,DUKPKQFHJQGTGU-UHFFFAOYSA-N,6259-76-3,STopTox peer-reviewed curated experimental irritation dataset,https://doi.org/10.1289/EHP9341,"[""eye:CpId:156""]","[""explicit_curated_experimental_outcome_0"", ""absence_of_hazard_statement_not_used"", ""defined_single_structure"", ""exact_identity_deduplicated"", ""current_strong_conflicts_excluded"", ""external_holdout_quarantined"", ""publication_dataset_oecd_405_curation""]",peer_reviewed_curated_experimental_negative,0.9,experimental,"OECD TG 405 experimental eye irritation, curated at dataset level",not irritating / not classified (curated Outcome=0),not_reported_per_record_in_public_sdf,eye:CpId:156,03dc5888f0859ddcc1b694e186bb2137229ea571e3db56572205f482794de03d,https://github.com/joyvb/stoptox,6ba3a7f82ab9fda8534f120114a566eec296e8ae,DUKPKQFHJQGTGU-UHFFFAOYSA-N
CCCCOCCCC,0,142-96-1,DURPTKYDGMDSBL-UHFFFAOYSA-N,142-96-1,STopTox peer-reviewed curated experimental irritation dataset,https://doi.org/10.1289/EHP9341,"[""eye:CpId:157""]","[""explicit_curated_experimental_outcome_0"", ""absence_of_hazard_statement_not_used"", ""defined_single_structure"", ""exact_identity_deduplicated"", ""current_strong_conflicts_excluded"", ""external_holdout_quarantined"", ""publication_dataset_oecd_405_curation""]",peer_reviewed_curated_experimental_negative,0.9,experimental,"OECD TG 405 experimental eye irritation, curated at dataset level",not irritating / not classified (curated Outcome=0),not_reported_per_record_in_public_sdf,eye:CpId:157,03dc5888f0859ddcc1b694e186bb2137229ea571e3db56572205f482794de03d,https://github.com/joyvb/stoptox,6ba3a7f82ab9fda8534f120114a566eec296e8ae,DURPTKYDGMDSBL-UHFFFAOYSA-N
CC(C)C1=CC2=CCC3C(C)(C(=O)OCC(CO)(CO)CO)CCCC3(C)C2CC1,0,8050-26-8,DUTZBUOZKIIFTG-UHFFFAOYSA-N,8050-26-8,STopTox peer-reviewed curated experimental irritation dataset,https://doi.org/10.1289/EHP9341,"[""eye:CpId:158""]","[""explicit_curated_experimental_outcome_0"", ""absence_of_hazard_statement_not_used"", ""defined_single_structure"", ""exact_identity_deduplicated"", ""current_strong_conflicts_excluded"", ""external_holdout_quarantined"", ""publication_dataset_oecd_405_curation""]",peer_reviewed_curated_experimental_negative,0.9,experimental,"OECD TG 405 experimental eye irritation, curated at dataset level",not irritating / not classified (curated Outcome=0),not_reported_per_record_in_public_sdf,eye:CpId:158,03dc5888f0859ddcc1b694e186bb2137229ea571e3db56572205f482794de03d,https://github.com/joyvb/stoptox,6ba3a7f82ab9fda8534f120114a566eec296e8ae,DUTZBUOZKIIFTG-FXXYKOEOSA-N
O=[p+]1oc2ccccc2c2ccccc21,0,35948-25-5,DWSWCPPGLRSPIT-UHFFFAOYSA-N,35948-25-5,STopTox peer-reviewed curated experimental irritation dataset,https://doi.org/10.1289/EHP9341,"[""eye:CpId:161""]","[""explicit_curated_experimental_outcome_0"", ""absence_of_hazard_statement_not_used"", ""defined_single_structure"", ""exact_identity_deduplicated"", ""current_strong_conflicts_excluded"", ""external_holdout_quarantined"", ""publication_dataset_oecd_405_curation""]",peer_reviewed_curated_experimental_negative,0.9,experimental,"OECD TG 405 experimental eye irritation, curated at dataset level",not irritating / not classified (curated Outcome=0),not_reported_per_record_in_public_sdf,eye:CpId:161,03dc5888f0859ddcc1b694e186bb2137229ea571e3db56572205f482794de03d,https://github.com/joyvb/stoptox,6ba3a7f82ab9fda8534f120114a566eec296e8ae,DWSWCPPGLRSPIT-UHFFFAOYSA-N
COc1ccc(C(=O)c2ccccc2)c(O)c1,0,131-57-7,DXGLGDHPHMLXJC-UHFFFAOYSA-N,131-57-7,STopTox peer-reviewed curated experimental irritation dataset,https://doi.org/10.1289/EHP9341,"[""eye:CpId:162""]","[""explicit_curated_experimental_outcome_0"", ""absence_of_hazard_statement_not_used"", ""defined_single_structure"", ""exact_identity_deduplicated"", ""current_strong_conflicts_excluded"", ""external_holdout_quarantined"", ""publication_dataset_oecd_405_curation""]",peer_reviewed_curated_experimental_negative,0.9,experimental,"OECD TG 405 experimental eye irritation, curated at dataset level",not irritating / not classified (curated Outcome=0),not_reported_per_record_in_public_sdf,eye:CpId:162,03dc5888f0859ddcc1b694e186bb2137229ea571e3db56572205f482794de03d,https://github.com/joyvb/stoptox,6ba3a7f82ab9fda8534f120114a566eec296e8ae,DXGLGDHPHMLXJC-UHFFFAOYSA-N
C=CC(=O)OCCCCCC(C)C,0,29590-42-9,DXPPIEDUBFUSEZ-UHFFFAOYSA-N,29590-42-9,STopTox peer-reviewed curated experimental irritation dataset,https://doi.org/10.1289/EHP9341,"[""eye:CpId:1434""]","[""explicit_curated_experimental_outcome_0"", ""absence_of_hazard_statement_not_used"", ""defined_single_structure"", ""exact_identity_deduplicated"", ""current_strong_conflicts_excluded"", ""external_holdout_quarantined"", ""publication_dataset_oecd_405_curation""]",peer_reviewed_curated_experimental_negative,0.9,experimental,"OECD TG 405 experimental eye irritation, curated at dataset level",not irritating / not classified (curated Outcome=0),not_reported_per_record_in_public_sdf,eye:CpId:1434,03dc5888f0859ddcc1b694e186bb2137229ea571e3db56572205f482794de03d,https://github.com/joyvb/stoptox,6ba3a7f82ab9fda8534f120114a566eec296e8ae,"InChI=1S/C11H20O2/c1-4-11(12)13-9-7-5-6-8-10(2)3/h4,10H,1,5-9H2,2-3H3"
CC(C)(COC(=O)c1ccccc1)COC(=O)c1ccccc1,0,4196-89-8,DYJIIMFHSZKBDY-UHFFFAOYSA-N,4196-89-8,STopTox peer-reviewed curated experimental irritation dataset,https://doi.org/10.1289/EHP9341,"[""eye:CpId:1438""]","[""explicit_curated_experimental_outcome_0"", ""absence_of_hazard_statement_not_used"", ""defined_single_structure"", ""exact_identity_deduplicated"", ""current_strong_conflicts_excluded"", ""external_holdout_quarantined"", ""publication_dataset_oecd_405_curation""]",peer_reviewed_curated_experimental_negative,0.9,experimental,"OECD TG 405 experimental eye irritation, curated at dataset level",not irritating / not classified (curated Outcome=0),not_reported_per_record_in_public_sdf,eye:CpId:1438,03dc5888f0859ddcc1b694e186bb2137229ea571e3db56572205f482794de03d,https://github.com/joyvb/stoptox,6ba3a7f82ab9fda8534f120114a566eec296e8ae,"InChI=1S/C19H20O4/c1-19(2,13-22-17(20)15-9-5-3-6-10-15)14-23-18(21)16-11-7-4-8-12-16/h3-12H,13-14H2,1-2H3"
c1ccc2nc3ccccc3cc2c1,0,260-94-6,DZBUGLKDJFMEHC-UHFFFAOYSA-N,260-94-6,STopTox peer-reviewed curated experimental irritation dataset,https://doi.org/10.1289/EHP9341,"[""eye:CpId:1440""]","[""explicit_curated_experimental_outcome_0"", ""absence_of_hazard_statement_not_used"", ""defined_single_structure"", ""exact_identity_deduplicated"", ""current_strong_conflicts_excluded"", ""external_holdout_quarantined"", ""publication_dataset_oecd_405_curation""]",peer_reviewed_curated_experimental_negative,0.9,experimental,"OECD TG 405 experimental eye irritation, curated at dataset level",not irritating / not classified (curated Outcome=0),not_reported_per_record_in_public_sdf,eye:CpId:1440,03dc5888f0859ddcc1b694e186bb2137229ea571e3db56572205f482794de03d,https://github.com/joyvb/stoptox,6ba3a7f82ab9fda8534f120114a566eec296e8ae,InChI=1S/C13H9N/c1-3-7-12-10(5-1)9-11-6-2-4-8-13(11)14-12/h1-9H
CCCCCCCCCCCCCCOC(=O)CCCCCCCCCCCCC,0,3234-85-3,DZKXJUASMGQEMA-UHFFFAOYSA-N,3234-85-3,STopTox peer-reviewed curated experimental irritation dataset,https://doi.org/10.1289/EHP9341,"[""eye:CpId:165""]","[""explicit_curated_experimental_outcome_0"", ""absence_of_hazard_statement_not_used"", ""defined_single_structure"", ""exact_identity_deduplicated"", ""current_strong_conflicts_excluded"", ""external_holdout_quarantined"", ""publication_dataset_oecd_405_curation""]",peer_reviewed_curated_experimental_negative,0.9,experimental,"OECD TG 405 experimental eye irritation, curated at dataset level",not irritating / not classified (curated Outcome=0),not_reported_per_record_in_public_sdf,eye:CpId:165,03dc5888f0859ddcc1b694e186bb2137229ea571e3db56572205f482794de03d,https://github.com/joyvb/stoptox,6ba3a7f82ab9fda8534f120114a566eec296e8ae,DZKXJUASMGQEMA-UHFFFAOYSA-N
CCO[Si](CCCSSCCC[Si](OCC)(OCC)OCC)(OCC)OCC,0,56706-10-6,FBBATURSCRIBHN-UHFFFAOYSA-N,56706-10-6,STopTox peer-reviewed curated experimental irritation dataset,https://doi.org/10.1289/EHP9341,"[""eye:CpId:168""]","[""explicit_curated_experimental_outcome_0"", ""absence_of_hazard_statement_not_used"", ""defined_single_structure"", ""exact_identity_deduplicated"", ""current_strong_conflicts_excluded"", ""external_holdout_quarantined"", ""publication_dataset_oecd_405_curation""]",peer_reviewed_curated_experimental_negative,0.9,experimental,"OECD TG 405 experimental eye irritation, curated at dataset level",not irritating / not classified (curated Outcome=0),not_reported_per_record_in_public_sdf,eye:CpId:168,03dc5888f0859ddcc1b694e186bb2137229ea571e3db56572205f482794de03d,https://github.com/joyvb/stoptox,6ba3a7f82ab9fda8534f120114a566eec296e8ae,FBBATURSCRIBHN-UHFFFAOYSA-N
OCC(O)C(O)C(O)C(O)CO,0,50-70-4 69-65-8,FBPFZTCFMRRESA-UHFFFAOYSA-N,50-70-4 69-65-8,STopTox peer-reviewed curated experimental irritation dataset,https://doi.org/10.1289/EHP9341,"[""eye:CpId:1451""]","[""explicit_curated_experimental_outcome_0"", ""absence_of_hazard_statement_not_used"", ""defined_single_structure"", ""exact_identity_deduplicated"", ""current_strong_conflicts_excluded"", ""external_holdout_quarantined"", ""publication_dataset_oecd_405_curation""]",peer_reviewed_curated_experimental_negative,0.9,experimental,"OECD TG 405 experimental eye irritation, curated at dataset level",not irritating / not classified (curated Outcome=0),not_reported_per_record_in_public_sdf,eye:CpId:1451,03dc5888f0859ddcc1b694e186bb2137229ea571e3db56572205f482794de03d,https://github.com/joyvb/stoptox,6ba3a7f82ab9fda8534f120114a566eec296e8ae,"InChI=1S/C6H14O6/c7-1-3(9)5(11)6(12)4(10)2-8/h3-12H,1-2H2"
CCCCNC1CC(C)(C)NC(C)(C)C1,0,36177-92-1,FDAKZQLBIFPGSV-UHFFFAOYSA-N,36177-92-1,STopTox peer-reviewed curated experimental irritation dataset,https://doi.org/10.1289/EHP9341,"[""eye:CpId:170""]","[""explicit_curated_experimental_outcome_0"", ""absence_of_hazard_statement_not_used"", ""defined_single_structure"", ""exact_identity_deduplicated"", ""current_strong_conflicts_excluded"", ""external_holdout_quarantined"", ""publication_dataset_oecd_405_curation""]",peer_reviewed_curated_experimental_negative,0.9,experimental,"OECD TG 405 experimental eye irritation, curated at dataset level",not irritating / not classified (curated Outcome=0),not_reported_per_record_in_public_sdf,eye:CpId:170,03dc5888f0859ddcc1b694e186bb2137229ea571e3db56572205f482794de03d,https://github.com/joyvb/stoptox,6ba3a7f82ab9fda8534f120114a566eec296e8ae,FDAKZQLBIFPGSV-UHFFFAOYSA-N
C=CC=CCCC=CCC,0,68526-56-7,FDBJNQUXZRDJHC-UHFFFAOYSA-N,68526-56-7,STopTox peer-reviewed curated experimental irritation dataset,https://doi.org/10.1289/EHP9341,"[""eye:CpId:172""]","[""explicit_curated_experimental_outcome_0"", ""absence_of_hazard_statement_not_used"", ""defined_single_structure"", ""exact_identity_deduplicated"", ""current_strong_conflicts_excluded"", ""external_holdout_quarantined"", ""publication_dataset_oecd_405_curation""]",peer_reviewed_curated_experimental_negative,0.9,experimental,"OECD TG 405 experimental eye irritation, curated at dataset level",not irritating / not classified (curated Outcome=0),not_reported_per_record_in_public_sdf,eye:CpId:172,03dc5888f0859ddcc1b694e186bb2137229ea571e3db56572205f482794de03d,https://github.com/joyvb/stoptox,6ba3a7f82ab9fda8534f120114a566eec296e8ae,FDBJNQUXZRDJHC-KQQUZDAGSA-N
OCCCOCCN(CCOCCCO)CCOCCCO,0,37208-53-0,FDCWERGDFBPCQG-UHFFFAOYSA-N,37208-53-0,STopTox peer-reviewed curated experimental irritation dataset,https://doi.org/10.1289/EHP9341,"[""eye:CpId:173""]","[""explicit_curated_experimental_outcome_0"", ""absence_of_hazard_statement_not_used"", ""defined_single_structure"", ""exact_identity_deduplicated"", ""current_strong_conflicts_excluded"", ""external_holdout_quarantined"", ""publication_dataset_oecd_405_curation""]",peer_reviewed_curated_experimental_negative,0.9,experimental,"OECD TG 405 experimental eye irritation, curated at dataset level",not irritating / not classified (curated Outcome=0),not_reported_per_record_in_public_sdf,eye:CpId:173,03dc5888f0859ddcc1b694e186bb2137229ea571e3db56572205f482794de03d,https://github.com/joyvb/stoptox,6ba3a7f82ab9fda8534f120114a566eec296e8ae,FDCWERGDFBPCQG-UHFFFAOYSA-N
Nc1ccc(S(N)(=O)=O)cc1,0,63-74-1,FDDDEECHVMSUSB-UHFFFAOYSA-N,63-74-1,STopTox peer-reviewed curated experimental irritation dataset,https://doi.org/10.1289/EHP9341,"[""eye:CpId:1454""]","[""explicit_curated_experimental_outcome_0"", ""absence_of_hazard_statement_not_used"", ""defined_single_structure"", ""exact_identity_deduplicated"", ""current_strong_conflicts_excluded"", ""external_holdout_quarantined"", ""publication_dataset_oecd_405_curation""]",peer_reviewed_curated_experimental_negative,0.9,experimental,"OECD TG 405 experimental eye irritation, curated at dataset level",not irritating / not classified (curated Outcome=0),not_reported_per_record_in_public_sdf,eye:CpId:1454,03dc5888f0859ddcc1b694e186bb2137229ea571e3db56572205f482794de03d,https://github.com/joyvb/stoptox,6ba3a7f82ab9fda8534f120114a566eec296e8ae,"InChI=1S/C6H8N2O2S/c7-5-1-3-6(4-2-5)11(8,9)10/h1-4H,7H2,(H2,8,9,10)"
O=C(O)C(O)C(O)C(=O)O,0,87-69-4,FEWJPZIEWOKRBE-UHFFFAOYSA-N,87-69-4,STopTox peer-reviewed curated experimental irritation dataset,https://doi.org/10.1289/EHP9341,"[""eye:CpId:1457""]","[""explicit_curated_experimental_outcome_0"", ""absence_of_hazard_statement_not_used"", ""defined_single_structure"", ""exact_identity_deduplicated"", ""current_strong_conflicts_excluded"", ""external_holdout_quarantined"", ""publication_dataset_oecd_405_curation""]",peer_reviewed_curated_experimental_negative,0.9,experimental,"OECD TG 405 experimental eye irritation, curated at dataset level",not irritating / not classified (curated Outcome=0),not_reported_per_record_in_public_sdf,eye:CpId:1457,03dc5888f0859ddcc1b694e186bb2137229ea571e3db56572205f482794de03d,https://github.com/joyvb/stoptox,6ba3a7f82ab9fda8534f120114a566eec296e8ae,"InChI=1S/C4H6O6/c5-1(3(7)8)2(6)4(9)10/h1-2,5-6H,(H,7,8)(H,9,10)"
CSCCC(N)C(=O)O,0,59-51-8,FFEARJCKVFRZRR-UHFFFAOYSA-N,59-51-8,STopTox peer-reviewed curated experimental irritation dataset,https://doi.org/10.1289/EHP9341,"[""eye:CpId:1459""]","[""explicit_curated_experimental_outcome_0"", ""absence_of_hazard_statement_not_used"", ""defined_single_structure"", ""exact_identity_deduplicated"", ""current_strong_conflicts_excluded"", ""external_holdout_quarantined"", ""publication_dataset_oecd_405_curation""]",peer_reviewed_curated_experimental_negative,0.9,experimental,"OECD TG 405 experimental eye irritation, curated at dataset level",not irritating / not classified (curated Outcome=0),not_reported_per_record_in_public_sdf,eye:CpId:1459,03dc5888f0859ddcc1b694e186bb2137229ea571e3db56572205f482794de03d,https://github.com/joyvb/stoptox,6ba3a7f82ab9fda8534f120114a566eec296e8ae,"InChI=1S/C5H11NO2S/c1-9-3-2-4(6)5(7)8/h4H,2-3,6H2,1H3,(H,7,8)"
C[Si](C)(C)N[Si](C)(C)C,0,999-97-3,FFUAGWLWBBFQJT-UHFFFAOYSA-N,999-97-3,STopTox peer-reviewed curated experimental irritation dataset,https://doi.org/10.1289/EHP9341,"[""eye:CpId:178""]","[""explicit_curated_experimental_outcome_0"", ""absence_of_hazard_statement_not_used"", ""defined_single_structure"", ""exact_identity_deduplicated"", ""current_strong_conflicts_excluded"", ""external_holdout_quarantined"", ""publication_dataset_oecd_405_curation""]",peer_reviewed_curated_experimental_negative,0.9,experimental,"OECD TG 405 experimental eye irritation, curated at dataset level",not irritating / not classified (curated Outcome=0),not_reported_per_record_in_public_sdf,eye:CpId:178,03dc5888f0859ddcc1b694e186bb2137229ea571e3db56572205f482794de03d,https://github.com/joyvb/stoptox,6ba3a7f82ab9fda8534f120114a566eec296e8ae,FFUAGWLWBBFQJT-UHFFFAOYSA-N
CCCCCCCCCCC(C)CCCCCCCC,0,17438-89-0,FFVPRSKCTDQLBP-UHFFFAOYSA-N,17438-89-0,STopTox peer-reviewed curated experimental irritation dataset,https://doi.org/10.1289/EHP9341,"[""eye:CpId:179""]","[""explicit_curated_experimental_outcome_0"", ""absence_of_hazard_statement_not_used"", ""defined_single_structure"", ""exact_identity_deduplicated"", ""current_strong_conflicts_excluded"", ""external_holdout_quarantined"", ""publication_dataset_oecd_405_curation""]",peer_reviewed_curated_experimental_negative,0.9,experimental,"OECD TG 405 experimental eye irritation, curated at dataset level",not irritating / not classified (curated Outcome=0),not_reported_per_record_in_public_sdf,eye:CpId:179,03dc5888f0859ddcc1b694e186bb2137229ea571e3db56572205f482794de03d,https://github.com/joyvb/stoptox,6ba3a7f82ab9fda8534f120114a566eec296e8ae,FFVPRSKCTDQLBP-UHFFFAOYSA-N
CC(=O)Oc1ccc2c(c1)CCC1C2CCC2(C)C(O)CCC12,0,4245-41-4,FHXBMXJMKMWVRG-UHFFFAOYSA-N,4245-41-4,STopTox peer-reviewed curated experimental irritation dataset,https://doi.org/10.1289/EHP9341,"[""eye:CpId:1468""]","[""explicit_curated_experimental_outcome_0"", ""absence_of_hazard_statement_not_used"", ""defined_single_structure"", ""exact_identity_deduplicated"", ""current_strong_conflicts_excluded"", ""external_holdout_quarantined"", ""publication_dataset_oecd_405_curation""]",peer_reviewed_curated_experimental_negative,0.9,experimental,"OECD TG 405 experimental eye irritation, curated at dataset level",not irritating / not classified (curated Outcome=0),not_reported_per_record_in_public_sdf,eye:CpId:1468,03dc5888f0859ddcc1b694e186bb2137229ea571e3db56572205f482794de03d,https://github.com/joyvb/stoptox,6ba3a7f82ab9fda8534f120114a566eec296e8ae,"InChI=1S/C20H26O3/c1-12(21)23-14-4-6-15-13(11-14)3-5-17-16(15)9-10-20(2)18(17)7-8-19(20)22/h4,6,11,16-19,22H,3,5,7-10H2,1-2H3"
CCCCOCCOCCOCc1cc2c(cc1CCC)OCO2,0,51-03-6,FIPWRIJSWJWJAI-UHFFFAOYSA-N,51-03-6,STopTox peer-reviewed curated experimental irritation dataset,https://doi.org/10.1289/EHP9341,"[""eye:CpId:181""]","[""explicit_curated_experimental_outcome_0"", ""absence_of_hazard_statement_not_used"", ""defined_single_structure"", ""exact_identity_deduplicated"", ""current_strong_conflicts_excluded"", ""external_holdout_quarantined"", ""publication_dataset_oecd_405_curation""]",peer_reviewed_curated_experimental_negative,0.9,experimental,"OECD TG 405 experimental eye irritation, curated at dataset level",not irritating / not classified (curated Outcome=0),not_reported_per_record_in_public_sdf,eye:CpId:181,03dc5888f0859ddcc1b694e186bb2137229ea571e3db56572205f482794de03d,https://github.com/joyvb/stoptox,6ba3a7f82ab9fda8534f120114a566eec296e8ae,FIPWRIJSWJWJAI-UHFFFAOYSA-N
O=C(O)c1ccc(O)cc1,0,99-96-7,FJKROLUGYXJWQN-UHFFFAOYSA-N,99-96-7,STopTox peer-reviewed curated experimental irritation dataset,https://doi.org/10.1289/EHP9341,"[""eye:CpId:183""]","[""explicit_curated_experimental_outcome_0"", ""absence_of_hazard_statement_not_used"", ""defined_single_structure"", ""exact_identity_deduplicated"", ""current_strong_conflicts_excluded"", ""external_holdout_quarantined"", ""publication_dataset_oecd_405_curation""]",peer_reviewed_curated_experimental_negative,0.9,experimental,"OECD TG 405 experimental eye irritation, curated at dataset level",not irritating / not classified (curated Outcome=0),not_reported_per_record_in_public_sdf,eye:CpId:183,03dc5888f0859ddcc1b694e186bb2137229ea571e3db56572205f482794de03d,https://github.com/joyvb/stoptox,6ba3a7f82ab9fda8534f120114a566eec296e8ae,FJKROLUGYXJWQN-UHFFFAOYSA-N
CC(C)(C(=O)c1cccnc1)c1cccnc1,0,54-36-4,FJLBFSROUSIWMA-UHFFFAOYSA-N,54-36-4,STopTox peer-reviewed curated experimental irritation dataset,https://doi.org/10.1289/EHP9341,"[""eye:CpId:1474""]","[""explicit_curated_experimental_outcome_0"", ""absence_of_hazard_statement_not_used"", ""defined_single_structure"", ""exact_identity_deduplicated"", ""current_strong_conflicts_excluded"", ""external_holdout_quarantined"", ""publication_dataset_oecd_405_curation""]",peer_reviewed_curated_experimental_negative,0.9,experimental,"OECD TG 405 experimental eye irritation, curated at dataset level",not irritating / not classified (curated Outcome=0),not_reported_per_record_in_public_sdf,eye:CpId:1474,03dc5888f0859ddcc1b694e186bb2137229ea571e3db56572205f482794de03d,https://github.com/joyvb/stoptox,6ba3a7f82ab9fda8534f120114a566eec296e8ae,"InChI=1S/C14H14N2O/c1-14(2,12-6-4-8-16-10-12)13(17)11-5-3-7-15-9-11/h3-10H,1-2H3"
CCCCCCCCCCCCCCCC(=O)OC,0,112-39-0,FLIACVVOZYBSBS-UHFFFAOYSA-N,112-39-0,STopTox peer-reviewed curated experimental irritation dataset,https://doi.org/10.1289/EHP9341,"[""eye:CpId:184""]","[""explicit_curated_experimental_outcome_0"", ""absence_of_hazard_statement_not_used"", ""defined_single_structure"", ""exact_identity_deduplicated"", ""current_strong_conflicts_excluded"", ""external_holdout_quarantined"", ""publication_dataset_oecd_405_curation""]",peer_reviewed_curated_experimental_negative,0.9,experimental,"OECD TG 405 experimental eye irritation, curated at dataset level",not irritating / not classified (curated Outcome=0),not_reported_per_record_in_public_sdf,eye:CpId:184,03dc5888f0859ddcc1b694e186bb2137229ea571e3db56572205f482794de03d,https://github.com/joyvb/stoptox,6ba3a7f82ab9fda8534f120114a566eec296e8ae,FLIACVVOZYBSBS-UHFFFAOYSA-N
CCOC(=O)c1ccccc1C(=O)OCC,0,84-66-2,FLKPEMZONWLCSK-UHFFFAOYSA-N,84-66-2,STopTox peer-reviewed curated experimental irritation dataset,https://doi.org/10.1289/EHP9341,"[""eye:CpId:1477""]","[""explicit_curated_experimental_outcome_0"", ""absence_of_hazard_statement_not_used"", ""defined_single_structure"", ""exact_identity_deduplicated"", ""current_strong_conflicts_excluded"", ""external_holdout_quarantined"", ""publication_dataset_oecd_405_curation""]",peer_reviewed_curated_experimental_negative,0.9,experimental,"OECD TG 405 experimental eye irritation, curated at dataset level",not irritating / not classified (curated Outcome=0),not_reported_per_record_in_public_sdf,eye:CpId:1477,03dc5888f0859ddcc1b694e186bb2137229ea571e3db56572205f482794de03d,https://github.com/joyvb/stoptox,6ba3a7f82ab9fda8534f120114a566eec296e8ae,"InChI=1S/C12H14O4/c1-3-15-11(13)9-7-5-6-8-10(9)12(14)16-4-2/h5-8H,3-4H2,1-2H3"
CC12CCC3C(CC=C4CC(O)CCC43C)C1CCC2=O,0,53-43-0,FMGSKLZLMKYGDP-UHFFFAOYSA-N,53-43-0,STopTox peer-reviewed curated experimental irritation dataset,https://doi.org/10.1289/EHP9341,"[""eye:CpId:1479""]","[""explicit_curated_experimental_outcome_0"", ""absence_of_hazard_statement_not_used"", ""defined_single_structure"", ""exact_identity_deduplicated"", ""current_strong_conflicts_excluded"", ""external_holdout_quarantined"", ""publication_dataset_oecd_405_curation""]",peer_reviewed_curated_experimental_negative,0.9,experimental,"OECD TG 405 experimental eye irritation, curated at dataset level",not irritating / not classified (curated Outcome=0),not_reported_per_record_in_public_sdf,eye:CpId:1479,03dc5888f0859ddcc1b694e186bb2137229ea571e3db56572205f482794de03d,https://github.com/joyvb/stoptox,6ba3a7f82ab9fda8534f120114a566eec296e8ae,"InChI=1S/C19H28O2/c1-18-9-7-13(20)11-12(18)3-4-14-15-5-6-17(21)19(15,2)10-8-16(14)18/h3,13-16,20H,4-11H2,1-2H3"
Cc1cc2cc3c(C)cc(=O)oc3c(C)c2o1,0,3902-71-4,FMHHVULEAZTJMA-UHFFFAOYSA-N,3902-71-4,STopTox peer-reviewed curated experimental irritation dataset,https://doi.org/10.1289/EHP9341,"[""eye:CpId:1480""]","[""explicit_curated_experimental_outcome_0"", ""absence_of_hazard_statement_not_used"", ""defined_single_structure"", ""exact_identity_deduplicated"", ""current_strong_conflicts_excluded"", ""external_holdout_quarantined"", ""publication_dataset_oecd_405_curation""]",peer_reviewed_curated_experimental_negative,0.9,experimental,"OECD TG 405 experimental eye irritation, curated at dataset level",not irritating / not classified (curated Outcome=0),not_reported_per_record_in_public_sdf,eye:CpId:1480,03dc5888f0859ddcc1b694e186bb2137229ea571e3db56572205f482794de03d,https://github.com/joyvb/stoptox,6ba3a7f82ab9fda8534f120114a566eec296e8ae,"InChI=1S/C14H12O3/c1-7-4-12(15)17-14-9(3)13-10(6-11(7)14)5-8(2)16-13/h4-6H,1-3H3"
CCCCC(CC)COC(=O)C(C#N)=C(c1ccccc1)c1ccccc1,0,6197-30-4,FMJSMJQBSVNSBF-UHFFFAOYSA-N,6197-30-4,STopTox peer-reviewed curated experimental irritation dataset,https://doi.org/10.1289/EHP9341,"[""eye:CpId:189""]","[""explicit_curated_experimental_outcome_0"", ""absence_of_hazard_statement_not_used"", ""defined_single_structure"", ""exact_identity_deduplicated"", ""current_strong_conflicts_excluded"", ""external_holdout_quarantined"", ""publication_dataset_oecd_405_curation""]",peer_reviewed_curated_experimental_negative,0.9,experimental,"OECD TG 405 experimental eye irritation, curated at dataset level",not irritating / not classified (curated Outcome=0),not_reported_per_record_in_public_sdf,eye:CpId:189,03dc5888f0859ddcc1b694e186bb2137229ea571e3db56572205f482794de03d,https://github.com/joyvb/stoptox,6ba3a7f82ab9fda8534f120114a566eec296e8ae,FMJSMJQBSVNSBF-UHFFFAOYSA-N
CCCCCCCCCCCCCCCCCCCCC,0,64741-76-0,FNAZRRHPUDJQCJ-UHFFFAOYSA-N,64741-76-0,STopTox peer-reviewed curated experimental irritation dataset,https://doi.org/10.1289/EHP9341,"[""eye:CpId:191""]","[""explicit_curated_experimental_outcome_0"", ""absence_of_hazard_statement_not_used"", ""defined_single_structure"", ""exact_identity_deduplicated"", ""current_strong_conflicts_excluded"", ""external_holdout_quarantined"", ""publication_dataset_oecd_405_curation""]",peer_reviewed_curated_experimental_negative,0.9,experimental,"OECD TG 405 experimental eye irritation, curated at dataset level",not irritating / not classified (curated Outcome=0),not_reported_per_record_in_public_sdf,eye:CpId:191,03dc5888f0859ddcc1b694e186bb2137229ea571e3db56572205f482794de03d,https://github.com/joyvb/stoptox,6ba3a7f82ab9fda8534f120114a566eec296e8ae,FNAZRRHPUDJQCJ-UHFFFAOYSA-N
Nc1nc(N)c2nc(-c3ccccc3)c(N)nc2n1,0,396-01-0,FNYLWPVRPXGIIP-UHFFFAOYSA-N,396-01-0,STopTox peer-reviewed curated experimental irritation dataset,https://doi.org/10.1289/EHP9341,"[""eye:CpId:1486""]","[""explicit_curated_experimental_outcome_0"", ""absence_of_hazard_statement_not_used"", ""defined_single_structure"", ""exact_identity_deduplicated"", ""current_strong_conflicts_excluded"", ""external_holdout_quarantined"", ""publication_dataset_oecd_405_curation""]",peer_reviewed_curated_experimental_negative,0.9,experimental,"OECD TG 405 experimental eye irritation, curated at dataset level",not irritating / not classified (curated Outcome=0),not_reported_per_record_in_public_sdf,eye:CpId:1486,03dc5888f0859ddcc1b694e186bb2137229ea571e3db56572205f482794de03d,https://github.com/joyvb/stoptox,6ba3a7f82ab9fda8534f120114a566eec296e8ae,"InChI=1S/C12H11N7/c13-9-7(6-4-2-1-3-5-6)16-8-10(14)18-12(15)19-11(8)17-9/h1-5H,(H6,13,14,15,17,18,19)"
CC(C)OC(=O)C(O)(c1ccc(Br)cc1)c1ccc(Br)cc1,0,18181-80-1,FOANIXZHAMJWOI-UHFFFAOYSA-N,18181-80-1,STopTox peer-reviewed curated experimental irritation dataset,https://doi.org/10.1289/EHP9341,"[""eye:CpId:1487""]","[""explicit_curated_experimental_outcome_0"", ""absence_of_hazard_statement_not_used"", ""defined_single_structure"", ""exact_identity_deduplicated"", ""current_strong_conflicts_excluded"", ""external_holdout_quarantined"", ""publication_dataset_oecd_405_curation""]",peer_reviewed_curated_experimental_negative,0.9,experimental,"OECD TG 405 experimental eye irritation, curated at dataset level",not irritating / not classified (curated Outcome=0),not_reported_per_record_in_public_sdf,eye:CpId:1487,03dc5888f0859ddcc1b694e186bb2137229ea571e3db56572205f482794de03d,https://github.com/joyvb/stoptox,6ba3a7f82ab9fda8534f120114a566eec296e8ae,"InChI=1S/C17H16Br2O3/c1-11(2)22-16(20)17(21,12-3-7-14(18)8-4-12)13-5-9-15(19)10-6-13/h3-11,21H,1-2H3"
CCCC(=O)OC1(C(=O)COC(=O)CC)CCC2C3CCC4=CC(=O)CCC4(C)C3C(O)CC21C,0,72590-77-3,FOGXJPFPZOHSQS-UHFFFAOYSA-N,72590-77-3,STopTox peer-reviewed curated experimental irritation dataset,https://doi.org/10.1289/EHP9341,"[""eye:CpId:1489""]","[""explicit_curated_experimental_outcome_0"", ""absence_of_hazard_statement_not_used"", ""defined_single_structure"", ""exact_identity_deduplicated"", ""current_strong_conflicts_excluded"", ""external_holdout_quarantined"", ""publication_dataset_oecd_405_curation""]",peer_reviewed_curated_experimental_negative,0.9,experimental,"OECD TG 405 experimental eye irritation, curated at dataset level",not irritating / not classified (curated Outcome=0),not_reported_per_record_in_public_sdf,eye:CpId:1489,03dc5888f0859ddcc1b694e186bb2137229ea571e3db56572205f482794de03d,https://github.com/joyvb/stoptox,6ba3a7f82ab9fda8534f120114a566eec296e8ae,"InChI=1S/C28H40O7/c1-5-7-24(33)35-28(22(31)16-34-23(32)6-2)13-11-20-19-9-8-17-14-18(29)10-12-26(17,3)25(19)21(30)15-27(20,28)4/h14,19-21,25,30H,5-13,15-16H2,1-4H3"
CC(C=CC1=C(C)CCCC1(C)C)=CC=CC(C)=CCO,0,68-26-8,FPIPGXGPPPQFEQ-UHFFFAOYSA-N,68-26-8,STopTox peer-reviewed curated experimental irritation dataset,https://doi.org/10.1289/EHP9341,"[""eye:CpId:1492""]","[""explicit_curated_experimental_outcome_0"", ""absence_of_hazard_statement_not_used"", ""defined_single_structure"", ""exact_identity_deduplicated"", ""current_strong_conflicts_excluded"", ""external_holdout_quarantined"", ""publication_dataset_oecd_405_curation""]",peer_reviewed_curated_experimental_negative,0.9,experimental,"OECD TG 405 experimental eye irritation, curated at dataset level",not irritating / not classified (curated Outcome=0),not_reported_per_record_in_public_sdf,eye:CpId:1492,03dc5888f0859ddcc1b694e186bb2137229ea571e3db56572205f482794de03d,https://github.com/joyvb/stoptox,6ba3a7f82ab9fda8534f120114a566eec296e8ae,"InChI=1S/C20H30O/c1-16(8-6-9-17(2)13-15-21)11-12-19-18(3)10-7-14-20(19,4)5/h6,8-9,11-13,21H,7,10,14-15H2,1-5H3"
CCCCC(CC)C(=O)OCCOCCOCCOC(=O)C(CC)CCCC,0,94-28-0,FRQDZJMEHSJOPU-UHFFFAOYSA-N,94-28-0,STopTox peer-reviewed curated experimental irritation dataset,https://doi.org/10.1289/EHP9341,"[""eye:CpId:198""]","[""explicit_curated_experimental_outcome_0"", ""absence_of_hazard_statement_not_used"", ""defined_single_structure"", ""exact_identity_deduplicated"", ""current_strong_conflicts_excluded"", ""external_holdout_quarantined"", ""publication_dataset_oecd_405_curation""]",peer_reviewed_curated_experimental_negative,0.9,experimental,"OECD TG 405 experimental eye irritation, curated at dataset level",not irritating / not classified (curated Outcome=0),not_reported_per_record_in_public_sdf,eye:CpId:198,03dc5888f0859ddcc1b694e186bb2137229ea571e3db56572205f482794de03d,https://github.com/joyvb/stoptox,6ba3a7f82ab9fda8534f120114a566eec296e8ae,FRQDZJMEHSJOPU-UHFFFAOYSA-N
C=CC(=O)OCCCCCCCCCCCCCCCCCC,0,4813-57-4,FSAJWMJJORKPKS-UHFFFAOYSA-N,4813-57-4,STopTox peer-reviewed curated experimental irritation dataset,https://doi.org/10.1289/EHP9341,"[""eye:CpId:199""]","[""explicit_curated_experimental_outcome_0"", ""absence_of_hazard_statement_not_used"", ""defined_single_structure"", ""exact_identity_deduplicated"", ""current_strong_conflicts_excluded"", ""external_holdout_quarantined"", ""publication_dataset_oecd_405_curation""]",peer_reviewed_curated_experimental_negative,0.9,experimental,"OECD TG 405 experimental eye irritation, curated at dataset level",not irritating / not classified (curated Outcome=0),not_reported_per_record_in_public_sdf,eye:CpId:199,03dc5888f0859ddcc1b694e186bb2137229ea571e3db56572205f482794de03d,https://github.com/joyvb/stoptox,6ba3a7f82ab9fda8534f120114a566eec296e8ae,FSAJWMJJORKPKS-UHFFFAOYSA-N
NC(=S)Nc1ccccc1,0,103-85-5,FULZLIGZKMKICU-UHFFFAOYSA-N,103-85-5,STopTox peer-reviewed curated experimental irritation dataset,https://doi.org/10.1289/EHP9341,"[""eye:CpId:1508""]","[""explicit_curated_experimental_outcome_0"", ""absence_of_hazard_statement_not_used"", ""defined_single_structure"", ""exact_identity_deduplicated"", ""current_strong_conflicts_excluded"", ""external_holdout_quarantined"", ""publication_dataset_oecd_405_curation""]",peer_reviewed_curated_experimental_negative,0.9,experimental,"OECD TG 405 experimental eye irritation, curated at dataset level",not irritating / not classified (curated Outcome=0),not_reported_per_record_in_public_sdf,eye:CpId:1508,03dc5888f0859ddcc1b694e186bb2137229ea571e3db56572205f482794de03d,https://github.com/joyvb/stoptox,6ba3a7f82ab9fda8534f120114a566eec296e8ae,"InChI=1S/C7H8N2S/c8-7(10)9-6-4-2-1-3-5-6/h1-5H,(H3,8,9,10)"
C=C[Si](OCC)(OCC)OCC,0,78-08-0,FWDBOZPQNFPOLF-UHFFFAOYSA-N,78-08-0,STopTox peer-reviewed curated experimental irritation dataset,https://doi.org/10.1289/EHP9341,"[""eye:CpId:202""]","[""explicit_curated_experimental_outcome_0"", ""absence_of_hazard_statement_not_used"", ""defined_single_structure"", ""exact_identity_deduplicated"", ""current_strong_conflicts_excluded"", ""external_holdout_quarantined"", ""publication_dataset_oecd_405_curation""]",peer_reviewed_curated_experimental_negative,0.9,experimental,"OECD TG 405 experimental eye irritation, curated at dataset level",not irritating / not classified (curated Outcome=0),not_reported_per_record_in_public_sdf,eye:CpId:202,03dc5888f0859ddcc1b694e186bb2137229ea571e3db56572205f482794de03d,https://github.com/joyvb/stoptox,6ba3a7f82ab9fda8534f120114a566eec296e8ae,FWDBOZPQNFPOLF-UHFFFAOYSA-N
C=C(C)CC(C)(C)C,0,25167-70-8,FXNDIJDIPNCZQJ-UHFFFAOYSA-N,25167-70-8,STopTox peer-reviewed curated experimental irritation dataset,https://doi.org/10.1289/EHP9341,"[""eye:CpId:205""]","[""explicit_curated_experimental_outcome_0"", ""absence_of_hazard_statement_not_used"", ""defined_single_structure"", ""exact_identity_deduplicated"", ""current_strong_conflicts_excluded"", ""external_holdout_quarantined"", ""publication_dataset_oecd_405_curation""]",peer_reviewed_curated_experimental_negative,0.9,experimental,"OECD TG 405 experimental eye irritation, curated at dataset level",not irritating / not classified (curated Outcome=0),not_reported_per_record_in_public_sdf,eye:CpId:205,03dc5888f0859ddcc1b694e186bb2137229ea571e3db56572205f482794de03d,https://github.com/joyvb/stoptox,6ba3a7f82ab9fda8534f120114a566eec296e8ae,FXNDIJDIPNCZQJ-UHFFFAOYSA-N
CCOC(=O)C=C(C)C=CCC(C)CCCC(C)C,0,41096-46-2,FYQGBXGJFWXIPP-UHFFFAOYSA-N,41096-46-2,STopTox peer-reviewed curated experimental irritation dataset,https://doi.org/10.1289/EHP9341,"[""eye:CpId:1522""]","[""explicit_curated_experimental_outcome_0"", ""absence_of_hazard_statement_not_used"", ""defined_single_structure"", ""exact_identity_deduplicated"", ""current_strong_conflicts_excluded"", ""external_holdout_quarantined"", ""publication_dataset_oecd_405_curation""]",peer_reviewed_curated_experimental_negative,0.9,experimental,"OECD TG 405 experimental eye irritation, curated at dataset level",not irritating / not classified (curated Outcome=0),not_reported_per_record_in_public_sdf,eye:CpId:1522,03dc5888f0859ddcc1b694e186bb2137229ea571e3db56572205f482794de03d,https://github.com/joyvb/stoptox,6ba3a7f82ab9fda8534f120114a566eec296e8ae,"InChI=1S/C17H30O2/c1-6-19-17(18)13-16(5)12-8-11-15(4)10-7-9-14(2)3/h8,12-15H,6-7,9-11H2,1-5H3"
CCCCC(=O)OC1(C(=O)CO)CCC2C3CCC4=CC(=O)CCC4(C)C3C(O)CC21C,0,57524-89-7,FZCHYNWYXKICIO-UHFFFAOYSA-N,57524-89-7,STopTox peer-reviewed curated experimental irritation dataset,https://doi.org/10.1289/EHP9341,"[""eye:CpId:1524""]","[""explicit_curated_experimental_outcome_0"", ""absence_of_hazard_statement_not_used"", ""defined_single_structure"", ""exact_identity_deduplicated"", ""current_strong_conflicts_excluded"", ""external_holdout_quarantined"", ""publication_dataset_oecd_405_curation""]",peer_reviewed_curated_experimental_negative,0.9,experimental,"OECD TG 405 experimental eye irritation, curated at dataset level",not irritating / not classified (curated Outcome=0),not_reported_per_record_in_public_sdf,eye:CpId:1524,03dc5888f0859ddcc1b694e186bb2137229ea571e3db56572205f482794de03d,https://github.com/joyvb/stoptox,6ba3a7f82ab9fda8534f120114a566eec296e8ae,"InChI=1S/C26H38O6/c1-4-5-6-22(31)32-26(21(30)15-27)12-10-19-18-8-7-16-13-17(28)9-11-24(16,2)23(18)20(29)14-25(19,26)3/h13,18-20,23,27,29H,4-12,14-15H2,1-3H3"
CCCCCCCCSCc1cc(C)c(O)c(CSCCCCCCCC)c1,0,110553-27-0,GAODDBNJCKQQDY-UHFFFAOYSA-N,110553-27-0,STopTox peer-reviewed curated experimental irritation dataset,https://doi.org/10.1289/EHP9341,"[""eye:CpId:211""]","[""explicit_curated_experimental_outcome_0"", ""absence_of_hazard_statement_not_used"", ""defined_single_structure"", ""exact_identity_deduplicated"", ""current_strong_conflicts_excluded"", ""external_holdout_quarantined"", ""publication_dataset_oecd_405_curation""]",peer_reviewed_curated_experimental_negative,0.9,experimental,"OECD TG 405 experimental eye irritation, curated at dataset level",not irritating / not classified (curated Outcome=0),not_reported_per_record_in_public_sdf,eye:CpId:211,03dc5888f0859ddcc1b694e186bb2137229ea571e3db56572205f482794de03d,https://github.com/joyvb/stoptox,6ba3a7f82ab9fda8534f120114a566eec296e8ae,GAODDBNJCKQQDY-UHFFFAOYSA-N
CC(C)C(C(=O)OC(C#N)c1cccc(Oc2ccccc2)c1)c1ccc(OC(F)F)cc1,0,70124-77-5,GBIHOLCMZGAKNG-UHFFFAOYSA-N,70124-77-5,STopTox peer-reviewed curated experimental irritation dataset,https://doi.org/10.1289/EHP9341,"[""eye:CpId:1530""]","[""explicit_curated_experimental_outcome_0"", ""absence_of_hazard_statement_not_used"", ""defined_single_structure"", ""exact_identity_deduplicated"", ""current_strong_conflicts_excluded"", ""external_holdout_quarantined"", ""publication_dataset_oecd_405_curation""]",peer_reviewed_curated_experimental_negative,0.9,experimental,"OECD TG 405 experimental eye irritation, curated at dataset level",not irritating / not classified (curated Outcome=0),not_reported_per_record_in_public_sdf,eye:CpId:1530,03dc5888f0859ddcc1b694e186bb2137229ea571e3db56572205f482794de03d,https://github.com/joyvb/stoptox,6ba3a7f82ab9fda8534f120114a566eec296e8ae,"InChI=1S/C26H23F2NO4/c1-17(2)24(18-11-13-21(14-12-18)32-26(27)28)25(30)33-23(16-29)19-7-6-10-22(15-19)31-20-8-4-3-5-9-20/h3-15,17,23-24,26H,1-2H3"
C#CC1(O)CCC2C3CCC4=CC(=O)CCC4C3C(=C)CC21CC,0,54048-10-1,GCKFUYQCUCGESZ-UHFFFAOYSA-N,54048-10-1,STopTox peer-reviewed curated experimental irritation dataset,https://doi.org/10.1289/EHP9341,"[""eye:CpId:1534""]","[""explicit_curated_experimental_outcome_0"", ""absence_of_hazard_statement_not_used"", ""defined_single_structure"", ""exact_identity_deduplicated"", ""current_strong_conflicts_excluded"", ""external_holdout_quarantined"", ""publication_dataset_oecd_405_curation""]",peer_reviewed_curated_experimental_negative,0.9,experimental,"OECD TG 405 experimental eye irritation, curated at dataset level",not irritating / not classified (curated Outcome=0),not_reported_per_record_in_public_sdf,eye:CpId:1534,03dc5888f0859ddcc1b694e186bb2137229ea571e3db56572205f482794de03d,https://github.com/joyvb/stoptox,6ba3a7f82ab9fda8534f120114a566eec296e8ae,"InChI=1S/C22H28O2/c1-4-21-13-14(3)20-17-9-7-16(23)12-15(17)6-8-18(20)19(21)10-11-22(21,24)5-2/h2,12,17-20,24H,3-4,6-11,13H2,1H3"
CC12CCC(=O)C=C1CCC1C2CCC2(C)C1CCC2(C)O,0,58-18-4,GCKMFJBGXUYNAG-UHFFFAOYSA-N,58-18-4,STopTox peer-reviewed curated experimental irritation dataset,https://doi.org/10.1289/EHP9341,"[""eye:CpId:1535""]","[""explicit_curated_experimental_outcome_0"", ""absence_of_hazard_statement_not_used"", ""defined_single_structure"", ""exact_identity_deduplicated"", ""current_strong_conflicts_excluded"", ""external_holdout_quarantined"", ""publication_dataset_oecd_405_curation""]",peer_reviewed_curated_experimental_negative,0.9,experimental,"OECD TG 405 experimental eye irritation, curated at dataset level",not irritating / not classified (curated Outcome=0),not_reported_per_record_in_public_sdf,eye:CpId:1535,03dc5888f0859ddcc1b694e186bb2137229ea571e3db56572205f482794de03d,https://github.com/joyvb/stoptox,6ba3a7f82ab9fda8534f120114a566eec296e8ae,"InChI=1S/C20H30O2/c1-18-9-6-14(21)12-13(18)4-5-15-16(18)7-10-19(2)17(15)8-11-20(19,3)22/h12,15-17,22H,4-11H2,1-3H3"
O=[N+]([O-])c1ccc(Oc2ccc(Cl)cc2)cc1,0,1836-74-4,GDEZSMXXDMVYHT-UHFFFAOYSA-N,1836-74-4,STopTox peer-reviewed curated experimental irritation dataset,https://doi.org/10.1289/EHP9341,"[""eye:CpId:1537""]","[""explicit_curated_experimental_outcome_0"", ""absence_of_hazard_statement_not_used"", ""defined_single_structure"", ""exact_identity_deduplicated"", ""current_strong_conflicts_excluded"", ""external_holdout_quarantined"", ""publication_dataset_oecd_405_curation""]",peer_reviewed_curated_experimental_negative,0.9,experimental,"OECD TG 405 experimental eye irritation, curated at dataset level",not irritating / not classified (curated Outcome=0),not_reported_per_record_in_public_sdf,eye:CpId:1537,03dc5888f0859ddcc1b694e186bb2137229ea571e3db56572205f482794de03d,https://github.com/joyvb/stoptox,6ba3a7f82ab9fda8534f120114a566eec296e8ae,InChI=1S/C12H8ClNO3/c13-9-1-5-11(6-2-9)17-12-7-3-10(4-8-12)14(15)16/h1-8H
NP(N)(=O)Nc1ccccc1[N+](=O)[O-],0,GDPVISFVPDYFPN-UHFFFAOYSA-N,GDPVISFVPDYFPN-UHFFFAOYSA-N,,STopTox peer-reviewed curated experimental irritation dataset,https://doi.org/10.1289/EHP9341,"[""eye:CpId:213""]","[""explicit_curated_experimental_outcome_0"", ""absence_of_hazard_statement_not_used"", ""defined_single_structure"", ""exact_identity_deduplicated"", ""current_strong_conflicts_excluded"", ""external_holdout_quarantined"", ""publication_dataset_oecd_405_curation""]",peer_reviewed_curated_experimental_negative,0.9,experimental,"OECD TG 405 experimental eye irritation, curated at dataset level",not irritating / not classified (curated Outcome=0),not_reported_per_record_in_public_sdf,eye:CpId:213,03dc5888f0859ddcc1b694e186bb2137229ea571e3db56572205f482794de03d,https://github.com/joyvb/stoptox,6ba3a7f82ab9fda8534f120114a566eec296e8ae,GDPVISFVPDYFPN-UHFFFAOYSA-N
CC(N)C(O)c1ccc(O)c(O)c1,0,829-74-3,GEFQWZLICWMTKF-UHFFFAOYSA-N,829-74-3,STopTox peer-reviewed curated experimental irritation dataset,https://doi.org/10.1289/EHP9341,"[""eye:CpId:1543""]","[""explicit_curated_experimental_outcome_0"", ""absence_of_hazard_statement_not_used"", ""defined_single_structure"", ""exact_identity_deduplicated"", ""current_strong_conflicts_excluded"", ""external_holdout_quarantined"", ""publication_dataset_oecd_405_curation""]",peer_reviewed_curated_experimental_negative,0.9,experimental,"OECD TG 405 experimental eye irritation, curated at dataset level",not irritating / not classified (curated Outcome=0),not_reported_per_record_in_public_sdf,eye:CpId:1543,03dc5888f0859ddcc1b694e186bb2137229ea571e3db56572205f482794de03d,https://github.com/joyvb/stoptox,6ba3a7f82ab9fda8534f120114a566eec296e8ae,"InChI=1S/C9H13NO3/c1-5(10)9(13)6-2-3-7(11)8(12)4-6/h2-5,9,11-13H,10H2,1H3"
COC(=O)C=C(C)OP(=O)(OC)OC,0,7786-34-7,GEPDYQSQVLXLEU-UHFFFAOYSA-N,7786-34-7,STopTox peer-reviewed curated experimental irritation dataset,https://doi.org/10.1289/EHP9341,"[""eye:CpId:1544""]","[""explicit_curated_experimental_outcome_0"", ""absence_of_hazard_statement_not_used"", ""defined_single_structure"", ""exact_identity_deduplicated"", ""current_strong_conflicts_excluded"", ""external_holdout_quarantined"", ""publication_dataset_oecd_405_curation""]",peer_reviewed_curated_experimental_negative,0.9,experimental,"OECD TG 405 experimental eye irritation, curated at dataset level",not irritating / not classified (curated Outcome=0),not_reported_per_record_in_public_sdf,eye:CpId:1544,03dc5888f0859ddcc1b694e186bb2137229ea571e3db56572205f482794de03d,https://github.com/joyvb/stoptox,6ba3a7f82ab9fda8534f120114a566eec296e8ae,"InChI=1S/C7H13O6P/c1-6(5-7(8)10-2)13-14(9,11-3)12-4/h5H,1-4H3"
CCOCCCOC(O)CC,0,30025-38-8,GEZOSPWWMQDYMS-UHFFFAOYSA-N,30025-38-8,STopTox peer-reviewed curated experimental irritation dataset,https://doi.org/10.1289/EHP9341,"[""eye:CpId:216""]","[""explicit_curated_experimental_outcome_0"", ""absence_of_hazard_statement_not_used"", ""defined_single_structure"", ""exact_identity_deduplicated"", ""current_strong_conflicts_excluded"", ""external_holdout_quarantined"", ""publication_dataset_oecd_405_curation""]",peer_reviewed_curated_experimental_negative,0.9,experimental,"OECD TG 405 experimental eye irritation, curated at dataset level",not irritating / not classified (curated Outcome=0),not_reported_per_record_in_public_sdf,eye:CpId:216,03dc5888f0859ddcc1b694e186bb2137229ea571e3db56572205f482794de03d,https://github.com/joyvb/stoptox,6ba3a7f82ab9fda8534f120114a566eec296e8ae,GEZOSPWWMQDYMS-UHFFFAOYSA-N
CO[Si](CCCCCC[Si](OC)(OC)OC)(OC)OC,0,87135-01-1,GFKCWAROGHMSTC-UHFFFAOYSA-N,87135-01-1,STopTox peer-reviewed curated experimental irritation dataset,https://doi.org/10.1289/EHP9341,"[""eye:CpId:217""]","[""explicit_curated_experimental_outcome_0"", ""absence_of_hazard_statement_not_used"", ""defined_single_structure"", ""exact_identity_deduplicated"", ""current_strong_conflicts_excluded"", ""external_holdout_quarantined"", ""publication_dataset_oecd_405_curation""]",peer_reviewed_curated_experimental_negative,0.9,experimental,"OECD TG 405 experimental eye irritation, curated at dataset level",not irritating / not classified (curated Outcome=0),not_reported_per_record_in_public_sdf,eye:CpId:217,03dc5888f0859ddcc1b694e186bb2137229ea571e3db56572205f482794de03d,https://github.com/joyvb/stoptox,6ba3a7f82ab9fda8534f120114a566eec296e8ae,GFKCWAROGHMSTC-UHFFFAOYSA-N
CC(C)c1cccc2c(C(C)C)cccc12,0,38640-62-9,GFZWCYSEPXDDRI-UHFFFAOYSA-N,38640-62-9,STopTox peer-reviewed curated experimental irritation dataset,https://doi.org/10.1289/EHP9341,"[""eye:CpId:218""]","[""explicit_curated_experimental_outcome_0"", ""absence_of_hazard_statement_not_used"", ""defined_single_structure"", ""exact_identity_deduplicated"", ""current_strong_conflicts_excluded"", ""external_holdout_quarantined"", ""publication_dataset_oecd_405_curation""]",peer_reviewed_curated_experimental_negative,0.9,experimental,"OECD TG 405 experimental eye irritation, curated at dataset level",not irritating / not classified (curated Outcome=0),not_reported_per_record_in_public_sdf,eye:CpId:218,03dc5888f0859ddcc1b694e186bb2137229ea571e3db56572205f482794de03d,https://github.com/joyvb/stoptox,6ba3a7f82ab9fda8534f120114a566eec296e8ae,GFZWCYSEPXDDRI-UHFFFAOYSA-N
CCCCC(C)(OC)C(O)C=CC1C(O)CC(=O)C1CCCCCCC(=O)OC,0,88980-20-5,GGDWDKDPRJFMHD-UHFFFAOYSA-N,88980-20-5,STopTox peer-reviewed curated experimental irritation dataset,https://doi.org/10.1289/EHP9341,"[""eye:CpId:1549""]","[""explicit_curated_experimental_outcome_0"", ""absence_of_hazard_statement_not_used"", ""defined_single_structure"", ""exact_identity_deduplicated"", ""current_strong_conflicts_excluded"", ""external_holdout_quarantined"", ""publication_dataset_oecd_405_curation""]",peer_reviewed_curated_experimental_negative,0.9,experimental,"OECD TG 405 experimental eye irritation, curated at dataset level",not irritating / not classified (curated Outcome=0),not_reported_per_record_in_public_sdf,eye:CpId:1549,03dc5888f0859ddcc1b694e186bb2137229ea571e3db56572205f482794de03d,https://github.com/joyvb/stoptox,6ba3a7f82ab9fda8534f120114a566eec296e8ae,"InChI=1S/C23H40O6/c1-5-6-15-23(2,29-4)21(26)14-13-18-17(19(24)16-20(18)25)11-9-7-8-10-12-22(27)28-3/h13-14,17-18,20-21,25-26H,5-12,15-16H2,1-4H3"
Oc1cccc(O)c1,0,108-46-3,GHMLBKRAJCXXBS-UHFFFAOYSA-N,108-46-3,STopTox peer-reviewed curated experimental irritation dataset,https://doi.org/10.1289/EHP9341,"[""eye:CpId:221""]","[""explicit_curated_experimental_outcome_0"", ""absence_of_hazard_statement_not_used"", ""defined_single_structure"", ""exact_identity_deduplicated"", ""current_strong_conflicts_excluded"", ""external_holdout_quarantined"", ""publication_dataset_oecd_405_curation""]",peer_reviewed_curated_experimental_negative,0.9,experimental,"OECD TG 405 experimental eye irritation, curated at dataset level",not irritating / not classified (curated Outcome=0),not_reported_per_record_in_public_sdf,eye:CpId:221,03dc5888f0859ddcc1b694e186bb2137229ea571e3db56572205f482794de03d,https://github.com/joyvb/stoptox,6ba3a7f82ab9fda8534f120114a566eec296e8ae,GHMLBKRAJCXXBS-UHFFFAOYSA-N
CCCCCCCCCC(=O)O,0,68583-51-7,GHVNFZFCNZKVNT-UHFFFAOYSA-N,68583-51-7,STopTox peer-reviewed curated experimental irritation dataset,https://doi.org/10.1289/EHP9341,"[""eye:CpId:222""]","[""explicit_curated_experimental_outcome_0"", ""absence_of_hazard_statement_not_used"", ""defined_single_structure"", ""exact_identity_deduplicated"", ""current_strong_conflicts_excluded"", ""external_holdout_quarantined"", ""publication_dataset_oecd_405_curation""]",peer_reviewed_curated_experimental_negative,0.9,experimental,"OECD TG 405 experimental eye irritation, curated at dataset level",not irritating / not classified (curated Outcome=0),not_reported_per_record_in_public_sdf,eye:CpId:222,03dc5888f0859ddcc1b694e186bb2137229ea571e3db56572205f482794de03d,https://github.com/joyvb/stoptox,6ba3a7f82ab9fda8534f120114a566eec296e8ae,GHVNFZFCNZKVNT-UHFFFAOYSA-N
CCOC(=O)C1Oc2ccc(Cl)cc2C(C)c2cc(Cl)ccc2O1,0,53341-49-4,GIGXYLNNCMPCGM-UHFFFAOYSA-N,53341-49-4,STopTox peer-reviewed curated experimental irritation dataset,https://doi.org/10.1289/EHP9341,"[""eye:CpId:1553""]","[""explicit_curated_experimental_outcome_0"", ""absence_of_hazard_statement_not_used"", ""defined_single_structure"", ""exact_identity_deduplicated"", ""current_strong_conflicts_excluded"", ""external_holdout_quarantined"", ""publication_dataset_oecd_405_curation""]",peer_reviewed_curated_experimental_negative,0.9,experimental,"OECD TG 405 experimental eye irritation, curated at dataset level",not irritating / not classified (curated Outcome=0),not_reported_per_record_in_public_sdf,eye:CpId:1553,03dc5888f0859ddcc1b694e186bb2137229ea571e3db56572205f482794de03d,https://github.com/joyvb/stoptox,6ba3a7f82ab9fda8534f120114a566eec296e8ae,"InChI=1S/C18H16Cl2O4/c1-3-22-17(21)18-23-15-6-4-11(19)8-13(15)10(2)14-9-12(20)5-7-16(14)24-18/h4-10,18H,3H2,1-2H3"
CC(N)Cc1ccc(O)cc1,0,103-86-6,GIKNHHRFLCDOEU-UHFFFAOYSA-N,103-86-6,STopTox peer-reviewed curated experimental irritation dataset,https://doi.org/10.1289/EHP9341,"[""eye:CpId:1556""]","[""explicit_curated_experimental_outcome_0"", ""absence_of_hazard_statement_not_used"", ""defined_single_structure"", ""exact_identity_deduplicated"", ""current_strong_conflicts_excluded"", ""external_holdout_quarantined"", ""publication_dataset_oecd_405_curation""]",peer_reviewed_curated_experimental_negative,0.9,experimental,"OECD TG 405 experimental eye irritation, curated at dataset level",not irritating / not classified (curated Outcome=0),not_reported_per_record_in_public_sdf,eye:CpId:1556,03dc5888f0859ddcc1b694e186bb2137229ea571e3db56572205f482794de03d,https://github.com/joyvb/stoptox,6ba3a7f82ab9fda8534f120114a566eec296e8ae,"InChI=1S/C9H13NO/c1-7(10)6-8-2-4-9(11)5-3-8/h2-5,7,11H,6,10H2,1H3"
CC(C)(C)OOC(=O)c1ccccc1,0,614-45-9,GJBRNHKUVLOCEB-UHFFFAOYSA-N,614-45-9,STopTox peer-reviewed curated experimental irritation dataset,https://doi.org/10.1289/EHP9341,"[""eye:CpId:225""]","[""explicit_curated_experimental_outcome_0"", ""absence_of_hazard_statement_not_used"", ""defined_single_structure"", ""exact_identity_deduplicated"", ""current_strong_conflicts_excluded"", ""external_holdout_quarantined"", ""publication_dataset_oecd_405_curation""]",peer_reviewed_curated_experimental_negative,0.9,experimental,"OECD TG 405 experimental eye irritation, curated at dataset level",not irritating / not classified (curated Outcome=0),not_reported_per_record_in_public_sdf,eye:CpId:225,03dc5888f0859ddcc1b694e186bb2137229ea571e3db56572205f482794de03d,https://github.com/joyvb/stoptox,6ba3a7f82ab9fda8534f120114a566eec296e8ae,GJBRNHKUVLOCEB-UHFFFAOYSA-N
NS(=O)(=O)c1cc(Cl)c(Cl)c(S(N)(=O)=O)c1,0,120-97-8,GJQPMPFPNINLKP-UHFFFAOYSA-N,120-97-8,STopTox peer-reviewed curated experimental irritation dataset,https://doi.org/10.1289/EHP9341,"[""eye:CpId:1561""]","[""explicit_curated_experimental_outcome_0"", ""absence_of_hazard_statement_not_used"", ""defined_single_structure"", ""exact_identity_deduplicated"", ""current_strong_conflicts_excluded"", ""external_holdout_quarantined"", ""publication_dataset_oecd_405_curation""]",peer_reviewed_curated_experimental_negative,0.9,experimental,"OECD TG 405 experimental eye irritation, curated at dataset level",not irritating / not classified (curated Outcome=0),not_reported_per_record_in_public_sdf,eye:CpId:1561,03dc5888f0859ddcc1b694e186bb2137229ea571e3db56572205f482794de03d,https://github.com/joyvb/stoptox,6ba3a7f82ab9fda8534f120114a566eec296e8ae,"InChI=1S/C6H6Cl2N2O4S2/c7-4-1-3(15(9,11)12)2-5(6(4)8)16(10,13)14/h1-2H,(H2,9,11,12)(H2,10,13,14)"
CC(=O)OCC(C)C,0,110-19-0,GJRQTCIYDGXPES-UHFFFAOYSA-N,110-19-0,STopTox peer-reviewed curated experimental irritation dataset,https://doi.org/10.1289/EHP9341,"[""eye:CpId:226""]","[""explicit_curated_experimental_outcome_0"", ""absence_of_hazard_statement_not_used"", ""defined_single_structure"", ""exact_identity_deduplicated"", ""current_strong_conflicts_excluded"", ""external_holdout_quarantined"", ""publication_dataset_oecd_405_curation""]",peer_reviewed_curated_experimental_negative,0.9,experimental,"OECD TG 405 experimental eye irritation, curated at dataset level",not irritating / not classified (curated Outcome=0),not_reported_per_record_in_public_sdf,eye:CpId:226,03dc5888f0859ddcc1b694e186bb2137229ea571e3db56572205f482794de03d,https://github.com/joyvb/stoptox,6ba3a7f82ab9fda8534f120114a566eec296e8ae,GJRQTCIYDGXPES-UHFFFAOYSA-N
CCOC(OCC)OCC,0,122-51-0,GKASDNZWUGIAMG-UHFFFAOYSA-N,122-51-0,STopTox peer-reviewed curated experimental irritation dataset,https://doi.org/10.1289/EHP9341,"[""eye:CpId:227""]","[""explicit_curated_experimental_outcome_0"", ""absence_of_hazard_statement_not_used"", ""defined_single_structure"", ""exact_identity_deduplicated"", ""current_strong_conflicts_excluded"", ""external_holdout_quarantined"", ""publication_dataset_oecd_405_curation""]",peer_reviewed_curated_experimental_negative,0.9,experimental,"OECD TG 405 experimental eye irritation, curated at dataset level",not irritating / not classified (curated Outcome=0),not_reported_per_record_in_public_sdf,eye:CpId:227,03dc5888f0859ddcc1b694e186bb2137229ea571e3db56572205f482794de03d,https://github.com/joyvb/stoptox,6ba3a7f82ab9fda8534f120114a566eec296e8ae,GKASDNZWUGIAMG-UHFFFAOYSA-N
CCCCNc1ccc(C(=O)OCCN(C)C)cc1,0,94-24-6,GKCBAIGFKIBETG-UHFFFAOYSA-N,94-24-6,STopTox peer-reviewed curated experimental irritation dataset,https://doi.org/10.1289/EHP9341,"[""eye:CpId:1562""]","[""explicit_curated_experimental_outcome_0"", ""absence_of_hazard_statement_not_used"", ""defined_single_structure"", ""exact_identity_deduplicated"", ""current_strong_conflicts_excluded"", ""external_holdout_quarantined"", ""publication_dataset_oecd_405_curation""]",peer_reviewed_curated_experimental_negative,0.9,experimental,"OECD TG 405 experimental eye irritation, curated at dataset level",not irritating / not classified (curated Outcome=0),not_reported_per_record_in_public_sdf,eye:CpId:1562,03dc5888f0859ddcc1b694e186bb2137229ea571e3db56572205f482794de03d,https://github.com/joyvb/stoptox,6ba3a7f82ab9fda8534f120114a566eec296e8ae,"InChI=1S/C15H24N2O2/c1-4-5-10-16-14-8-6-13(7-9-14)15(18)19-12-11-17(2)3/h6-9,16H,4-5,10-12H2,1-3H3"
CCCCCCCCCCCCCCCCCCO,0,112-92-5,GLDOVTGHNKAZLK-UHFFFAOYSA-N,112-92-5,STopTox peer-reviewed curated experimental irritation dataset,https://doi.org/10.1289/EHP9341,"[""eye:CpId:228""]","[""explicit_curated_experimental_outcome_0"", ""absence_of_hazard_statement_not_used"", ""defined_single_structure"", ""exact_identity_deduplicated"", ""current_strong_conflicts_excluded"", ""external_holdout_quarantined"", ""publication_dataset_oecd_405_curation""]",peer_reviewed_curated_experimental_negative,0.9,experimental,"OECD TG 405 experimental eye irritation, curated at dataset level",not irritating / not classified (curated Outcome=0),not_reported_per_record_in_public_sdf,eye:CpId:228,03dc5888f0859ddcc1b694e186bb2137229ea571e3db56572205f482794de03d,https://github.com/joyvb/stoptox,6ba3a7f82ab9fda8534f120114a566eec296e8ae,GLDOVTGHNKAZLK-UHFFFAOYSA-N
C=C1C(=CC=C2CCCC3(C)C2CCC3C(C)CCCC(C)(C)O)CC(O)CC1O,0,32222-06-3,GMRQFYUYWCNGIN-UHFFFAOYSA-N,32222-06-3,STopTox peer-reviewed curated experimental irritation dataset,https://doi.org/10.1289/EHP9341,"[""eye:CpId:1570""]","[""explicit_curated_experimental_outcome_0"", ""absence_of_hazard_statement_not_used"", ""defined_single_structure"", ""exact_identity_deduplicated"", ""current_strong_conflicts_excluded"", ""external_holdout_quarantined"", ""publication_dataset_oecd_405_curation""]",peer_reviewed_curated_experimental_negative,0.9,experimental,"OECD TG 405 experimental eye irritation, curated at dataset level",not irritating / not classified (curated Outcome=0),not_reported_per_record_in_public_sdf,eye:CpId:1570,03dc5888f0859ddcc1b694e186bb2137229ea571e3db56572205f482794de03d,https://github.com/joyvb/stoptox,6ba3a7f82ab9fda8534f120114a566eec296e8ae,"InChI=1S/C27H44O3/c1-18(8-6-14-26(3,4)30)23-12-13-24-20(9-7-15-27(23,24)5)10-11-21-16-22(28)17-25(29)19(21)2/h10-11,18,22-25,28-30H,2,6-9,12-17H2,1,3-5H3"
CCCCCC(O)C=CC1C(O)CC(=O)C1CCCCCCC(=O)O,0,745-65-3,GMVPRGQOIOIIMI-UHFFFAOYSA-N,745-65-3,STopTox peer-reviewed curated experimental irritation dataset,https://doi.org/10.1289/EHP9341,"[""eye:CpId:1572""]","[""explicit_curated_experimental_outcome_0"", ""absence_of_hazard_statement_not_used"", ""defined_single_structure"", ""exact_identity_deduplicated"", ""current_strong_conflicts_excluded"", ""external_holdout_quarantined"", ""publication_dataset_oecd_405_curation""]",peer_reviewed_curated_experimental_negative,0.9,experimental,"OECD TG 405 experimental eye irritation, curated at dataset level",not irritating / not classified (curated Outcome=0),not_reported_per_record_in_public_sdf,eye:CpId:1572,03dc5888f0859ddcc1b694e186bb2137229ea571e3db56572205f482794de03d,https://github.com/joyvb/stoptox,6ba3a7f82ab9fda8534f120114a566eec296e8ae,"InChI=1S/C20H34O5/c1-2-3-6-9-15(21)12-13-17-16(18(22)14-19(17)23)10-7-4-5-8-11-20(24)25/h12-13,15-17,19,21,23H,2-11,14H2,1H3,(H,24,25)"
CCCCCC(C)(O)C=CC1C(O)CC(O)C1CC=C=CCCC(=O)OC,0,54120-61-5,GNIYHUSSKSFYBD-UHFFFAOYSA-N,54120-61-5,STopTox peer-reviewed curated experimental irritation dataset,https://doi.org/10.1289/EHP9341,"[""eye:CpId:1575""]","[""explicit_curated_experimental_outcome_0"", ""absence_of_hazard_statement_not_used"", ""defined_single_structure"", ""exact_identity_deduplicated"", ""current_strong_conflicts_excluded"", ""external_holdout_quarantined"", ""publication_dataset_oecd_405_curation""]",peer_reviewed_curated_experimental_negative,0.9,experimental,"OECD TG 405 experimental eye irritation, curated at dataset level",not irritating / not classified (curated Outcome=0),not_reported_per_record_in_public_sdf,eye:CpId:1575,03dc5888f0859ddcc1b694e186bb2137229ea571e3db56572205f482794de03d,https://github.com/joyvb/stoptox,6ba3a7f82ab9fda8534f120114a566eec296e8ae,"InChI=1S/C22H36O5/c1-4-5-10-14-22(2,26)15-13-18-17(19(23)16-20(18)24)11-8-6-7-9-12-21(25)27-3/h7-8,13,15,17-20,23-24,26H,4-5,9-12,14,16H2,1-3H3"
CCCCC(CC)C(=O)OCC(C)(C)COC(=O)C(CC)CCCC,0,28510-23-8,GORMSINSWZJIKL-UHFFFAOYSA-N,28510-23-8,STopTox peer-reviewed curated experimental irritation dataset,https://doi.org/10.1289/EHP9341,"[""eye:CpId:231""]","[""explicit_curated_experimental_outcome_0"", ""absence_of_hazard_statement_not_used"", ""defined_single_structure"", ""exact_identity_deduplicated"", ""current_strong_conflicts_excluded"", ""external_holdout_quarantined"", ""publication_dataset_oecd_405_curation""]",peer_reviewed_curated_experimental_negative,0.9,experimental,"OECD TG 405 experimental eye irritation, curated at dataset level",not irritating / not classified (curated Outcome=0),not_reported_per_record_in_public_sdf,eye:CpId:231,03dc5888f0859ddcc1b694e186bb2137229ea571e3db56572205f482794de03d,https://github.com/joyvb/stoptox,6ba3a7f82ab9fda8534f120114a566eec296e8ae,GORMSINSWZJIKL-UHFFFAOYSA-N
OCC(O)COCC(O)CO,0,59113-36-9,GPLRAVKSCUXZTP-UHFFFAOYSA-N,59113-36-9,STopTox peer-reviewed curated experimental irritation dataset,https://doi.org/10.1289/EHP9341,"[""eye:CpId:233""]","[""explicit_curated_experimental_outcome_0"", ""absence_of_hazard_statement_not_used"", ""defined_single_structure"", ""exact_identity_deduplicated"", ""current_strong_conflicts_excluded"", ""external_holdout_quarantined"", ""publication_dataset_oecd_405_curation""]",peer_reviewed_curated_experimental_negative,0.9,experimental,"OECD TG 405 experimental eye irritation, curated at dataset level",not irritating / not classified (curated Outcome=0),not_reported_per_record_in_public_sdf,eye:CpId:233,03dc5888f0859ddcc1b694e186bb2137229ea571e3db56572205f482794de03d,https://github.com/joyvb/stoptox,6ba3a7f82ab9fda8534f120114a566eec296e8ae,GPLRAVKSCUXZTP-UHFFFAOYSA-N
Cc1ccc2c(Cl)cc(Cl)c(O)c2n1,0,72-80-0,GPTXWRGISTZRIO-UHFFFAOYSA-N,72-80-0,STopTox peer-reviewed curated experimental irritation dataset,https://doi.org/10.1289/EHP9341,"[""eye:CpId:1586""]","[""explicit_curated_experimental_outcome_0"", ""absence_of_hazard_statement_not_used"", ""defined_single_structure"", ""exact_identity_deduplicated"", ""current_strong_conflicts_excluded"", ""external_holdout_quarantined"", ""publication_dataset_oecd_405_curation""]",peer_reviewed_curated_experimental_negative,0.9,experimental,"OECD TG 405 experimental eye irritation, curated at dataset level",not irritating / not classified (curated Outcome=0),not_reported_per_record_in_public_sdf,eye:CpId:1586,03dc5888f0859ddcc1b694e186bb2137229ea571e3db56572205f482794de03d,https://github.com/joyvb/stoptox,6ba3a7f82ab9fda8534f120114a566eec296e8ae,"InChI=1S/C10H7Cl2NO/c1-5-2-3-6-7(11)4-8(12)10(14)9(6)13-5/h2-4,14H,1H3"
CC12CCC(C[N+](C)(CCC[N+](C)(C)C)C1)C2(C)C,0,2624-50-2,GPUGLFZXYGTLBI-UHFFFAOYSA-N,2624-50-2,STopTox peer-reviewed curated experimental irritation dataset,https://doi.org/10.1289/EHP9341,"[""eye:CpId:1587""]","[""explicit_curated_experimental_outcome_0"", ""absence_of_hazard_statement_not_used"", ""defined_single_structure"", ""exact_identity_deduplicated"", ""current_strong_conflicts_excluded"", ""external_holdout_quarantined"", ""publication_dataset_oecd_405_curation""]",peer_reviewed_curated_experimental_negative,0.9,experimental,"OECD TG 405 experimental eye irritation, curated at dataset level",not irritating / not classified (curated Outcome=0),not_reported_per_record_in_public_sdf,eye:CpId:1587,03dc5888f0859ddcc1b694e186bb2137229ea571e3db56572205f482794de03d,https://github.com/joyvb/stoptox,6ba3a7f82ab9fda8534f120114a566eec296e8ae,"InChI=1S/C17H36N2/c1-16(2)15-9-10-17(16,3)14-19(7,13-15)12-8-11-18(4,5)6/h15H,8-14H2,1-7H3/q+2"
CCCCCCCCCCCCCC(=O)OCC(CC)CCCC,0,29806-75-5,GRXOKLJPWSYWIA-UHFFFAOYSA-N,29806-75-5,STopTox peer-reviewed curated experimental irritation dataset,https://doi.org/10.1289/EHP9341,"[""eye:CpId:1595""]","[""explicit_curated_experimental_outcome_0"", ""absence_of_hazard_statement_not_used"", ""defined_single_structure"", ""exact_identity_deduplicated"", ""current_strong_conflicts_excluded"", ""external_holdout_quarantined"", ""publication_dataset_oecd_405_curation""]",peer_reviewed_curated_experimental_negative,0.9,experimental,"OECD TG 405 experimental eye irritation, curated at dataset level",not irritating / not classified (curated Outcome=0),not_reported_per_record_in_public_sdf,eye:CpId:1595,03dc5888f0859ddcc1b694e186bb2137229ea571e3db56572205f482794de03d,https://github.com/joyvb/stoptox,6ba3a7f82ab9fda8534f120114a566eec296e8ae,"InChI=1S/C22H44O2/c1-4-7-9-10-11-12-13-14-15-16-17-19-22(23)24-20-21(6-3)18-8-5-2/h21H,4-20H2,1-3H3"
OCCN(CCO)CCO,0,102-71-6,GSEJCLTVZPLZKY-UHFFFAOYSA-N,102-71-6,STopTox peer-reviewed curated experimental irritation dataset,https://doi.org/10.1289/EHP9341,"[""eye:CpId:236""]","[""explicit_curated_experimental_outcome_0"", ""absence_of_hazard_statement_not_used"", ""defined_single_structure"", ""exact_identity_deduplicated"", ""current_strong_conflicts_excluded"", ""external_holdout_quarantined"", ""publication_dataset_oecd_405_curation""]",peer_reviewed_curated_experimental_negative,0.9,experimental,"OECD TG 405 experimental eye irritation, curated at dataset level",not irritating / not classified (curated Outcome=0),not_reported_per_record_in_public_sdf,eye:CpId:236,03dc5888f0859ddcc1b694e186bb2137229ea571e3db56572205f482794de03d,https://github.com/joyvb/stoptox,6ba3a7f82ab9fda8534f120114a566eec296e8ae,GSEJCLTVZPLZKY-UHFFFAOYSA-N
CC(C(=O)O)c1ccc(C(=O)c2ccccc2)s1,0,33005-95-7,GUHPRPJDBZHYCJ-UHFFFAOYSA-N,33005-95-7,STopTox peer-reviewed curated experimental irritation dataset,https://doi.org/10.1289/EHP9341,"[""eye:CpId:1603""]","[""explicit_curated_experimental_outcome_0"", ""absence_of_hazard_statement_not_used"", ""defined_single_structure"", ""exact_identity_deduplicated"", ""current_strong_conflicts_excluded"", ""external_holdout_quarantined"", ""publication_dataset_oecd_405_curation""]",peer_reviewed_curated_experimental_negative,0.9,experimental,"OECD TG 405 experimental eye irritation, curated at dataset level",not irritating / not classified (curated Outcome=0),not_reported_per_record_in_public_sdf,eye:CpId:1603,03dc5888f0859ddcc1b694e186bb2137229ea571e3db56572205f482794de03d,https://github.com/joyvb/stoptox,6ba3a7f82ab9fda8534f120114a566eec296e8ae,"InChI=1S/C14H12O3S/c1-9(14(16)17)11-7-8-12(18-11)13(15)10-5-3-2-4-6-10/h2-9H,1H3,(H,16,17)"
NCCCCCCCCCCC(=O)O,0,2432-99-7,GUOSQNAUYHMCRU-UHFFFAOYSA-N,2432-99-7,STopTox peer-reviewed curated experimental irritation dataset,https://doi.org/10.1289/EHP9341,"[""eye:CpId:237""]","[""explicit_curated_experimental_outcome_0"", ""absence_of_hazard_statement_not_used"", ""defined_single_structure"", ""exact_identity_deduplicated"", ""current_strong_conflicts_excluded"", ""external_holdout_quarantined"", ""publication_dataset_oecd_405_curation""]",peer_reviewed_curated_experimental_negative,0.9,experimental,"OECD TG 405 experimental eye irritation, curated at dataset level",not irritating / not classified (curated Outcome=0),not_reported_per_record_in_public_sdf,eye:CpId:237,03dc5888f0859ddcc1b694e186bb2137229ea571e3db56572205f482794de03d,https://github.com/joyvb/stoptox,6ba3a7f82ab9fda8534f120114a566eec296e8ae,GUOSQNAUYHMCRU-UHFFFAOYSA-N
Cc1c(C)c2c(c(C)c1O)CCC(C)(CCCC(C)CCCC(C)CCCC(C)C)O2,0,59-02-9,GVJHHUAWPYXKBD-UHFFFAOYSA-N,59-02-9,STopTox peer-reviewed curated experimental irritation dataset,https://doi.org/10.1289/EHP9341,"[""eye:CpId:1609""]","[""explicit_curated_experimental_outcome_0"", ""absence_of_hazard_statement_not_used"", ""defined_single_structure"", ""exact_identity_deduplicated"", ""current_strong_conflicts_excluded"", ""external_holdout_quarantined"", ""publication_dataset_oecd_405_curation""]",peer_reviewed_curated_experimental_negative,0.9,experimental,"OECD TG 405 experimental eye irritation, curated at dataset level",not irritating / not classified (curated Outcome=0),not_reported_per_record_in_public_sdf,eye:CpId:1609,03dc5888f0859ddcc1b694e186bb2137229ea571e3db56572205f482794de03d,https://github.com/joyvb/stoptox,6ba3a7f82ab9fda8534f120114a566eec296e8ae,"InChI=1S/C29H50O2/c1-20(2)12-9-13-21(3)14-10-15-22(4)16-11-18-29(8)19-17-26-25(7)27(30)23(5)24(6)28(26)31-29/h20-22,30H,9-19H2,1-8H3"
CC(C)C1CCCCC1,0,696-29-7,GWESVXSMPKAFAS-UHFFFAOYSA-N,696-29-7,STopTox peer-reviewed curated experimental irritation dataset,https://doi.org/10.1289/EHP9341,"[""eye:CpId:239""]","[""explicit_curated_experimental_outcome_0"", ""absence_of_hazard_statement_not_used"", ""defined_single_structure"", ""exact_identity_deduplicated"", ""current_strong_conflicts_excluded"", ""external_holdout_quarantined"", ""publication_dataset_oecd_405_curation""]",peer_reviewed_curated_experimental_negative,0.9,experimental,"OECD TG 405 experimental eye irritation, curated at dataset level",not irritating / not classified (curated Outcome=0),not_reported_per_record_in_public_sdf,eye:CpId:239,03dc5888f0859ddcc1b694e186bb2137229ea571e3db56572205f482794de03d,https://github.com/joyvb/stoptox,6ba3a7f82ab9fda8534f120114a566eec296e8ae,GWESVXSMPKAFAS-UHFFFAOYSA-N
CC(C)(C)OOC(C)(C)c1ccc(C(C)(C)OOC(C)(C)C)cc1,0,25155-25-3,GWQOYRSARAWVTC-UHFFFAOYSA-N,25155-25-3,STopTox peer-reviewed curated experimental irritation dataset,https://doi.org/10.1289/EHP9341,"[""eye:CpId:240""]","[""explicit_curated_experimental_outcome_0"", ""absence_of_hazard_statement_not_used"", ""defined_single_structure"", ""exact_identity_deduplicated"", ""current_strong_conflicts_excluded"", ""external_holdout_quarantined"", ""publication_dataset_oecd_405_curation""]",peer_reviewed_curated_experimental_negative,0.9,experimental,"OECD TG 405 experimental eye irritation, curated at dataset level",not irritating / not classified (curated Outcome=0),not_reported_per_record_in_public_sdf,eye:CpId:240,03dc5888f0859ddcc1b694e186bb2137229ea571e3db56572205f482794de03d,https://github.com/joyvb/stoptox,6ba3a7f82ab9fda8534f120114a566eec296e8ae,GWQOYRSARAWVTC-UHFFFAOYSA-N
COC(=O)c1ccc2cc(C(=O)OC)ccc2c1,0,840-65-3,GYUVMLBYMPKZAZ-UHFFFAOYSA-N,840-65-3,STopTox peer-reviewed curated experimental irritation dataset,https://doi.org/10.1289/EHP9341,"[""eye:CpId:242""]","[""explicit_curated_experimental_outcome_0"", ""absence_of_hazard_statement_not_used"", ""defined_single_structure"", ""exact_identity_deduplicated"", ""current_strong_conflicts_excluded"", ""external_holdout_quarantined"", ""publication_dataset_oecd_405_curation""]",peer_reviewed_curated_experimental_negative,0.9,experimental,"OECD TG 405 experimental eye irritation, curated at dataset level",not irritating / not classified (curated Outcome=0),not_reported_per_record_in_public_sdf,eye:CpId:242,03dc5888f0859ddcc1b694e186bb2137229ea571e3db56572205f482794de03d,https://github.com/joyvb/stoptox,6ba3a7f82ab9fda8534f120114a566eec296e8ae,GYUVMLBYMPKZAZ-UHFFFAOYSA-N
CC(=O)C1CCC2C3CC(C)C4=CC(=O)CCC4(C)C3C(O)CC12C,0,2668-66-8,GZENKSODFLBBHQ-UHFFFAOYSA-N,2668-66-8,STopTox peer-reviewed curated experimental irritation dataset,https://doi.org/10.1289/EHP9341,"[""eye:CpId:1623""]","[""explicit_curated_experimental_outcome_0"", ""absence_of_hazard_statement_not_used"", ""defined_single_structure"", ""exact_identity_deduplicated"", ""current_strong_conflicts_excluded"", ""external_holdout_quarantined"", ""publication_dataset_oecd_405_curation""]",peer_reviewed_curated_experimental_negative,0.9,experimental,"OECD TG 405 experimental eye irritation, curated at dataset level",not irritating / not classified (curated Outcome=0),not_reported_per_record_in_public_sdf,eye:CpId:1623,03dc5888f0859ddcc1b694e186bb2137229ea571e3db56572205f482794de03d,https://github.com/joyvb/stoptox,6ba3a7f82ab9fda8534f120114a566eec296e8ae,"InChI=1S/C22H32O3/c1-12-9-15-17-6-5-16(13(2)23)22(17,4)11-19(25)20(15)21(3)8-7-14(24)10-18(12)21/h10,12,15-17,19-20,25H,5-9,11H2,1-4H3"
CN(CCCl)CCCl,0,51-75-2,HAWPXGHAZFHHAD-UHFFFAOYSA-N,51-75-2,STopTox peer-reviewed curated experimental irritation dataset,https://doi.org/10.1289/EHP9341,"[""eye:CpId:1630""]","[""explicit_curated_experimental_outcome_0"", ""absence_of_hazard_statement_not_used"", ""defined_single_structure"", ""exact_identity_deduplicated"", ""current_strong_conflicts_excluded"", ""external_holdout_quarantined"", ""publication_dataset_oecd_405_curation""]",peer_reviewed_curated_experimental_negative,0.9,experimental,"OECD TG 405 experimental eye irritation, curated at dataset level",not irritating / not classified (curated Outcome=0),not_reported_per_record_in_public_sdf,eye:CpId:1630,03dc5888f0859ddcc1b694e186bb2137229ea571e3db56572205f482794de03d,https://github.com/joyvb/stoptox,6ba3a7f82ab9fda8534f120114a566eec296e8ae,"InChI=1S/C5H11Cl2N/c1-8(4-2-6)5-3-7/h2-5H2,1H3"
CC(=O)OCCOC(C)C,0,19234-20-9,HCDJVEYJSSTYSW-UHFFFAOYSA-N,19234-20-9,STopTox peer-reviewed curated experimental irritation dataset,https://doi.org/10.1289/EHP9341,"[""eye:CpId:244""]","[""explicit_curated_experimental_outcome_0"", ""absence_of_hazard_statement_not_used"", ""defined_single_structure"", ""exact_identity_deduplicated"", ""current_strong_conflicts_excluded"", ""external_holdout_quarantined"", ""publication_dataset_oecd_405_curation""]",peer_reviewed_curated_experimental_negative,0.9,experimental,"OECD TG 405 experimental eye irritation, curated at dataset level",not irritating / not classified (curated Outcome=0),not_reported_per_record_in_public_sdf,eye:CpId:244,03dc5888f0859ddcc1b694e186bb2137229ea571e3db56572205f482794de03d,https://github.com/joyvb/stoptox,6ba3a7f82ab9fda8534f120114a566eec296e8ae,HCDJVEYJSSTYSW-UHFFFAOYSA-N
O=c1c(-c2ccccc2)c1-c1ccccc1,0,886-38-4,HCIBTBXNLVOFER-UHFFFAOYSA-N,886-38-4,STopTox peer-reviewed curated experimental irritation dataset,https://doi.org/10.1289/EHP9341,"[""eye:CpId:1634""]","[""explicit_curated_experimental_outcome_0"", ""absence_of_hazard_statement_not_used"", ""defined_single_structure"", ""exact_identity_deduplicated"", ""current_strong_conflicts_excluded"", ""external_holdout_quarantined"", ""publication_dataset_oecd_405_curation""]",peer_reviewed_curated_experimental_negative,0.9,experimental,"OECD TG 405 experimental eye irritation, curated at dataset level",not irritating / not classified (curated Outcome=0),not_reported_per_record_in_public_sdf,eye:CpId:1634,03dc5888f0859ddcc1b694e186bb2137229ea571e3db56572205f482794de03d,https://github.com/joyvb/stoptox,6ba3a7f82ab9fda8534f120114a566eec296e8ae,InChI=1S/C15H10O/c16-15-13(11-7-3-1-4-8-11)14(15)12-9-5-2-6-10-12/h1-10H
CC(C)(C)C1=CC(=Cc2ccccc2)C=C(C(C)(C)C)C1=O,0,7078-98-0,HCUWXYBKPSKTAB-UHFFFAOYSA-N,7078-98-0,STopTox peer-reviewed curated experimental irritation dataset,https://doi.org/10.1289/EHP9341,"[""eye:CpId:246""]","[""explicit_curated_experimental_outcome_0"", ""absence_of_hazard_statement_not_used"", ""defined_single_structure"", ""exact_identity_deduplicated"", ""current_strong_conflicts_excluded"", ""external_holdout_quarantined"", ""publication_dataset_oecd_405_curation""]",peer_reviewed_curated_experimental_negative,0.9,experimental,"OECD TG 405 experimental eye irritation, curated at dataset level",not irritating / not classified (curated Outcome=0),not_reported_per_record_in_public_sdf,eye:CpId:246,03dc5888f0859ddcc1b694e186bb2137229ea571e3db56572205f482794de03d,https://github.com/joyvb/stoptox,6ba3a7f82ab9fda8534f120114a566eec296e8ae,HCUWXYBKPSKTAB-UHFFFAOYSA-N
CCCCCCC(O)CC=CCCCCCCCC(=O)OCC(O)CO,0,141-08-2,HDIFHQMREAYYJW-UHFFFAOYSA-N,141-08-2,STopTox peer-reviewed curated experimental irritation dataset,https://doi.org/10.1289/EHP9341,"[""eye:CpId:1641""]","[""explicit_curated_experimental_outcome_0"", ""absence_of_hazard_statement_not_used"", ""defined_single_structure"", ""exact_identity_deduplicated"", ""current_strong_conflicts_excluded"", ""external_holdout_quarantined"", ""publication_dataset_oecd_405_curation""]",peer_reviewed_curated_experimental_negative,0.9,experimental,"OECD TG 405 experimental eye irritation, curated at dataset level",not irritating / not classified (curated Outcome=0),not_reported_per_record_in_public_sdf,eye:CpId:1641,03dc5888f0859ddcc1b694e186bb2137229ea571e3db56572205f482794de03d,https://github.com/joyvb/stoptox,6ba3a7f82ab9fda8534f120114a566eec296e8ae,"InChI=1S/C21H40O5/c1-2-3-4-11-14-19(23)15-12-9-7-5-6-8-10-13-16-21(25)26-18-20(24)17-22/h9,12,19-20,22-24H,2-8,10-11,13-18H2,1H3"
CC(C)Cc1ccc(C(C)C(=O)O)cc1,0,15687-27-1,HEFNNWSXXWATRW-UHFFFAOYSA-N,15687-27-1,STopTox peer-reviewed curated experimental irritation dataset,https://doi.org/10.1289/EHP9341,"[""eye:CpId:1647""]","[""explicit_curated_experimental_outcome_0"", ""absence_of_hazard_statement_not_used"", ""defined_single_structure"", ""exact_identity_deduplicated"", ""current_strong_conflicts_excluded"", ""external_holdout_quarantined"", ""publication_dataset_oecd_405_curation""]",peer_reviewed_curated_experimental_negative,0.9,experimental,"OECD TG 405 experimental eye irritation, curated at dataset level",not irritating / not classified (curated Outcome=0),not_reported_per_record_in_public_sdf,eye:CpId:1647,03dc5888f0859ddcc1b694e186bb2137229ea571e3db56572205f482794de03d,https://github.com/joyvb/stoptox,6ba3a7f82ab9fda8534f120114a566eec296e8ae,"InChI=1S/C13H18O2/c1-9(2)8-11-4-6-12(7-5-11)10(3)13(14)15/h4-7,9-10H,8H2,1-3H3,(H,14,15)"
C=C(C)OC(C)=O,0,108-22-5,HETCEOQFVDFGSY-UHFFFAOYSA-N,108-22-5,STopTox peer-reviewed curated experimental irritation dataset,https://doi.org/10.1289/EHP9341,"[""eye:CpId:248""]","[""explicit_curated_experimental_outcome_0"", ""absence_of_hazard_statement_not_used"", ""defined_single_structure"", ""exact_identity_deduplicated"", ""current_strong_conflicts_excluded"", ""external_holdout_quarantined"", ""publication_dataset_oecd_405_curation""]",peer_reviewed_curated_experimental_negative,0.9,experimental,"OECD TG 405 experimental eye irritation, curated at dataset level",not irritating / not classified (curated Outcome=0),not_reported_per_record_in_public_sdf,eye:CpId:248,03dc5888f0859ddcc1b694e186bb2137229ea571e3db56572205f482794de03d,https://github.com/joyvb/stoptox,6ba3a7f82ab9fda8534f120114a566eec296e8ae,HETCEOQFVDFGSY-UHFFFAOYSA-N
C=CCCCCCCCCCCCC,0,1120-36-1,HFDVRLIODXPAHB-UHFFFAOYSA-N,1120-36-1,STopTox peer-reviewed curated experimental irritation dataset,https://doi.org/10.1289/EHP9341,"[""eye:CpId:250""]","[""explicit_curated_experimental_outcome_0"", ""absence_of_hazard_statement_not_used"", ""defined_single_structure"", ""exact_identity_deduplicated"", ""current_strong_conflicts_excluded"", ""external_holdout_quarantined"", ""publication_dataset_oecd_405_curation""]",peer_reviewed_curated_experimental_negative,0.9,experimental,"OECD TG 405 experimental eye irritation, curated at dataset level",not irritating / not classified (curated Outcome=0),not_reported_per_record_in_public_sdf,eye:CpId:250,03dc5888f0859ddcc1b694e186bb2137229ea571e3db56572205f482794de03d,https://github.com/joyvb/stoptox,6ba3a7f82ab9fda8534f120114a566eec296e8ae,HFDVRLIODXPAHB-UHFFFAOYSA-N
Cc1ccc(C(C)C)cc1,0,99-87-6,HFPZCAJZSCWRBC-UHFFFAOYSA-N,99-87-6,STopTox peer-reviewed curated experimental irritation dataset,https://doi.org/10.1289/EHP9341,"[""eye:CpId:1650""]","[""explicit_curated_experimental_outcome_0"", ""absence_of_hazard_statement_not_used"", ""defined_single_structure"", ""exact_identity_deduplicated"", ""current_strong_conflicts_excluded"", ""external_holdout_quarantined"", ""publication_dataset_oecd_405_curation""]",peer_reviewed_curated_experimental_negative,0.9,experimental,"OECD TG 405 experimental eye irritation, curated at dataset level",not irritating / not classified (curated Outcome=0),not_reported_per_record_in_public_sdf,eye:CpId:1650,03dc5888f0859ddcc1b694e186bb2137229ea571e3db56572205f482794de03d,https://github.com/joyvb/stoptox,6ba3a7f82ab9fda8534f120114a566eec296e8ae,"InChI=1S/C10H14/c1-8(2)10-6-4-9(3)5-7-10/h4-8H,1-3H3"
CC(C)(c1ccccc1)C(C)(C)c1ccccc1,0,1889-67-4,HGTUJZTUQFXBIH-UHFFFAOYSA-N,1889-67-4,STopTox peer-reviewed curated experimental irritation dataset,https://doi.org/10.1289/EHP9341,"[""eye:CpId:252""]","[""explicit_curated_experimental_outcome_0"", ""absence_of_hazard_statement_not_used"", ""defined_single_structure"", ""exact_identity_deduplicated"", ""current_strong_conflicts_excluded"", ""external_holdout_quarantined"", ""publication_dataset_oecd_405_curation""]",peer_reviewed_curated_experimental_negative,0.9,experimental,"OECD TG 405 experimental eye irritation, curated at dataset level",not irritating / not classified (curated Outcome=0),not_reported_per_record_in_public_sdf,eye:CpId:252,03dc5888f0859ddcc1b694e186bb2137229ea571e3db56572205f482794de03d,https://github.com/joyvb/stoptox,6ba3a7f82ab9fda8534f120114a566eec296e8ae,HGTUJZTUQFXBIH-UHFFFAOYSA-N
CCCCCCOC(=O)CCCCC(=O)OCCCCCC,0,110-33-8,HHECSPXBQJHZAF-UHFFFAOYSA-N,110-33-8,STopTox peer-reviewed curated experimental irritation dataset,https://doi.org/10.1289/EHP9341,"[""eye:CpId:253""]","[""explicit_curated_experimental_outcome_0"", ""absence_of_hazard_statement_not_used"", ""defined_single_structure"", ""exact_identity_deduplicated"", ""current_strong_conflicts_excluded"", ""external_holdout_quarantined"", ""publication_dataset_oecd_405_curation""]",peer_reviewed_curated_experimental_negative,0.9,experimental,"OECD TG 405 experimental eye irritation, curated at dataset level",not irritating / not classified (curated Outcome=0),not_reported_per_record_in_public_sdf,eye:CpId:253,03dc5888f0859ddcc1b694e186bb2137229ea571e3db56572205f482794de03d,https://github.com/joyvb/stoptox,6ba3a7f82ab9fda8534f120114a566eec296e8ae,HHECSPXBQJHZAF-UHFFFAOYSA-N
CCOC(=O)C(C)(C)C,0,3938-95-2,HHEIMYAXCOIQCJ-UHFFFAOYSA-N,3938-95-2,STopTox peer-reviewed curated experimental irritation dataset,https://doi.org/10.1289/EHP9341,"[""eye:CpId:1657""]","[""explicit_curated_experimental_outcome_0"", ""absence_of_hazard_statement_not_used"", ""defined_single_structure"", ""exact_identity_deduplicated"", ""current_strong_conflicts_excluded"", ""external_holdout_quarantined"", ""publication_dataset_oecd_405_curation""]",peer_reviewed_curated_experimental_negative,0.9,experimental,"OECD TG 405 experimental eye irritation, curated at dataset level",not irritating / not classified (curated Outcome=0),not_reported_per_record_in_public_sdf,eye:CpId:1657,03dc5888f0859ddcc1b694e186bb2137229ea571e3db56572205f482794de03d,https://github.com/joyvb/stoptox,6ba3a7f82ab9fda8534f120114a566eec296e8ae,"InChI=1S/C7H14O2/c1-5-9-6(8)7(2,3)4/h5H2,1-4H3"
CC(C)(C)c1ccc(OCC2CO2)cc1,0,3101-60-8,HHRACYLRBOUBKM-UHFFFAOYSA-N,3101-60-8,STopTox peer-reviewed curated experimental irritation dataset,https://doi.org/10.1289/EHP9341,"[""eye:CpId:255""]","[""explicit_curated_experimental_outcome_0"", ""absence_of_hazard_statement_not_used"", ""defined_single_structure"", ""exact_identity_deduplicated"", ""current_strong_conflicts_excluded"", ""external_holdout_quarantined"", ""publication_dataset_oecd_405_curation""]",peer_reviewed_curated_experimental_negative,0.9,experimental,"OECD TG 405 experimental eye irritation, curated at dataset level",not irritating / not classified (curated Outcome=0),not_reported_per_record_in_public_sdf,eye:CpId:255,03dc5888f0859ddcc1b694e186bb2137229ea571e3db56572205f482794de03d,https://github.com/joyvb/stoptox,6ba3a7f82ab9fda8534f120114a566eec296e8ae,HHRACYLRBOUBKM-UHFFFAOYSA-N
CC#CCC(C)C(O)C=CC1C(O)CC2CC(=CCCCC(=O)O)CC21,0,78919-13-8,HIFJCPQKFCZDDL-UHFFFAOYSA-N,78919-13-8,STopTox peer-reviewed curated experimental irritation dataset,https://doi.org/10.1289/EHP9341,"[""eye:CpId:1660""]","[""explicit_curated_experimental_outcome_0"", ""absence_of_hazard_statement_not_used"", ""defined_single_structure"", ""exact_identity_deduplicated"", ""current_strong_conflicts_excluded"", ""external_holdout_quarantined"", ""publication_dataset_oecd_405_curation""]",peer_reviewed_curated_experimental_negative,0.9,experimental,"OECD TG 405 experimental eye irritation, curated at dataset level",not irritating / not classified (curated Outcome=0),not_reported_per_record_in_public_sdf,eye:CpId:1660,03dc5888f0859ddcc1b694e186bb2137229ea571e3db56572205f482794de03d,https://github.com/joyvb/stoptox,6ba3a7f82ab9fda8534f120114a566eec296e8ae,"InChI=1S/C22H32O4/c1-3-4-7-15(2)20(23)11-10-18-19-13-16(8-5-6-9-22(25)26)12-17(19)14-21(18)24/h8,10-11,15,17-21,23-24H,5-7,9,12-14H2,1-2H3,(H,25,26)"
C=C1C(=CC=C2CCCC3(C)C2CCC3C(C)C=CC(C)C(C)C)CC(O)CC1O,0,54573-75-0,HKXBNHCUPKIYDM-UHFFFAOYSA-N,54573-75-0,STopTox peer-reviewed curated experimental irritation dataset,https://doi.org/10.1289/EHP9341,"[""eye:CpId:1670""]","[""explicit_curated_experimental_outcome_0"", ""absence_of_hazard_statement_not_used"", ""defined_single_structure"", ""exact_identity_deduplicated"", ""current_strong_conflicts_excluded"", ""external_holdout_quarantined"", ""publication_dataset_oecd_405_curation""]",peer_reviewed_curated_experimental_negative,0.9,experimental,"OECD TG 405 experimental eye irritation, curated at dataset level",not irritating / not classified (curated Outcome=0),not_reported_per_record_in_public_sdf,eye:CpId:1670,03dc5888f0859ddcc1b694e186bb2137229ea571e3db56572205f482794de03d,https://github.com/joyvb/stoptox,6ba3a7f82ab9fda8534f120114a566eec296e8ae,"InChI=1S/C28H44O2/c1-18(2)19(3)9-10-20(4)25-13-14-26-22(8-7-15-28(25,26)6)11-12-23-16-24(29)17-27(30)21(23)5/h9-12,18-20,24-27,29-30H,5,7-8,13-17H2,1-4,6H3"
C[Si]1(C)O[Si](C)(C)O[Si](C)(C)O[Si](C)(C)O1,0,556-67-2,HMMGMWAXVFQUOA-UHFFFAOYSA-N,556-67-2,STopTox peer-reviewed curated experimental irritation dataset,https://doi.org/10.1289/EHP9341,"[""eye:CpId:262""]","[""explicit_curated_experimental_outcome_0"", ""absence_of_hazard_statement_not_used"", ""defined_single_structure"", ""exact_identity_deduplicated"", ""current_strong_conflicts_excluded"", ""external_holdout_quarantined"", ""publication_dataset_oecd_405_curation""]",peer_reviewed_curated_experimental_negative,0.9,experimental,"OECD TG 405 experimental eye irritation, curated at dataset level",not irritating / not classified (curated Outcome=0),not_reported_per_record_in_public_sdf,eye:CpId:262,03dc5888f0859ddcc1b694e186bb2137229ea571e3db56572205f482794de03d,https://github.com/joyvb/stoptox,6ba3a7f82ab9fda8534f120114a566eec296e8ae,HMMGMWAXVFQUOA-UHFFFAOYSA-N
CCCCC(CC)COC(=O)C1CCC(C(=O)OCC(CC)CCCC)CC1,0,84731-70-4,HOQGHOMLEVKTBY-UHFFFAOYSA-N,84731-70-4,STopTox peer-reviewed curated experimental irritation dataset,https://doi.org/10.1289/EHP9341,"[""eye:CpId:265""]","[""explicit_curated_experimental_outcome_0"", ""absence_of_hazard_statement_not_used"", ""defined_single_structure"", ""exact_identity_deduplicated"", ""current_strong_conflicts_excluded"", ""external_holdout_quarantined"", ""publication_dataset_oecd_405_curation""]",peer_reviewed_curated_experimental_negative,0.9,experimental,"OECD TG 405 experimental eye irritation, curated at dataset level",not irritating / not classified (curated Outcome=0),not_reported_per_record_in_public_sdf,eye:CpId:265,03dc5888f0859ddcc1b694e186bb2137229ea571e3db56572205f482794de03d,https://github.com/joyvb/stoptox,6ba3a7f82ab9fda8534f120114a566eec296e8ae,HOQGHOMLEVKTBY-UHFFFAOYSA-N
CCCCCCCCCCCCCCCCCC(=O)OC,0,112-61-8,HPEUJPJOZXNMSJ-UHFFFAOYSA-N,112-61-8,STopTox peer-reviewed curated experimental irritation dataset,https://doi.org/10.1289/EHP9341,"[""eye:CpId:1683""]","[""explicit_curated_experimental_outcome_0"", ""absence_of_hazard_statement_not_used"", ""defined_single_structure"", ""exact_identity_deduplicated"", ""current_strong_conflicts_excluded"", ""external_holdout_quarantined"", ""publication_dataset_oecd_405_curation""]",peer_reviewed_curated_experimental_negative,0.9,experimental,"OECD TG 405 experimental eye irritation, curated at dataset level",not irritating / not classified (curated Outcome=0),not_reported_per_record_in_public_sdf,eye:CpId:1683,03dc5888f0859ddcc1b694e186bb2137229ea571e3db56572205f482794de03d,https://github.com/joyvb/stoptox,6ba3a7f82ab9fda8534f120114a566eec296e8ae,"InChI=1S/C19H38O2/c1-3-4-5-6-7-8-9-10-11-12-13-14-15-16-17-18-19(20)21-2/h3-18H2,1-2H3"
CC12CCC(=O)C=C1CCC1C2CCC2(C)C(OC(=O)CCC3CCCC3)CCC12,0,58-20-8,HPFVBGJFAYZEBE-UHFFFAOYSA-N,58-20-8,STopTox peer-reviewed curated experimental irritation dataset,https://doi.org/10.1289/EHP9341,"[""eye:CpId:1684""]","[""explicit_curated_experimental_outcome_0"", ""absence_of_hazard_statement_not_used"", ""defined_single_structure"", ""exact_identity_deduplicated"", ""current_strong_conflicts_excluded"", ""external_holdout_quarantined"", ""publication_dataset_oecd_405_curation""]",peer_reviewed_curated_experimental_negative,0.9,experimental,"OECD TG 405 experimental eye irritation, curated at dataset level",not irritating / not classified (curated Outcome=0),not_reported_per_record_in_public_sdf,eye:CpId:1684,03dc5888f0859ddcc1b694e186bb2137229ea571e3db56572205f482794de03d,https://github.com/joyvb/stoptox,6ba3a7f82ab9fda8534f120114a566eec296e8ae,"InChI=1S/C27H40O3/c1-26-15-13-20(28)17-19(26)8-9-21-22-10-11-24(27(22,2)16-14-23(21)26)30-25(29)12-7-18-5-3-4-6-18/h17-18,21-24H,3-16H2,1-2H3"
CC(C)c1ccc(C(C)CC=O)cc1,0,103-95-7,HQQPOVNESMNPNH-UHFFFAOYSA-N,103-95-7,STopTox peer-reviewed curated experimental irritation dataset,https://doi.org/10.1289/EHP9341,"[""eye:CpId:1690""]","[""explicit_curated_experimental_outcome_0"", ""absence_of_hazard_statement_not_used"", ""defined_single_structure"", ""exact_identity_deduplicated"", ""current_strong_conflicts_excluded"", ""external_holdout_quarantined"", ""publication_dataset_oecd_405_curation""]",peer_reviewed_curated_experimental_negative,0.9,experimental,"OECD TG 405 experimental eye irritation, curated at dataset level",not irritating / not classified (curated Outcome=0),not_reported_per_record_in_public_sdf,eye:CpId:1690,03dc5888f0859ddcc1b694e186bb2137229ea571e3db56572205f482794de03d,https://github.com/joyvb/stoptox,6ba3a7f82ab9fda8534f120114a566eec296e8ae,"InChI=1S/C13H18O/c1-10(2)12-4-6-13(7-5-12)11(3)8-9-14/h4-7,9-11H,8H2,1-3H3"
O=P(OCCCl)(OCCCl)OCCCl,0,115-96-8,HQUQLFOMPYWACS-UHFFFAOYSA-N,115-96-8,STopTox peer-reviewed curated experimental irritation dataset,https://doi.org/10.1289/EHP9341,"[""eye:CpId:1691""]","[""explicit_curated_experimental_outcome_0"", ""absence_of_hazard_statement_not_used"", ""defined_single_structure"", ""exact_identity_deduplicated"", ""current_strong_conflicts_excluded"", ""external_holdout_quarantined"", ""publication_dataset_oecd_405_curation""]",peer_reviewed_curated_experimental_negative,0.9,experimental,"OECD TG 405 experimental eye irritation, curated at dataset level",not irritating / not classified (curated Outcome=0),not_reported_per_record_in_public_sdf,eye:CpId:1691,03dc5888f0859ddcc1b694e186bb2137229ea571e3db56572205f482794de03d,https://github.com/joyvb/stoptox,6ba3a7f82ab9fda8534f120114a566eec296e8ae,"InChI=1S/C6H12Cl3O4P/c7-1-4-11-14(10,12-5-2-8)13-6-3-9/h1-6H2"
CCC[Si](OC)(OC)OC,0,1067-25-0,HQYALQRYBUJWDH-UHFFFAOYSA-N,1067-25-0,STopTox peer-reviewed curated experimental irritation dataset,https://doi.org/10.1289/EHP9341,"[""eye:CpId:271""]","[""explicit_curated_experimental_outcome_0"", ""absence_of_hazard_statement_not_used"", ""defined_single_structure"", ""exact_identity_deduplicated"", ""current_strong_conflicts_excluded"", ""external_holdout_quarantined"", ""publication_dataset_oecd_405_curation""]",peer_reviewed_curated_experimental_negative,0.9,experimental,"OECD TG 405 experimental eye irritation, curated at dataset level",not irritating / not classified (curated Outcome=0),not_reported_per_record_in_public_sdf,eye:CpId:271,03dc5888f0859ddcc1b694e186bb2137229ea571e3db56572205f482794de03d,https://github.com/joyvb/stoptox,6ba3a7f82ab9fda8534f120114a566eec296e8ae,HQYALQRYBUJWDH-UHFFFAOYSA-N
CC(C)(C)OOC1(OOC(C)(C)C)CCCCC1,0,3006-86-8,HSLFISVKRDQEBY-UHFFFAOYSA-N,3006-86-8,STopTox peer-reviewed curated experimental irritation dataset,https://doi.org/10.1289/EHP9341,"[""eye:CpId:273""]","[""explicit_curated_experimental_outcome_0"", ""absence_of_hazard_statement_not_used"", ""defined_single_structure"", ""exact_identity_deduplicated"", ""current_strong_conflicts_excluded"", ""external_holdout_quarantined"", ""publication_dataset_oecd_405_curation""]",peer_reviewed_curated_experimental_negative,0.9,experimental,"OECD TG 405 experimental eye irritation, curated at dataset level",not irritating / not classified (curated Outcome=0),not_reported_per_record_in_public_sdf,eye:CpId:273,03dc5888f0859ddcc1b694e186bb2137229ea571e3db56572205f482794de03d,https://github.com/joyvb/stoptox,6ba3a7f82ab9fda8534f120114a566eec296e8ae,HSLFISVKRDQEBY-UHFFFAOYSA-N
COc1ccccc1OCC(O)CO,0,93-14-1,HSRJKNPTNIJEKV-UHFFFAOYSA-N,93-14-1,STopTox peer-reviewed curated experimental irritation dataset,https://doi.org/10.1289/EHP9341,"[""eye:CpId:1697""]","[""explicit_curated_experimental_outcome_0"", ""absence_of_hazard_statement_not_used"", ""defined_single_structure"", ""exact_identity_deduplicated"", ""current_strong_conflicts_excluded"", ""external_holdout_quarantined"", ""publication_dataset_oecd_405_curation""]",peer_reviewed_curated_experimental_negative,0.9,experimental,"OECD TG 405 experimental eye irritation, curated at dataset level",not irritating / not classified (curated Outcome=0),not_reported_per_record_in_public_sdf,eye:CpId:1697,03dc5888f0859ddcc1b694e186bb2137229ea571e3db56572205f482794de03d,https://github.com/joyvb/stoptox,6ba3a7f82ab9fda8534f120114a566eec296e8ae,"InChI=1S/C10H14O4/c1-13-9-4-2-3-5-10(9)14-7-8(12)6-11/h2-5,8,11-12H,6-7H2,1H3"
Nc1cc(Cl)cc(C(=O)O)c1Cl,0,133-90-4,HSSBORCLYSCBJR-UHFFFAOYSA-N,133-90-4,STopTox peer-reviewed curated experimental irritation dataset,https://doi.org/10.1289/EHP9341,"[""eye:CpId:1698""]","[""explicit_curated_experimental_outcome_0"", ""absence_of_hazard_statement_not_used"", ""defined_single_structure"", ""exact_identity_deduplicated"", ""current_strong_conflicts_excluded"", ""external_holdout_quarantined"", ""publication_dataset_oecd_405_curation""]",peer_reviewed_curated_experimental_negative,0.9,experimental,"OECD TG 405 experimental eye irritation, curated at dataset level",not irritating / not classified (curated Outcome=0),not_reported_per_record_in_public_sdf,eye:CpId:1698,03dc5888f0859ddcc1b694e186bb2137229ea571e3db56572205f482794de03d,https://github.com/joyvb/stoptox,6ba3a7f82ab9fda8534f120114a566eec296e8ae,"InChI=1S/C7H5Cl2NO2/c8-3-1-4(7(11)12)6(9)5(10)2-3/h1-2H,10H2,(H,11,12)"
CCCCC(CC)COC(=O)OOC(C)(C)CC,0,70833-40-8,HTCRKQHJUYBQTK-UHFFFAOYSA-N,70833-40-8,STopTox peer-reviewed curated experimental irritation dataset,https://doi.org/10.1289/EHP9341,"[""eye:CpId:274""]","[""explicit_curated_experimental_outcome_0"", ""absence_of_hazard_statement_not_used"", ""defined_single_structure"", ""exact_identity_deduplicated"", ""current_strong_conflicts_excluded"", ""external_holdout_quarantined"", ""publication_dataset_oecd_405_curation""]",peer_reviewed_curated_experimental_negative,0.9,experimental,"OECD TG 405 experimental eye irritation, curated at dataset level",not irritating / not classified (curated Outcome=0),not_reported_per_record_in_public_sdf,eye:CpId:274,03dc5888f0859ddcc1b694e186bb2137229ea571e3db56572205f482794de03d,https://github.com/joyvb/stoptox,6ba3a7f82ab9fda8534f120114a566eec296e8ae,HTCRKQHJUYBQTK-UHFFFAOYSA-N
COC(=O)c1cc(C(=O)OC)cc(S(=O)(=O)O)c1,0,3965-55-7,HTXMGVTWXZBZNC-UHFFFAOYSA-N,3965-55-7,STopTox peer-reviewed curated experimental irritation dataset,https://doi.org/10.1289/EHP9341,"[""eye:CpId:276""]","[""explicit_curated_experimental_outcome_0"", ""absence_of_hazard_statement_not_used"", ""defined_single_structure"", ""exact_identity_deduplicated"", ""current_strong_conflicts_excluded"", ""external_holdout_quarantined"", ""publication_dataset_oecd_405_curation""]",peer_reviewed_curated_experimental_negative,0.9,experimental,"OECD TG 405 experimental eye irritation, curated at dataset level",not irritating / not classified (curated Outcome=0),not_reported_per_record_in_public_sdf,eye:CpId:276,03dc5888f0859ddcc1b694e186bb2137229ea571e3db56572205f482794de03d,https://github.com/joyvb/stoptox,6ba3a7f82ab9fda8534f120114a566eec296e8ae,HTXMGVTWXZBZNC-UHFFFAOYSA-M
CC(C)(O)C(C)(O)c1ccc(Cl)cc1,0,79-93-6,HTYIXCKSEQQCJO-UHFFFAOYSA-N,79-93-6,STopTox peer-reviewed curated experimental irritation dataset,https://doi.org/10.1289/EHP9341,"[""eye:CpId:1701""]","[""explicit_curated_experimental_outcome_0"", ""absence_of_hazard_statement_not_used"", ""defined_single_structure"", ""exact_identity_deduplicated"", ""current_strong_conflicts_excluded"", ""external_holdout_quarantined"", ""publication_dataset_oecd_405_curation""]",peer_reviewed_curated_experimental_negative,0.9,experimental,"OECD TG 405 experimental eye irritation, curated at dataset level",not irritating / not classified (curated Outcome=0),not_reported_per_record_in_public_sdf,eye:CpId:1701,03dc5888f0859ddcc1b694e186bb2137229ea571e3db56572205f482794de03d,https://github.com/joyvb/stoptox,6ba3a7f82ab9fda8534f120114a566eec296e8ae,"InChI=1S/C11H15ClO2/c1-10(2,13)11(3,14)8-4-6-9(12)7-5-8/h4-7,13-14H,1-3H3"
CC(C)(C)CC(=O)OCC(=O)C1(O)CCC2C3CCC4=CC(=O)C=CC4(C)C3C(O)CC21C,0,7681-14-3,HUMXXHTVHHLNRO-UHFFFAOYSA-N,7681-14-3,STopTox peer-reviewed curated experimental irritation dataset,https://doi.org/10.1289/EHP9341,"[""eye:CpId:1705""]","[""explicit_curated_experimental_outcome_0"", ""absence_of_hazard_statement_not_used"", ""defined_single_structure"", ""exact_identity_deduplicated"", ""current_strong_conflicts_excluded"", ""external_holdout_quarantined"", ""publication_dataset_oecd_405_curation""]",peer_reviewed_curated_experimental_negative,0.9,experimental,"OECD TG 405 experimental eye irritation, curated at dataset level",not irritating / not classified (curated Outcome=0),not_reported_per_record_in_public_sdf,eye:CpId:1705,03dc5888f0859ddcc1b694e186bb2137229ea571e3db56572205f482794de03d,https://github.com/joyvb/stoptox,6ba3a7f82ab9fda8534f120114a566eec296e8ae,"InChI=1S/C27H38O6/c1-24(2,3)14-22(31)33-15-21(30)27(32)11-9-19-18-7-6-16-12-17(28)8-10-25(16,4)23(18)20(29)13-26(19,27)5/h8,10,12,18-20,23,29,32H,6-7,9,11,13-15H2,1-5H3"
O=C(O)c1cc(-c2ccc(F)cc2F)ccc1O,0,22494-42-4,HUPFGZXOMWLGNK-UHFFFAOYSA-N,22494-42-4,STopTox peer-reviewed curated experimental irritation dataset,https://doi.org/10.1289/EHP9341,"[""eye:CpId:1707""]","[""explicit_curated_experimental_outcome_0"", ""absence_of_hazard_statement_not_used"", ""defined_single_structure"", ""exact_identity_deduplicated"", ""current_strong_conflicts_excluded"", ""external_holdout_quarantined"", ""publication_dataset_oecd_405_curation""]",peer_reviewed_curated_experimental_negative,0.9,experimental,"OECD TG 405 experimental eye irritation, curated at dataset level",not irritating / not classified (curated Outcome=0),not_reported_per_record_in_public_sdf,eye:CpId:1707,03dc5888f0859ddcc1b694e186bb2137229ea571e3db56572205f482794de03d,https://github.com/joyvb/stoptox,6ba3a7f82ab9fda8534f120114a566eec296e8ae,"InChI=1S/C13H8F2O3/c14-8-2-3-9(11(15)6-8)7-1-4-12(16)10(5-7)13(17)18/h1-6,16H,(H,17,18)"
CCC(NC(C)C)C(O)c1ccc(O)c(O)c1,0,530-08-5,HUYWAWARQUIQLE-UHFFFAOYSA-N,530-08-5,STopTox peer-reviewed curated experimental irritation dataset,https://doi.org/10.1289/EHP9341,"[""eye:CpId:1709""]","[""explicit_curated_experimental_outcome_0"", ""absence_of_hazard_statement_not_used"", ""defined_single_structure"", ""exact_identity_deduplicated"", ""current_strong_conflicts_excluded"", ""external_holdout_quarantined"", ""publication_dataset_oecd_405_curation""]",peer_reviewed_curated_experimental_negative,0.9,experimental,"OECD TG 405 experimental eye irritation, curated at dataset level",not irritating / not classified (curated Outcome=0),not_reported_per_record_in_public_sdf,eye:CpId:1709,03dc5888f0859ddcc1b694e186bb2137229ea571e3db56572205f482794de03d,https://github.com/joyvb/stoptox,6ba3a7f82ab9fda8534f120114a566eec296e8ae,"InChI=1S/C13H21NO3/c1-4-10(14-8(2)3)13(17)9-5-6-11(15)12(16)7-9/h5-8,10,13-17H,4H2,1-3H3"
CCCCCCCCCCCCCCCCCC(=O)OCC(O)C1OCC(O)C1O,0,1338-41-6,HVUMOYIDDBPOLL-UHFFFAOYSA-N,1338-41-6,STopTox peer-reviewed curated experimental irritation dataset,https://doi.org/10.1289/EHP9341,"[""eye:CpId:280""]","[""explicit_curated_experimental_outcome_0"", ""absence_of_hazard_statement_not_used"", ""defined_single_structure"", ""exact_identity_deduplicated"", ""current_strong_conflicts_excluded"", ""external_holdout_quarantined"", ""publication_dataset_oecd_405_curation""]",peer_reviewed_curated_experimental_negative,0.9,experimental,"OECD TG 405 experimental eye irritation, curated at dataset level",not irritating / not classified (curated Outcome=0),not_reported_per_record_in_public_sdf,eye:CpId:280,03dc5888f0859ddcc1b694e186bb2137229ea571e3db56572205f482794de03d,https://github.com/joyvb/stoptox,6ba3a7f82ab9fda8534f120114a566eec296e8ae,HVUMOYIDDBPOLL-IIZJTUPISA-N
CC(C)CCCC(C)C1CCC2C3CC=C4CC(O)CCC4(C)C3CCC12C,0,57-88-5,HVYWMOMLDIMFJA-UHFFFAOYSA-N,57-88-5,STopTox peer-reviewed curated experimental irritation dataset,https://doi.org/10.1289/EHP9341,"[""eye:CpId:281""]","[""explicit_curated_experimental_outcome_0"", ""absence_of_hazard_statement_not_used"", ""defined_single_structure"", ""exact_identity_deduplicated"", ""current_strong_conflicts_excluded"", ""external_holdout_quarantined"", ""publication_dataset_oecd_405_curation""]",peer_reviewed_curated_experimental_negative,0.9,experimental,"OECD TG 405 experimental eye irritation, curated at dataset level",not irritating / not classified (curated Outcome=0),not_reported_per_record_in_public_sdf,eye:CpId:281,03dc5888f0859ddcc1b694e186bb2137229ea571e3db56572205f482794de03d,https://github.com/joyvb/stoptox,6ba3a7f82ab9fda8534f120114a566eec296e8ae,HVYWMOMLDIMFJA-DPAQBDIFSA-N
OC(CCN1CCCCC1)(c1ccccc1)C1CCCCC1,0,144-11-6,HWHLPVGTWGOCJO-UHFFFAOYSA-N,144-11-6,STopTox peer-reviewed curated experimental irritation dataset,https://doi.org/10.1289/EHP9341,"[""eye:CpId:1716""]","[""explicit_curated_experimental_outcome_0"", ""absence_of_hazard_statement_not_used"", ""defined_single_structure"", ""exact_identity_deduplicated"", ""current_strong_conflicts_excluded"", ""external_holdout_quarantined"", ""publication_dataset_oecd_405_curation""]",peer_reviewed_curated_experimental_negative,0.9,experimental,"OECD TG 405 experimental eye irritation, curated at dataset level",not irritating / not classified (curated Outcome=0),not_reported_per_record_in_public_sdf,eye:CpId:1716,03dc5888f0859ddcc1b694e186bb2137229ea571e3db56572205f482794de03d,https://github.com/joyvb/stoptox,6ba3a7f82ab9fda8534f120114a566eec296e8ae,"InChI=1S/C20H31NO/c22-20(18-10-4-1-5-11-18,19-12-6-2-7-13-19)14-17-21-15-8-3-9-16-21/h1,4-5,10-11,19,22H,2-3,6-9,12-17H2"
C=C(C)C(=O)OCCOCCOCCOC(=O)C(=C)C,0,109-16-0,HWSSEYVMGDIFMH-UHFFFAOYSA-N,109-16-0,STopTox peer-reviewed curated experimental irritation dataset,https://doi.org/10.1289/EHP9341,"[""eye:CpId:282""]","[""explicit_curated_experimental_outcome_0"", ""absence_of_hazard_statement_not_used"", ""defined_single_structure"", ""exact_identity_deduplicated"", ""current_strong_conflicts_excluded"", ""external_holdout_quarantined"", ""publication_dataset_oecd_405_curation""]",peer_reviewed_curated_experimental_negative,0.9,experimental,"OECD TG 405 experimental eye irritation, curated at dataset level",not irritating / not classified (curated Outcome=0),not_reported_per_record_in_public_sdf,eye:CpId:282,03dc5888f0859ddcc1b694e186bb2137229ea571e3db56572205f482794de03d,https://github.com/joyvb/stoptox,6ba3a7f82ab9fda8534f120114a566eec296e8ae,HWSSEYVMGDIFMH-UHFFFAOYSA-N
CC(C)(N)Cc1ccccc1Cl,0,10389-73-8,HXCXASJHZQXCKK-UHFFFAOYSA-N,10389-73-8,STopTox peer-reviewed curated experimental irritation dataset,https://doi.org/10.1289/EHP9341,"[""eye:CpId:1718""]","[""explicit_curated_experimental_outcome_0"", ""absence_of_hazard_statement_not_used"", ""defined_single_structure"", ""exact_identity_deduplicated"", ""current_strong_conflicts_excluded"", ""external_holdout_quarantined"", ""publication_dataset_oecd_405_curation""]",peer_reviewed_curated_experimental_negative,0.9,experimental,"OECD TG 405 experimental eye irritation, curated at dataset level",not irritating / not classified (curated Outcome=0),not_reported_per_record_in_public_sdf,eye:CpId:1718,03dc5888f0859ddcc1b694e186bb2137229ea571e3db56572205f482794de03d,https://github.com/joyvb/stoptox,6ba3a7f82ab9fda8534f120114a566eec296e8ae,"InChI=1S/C10H14ClN/c1-10(2,12)7-8-5-3-4-6-9(8)11/h3-6H,7,12H2,1-2H3"
COc1cc(OC)c(OC)cc1C=O,0,4460-86-0,IAJBQAYHSQIQRE-UHFFFAOYSA-N,4460-86-0,STopTox peer-reviewed curated experimental irritation dataset,https://doi.org/10.1289/EHP9341,"[""eye:CpId:1732""]","[""explicit_curated_experimental_outcome_0"", ""absence_of_hazard_statement_not_used"", ""defined_single_structure"", ""exact_identity_deduplicated"", ""current_strong_conflicts_excluded"", ""external_holdout_quarantined"", ""publication_dataset_oecd_405_curation""]",peer_reviewed_curated_experimental_negative,0.9,experimental,"OECD TG 405 experimental eye irritation, curated at dataset level",not irritating / not classified (curated Outcome=0),not_reported_per_record_in_public_sdf,eye:CpId:1732,03dc5888f0859ddcc1b694e186bb2137229ea571e3db56572205f482794de03d,https://github.com/joyvb/stoptox,6ba3a7f82ab9fda8534f120114a566eec296e8ae,"InChI=1S/C10H12O4/c1-12-8-5-10(14-3)9(13-2)4-7(8)6-11/h4-6H,1-3H3"
CC=CC,0,624-64-6,IAQRGUVFOMOMEM-UHFFFAOYSA-N,624-64-6,STopTox peer-reviewed curated experimental irritation dataset,https://doi.org/10.1289/EHP9341,"[""eye:CpId:1736""]","[""explicit_curated_experimental_outcome_0"", ""absence_of_hazard_statement_not_used"", ""defined_single_structure"", ""exact_identity_deduplicated"", ""current_strong_conflicts_excluded"", ""external_holdout_quarantined"", ""publication_dataset_oecd_405_curation""]",peer_reviewed_curated_experimental_negative,0.9,experimental,"OECD TG 405 experimental eye irritation, curated at dataset level",not irritating / not classified (curated Outcome=0),not_reported_per_record_in_public_sdf,eye:CpId:1736,03dc5888f0859ddcc1b694e186bb2137229ea571e3db56572205f482794de03d,https://github.com/joyvb/stoptox,6ba3a7f82ab9fda8534f120114a566eec296e8ae,"InChI=1S/C4H8/c1-3-4-2/h3-4H,1-2H3"
CC(C)c1ccc2ccccc2c1C(C)C,0,38640-62-9,IAUKWGFWINVWKS-UHFFFAOYSA-N,38640-62-9,STopTox peer-reviewed curated experimental irritation dataset,https://doi.org/10.1289/EHP9341,"[""eye:CpId:291""]","[""explicit_curated_experimental_outcome_0"", ""absence_of_hazard_statement_not_used"", ""defined_single_structure"", ""exact_identity_deduplicated"", ""current_strong_conflicts_excluded"", ""external_holdout_quarantined"", ""publication_dataset_oecd_405_curation""]",peer_reviewed_curated_experimental_negative,0.9,experimental,"OECD TG 405 experimental eye irritation, curated at dataset level",not irritating / not classified (curated Outcome=0),not_reported_per_record_in_public_sdf,eye:CpId:291,03dc5888f0859ddcc1b694e186bb2137229ea571e3db56572205f482794de03d,https://github.com/joyvb/stoptox,6ba3a7f82ab9fda8534f120114a566eec296e8ae,IAUKWGFWINVWKS-UHFFFAOYSA-N
Cc1ccccc1Cl,0,95-49-8,IBSQPLPBRSHTTG-UHFFFAOYSA-N,95-49-8,STopTox peer-reviewed curated experimental irritation dataset,https://doi.org/10.1289/EHP9341,"[""eye:CpId:296""]","[""explicit_curated_experimental_outcome_0"", ""absence_of_hazard_statement_not_used"", ""defined_single_structure"", ""exact_identity_deduplicated"", ""current_strong_conflicts_excluded"", ""external_holdout_quarantined"", ""publication_dataset_oecd_405_curation""]",peer_reviewed_curated_experimental_negative,0.9,experimental,"OECD TG 405 experimental eye irritation, curated at dataset level",not irritating / not classified (curated Outcome=0),not_reported_per_record_in_public_sdf,eye:CpId:296,03dc5888f0859ddcc1b694e186bb2137229ea571e3db56572205f482794de03d,https://github.com/joyvb/stoptox,6ba3a7f82ab9fda8534f120114a566eec296e8ae,IBSQPLPBRSHTTG-UHFFFAOYSA-N
[H]/N=C(/NCCc1ccccc1)N/C(N)=N/[H],0,114-86-3,ICFJFFQQTFMIBG-UHFFFAOYSA-N,114-86-3,STopTox peer-reviewed curated experimental irritation dataset,https://doi.org/10.1289/EHP9341,"[""eye:CpId:1741""]","[""explicit_curated_experimental_outcome_0"", ""absence_of_hazard_statement_not_used"", ""defined_single_structure"", ""exact_identity_deduplicated"", ""current_strong_conflicts_excluded"", ""external_holdout_quarantined"", ""publication_dataset_oecd_405_curation""]",peer_reviewed_curated_experimental_negative,0.9,experimental,"OECD TG 405 experimental eye irritation, curated at dataset level",not irritating / not classified (curated Outcome=0),not_reported_per_record_in_public_sdf,eye:CpId:1741,03dc5888f0859ddcc1b694e186bb2137229ea571e3db56572205f482794de03d,https://github.com/joyvb/stoptox,6ba3a7f82ab9fda8534f120114a566eec296e8ae,"InChI=1S/C10H15N5/c11-9(12)15-10(13)14-7-6-8-4-2-1-3-5-8/h1-5H,6-7H2,(H6,11,12,13,14,15)"
CCCCCCCCCCCCCCCCCCOCCO,0,9005-00-9,ICIDSZQHPUZUHC-UHFFFAOYSA-N,9005-00-9,STopTox peer-reviewed curated experimental irritation dataset,https://doi.org/10.1289/EHP9341,"[""eye:CpId:299""]","[""explicit_curated_experimental_outcome_0"", ""absence_of_hazard_statement_not_used"", ""defined_single_structure"", ""exact_identity_deduplicated"", ""current_strong_conflicts_excluded"", ""external_holdout_quarantined"", ""publication_dataset_oecd_405_curation""]",peer_reviewed_curated_experimental_negative,0.9,experimental,"OECD TG 405 experimental eye irritation, curated at dataset level",not irritating / not classified (curated Outcome=0),not_reported_per_record_in_public_sdf,eye:CpId:299,03dc5888f0859ddcc1b694e186bb2137229ea571e3db56572205f482794de03d,https://github.com/joyvb/stoptox,6ba3a7f82ab9fda8534f120114a566eec296e8ae,ICIDSZQHPUZUHC-UHFFFAOYSA-N
Cc1cc(-c2ccc(N=C=O)c(C)c2)ccc1N=C=O,0,91-97-4,ICLCCFKUSALICQ-UHFFFAOYSA-N,91-97-4,STopTox peer-reviewed curated experimental irritation dataset,https://doi.org/10.1289/EHP9341,"[""eye:CpId:300""]","[""explicit_curated_experimental_outcome_0"", ""absence_of_hazard_statement_not_used"", ""defined_single_structure"", ""exact_identity_deduplicated"", ""current_strong_conflicts_excluded"", ""external_holdout_quarantined"", ""publication_dataset_oecd_405_curation""]",peer_reviewed_curated_experimental_negative,0.9,experimental,"OECD TG 405 experimental eye irritation, curated at dataset level",not irritating / not classified (curated Outcome=0),not_reported_per_record_in_public_sdf,eye:CpId:300,03dc5888f0859ddcc1b694e186bb2137229ea571e3db56572205f482794de03d,https://github.com/joyvb/stoptox,6ba3a7f82ab9fda8534f120114a566eec296e8ae,ICLCCFKUSALICQ-UHFFFAOYSA-N
C#CC1(O)CCC2C3CCC4=C(CCC(=O)C4)C3CCC21C,0,68-23-5,ICTXHFFSOAJUMG-UHFFFAOYSA-N,68-23-5,STopTox peer-reviewed curated experimental irritation dataset,https://doi.org/10.1289/EHP9341,"[""eye:CpId:1743""]","[""explicit_curated_experimental_outcome_0"", ""absence_of_hazard_statement_not_used"", ""defined_single_structure"", ""exact_identity_deduplicated"", ""current_strong_conflicts_excluded"", ""external_holdout_quarantined"", ""publication_dataset_oecd_405_curation""]",peer_reviewed_curated_experimental_negative,0.9,experimental,"OECD TG 405 experimental eye irritation, curated at dataset level",not irritating / not classified (curated Outcome=0),not_reported_per_record_in_public_sdf,eye:CpId:1743,03dc5888f0859ddcc1b694e186bb2137229ea571e3db56572205f482794de03d,https://github.com/joyvb/stoptox,6ba3a7f82ab9fda8534f120114a566eec296e8ae,"InChI=1S/C20H26O2/c1-3-20(22)11-9-18-17-6-4-13-12-14(21)5-7-15(13)16(17)8-10-19(18,20)2/h1,16-18,22H,4-12H2,2H3"
O=C(Nc1ccc(Cl)cc1)Nc1ccc(Cl)c(Cl)c1,0,101-20-2,ICUTUKXCWQYESQ-UHFFFAOYSA-N,101-20-2,STopTox peer-reviewed curated experimental irritation dataset,https://doi.org/10.1289/EHP9341,"[""eye:CpId:1745""]","[""explicit_curated_experimental_outcome_0"", ""absence_of_hazard_statement_not_used"", ""defined_single_structure"", ""exact_identity_deduplicated"", ""current_strong_conflicts_excluded"", ""external_holdout_quarantined"", ""publication_dataset_oecd_405_curation""]",peer_reviewed_curated_experimental_negative,0.9,experimental,"OECD TG 405 experimental eye irritation, curated at dataset level",not irritating / not classified (curated Outcome=0),not_reported_per_record_in_public_sdf,eye:CpId:1745,03dc5888f0859ddcc1b694e186bb2137229ea571e3db56572205f482794de03d,https://github.com/joyvb/stoptox,6ba3a7f82ab9fda8534f120114a566eec296e8ae,"InChI=1S/C13H9Cl3N2O/c14-8-1-3-9(4-2-8)17-13(19)18-10-5-6-11(15)12(16)7-10/h1-7H,(H2,17,18,19)"
CC(CO)CCCC1CCCCC1,0,1141487-54-8,IDGMBCFBOMJIMX-UHFFFAOYSA-N,1141487-54-8,STopTox peer-reviewed curated experimental irritation dataset,https://doi.org/10.1289/EHP9341,"[""eye:CpId:301""]","[""explicit_curated_experimental_outcome_0"", ""absence_of_hazard_statement_not_used"", ""defined_single_structure"", ""exact_identity_deduplicated"", ""current_strong_conflicts_excluded"", ""external_holdout_quarantined"", ""publication_dataset_oecd_405_curation""]",peer_reviewed_curated_experimental_negative,0.9,experimental,"OECD TG 405 experimental eye irritation, curated at dataset level",not irritating / not classified (curated Outcome=0),not_reported_per_record_in_public_sdf,eye:CpId:301,03dc5888f0859ddcc1b694e186bb2137229ea571e3db56572205f482794de03d,https://github.com/joyvb/stoptox,6ba3a7f82ab9fda8534f120114a566eec296e8ae,IDGMBCFBOMJIMX-UHFFFAOYSA-N
O=C(O)Cc1ccccc1Oc1ccc(Cl)cc1Cl,0,34645-84-6,IDKAXRLETRCXKS-UHFFFAOYSA-N,34645-84-6,STopTox peer-reviewed curated experimental irritation dataset,https://doi.org/10.1289/EHP9341,"[""eye:CpId:1750""]","[""explicit_curated_experimental_outcome_0"", ""absence_of_hazard_statement_not_used"", ""defined_single_structure"", ""exact_identity_deduplicated"", ""current_strong_conflicts_excluded"", ""external_holdout_quarantined"", ""publication_dataset_oecd_405_curation""]",peer_reviewed_curated_experimental_negative,0.9,experimental,"OECD TG 405 experimental eye irritation, curated at dataset level",not irritating / not classified (curated Outcome=0),not_reported_per_record_in_public_sdf,eye:CpId:1750,03dc5888f0859ddcc1b694e186bb2137229ea571e3db56572205f482794de03d,https://github.com/joyvb/stoptox,6ba3a7f82ab9fda8534f120114a566eec296e8ae,"InChI=1S/C14H10Cl2O3/c15-10-5-6-13(11(16)8-10)19-12-4-2-1-3-9(12)7-14(17)18/h1-6,8H,7H2,(H,17,18)"
CC(Cc1ccccc1)NCCC(c1ccccc1)c1ccccc1,0,390-64-7,IFFPICMESYHZPQ-UHFFFAOYSA-N,390-64-7,STopTox peer-reviewed curated experimental irritation dataset,https://doi.org/10.1289/EHP9341,"[""eye:CpId:1757""]","[""explicit_curated_experimental_outcome_0"", ""absence_of_hazard_statement_not_used"", ""defined_single_structure"", ""exact_identity_deduplicated"", ""current_strong_conflicts_excluded"", ""external_holdout_quarantined"", ""publication_dataset_oecd_405_curation""]",peer_reviewed_curated_experimental_negative,0.9,experimental,"OECD TG 405 experimental eye irritation, curated at dataset level",not irritating / not classified (curated Outcome=0),not_reported_per_record_in_public_sdf,eye:CpId:1757,03dc5888f0859ddcc1b694e186bb2137229ea571e3db56572205f482794de03d,https://github.com/joyvb/stoptox,6ba3a7f82ab9fda8534f120114a566eec296e8ae,"InChI=1S/C24H27N/c1-20(19-21-11-5-2-6-12-21)25-18-17-24(22-13-7-3-8-14-22)23-15-9-4-10-16-23/h2-16,20,24-25H,17-19H2,1H3"
C=COC(=O)C(CC)CCCC,0,94-04-2,IGBZOHMCHDADGY-UHFFFAOYSA-N,94-04-2,STopTox peer-reviewed curated experimental irritation dataset,https://doi.org/10.1289/EHP9341,"[""eye:CpId:305""]","[""explicit_curated_experimental_outcome_0"", ""absence_of_hazard_statement_not_used"", ""defined_single_structure"", ""exact_identity_deduplicated"", ""current_strong_conflicts_excluded"", ""external_holdout_quarantined"", ""publication_dataset_oecd_405_curation""]",peer_reviewed_curated_experimental_negative,0.9,experimental,"OECD TG 405 experimental eye irritation, curated at dataset level",not irritating / not classified (curated Outcome=0),not_reported_per_record_in_public_sdf,eye:CpId:305,03dc5888f0859ddcc1b694e186bb2137229ea571e3db56572205f482794de03d,https://github.com/joyvb/stoptox,6ba3a7f82ab9fda8534f120114a566eec296e8ae,IGBZOHMCHDADGY-UHFFFAOYSA-N
CC(=O)OC(C)(C)C1CC=C(C)CC1,0,80-26-2,IGODOXYLBBXFDW-UHFFFAOYSA-N,80-26-2,STopTox peer-reviewed curated experimental irritation dataset,https://doi.org/10.1289/EHP9341,"[""eye:CpId:1760""]","[""explicit_curated_experimental_outcome_0"", ""absence_of_hazard_statement_not_used"", ""defined_single_structure"", ""exact_identity_deduplicated"", ""current_strong_conflicts_excluded"", ""external_holdout_quarantined"", ""publication_dataset_oecd_405_curation""]",peer_reviewed_curated_experimental_negative,0.9,experimental,"OECD TG 405 experimental eye irritation, curated at dataset level",not irritating / not classified (curated Outcome=0),not_reported_per_record_in_public_sdf,eye:CpId:1760,03dc5888f0859ddcc1b694e186bb2137229ea571e3db56572205f482794de03d,https://github.com/joyvb/stoptox,6ba3a7f82ab9fda8534f120114a566eec296e8ae,"InChI=1S/C12H20O2/c1-9-5-7-11(8-6-9)12(3,4)14-10(2)13/h5,11H,6-8H2,1-4H3"
CC(C)(O)C#CC(C)(C)O,0,142-30-3,IHJUECRFYCQBMW-UHFFFAOYSA-N,142-30-3,STopTox peer-reviewed curated experimental irritation dataset,https://doi.org/10.1289/EHP9341,"[""eye:CpId:1761""]","[""explicit_curated_experimental_outcome_0"", ""absence_of_hazard_statement_not_used"", ""defined_single_structure"", ""exact_identity_deduplicated"", ""current_strong_conflicts_excluded"", ""external_holdout_quarantined"", ""publication_dataset_oecd_405_curation""]",peer_reviewed_curated_experimental_negative,0.9,experimental,"OECD TG 405 experimental eye irritation, curated at dataset level",not irritating / not classified (curated Outcome=0),not_reported_per_record_in_public_sdf,eye:CpId:1761,03dc5888f0859ddcc1b694e186bb2137229ea571e3db56572205f482794de03d,https://github.com/joyvb/stoptox,6ba3a7f82ab9fda8534f120114a566eec296e8ae,"InChI=1S/C8H14O2/c1-7(2,9)5-6-8(3,4)10/h9-10H,1-4H3"
CC=CCCCCCC,0,27215-95-8,IICQZTQZQSBHBY-UHFFFAOYSA-N,27215-95-8,STopTox peer-reviewed curated experimental irritation dataset,https://doi.org/10.1289/EHP9341,"[""eye:CpId:308""]","[""explicit_curated_experimental_outcome_0"", ""absence_of_hazard_statement_not_used"", ""defined_single_structure"", ""exact_identity_deduplicated"", ""current_strong_conflicts_excluded"", ""external_holdout_quarantined"", ""publication_dataset_oecd_405_curation""]",peer_reviewed_curated_experimental_negative,0.9,experimental,"OECD TG 405 experimental eye irritation, curated at dataset level",not irritating / not classified (curated Outcome=0),not_reported_per_record_in_public_sdf,eye:CpId:308,03dc5888f0859ddcc1b694e186bb2137229ea571e3db56572205f482794de03d,https://github.com/joyvb/stoptox,6ba3a7f82ab9fda8534f120114a566eec296e8ae,IICQZTQZQSBHBY-HWKANZROSA-N
CCCCCCCCCCCCCCCCCC(=O)OCCCCCCCC,0,22047-49-0,IIGMITQLXAGZTL-UHFFFAOYSA-N,22047-49-0,STopTox peer-reviewed curated experimental irritation dataset,https://doi.org/10.1289/EHP9341,"[""eye:CpId:1763""]","[""explicit_curated_experimental_outcome_0"", ""absence_of_hazard_statement_not_used"", ""defined_single_structure"", ""exact_identity_deduplicated"", ""current_strong_conflicts_excluded"", ""external_holdout_quarantined"", ""publication_dataset_oecd_405_curation""]",peer_reviewed_curated_experimental_negative,0.9,experimental,"OECD TG 405 experimental eye irritation, curated at dataset level",not irritating / not classified (curated Outcome=0),not_reported_per_record_in_public_sdf,eye:CpId:1763,03dc5888f0859ddcc1b694e186bb2137229ea571e3db56572205f482794de03d,https://github.com/joyvb/stoptox,6ba3a7f82ab9fda8534f120114a566eec296e8ae,"InChI=1S/C26H52O2/c1-3-5-7-9-11-12-13-14-15-16-17-18-19-20-22-24-26(27)28-25-23-21-10-8-6-4-2/h3-25H2,1-2H3"
CC(=O)OC1(C(C)=O)CCC2C3C=C(C)C4=CC(=O)CCC4C3CCC21C,0,58652-20-3,IIVBFTNIGYRNQY-UHFFFAOYSA-N,58652-20-3,STopTox peer-reviewed curated experimental irritation dataset,https://doi.org/10.1289/EHP9341,"[""eye:CpId:1767""]","[""explicit_curated_experimental_outcome_0"", ""absence_of_hazard_statement_not_used"", ""defined_single_structure"", ""exact_identity_deduplicated"", ""current_strong_conflicts_excluded"", ""external_holdout_quarantined"", ""publication_dataset_oecd_405_curation""]",peer_reviewed_curated_experimental_negative,0.9,experimental,"OECD TG 405 experimental eye irritation, curated at dataset level",not irritating / not classified (curated Outcome=0),not_reported_per_record_in_public_sdf,eye:CpId:1767,03dc5888f0859ddcc1b694e186bb2137229ea571e3db56572205f482794de03d,https://github.com/joyvb/stoptox,6ba3a7f82ab9fda8534f120114a566eec296e8ae,"InChI=1S/C23H30O4/c1-13-11-20-18(17-6-5-16(26)12-19(13)17)7-9-22(4)21(20)8-10-23(22,14(2)24)27-15(3)25/h11-12,17-18,20-21H,5-10H2,1-4H3"
CCCCCCCCCCCCC,0,629-50-5,IIYFAKIEWZDVMP-UHFFFAOYSA-N,629-50-5,STopTox peer-reviewed curated experimental irritation dataset,https://doi.org/10.1289/EHP9341,"[""eye:CpId:311""]","[""explicit_curated_experimental_outcome_0"", ""absence_of_hazard_statement_not_used"", ""defined_single_structure"", ""exact_identity_deduplicated"", ""current_strong_conflicts_excluded"", ""external_holdout_quarantined"", ""publication_dataset_oecd_405_curation""]",peer_reviewed_curated_experimental_negative,0.9,experimental,"OECD TG 405 experimental eye irritation, curated at dataset level",not irritating / not classified (curated Outcome=0),not_reported_per_record_in_public_sdf,eye:CpId:311,03dc5888f0859ddcc1b694e186bb2137229ea571e3db56572205f482794de03d,https://github.com/joyvb/stoptox,6ba3a7f82ab9fda8534f120114a566eec296e8ae,IIYFAKIEWZDVMP-UHFFFAOYSA-N
CCCC,0,106-97-8,IJDNQMDRQITEOD-UHFFFAOYSA-N,106-97-8,STopTox peer-reviewed curated experimental irritation dataset,https://doi.org/10.1289/EHP9341,"[""eye:CpId:1770""]","[""explicit_curated_experimental_outcome_0"", ""absence_of_hazard_statement_not_used"", ""defined_single_structure"", ""exact_identity_deduplicated"", ""current_strong_conflicts_excluded"", ""external_holdout_quarantined"", ""publication_dataset_oecd_405_curation""]",peer_reviewed_curated_experimental_negative,0.9,experimental,"OECD TG 405 experimental eye irritation, curated at dataset level",not irritating / not classified (curated Outcome=0),not_reported_per_record_in_public_sdf,eye:CpId:1770,03dc5888f0859ddcc1b694e186bb2137229ea571e3db56572205f482794de03d,https://github.com/joyvb/stoptox,6ba3a7f82ab9fda8534f120114a566eec296e8ae,"InChI=1S/C4H10/c1-3-4-2/h3-4H2,1-2H3"
O=C(O)CCC(=O)c1ccc(C2CCCCC2)c(Cl)c1,0,32808-51-8,IJTPQQVCKPZIMV-UHFFFAOYSA-N,32808-51-8,STopTox peer-reviewed curated experimental irritation dataset,https://doi.org/10.1289/EHP9341,"[""eye:CpId:1771""]","[""explicit_curated_experimental_outcome_0"", ""absence_of_hazard_statement_not_used"", ""defined_single_structure"", ""exact_identity_deduplicated"", ""current_strong_conflicts_excluded"", ""external_holdout_quarantined"", ""publication_dataset_oecd_405_curation""]",peer_reviewed_curated_experimental_negative,0.9,experimental,"OECD TG 405 experimental eye irritation, curated at dataset level",not irritating / not classified (curated Outcome=0),not_reported_per_record_in_public_sdf,eye:CpId:1771,03dc5888f0859ddcc1b694e186bb2137229ea571e3db56572205f482794de03d,https://github.com/joyvb/stoptox,6ba3a7f82ab9fda8534f120114a566eec296e8ae,"InChI=1S/C16H19ClO3/c17-14-10-12(15(18)8-9-16(19)20)6-7-13(14)11-4-2-1-3-5-11/h6-7,10-11H,1-5,8-9H2,(H,19,20)"
O=S(=O)(O)c1cc(O)ccc1O,0,88-46-0,IKQCSJBQLWJEPU-UHFFFAOYSA-N,88-46-0,STopTox peer-reviewed curated experimental irritation dataset,https://doi.org/10.1289/EHP9341,"[""eye:CpId:1773""]","[""explicit_curated_experimental_outcome_0"", ""absence_of_hazard_statement_not_used"", ""defined_single_structure"", ""exact_identity_deduplicated"", ""current_strong_conflicts_excluded"", ""external_holdout_quarantined"", ""publication_dataset_oecd_405_curation""]",peer_reviewed_curated_experimental_negative,0.9,experimental,"OECD TG 405 experimental eye irritation, curated at dataset level",not irritating / not classified (curated Outcome=0),not_reported_per_record_in_public_sdf,eye:CpId:1773,03dc5888f0859ddcc1b694e186bb2137229ea571e3db56572205f482794de03d,https://github.com/joyvb/stoptox,6ba3a7f82ab9fda8534f120114a566eec296e8ae,"InChI=1S/C6H6O5S/c7-4-1-2-5(8)6(3-4)12(9,10)11/h1-3,7-8H,(H,9,10,11)"
S=P(Oc1ccccc1)(Oc1ccccc1)Oc1ccccc1,0,597-82-0,IKXFIBBKEARMLL-UHFFFAOYSA-N,597-82-0,STopTox peer-reviewed curated experimental irritation dataset,https://doi.org/10.1289/EHP9341,"[""eye:CpId:312""]","[""explicit_curated_experimental_outcome_0"", ""absence_of_hazard_statement_not_used"", ""defined_single_structure"", ""exact_identity_deduplicated"", ""current_strong_conflicts_excluded"", ""external_holdout_quarantined"", ""publication_dataset_oecd_405_curation""]",peer_reviewed_curated_experimental_negative,0.9,experimental,"OECD TG 405 experimental eye irritation, curated at dataset level",not irritating / not classified (curated Outcome=0),not_reported_per_record_in_public_sdf,eye:CpId:312,03dc5888f0859ddcc1b694e186bb2137229ea571e3db56572205f482794de03d,https://github.com/joyvb/stoptox,6ba3a7f82ab9fda8534f120114a566eec296e8ae,IKXFIBBKEARMLL-UHFFFAOYSA-N
CC1CC2(C)C(CCC3C4CCC(O)C4(C)CCC32)CC1=O,0,58-19-5,IKXILDNPCZPPRV-UHFFFAOYSA-N,58-19-5,STopTox peer-reviewed curated experimental irritation dataset,https://doi.org/10.1289/EHP9341,"[""eye:CpId:1774""]","[""explicit_curated_experimental_outcome_0"", ""absence_of_hazard_statement_not_used"", ""defined_single_structure"", ""exact_identity_deduplicated"", ""current_strong_conflicts_excluded"", ""external_holdout_quarantined"", ""publication_dataset_oecd_405_curation""]",peer_reviewed_curated_experimental_negative,0.9,experimental,"OECD TG 405 experimental eye irritation, curated at dataset level",not irritating / not classified (curated Outcome=0),not_reported_per_record_in_public_sdf,eye:CpId:1774,03dc5888f0859ddcc1b694e186bb2137229ea571e3db56572205f482794de03d,https://github.com/joyvb/stoptox,6ba3a7f82ab9fda8534f120114a566eec296e8ae,"InChI=1S/C20H32O2/c1-12-11-20(3)13(10-17(12)21)4-5-14-15-6-7-18(22)19(15,2)9-8-16(14)20/h12-16,18,22H,4-11H2,1-3H3"
C#CC1(OC(C)=O)CCC2C3CCC4=CC(=O)CCC4C3CCC21C,0,51-98-9,IMONTRJLAWHYGT-UHFFFAOYSA-N,51-98-9,STopTox peer-reviewed curated experimental irritation dataset,https://doi.org/10.1289/EHP9341,"[""eye:CpId:1782""]","[""explicit_curated_experimental_outcome_0"", ""absence_of_hazard_statement_not_used"", ""defined_single_structure"", ""exact_identity_deduplicated"", ""current_strong_conflicts_excluded"", ""external_holdout_quarantined"", ""publication_dataset_oecd_405_curation""]",peer_reviewed_curated_experimental_negative,0.9,experimental,"OECD TG 405 experimental eye irritation, curated at dataset level",not irritating / not classified (curated Outcome=0),not_reported_per_record_in_public_sdf,eye:CpId:1782,03dc5888f0859ddcc1b694e186bb2137229ea571e3db56572205f482794de03d,https://github.com/joyvb/stoptox,6ba3a7f82ab9fda8534f120114a566eec296e8ae,"InChI=1S/C22H28O3/c1-4-22(25-14(2)23)12-10-20-19-7-5-15-13-16(24)6-8-17(15)18(19)9-11-21(20,22)3/h1,13,17-20H,5-12H2,2-3H3"
C#CC1(O)CCC2C3CCc4cc(OC)ccc4C3CCC21C,0,72-33-3,IMSSROKUHAOUJS-UHFFFAOYSA-N,72-33-3,STopTox peer-reviewed curated experimental irritation dataset,https://doi.org/10.1289/EHP9341,"[""eye:CpId:1783""]","[""explicit_curated_experimental_outcome_0"", ""absence_of_hazard_statement_not_used"", ""defined_single_structure"", ""exact_identity_deduplicated"", ""current_strong_conflicts_excluded"", ""external_holdout_quarantined"", ""publication_dataset_oecd_405_curation""]",peer_reviewed_curated_experimental_negative,0.9,experimental,"OECD TG 405 experimental eye irritation, curated at dataset level",not irritating / not classified (curated Outcome=0),not_reported_per_record_in_public_sdf,eye:CpId:1783,03dc5888f0859ddcc1b694e186bb2137229ea571e3db56572205f482794de03d,https://github.com/joyvb/stoptox,6ba3a7f82ab9fda8534f120114a566eec296e8ae,"InChI=1S/C21H26O2/c1-4-21(22)12-10-19-18-7-5-14-13-15(23-3)6-8-16(14)17(18)9-11-20(19,21)2/h1,6,8,13,17-19,22H,5,7,9-12H2,2-3H3"
CNC1(C)C2CCC(C2)C1(C)C,0,60-40-2,IMYZQPCYWPFTAG-UHFFFAOYSA-N,60-40-2,STopTox peer-reviewed curated experimental irritation dataset,https://doi.org/10.1289/EHP9341,"[""eye:CpId:1784""]","[""explicit_curated_experimental_outcome_0"", ""absence_of_hazard_statement_not_used"", ""defined_single_structure"", ""exact_identity_deduplicated"", ""current_strong_conflicts_excluded"", ""external_holdout_quarantined"", ""publication_dataset_oecd_405_curation""]",peer_reviewed_curated_experimental_negative,0.9,experimental,"OECD TG 405 experimental eye irritation, curated at dataset level",not irritating / not classified (curated Outcome=0),not_reported_per_record_in_public_sdf,eye:CpId:1784,03dc5888f0859ddcc1b694e186bb2137229ea571e3db56572205f482794de03d,https://github.com/joyvb/stoptox,6ba3a7f82ab9fda8534f120114a566eec296e8ae,"InChI=1S/C11H21N/c1-10(2)8-5-6-9(7-8)11(10,3)12-4/h8-9,12H,5-7H2,1-4H3"
C=CC1CC2C=CC1C2,0,3048-64-4,INYHZQLKOKTDAI-UHFFFAOYSA-N,3048-64-4,STopTox peer-reviewed curated experimental irritation dataset,https://doi.org/10.1289/EHP9341,"[""eye:CpId:318""]","[""explicit_curated_experimental_outcome_0"", ""absence_of_hazard_statement_not_used"", ""defined_single_structure"", ""exact_identity_deduplicated"", ""current_strong_conflicts_excluded"", ""external_holdout_quarantined"", ""publication_dataset_oecd_405_curation""]",peer_reviewed_curated_experimental_negative,0.9,experimental,"OECD TG 405 experimental eye irritation, curated at dataset level",not irritating / not classified (curated Outcome=0),not_reported_per_record_in_public_sdf,eye:CpId:318,03dc5888f0859ddcc1b694e186bb2137229ea571e3db56572205f482794de03d,https://github.com/joyvb/stoptox,6ba3a7f82ab9fda8534f120114a566eec296e8ae,INYHZQLKOKTDAI-UHFFFAOYSA-N
CCCCCCCCCCCCCCCC(=O)O,0,57-10-3,IPCSVZSSVZVIGE-UHFFFAOYSA-N,57-10-3,STopTox peer-reviewed curated experimental irritation dataset,https://doi.org/10.1289/EHP9341,"[""eye:CpId:320""]","[""explicit_curated_experimental_outcome_0"", ""absence_of_hazard_statement_not_used"", ""defined_single_structure"", ""exact_identity_deduplicated"", ""current_strong_conflicts_excluded"", ""external_holdout_quarantined"", ""publication_dataset_oecd_405_curation""]",peer_reviewed_curated_experimental_negative,0.9,experimental,"OECD TG 405 experimental eye irritation, curated at dataset level",not irritating / not classified (curated Outcome=0),not_reported_per_record_in_public_sdf,eye:CpId:320,03dc5888f0859ddcc1b694e186bb2137229ea571e3db56572205f482794de03d,https://github.com/joyvb/stoptox,6ba3a7f82ab9fda8534f120114a566eec296e8ae,IPCSVZSSVZVIGE-UHFFFAOYSA-N
NC(=O)c1cnccn1,0,98-96-4,IPEHBUMCGVEMRF-UHFFFAOYSA-N,98-96-4,STopTox peer-reviewed curated experimental irritation dataset,https://doi.org/10.1289/EHP9341,"[""eye:CpId:1791""]","[""explicit_curated_experimental_outcome_0"", ""absence_of_hazard_statement_not_used"", ""defined_single_structure"", ""exact_identity_deduplicated"", ""current_strong_conflicts_excluded"", ""external_holdout_quarantined"", ""publication_dataset_oecd_405_curation""]",peer_reviewed_curated_experimental_negative,0.9,experimental,"OECD TG 405 experimental eye irritation, curated at dataset level",not irritating / not classified (curated Outcome=0),not_reported_per_record_in_public_sdf,eye:CpId:1791,03dc5888f0859ddcc1b694e186bb2137229ea571e3db56572205f482794de03d,https://github.com/joyvb/stoptox,6ba3a7f82ab9fda8534f120114a566eec296e8ae,"InChI=1S/C5H5N3O/c6-5(9)4-3-7-1-2-8-4/h1-3H,(H2,6,9)"
CC(C)NC(C)Cc1ccc(I)cc1,0,95896-48-3,ISEHJSHTIVKELA-UHFFFAOYSA-N,95896-48-3,STopTox peer-reviewed curated experimental irritation dataset,https://doi.org/10.1289/EHP9341,"[""eye:CpId:1800""]","[""explicit_curated_experimental_outcome_0"", ""absence_of_hazard_statement_not_used"", ""defined_single_structure"", ""exact_identity_deduplicated"", ""current_strong_conflicts_excluded"", ""external_holdout_quarantined"", ""publication_dataset_oecd_405_curation""]",peer_reviewed_curated_experimental_negative,0.9,experimental,"OECD TG 405 experimental eye irritation, curated at dataset level",not irritating / not classified (curated Outcome=0),not_reported_per_record_in_public_sdf,eye:CpId:1800,03dc5888f0859ddcc1b694e186bb2137229ea571e3db56572205f482794de03d,https://github.com/joyvb/stoptox,6ba3a7f82ab9fda8534f120114a566eec296e8ae,"InChI=1S/C12H18IN/c1-9(2)14-10(3)8-11-4-6-12(13)7-5-11/h4-7,9-10,14H,8H2,1-3H3"
C=CC(=O)OC1C=CC2C3CCC(C3)C12,0,12542-30-2,ISRJTGUYHVPAOR-UHFFFAOYSA-N,12542-30-2,STopTox peer-reviewed curated experimental irritation dataset,https://doi.org/10.1289/EHP9341,"[""eye:CpId:324""]","[""explicit_curated_experimental_outcome_0"", ""absence_of_hazard_statement_not_used"", ""defined_single_structure"", ""exact_identity_deduplicated"", ""current_strong_conflicts_excluded"", ""external_holdout_quarantined"", ""publication_dataset_oecd_405_curation""]",peer_reviewed_curated_experimental_negative,0.9,experimental,"OECD TG 405 experimental eye irritation, curated at dataset level",not irritating / not classified (curated Outcome=0),not_reported_per_record_in_public_sdf,eye:CpId:324,03dc5888f0859ddcc1b694e186bb2137229ea571e3db56572205f482794de03d,https://github.com/joyvb/stoptox,6ba3a7f82ab9fda8534f120114a566eec296e8ae,ISRJTGUYHVPAOR-UHFFFAOYSA-N
CNC(=O)Oc1ccccc1OC(C)C,0,114-26-1,ISRUGXGCCGIOQO-UHFFFAOYSA-N,114-26-1,STopTox peer-reviewed curated experimental irritation dataset,https://doi.org/10.1289/EHP9341,"[""eye:CpId:1805""]","[""explicit_curated_experimental_outcome_0"", ""absence_of_hazard_statement_not_used"", ""defined_single_structure"", ""exact_identity_deduplicated"", ""current_strong_conflicts_excluded"", ""external_holdout_quarantined"", ""publication_dataset_oecd_405_curation""]",peer_reviewed_curated_experimental_negative,0.9,experimental,"OECD TG 405 experimental eye irritation, curated at dataset level",not irritating / not classified (curated Outcome=0),not_reported_per_record_in_public_sdf,eye:CpId:1805,03dc5888f0859ddcc1b694e186bb2137229ea571e3db56572205f482794de03d,https://github.com/joyvb/stoptox,6ba3a7f82ab9fda8534f120114a566eec296e8ae,"InChI=1S/C11H15NO3/c1-8(2)14-9-6-4-5-7-10(9)15-11(13)12-3/h4-8H,1-3H3,(H,12,13)"
CCOC(COCC(OCC)OCC)OCC,0,23235-61-2,ISSXEHJFYXCGSK-UHFFFAOYSA-N,23235-61-2,STopTox peer-reviewed curated experimental irritation dataset,https://doi.org/10.1289/EHP9341,"[""eye:CpId:325""]","[""explicit_curated_experimental_outcome_0"", ""absence_of_hazard_statement_not_used"", ""defined_single_structure"", ""exact_identity_deduplicated"", ""current_strong_conflicts_excluded"", ""external_holdout_quarantined"", ""publication_dataset_oecd_405_curation""]",peer_reviewed_curated_experimental_negative,0.9,experimental,"OECD TG 405 experimental eye irritation, curated at dataset level",not irritating / not classified (curated Outcome=0),not_reported_per_record_in_public_sdf,eye:CpId:325,03dc5888f0859ddcc1b694e186bb2137229ea571e3db56572205f482794de03d,https://github.com/joyvb/stoptox,6ba3a7f82ab9fda8534f120114a566eec296e8ae,ISSXEHJFYXCGSK-UHFFFAOYSA-N
C[Si]1(C)O[Si](C)(C)O[Si](C)(C)O[Si](C)(C)O[Si](C)(C)O[Si](C)(C)O1,0,540-97-6,IUMSDRXLFWAGNT-UHFFFAOYSA-N,540-97-6,STopTox peer-reviewed curated experimental irritation dataset,https://doi.org/10.1289/EHP9341,"[""eye:CpId:328""]","[""explicit_curated_experimental_outcome_0"", ""absence_of_hazard_statement_not_used"", ""defined_single_structure"", ""exact_identity_deduplicated"", ""current_strong_conflicts_excluded"", ""external_holdout_quarantined"", ""publication_dataset_oecd_405_curation""]",peer_reviewed_curated_experimental_negative,0.9,experimental,"OECD TG 405 experimental eye irritation, curated at dataset level",not irritating / not classified (curated Outcome=0),not_reported_per_record_in_public_sdf,eye:CpId:328,03dc5888f0859ddcc1b694e186bb2137229ea571e3db56572205f482794de03d,https://github.com/joyvb/stoptox,6ba3a7f82ab9fda8534f120114a566eec296e8ae,IUMSDRXLFWAGNT-UHFFFAOYSA-N
CCCCOC(=O)c1ccc(N)cc1,0,94-25-7,IUWVALYLNVXWKX-UHFFFAOYSA-N,94-25-7,STopTox peer-reviewed curated experimental irritation dataset,https://doi.org/10.1289/EHP9341,"[""eye:CpId:1813""]","[""explicit_curated_experimental_outcome_0"", ""absence_of_hazard_statement_not_used"", ""defined_single_structure"", ""exact_identity_deduplicated"", ""current_strong_conflicts_excluded"", ""external_holdout_quarantined"", ""publication_dataset_oecd_405_curation""]",peer_reviewed_curated_experimental_negative,0.9,experimental,"OECD TG 405 experimental eye irritation, curated at dataset level",not irritating / not classified (curated Outcome=0),not_reported_per_record_in_public_sdf,eye:CpId:1813,03dc5888f0859ddcc1b694e186bb2137229ea571e3db56572205f482794de03d,https://github.com/joyvb/stoptox,6ba3a7f82ab9fda8534f120114a566eec296e8ae,"InChI=1S/C11H15NO2/c1-2-3-8-14-11(13)9-4-6-10(12)7-5-9/h4-7H,2-3,8,12H2,1H3"
CC1CC2=CC(=O)CCC2(C)C2CCC3(C)C(CCC3(C)O)C12,0,17021-26-0,IVFYLRMMHVYGJH-UHFFFAOYSA-N,17021-26-0,STopTox peer-reviewed curated experimental irritation dataset,https://doi.org/10.1289/EHP9341,"[""eye:CpId:1814""]","[""explicit_curated_experimental_outcome_0"", ""absence_of_hazard_statement_not_used"", ""defined_single_structure"", ""exact_identity_deduplicated"", ""current_strong_conflicts_excluded"", ""external_holdout_quarantined"", ""publication_dataset_oecd_405_curation""]",peer_reviewed_curated_experimental_negative,0.9,experimental,"OECD TG 405 experimental eye irritation, curated at dataset level",not irritating / not classified (curated Outcome=0),not_reported_per_record_in_public_sdf,eye:CpId:1814,03dc5888f0859ddcc1b694e186bb2137229ea571e3db56572205f482794de03d,https://github.com/joyvb/stoptox,6ba3a7f82ab9fda8534f120114a566eec296e8ae,"InChI=1S/C21H32O2/c1-13-11-14-12-15(22)5-8-19(14,2)16-6-9-20(3)17(18(13)16)7-10-21(20,4)23/h12-13,16-18,23H,5-11H2,1-4H3"
Cc1cccc(C)c1,0,108-38-3 1330-20-7,IVSZLXZYQVIEFR-UHFFFAOYSA-N,108-38-3 1330-20-7,STopTox peer-reviewed curated experimental irritation dataset,https://doi.org/10.1289/EHP9341,"[""eye:CpId:1816""]","[""explicit_curated_experimental_outcome_0"", ""absence_of_hazard_statement_not_used"", ""defined_single_structure"", ""exact_identity_deduplicated"", ""current_strong_conflicts_excluded"", ""external_holdout_quarantined"", ""publication_dataset_oecd_405_curation""]",peer_reviewed_curated_experimental_negative,0.9,experimental,"OECD TG 405 experimental eye irritation, curated at dataset level",not irritating / not classified (curated Outcome=0),not_reported_per_record_in_public_sdf,eye:CpId:1816,03dc5888f0859ddcc1b694e186bb2137229ea571e3db56572205f482794de03d,https://github.com/joyvb/stoptox,6ba3a7f82ab9fda8534f120114a566eec296e8ae,"InChI=1S/C8H10/c1-7-4-3-5-8(2)6-7/h3-6H,1-2H3"
CC(N=C(NC#N)Nc1ccncc1)C(C)(C)C,0,85371-64-8,IVVNZDGDKPTYHK-UHFFFAOYSA-N,85371-64-8,STopTox peer-reviewed curated experimental irritation dataset,https://doi.org/10.1289/EHP9341,"[""eye:CpId:1819""]","[""explicit_curated_experimental_outcome_0"", ""absence_of_hazard_statement_not_used"", ""defined_single_structure"", ""exact_identity_deduplicated"", ""current_strong_conflicts_excluded"", ""external_holdout_quarantined"", ""publication_dataset_oecd_405_curation""]",peer_reviewed_curated_experimental_negative,0.9,experimental,"OECD TG 405 experimental eye irritation, curated at dataset level",not irritating / not classified (curated Outcome=0),not_reported_per_record_in_public_sdf,eye:CpId:1819,03dc5888f0859ddcc1b694e186bb2137229ea571e3db56572205f482794de03d,https://github.com/joyvb/stoptox,6ba3a7f82ab9fda8534f120114a566eec296e8ae,"InChI=1S/C13H19N5/c1-10(13(2,3)4)17-12(16-9-14)18-11-5-7-15-8-6-11/h5-8,10H,1-4H3,(H2,15,16,17,18)"
OCCOCC#CCOCCO,0,32167-31-0,IXAWTPMDMPUGLV-UHFFFAOYSA-N,32167-31-0,STopTox peer-reviewed curated experimental irritation dataset,https://doi.org/10.1289/EHP9341,"[""eye:CpId:330""]","[""explicit_curated_experimental_outcome_0"", ""absence_of_hazard_statement_not_used"", ""defined_single_structure"", ""exact_identity_deduplicated"", ""current_strong_conflicts_excluded"", ""external_holdout_quarantined"", ""publication_dataset_oecd_405_curation""]",peer_reviewed_curated_experimental_negative,0.9,experimental,"OECD TG 405 experimental eye irritation, curated at dataset level",not irritating / not classified (curated Outcome=0),not_reported_per_record_in_public_sdf,eye:CpId:330,03dc5888f0859ddcc1b694e186bb2137229ea571e3db56572205f482794de03d,https://github.com/joyvb/stoptox,6ba3a7f82ab9fda8534f120114a566eec296e8ae,IXAWTPMDMPUGLV-UHFFFAOYSA-N
O=[N+]([O-])c1cc([N+](=O)[O-])c(O)c([N+](=O)[O-])c1O,0,15245-44-0,IXHMHWIBCIYOAZ-UHFFFAOYSA-N,15245-44-0,STopTox peer-reviewed curated experimental irritation dataset,https://doi.org/10.1289/EHP9341,"[""eye:CpId:331""]","[""explicit_curated_experimental_outcome_0"", ""absence_of_hazard_statement_not_used"", ""defined_single_structure"", ""exact_identity_deduplicated"", ""current_strong_conflicts_excluded"", ""external_holdout_quarantined"", ""publication_dataset_oecd_405_curation""]",peer_reviewed_curated_experimental_negative,0.9,experimental,"OECD TG 405 experimental eye irritation, curated at dataset level",not irritating / not classified (curated Outcome=0),not_reported_per_record_in_public_sdf,eye:CpId:331,03dc5888f0859ddcc1b694e186bb2137229ea571e3db56572205f482794de03d,https://github.com/joyvb/stoptox,6ba3a7f82ab9fda8534f120114a566eec296e8ae,IXHMHWIBCIYOAZ-UHFFFAOYSA-L
CC1=CC2C3CC(C=C3C)C2C1,0,26472-00-4,IYQYZZHQSZMZIG-UHFFFAOYSA-N,26472-00-4,STopTox peer-reviewed curated experimental irritation dataset,https://doi.org/10.1289/EHP9341,"[""eye:CpId:1834""]","[""explicit_curated_experimental_outcome_0"", ""absence_of_hazard_statement_not_used"", ""defined_single_structure"", ""exact_identity_deduplicated"", ""current_strong_conflicts_excluded"", ""external_holdout_quarantined"", ""publication_dataset_oecd_405_curation""]",peer_reviewed_curated_experimental_negative,0.9,experimental,"OECD TG 405 experimental eye irritation, curated at dataset level",not irritating / not classified (curated Outcome=0),not_reported_per_record_in_public_sdf,eye:CpId:1834,03dc5888f0859ddcc1b694e186bb2137229ea571e3db56572205f482794de03d,https://github.com/joyvb/stoptox,6ba3a7f82ab9fda8534f120114a566eec296e8ae,"InChI=1S/C12H16/c1-7-3-11-9-5-8(2)10(6-9)12(11)4-7/h4-5,9-12H,3,6H2,1-2H3"
CN(C)CCOc1ccccc1Cc1ccccc1,0,92-12-6,IZRPKIZLIFYYKR-UHFFFAOYSA-N,92-12-6,STopTox peer-reviewed curated experimental irritation dataset,https://doi.org/10.1289/EHP9341,"[""eye:CpId:1836""]","[""explicit_curated_experimental_outcome_0"", ""absence_of_hazard_statement_not_used"", ""defined_single_structure"", ""exact_identity_deduplicated"", ""current_strong_conflicts_excluded"", ""external_holdout_quarantined"", ""publication_dataset_oecd_405_curation""]",peer_reviewed_curated_experimental_negative,0.9,experimental,"OECD TG 405 experimental eye irritation, curated at dataset level",not irritating / not classified (curated Outcome=0),not_reported_per_record_in_public_sdf,eye:CpId:1836,03dc5888f0859ddcc1b694e186bb2137229ea571e3db56572205f482794de03d,https://github.com/joyvb/stoptox,6ba3a7f82ab9fda8534f120114a566eec296e8ae,"InChI=1S/C17H21NO/c1-18(2)12-13-19-17-11-7-6-10-16(17)14-15-8-4-3-5-9-15/h3-11H,12-14H2,1-2H3"
CCCCCCCCC(C)C(C)CCCCCCCC,0,68649-11-6,IZWHERZFONYXEC-UHFFFAOYSA-N,68649-11-6,STopTox peer-reviewed curated experimental irritation dataset,https://doi.org/10.1289/EHP9341,"[""eye:CpId:334""]","[""explicit_curated_experimental_outcome_0"", ""absence_of_hazard_statement_not_used"", ""defined_single_structure"", ""exact_identity_deduplicated"", ""current_strong_conflicts_excluded"", ""external_holdout_quarantined"", ""publication_dataset_oecd_405_curation""]",peer_reviewed_curated_experimental_negative,0.9,experimental,"OECD TG 405 experimental eye irritation, curated at dataset level",not irritating / not classified (curated Outcome=0),not_reported_per_record_in_public_sdf,eye:CpId:334,03dc5888f0859ddcc1b694e186bb2137229ea571e3db56572205f482794de03d,https://github.com/joyvb/stoptox,6ba3a7f82ab9fda8534f120114a566eec296e8ae,IZWHERZFONYXEC-UHFFFAOYSA-N
CC(COCC(C)OC(=O)c1ccccc1)OC(=O)c1ccccc1,0,27138-31-4,IZYUWBATGXUSIK-UHFFFAOYSA-N,27138-31-4,STopTox peer-reviewed curated experimental irritation dataset,https://doi.org/10.1289/EHP9341,"[""eye:CpId:335""]","[""explicit_curated_experimental_outcome_0"", ""absence_of_hazard_statement_not_used"", ""defined_single_structure"", ""exact_identity_deduplicated"", ""current_strong_conflicts_excluded"", ""external_holdout_quarantined"", ""publication_dataset_oecd_405_curation""]",peer_reviewed_curated_experimental_negative,0.9,experimental,"OECD TG 405 experimental eye irritation, curated at dataset level",not irritating / not classified (curated Outcome=0),not_reported_per_record_in_public_sdf,eye:CpId:335,03dc5888f0859ddcc1b694e186bb2137229ea571e3db56572205f482794de03d,https://github.com/joyvb/stoptox,6ba3a7f82ab9fda8534f120114a566eec296e8ae,IZYUWBATGXUSIK-UHFFFAOYSA-N
CCCCOC(=O)C=CC(=O)OCCCC,0,105-75-9,JBSLOWBPDRZSMB-UHFFFAOYSA-N,105-75-9,STopTox peer-reviewed curated experimental irritation dataset,https://doi.org/10.1289/EHP9341,"[""eye:CpId:336""]","[""explicit_curated_experimental_outcome_0"", ""absence_of_hazard_statement_not_used"", ""defined_single_structure"", ""exact_identity_deduplicated"", ""current_strong_conflicts_excluded"", ""external_holdout_quarantined"", ""publication_dataset_oecd_405_curation""]",peer_reviewed_curated_experimental_negative,0.9,experimental,"OECD TG 405 experimental eye irritation, curated at dataset level",not irritating / not classified (curated Outcome=0),not_reported_per_record_in_public_sdf,eye:CpId:336,03dc5888f0859ddcc1b694e186bb2137229ea571e3db56572205f482794de03d,https://github.com/joyvb/stoptox,6ba3a7f82ab9fda8534f120114a566eec296e8ae,JBSLOWBPDRZSMB-BQYQJAHWSA-N
CCOC(=O)C(c1c(O)c2ccccc2oc1=O)c1c(O)c2ccccc2oc1=O,0,548-00-5,JCLHQFUTFHUXNN-UHFFFAOYSA-N,548-00-5,STopTox peer-reviewed curated experimental irritation dataset,https://doi.org/10.1289/EHP9341,"[""eye:CpId:3423""]","[""explicit_curated_experimental_outcome_0"", ""absence_of_hazard_statement_not_used"", ""defined_single_structure"", ""exact_identity_deduplicated"", ""current_strong_conflicts_excluded"", ""external_holdout_quarantined"", ""publication_dataset_oecd_405_curation""]",peer_reviewed_curated_experimental_negative,0.9,experimental,"OECD TG 405 experimental eye irritation, curated at dataset level",not irritating / not classified (curated Outcome=0),not_reported_per_record_in_public_sdf,eye:CpId:3423,03dc5888f0859ddcc1b694e186bb2137229ea571e3db56572205f482794de03d,https://github.com/joyvb/stoptox,6ba3a7f82ab9fda8534f120114a566eec296e8ae,"InChI=1S/C22H16O8/c1-2-28-20(25)15(16-18(23)11-7-3-5-9-13(11)29-21(16)26)17-19(24)12-8-4-6-10-14(12)30-22(17)27/h3-10,15,23-24H,2H2,1H3"
OCC1OC(OC2C(CO)OC(O)(CO)C2O)C(O)C(O)C1O,0,4618-18-2,JCQLYHFGKNRPGE-UHFFFAOYSA-N,4618-18-2,STopTox peer-reviewed curated experimental irritation dataset,https://doi.org/10.1289/EHP9341,"[""eye:CpId:1855""]","[""explicit_curated_experimental_outcome_0"", ""absence_of_hazard_statement_not_used"", ""defined_single_structure"", ""exact_identity_deduplicated"", ""current_strong_conflicts_excluded"", ""external_holdout_quarantined"", ""publication_dataset_oecd_405_curation""]",peer_reviewed_curated_experimental_negative,0.9,experimental,"OECD TG 405 experimental eye irritation, curated at dataset level",not irritating / not classified (curated Outcome=0),not_reported_per_record_in_public_sdf,eye:CpId:1855,03dc5888f0859ddcc1b694e186bb2137229ea571e3db56572205f482794de03d,https://github.com/joyvb/stoptox,6ba3a7f82ab9fda8534f120114a566eec296e8ae,"InChI=1S/C12H22O11/c13-1-4-6(16)7(17)8(18)11(21-4)22-9-5(2-14)23-12(20,3-15)10(9)19/h4-11,13-20H,1-3H2"
CNC(C)CC1CCCCC1,0,101-40-6,JCRIVQIOJSSCQD-UHFFFAOYSA-N,101-40-6,STopTox peer-reviewed curated experimental irritation dataset,https://doi.org/10.1289/EHP9341,"[""eye:CpId:1856""]","[""explicit_curated_experimental_outcome_0"", ""absence_of_hazard_statement_not_used"", ""defined_single_structure"", ""exact_identity_deduplicated"", ""current_strong_conflicts_excluded"", ""external_holdout_quarantined"", ""publication_dataset_oecd_405_curation""]",peer_reviewed_curated_experimental_negative,0.9,experimental,"OECD TG 405 experimental eye irritation, curated at dataset level",not irritating / not classified (curated Outcome=0),not_reported_per_record_in_public_sdf,eye:CpId:1856,03dc5888f0859ddcc1b694e186bb2137229ea571e3db56572205f482794de03d,https://github.com/joyvb/stoptox,6ba3a7f82ab9fda8534f120114a566eec296e8ae,"InChI=1S/C10H21N/c1-9(11-2)8-10-6-4-3-5-7-10/h9-11H,3-8H2,1-2H3"
Nc1nc(N)nc(N)n1,0,108-78-1,JDSHMPZPIAZGSV-UHFFFAOYSA-N,108-78-1,STopTox peer-reviewed curated experimental irritation dataset,https://doi.org/10.1289/EHP9341,"[""eye:CpId:1859""]","[""explicit_curated_experimental_outcome_0"", ""absence_of_hazard_statement_not_used"", ""defined_single_structure"", ""exact_identity_deduplicated"", ""current_strong_conflicts_excluded"", ""external_holdout_quarantined"", ""publication_dataset_oecd_405_curation""]",peer_reviewed_curated_experimental_negative,0.9,experimental,"OECD TG 405 experimental eye irritation, curated at dataset level",not irritating / not classified (curated Outcome=0),not_reported_per_record_in_public_sdf,eye:CpId:1859,03dc5888f0859ddcc1b694e186bb2137229ea571e3db56572205f482794de03d,https://github.com/joyvb/stoptox,6ba3a7f82ab9fda8534f120114a566eec296e8ae,"InChI=1S/C3H6N6/c4-1-7-2(5)9-3(6)8-1/h(H6,4,5,6,7,8,9)"
CC[N+](C)(C)C(C)CC(c1ccccc1)c1ccccc1,0,27892-33-7,JEJBJBKVPOWOQK-UHFFFAOYSA-N,27892-33-7,STopTox peer-reviewed curated experimental irritation dataset,https://doi.org/10.1289/EHP9341,"[""eye:CpId:1860""]","[""explicit_curated_experimental_outcome_0"", ""absence_of_hazard_statement_not_used"", ""defined_single_structure"", ""exact_identity_deduplicated"", ""current_strong_conflicts_excluded"", ""external_holdout_quarantined"", ""publication_dataset_oecd_405_curation""]",peer_reviewed_curated_experimental_negative,0.9,experimental,"OECD TG 405 experimental eye irritation, curated at dataset level",not irritating / not classified (curated Outcome=0),not_reported_per_record_in_public_sdf,eye:CpId:1860,03dc5888f0859ddcc1b694e186bb2137229ea571e3db56572205f482794de03d,https://github.com/joyvb/stoptox,6ba3a7f82ab9fda8534f120114a566eec296e8ae,"InChI=1S/C20H28N/c1-5-21(3,4)17(2)16-20(18-12-8-6-9-13-18)19-14-10-7-11-15-19/h6-15,17,20H,5,16H2,1-4H3/q+1"
Oc1c(Cl)cc(Cl)cc1Sc1cc(Cl)cc(Cl)c1O,0,97-18-7,JFIOVJDNOJYLKP-UHFFFAOYSA-N,97-18-7,STopTox peer-reviewed curated experimental irritation dataset,https://doi.org/10.1289/EHP9341,"[""eye:CpId:1862""]","[""explicit_curated_experimental_outcome_0"", ""absence_of_hazard_statement_not_used"", ""defined_single_structure"", ""exact_identity_deduplicated"", ""current_strong_conflicts_excluded"", ""external_holdout_quarantined"", ""publication_dataset_oecd_405_curation""]",peer_reviewed_curated_experimental_negative,0.9,experimental,"OECD TG 405 experimental eye irritation, curated at dataset level",not irritating / not classified (curated Outcome=0),not_reported_per_record_in_public_sdf,eye:CpId:1862,03dc5888f0859ddcc1b694e186bb2137229ea571e3db56572205f482794de03d,https://github.com/joyvb/stoptox,6ba3a7f82ab9fda8534f120114a566eec296e8ae,"InChI=1S/C12H6Cl4O2S/c13-5-1-7(15)11(17)9(3-5)19-10-4-6(14)2-8(16)12(10)18/h1-4,17-18H"
O=C1OCC(CO)O1,0,931-40-8,JFMGYULNQJPJCY-UHFFFAOYSA-N,931-40-8,STopTox peer-reviewed curated experimental irritation dataset,https://doi.org/10.1289/EHP9341,"[""eye:CpId:339""]","[""explicit_curated_experimental_outcome_0"", ""absence_of_hazard_statement_not_used"", ""defined_single_structure"", ""exact_identity_deduplicated"", ""current_strong_conflicts_excluded"", ""external_holdout_quarantined"", ""publication_dataset_oecd_405_curation""]",peer_reviewed_curated_experimental_negative,0.9,experimental,"OECD TG 405 experimental eye irritation, curated at dataset level",not irritating / not classified (curated Outcome=0),not_reported_per_record_in_public_sdf,eye:CpId:339,03dc5888f0859ddcc1b694e186bb2137229ea571e3db56572205f482794de03d,https://github.com/joyvb/stoptox,6ba3a7f82ab9fda8534f120114a566eec296e8ae,JFMGYULNQJPJCY-UHFFFAOYSA-N
CCCCCCCCCCCCCCCC(=O)OCC(=O)C1=C(O)C(O)C(O)O1,0,137-66-6,JGHZFWFCIVEURX-UHFFFAOYSA-N,137-66-6,STopTox peer-reviewed curated experimental irritation dataset,https://doi.org/10.1289/EHP9341,"[""eye:CpId:2326""]","[""explicit_curated_experimental_outcome_0"", ""absence_of_hazard_statement_not_used"", ""defined_single_structure"", ""exact_identity_deduplicated"", ""current_strong_conflicts_excluded"", ""external_holdout_quarantined"", ""publication_dataset_oecd_405_curation""]",peer_reviewed_curated_experimental_negative,0.9,experimental,"OECD TG 405 experimental eye irritation, curated at dataset level",not irritating / not classified (curated Outcome=0),not_reported_per_record_in_public_sdf,eye:CpId:2326,03dc5888f0859ddcc1b694e186bb2137229ea571e3db56572205f482794de03d,https://github.com/joyvb/stoptox,6ba3a7f82ab9fda8534f120114a566eec296e8ae,"InChI=1S/C22H38O7/c1-2-3-4-5-6-7-8-9-10-11-12-13-14-15-18(24)28-16-17(23)21-19(25)20(26)22(27)29-21/h20,22,25-27H,2-16H2,1H3"
CC(=O)C1CCC2C3C=CC4=CC(=O)CCC4(C)C3CCC12C,0,152-62-5,JGMOKGBVKVMRFX-UHFFFAOYSA-N,152-62-5,STopTox peer-reviewed curated experimental irritation dataset,https://doi.org/10.1289/EHP9341,"[""eye:CpId:1869""]","[""explicit_curated_experimental_outcome_0"", ""absence_of_hazard_statement_not_used"", ""defined_single_structure"", ""exact_identity_deduplicated"", ""current_strong_conflicts_excluded"", ""external_holdout_quarantined"", ""publication_dataset_oecd_405_curation""]",peer_reviewed_curated_experimental_negative,0.9,experimental,"OECD TG 405 experimental eye irritation, curated at dataset level",not irritating / not classified (curated Outcome=0),not_reported_per_record_in_public_sdf,eye:CpId:1869,03dc5888f0859ddcc1b694e186bb2137229ea571e3db56572205f482794de03d,https://github.com/joyvb/stoptox,6ba3a7f82ab9fda8534f120114a566eec296e8ae,"InChI=1S/C21H28O2/c1-13(22)17-6-7-18-16-5-4-14-12-15(23)8-10-20(14,2)19(16)9-11-21(17,18)3/h4-5,12,16-19H,6-11H2,1-3H3"
CCN(CC)CCOC(=O)C(c1ccccc1)c1ccccc1,0,64-95-9,JGOAIQNSOGZNBX-UHFFFAOYSA-N,64-95-9,STopTox peer-reviewed curated experimental irritation dataset,https://doi.org/10.1289/EHP9341,"[""eye:CpId:1870""]","[""explicit_curated_experimental_outcome_0"", ""absence_of_hazard_statement_not_used"", ""defined_single_structure"", ""exact_identity_deduplicated"", ""current_strong_conflicts_excluded"", ""external_holdout_quarantined"", ""publication_dataset_oecd_405_curation""]",peer_reviewed_curated_experimental_negative,0.9,experimental,"OECD TG 405 experimental eye irritation, curated at dataset level",not irritating / not classified (curated Outcome=0),not_reported_per_record_in_public_sdf,eye:CpId:1870,03dc5888f0859ddcc1b694e186bb2137229ea571e3db56572205f482794de03d,https://github.com/joyvb/stoptox,6ba3a7f82ab9fda8534f120114a566eec296e8ae,"InChI=1S/C20H25NO2/c1-3-21(4-2)15-16-23-20(22)19(17-11-7-5-8-12-17)18-13-9-6-10-14-18/h5-14,19H,3-4,15-16H2,1-2H3"
O=C1CCCCC1,0,108-94-1,JHIVVAPYMSGYDF-UHFFFAOYSA-N,108-94-1,STopTox peer-reviewed curated experimental irritation dataset,https://doi.org/10.1289/EHP9341,"[""eye:CpId:1874""]","[""explicit_curated_experimental_outcome_0"", ""absence_of_hazard_statement_not_used"", ""defined_single_structure"", ""exact_identity_deduplicated"", ""current_strong_conflicts_excluded"", ""external_holdout_quarantined"", ""publication_dataset_oecd_405_curation""]",peer_reviewed_curated_experimental_negative,0.9,experimental,"OECD TG 405 experimental eye irritation, curated at dataset level",not irritating / not classified (curated Outcome=0),not_reported_per_record_in_public_sdf,eye:CpId:1874,03dc5888f0859ddcc1b694e186bb2137229ea571e3db56572205f482794de03d,https://github.com/joyvb/stoptox,6ba3a7f82ab9fda8534f120114a566eec296e8ae,InChI=1S/C6H10O/c7-6-4-2-1-3-5-6/h1-5H2
COP(=S)(OC)Oc1cc(Cl)c(Cl)cc1Cl,0,299-84-3,JHJOOSLFWRRSGU-UHFFFAOYSA-N,299-84-3,STopTox peer-reviewed curated experimental irritation dataset,https://doi.org/10.1289/EHP9341,"[""eye:CpId:1875""]","[""explicit_curated_experimental_outcome_0"", ""absence_of_hazard_statement_not_used"", ""defined_single_structure"", ""exact_identity_deduplicated"", ""current_strong_conflicts_excluded"", ""external_holdout_quarantined"", ""publication_dataset_oecd_405_curation""]",peer_reviewed_curated_experimental_negative,0.9,experimental,"OECD TG 405 experimental eye irritation, curated at dataset level",not irritating / not classified (curated Outcome=0),not_reported_per_record_in_public_sdf,eye:CpId:1875,03dc5888f0859ddcc1b694e186bb2137229ea571e3db56572205f482794de03d,https://github.com/joyvb/stoptox,6ba3a7f82ab9fda8534f120114a566eec296e8ae,"InChI=1S/C8H8Cl3O3PS/c1-12-15(16,13-2)14-8-4-6(10)5(9)3-7(8)11/h3-4H,1-2H3"
C=CCOC(=O)OCCOCCOC(=O)OCC=C,0,142-22-3,JHQVCQDWGSXTFE-UHFFFAOYSA-N,142-22-3,STopTox peer-reviewed curated experimental irritation dataset,https://doi.org/10.1289/EHP9341,"[""eye:CpId:340""]","[""explicit_curated_experimental_outcome_0"", ""absence_of_hazard_statement_not_used"", ""defined_single_structure"", ""exact_identity_deduplicated"", ""current_strong_conflicts_excluded"", ""external_holdout_quarantined"", ""publication_dataset_oecd_405_curation""]",peer_reviewed_curated_experimental_negative,0.9,experimental,"OECD TG 405 experimental eye irritation, curated at dataset level",not irritating / not classified (curated Outcome=0),not_reported_per_record_in_public_sdf,eye:CpId:340,03dc5888f0859ddcc1b694e186bb2137229ea571e3db56572205f482794de03d,https://github.com/joyvb/stoptox,6ba3a7f82ab9fda8534f120114a566eec296e8ae,JHQVCQDWGSXTFE-UHFFFAOYSA-N
NC(=O)c1c(Cl)cccc1Cl,0,2008-58-4,JHSPCUHPSIUQRB-UHFFFAOYSA-N,2008-58-4,STopTox peer-reviewed curated experimental irritation dataset,https://doi.org/10.1289/EHP9341,"[""eye:CpId:1876""]","[""explicit_curated_experimental_outcome_0"", ""absence_of_hazard_statement_not_used"", ""defined_single_structure"", ""exact_identity_deduplicated"", ""current_strong_conflicts_excluded"", ""external_holdout_quarantined"", ""publication_dataset_oecd_405_curation""]",peer_reviewed_curated_experimental_negative,0.9,experimental,"OECD TG 405 experimental eye irritation, curated at dataset level",not irritating / not classified (curated Outcome=0),not_reported_per_record_in_public_sdf,eye:CpId:1876,03dc5888f0859ddcc1b694e186bb2137229ea571e3db56572205f482794de03d,https://github.com/joyvb/stoptox,6ba3a7f82ab9fda8534f120114a566eec296e8ae,"InChI=1S/C7H5Cl2NO/c8-4-2-1-3-5(9)6(4)7(10)11/h1-3H,(H2,10,11)"
O=C1CCCCCCCCCCCN1,0,947-04-6,JHWNWJKBPDFINM-UHFFFAOYSA-N,947-04-6,STopTox peer-reviewed curated experimental irritation dataset,https://doi.org/10.1289/EHP9341,"[""eye:CpId:341""]","[""explicit_curated_experimental_outcome_0"", ""absence_of_hazard_statement_not_used"", ""defined_single_structure"", ""exact_identity_deduplicated"", ""current_strong_conflicts_excluded"", ""external_holdout_quarantined"", ""publication_dataset_oecd_405_curation""]",peer_reviewed_curated_experimental_negative,0.9,experimental,"OECD TG 405 experimental eye irritation, curated at dataset level",not irritating / not classified (curated Outcome=0),not_reported_per_record_in_public_sdf,eye:CpId:341,03dc5888f0859ddcc1b694e186bb2137229ea571e3db56572205f482794de03d,https://github.com/joyvb/stoptox,6ba3a7f82ab9fda8534f120114a566eec296e8ae,JHWNWJKBPDFINM-UHFFFAOYSA-N
c1ccc(CC2=NCCN2)cc1,0,59-98-3,JIVZKJJQOZQXQB-UHFFFAOYSA-N,59-98-3,STopTox peer-reviewed curated experimental irritation dataset,https://doi.org/10.1289/EHP9341,"[""eye:CpId:1882""]","[""explicit_curated_experimental_outcome_0"", ""absence_of_hazard_statement_not_used"", ""defined_single_structure"", ""exact_identity_deduplicated"", ""current_strong_conflicts_excluded"", ""external_holdout_quarantined"", ""publication_dataset_oecd_405_curation""]",peer_reviewed_curated_experimental_negative,0.9,experimental,"OECD TG 405 experimental eye irritation, curated at dataset level",not irritating / not classified (curated Outcome=0),not_reported_per_record_in_public_sdf,eye:CpId:1882,03dc5888f0859ddcc1b694e186bb2137229ea571e3db56572205f482794de03d,https://github.com/joyvb/stoptox,6ba3a7f82ab9fda8534f120114a566eec296e8ae,"InChI=1S/C10H12N2/c1-2-4-9(5-3-1)8-10-11-6-7-12-10/h1-5H,6-8H2,(H,11,12)"
CCC(C)(C)OOC(C)(C)CC,0,10508-09-5,JJRDRFZYKKFYMO-UHFFFAOYSA-N,10508-09-5,STopTox peer-reviewed curated experimental irritation dataset,https://doi.org/10.1289/EHP9341,"[""eye:CpId:342""]","[""explicit_curated_experimental_outcome_0"", ""absence_of_hazard_statement_not_used"", ""defined_single_structure"", ""exact_identity_deduplicated"", ""current_strong_conflicts_excluded"", ""external_holdout_quarantined"", ""publication_dataset_oecd_405_curation""]",peer_reviewed_curated_experimental_negative,0.9,experimental,"OECD TG 405 experimental eye irritation, curated at dataset level",not irritating / not classified (curated Outcome=0),not_reported_per_record_in_public_sdf,eye:CpId:342,03dc5888f0859ddcc1b694e186bb2137229ea571e3db56572205f482794de03d,https://github.com/joyvb/stoptox,6ba3a7f82ab9fda8534f120114a566eec296e8ae,JJRDRFZYKKFYMO-UHFFFAOYSA-N
COCCOCCOCCO,0,112-35-6,JLGLQAWTXXGVEM-UHFFFAOYSA-N,112-35-6,STopTox peer-reviewed curated experimental irritation dataset,https://doi.org/10.1289/EHP9341,"[""eye:CpId:345""]","[""explicit_curated_experimental_outcome_0"", ""absence_of_hazard_statement_not_used"", ""defined_single_structure"", ""exact_identity_deduplicated"", ""current_strong_conflicts_excluded"", ""external_holdout_quarantined"", ""publication_dataset_oecd_405_curation""]",peer_reviewed_curated_experimental_negative,0.9,experimental,"OECD TG 405 experimental eye irritation, curated at dataset level",not irritating / not classified (curated Outcome=0),not_reported_per_record_in_public_sdf,eye:CpId:345,03dc5888f0859ddcc1b694e186bb2137229ea571e3db56572205f482794de03d,https://github.com/joyvb/stoptox,6ba3a7f82ab9fda8534f120114a566eec296e8ae,JLGLQAWTXXGVEM-UHFFFAOYSA-N
CO[Si](CCC(F)(F)F)(OC)OC,0,429-60-7,JLGNHOJUQFHYEZ-UHFFFAOYSA-N,429-60-7,STopTox peer-reviewed curated experimental irritation dataset,https://doi.org/10.1289/EHP9341,"[""eye:CpId:1887""]","[""explicit_curated_experimental_outcome_0"", ""absence_of_hazard_statement_not_used"", ""defined_single_structure"", ""exact_identity_deduplicated"", ""current_strong_conflicts_excluded"", ""external_holdout_quarantined"", ""publication_dataset_oecd_405_curation""]",peer_reviewed_curated_experimental_negative,0.9,experimental,"OECD TG 405 experimental eye irritation, curated at dataset level",not irritating / not classified (curated Outcome=0),not_reported_per_record_in_public_sdf,eye:CpId:1887,03dc5888f0859ddcc1b694e186bb2137229ea571e3db56572205f482794de03d,https://github.com/joyvb/stoptox,6ba3a7f82ab9fda8534f120114a566eec296e8ae,"InChI=1S/C6H13F3O3Si/c1-10-13(11-2,12-3)5-4-6(7,8)9/h4-5H2,1-3H3"
CCC1(c2cccc(O)c2)CCCCN(C)C1,0,54340-58-8,JLICHNCFTLFZJN-UHFFFAOYSA-N,54340-58-8,STopTox peer-reviewed curated experimental irritation dataset,https://doi.org/10.1289/EHP9341,"[""eye:CpId:1888""]","[""explicit_curated_experimental_outcome_0"", ""absence_of_hazard_statement_not_used"", ""defined_single_structure"", ""exact_identity_deduplicated"", ""current_strong_conflicts_excluded"", ""external_holdout_quarantined"", ""publication_dataset_oecd_405_curation""]",peer_reviewed_curated_experimental_negative,0.9,experimental,"OECD TG 405 experimental eye irritation, curated at dataset level",not irritating / not classified (curated Outcome=0),not_reported_per_record_in_public_sdf,eye:CpId:1888,03dc5888f0859ddcc1b694e186bb2137229ea571e3db56572205f482794de03d,https://github.com/joyvb/stoptox,6ba3a7f82ab9fda8534f120114a566eec296e8ae,"InChI=1S/C15H23NO/c1-3-15(9-4-5-10-16(2)12-15)13-7-6-8-14(17)11-13/h6-8,11,17H,3-5,9-10,12H2,1-2H3"
CC(C)(Oc1ccc(Cl)cc1)C(=O)OCCCOC(=O)C(C)(C)Oc1ccc(Cl)cc1,0,14929-11-4,JLRNKCZRCMIVKA-UHFFFAOYSA-N,14929-11-4,STopTox peer-reviewed curated experimental irritation dataset,https://doi.org/10.1289/EHP9341,"[""eye:CpId:1891""]","[""explicit_curated_experimental_outcome_0"", ""absence_of_hazard_statement_not_used"", ""defined_single_structure"", ""exact_identity_deduplicated"", ""current_strong_conflicts_excluded"", ""external_holdout_quarantined"", ""publication_dataset_oecd_405_curation""]",peer_reviewed_curated_experimental_negative,0.9,experimental,"OECD TG 405 experimental eye irritation, curated at dataset level",not irritating / not classified (curated Outcome=0),not_reported_per_record_in_public_sdf,eye:CpId:1891,03dc5888f0859ddcc1b694e186bb2137229ea571e3db56572205f482794de03d,https://github.com/joyvb/stoptox,6ba3a7f82ab9fda8534f120114a566eec296e8ae,"InChI=1S/C23H26Cl2O6/c1-22(2,30-18-10-6-16(24)7-11-18)20(26)28-14-5-15-29-21(27)23(3,4)31-19-12-8-17(25)9-13-19/h6-13H,5,14-15H2,1-4H3"
CN(C)c1ccccc1,0,121-69-7,JLTDJTHDQAWBAV-UHFFFAOYSA-N,121-69-7,STopTox peer-reviewed curated experimental irritation dataset,https://doi.org/10.1289/EHP9341,"[""eye:CpId:1892""]","[""explicit_curated_experimental_outcome_0"", ""absence_of_hazard_statement_not_used"", ""defined_single_structure"", ""exact_identity_deduplicated"", ""current_strong_conflicts_excluded"", ""external_holdout_quarantined"", ""publication_dataset_oecd_405_curation""]",peer_reviewed_curated_experimental_negative,0.9,experimental,"OECD TG 405 experimental eye irritation, curated at dataset level",not irritating / not classified (curated Outcome=0),not_reported_per_record_in_public_sdf,eye:CpId:1892,03dc5888f0859ddcc1b694e186bb2137229ea571e3db56572205f482794de03d,https://github.com/joyvb/stoptox,6ba3a7f82ab9fda8534f120114a566eec296e8ae,"InChI=1S/C8H11N/c1-9(2)8-6-4-3-5-7-8/h3-7H,1-2H3"
CCOC(=O)c1cccc(C(=O)OCC)c1,0,636-53-3,JLVWYWVLMFVCDI-UHFFFAOYSA-N,636-53-3,STopTox peer-reviewed curated experimental irritation dataset,https://doi.org/10.1289/EHP9341,"[""eye:CpId:1894""]","[""explicit_curated_experimental_outcome_0"", ""absence_of_hazard_statement_not_used"", ""defined_single_structure"", ""exact_identity_deduplicated"", ""current_strong_conflicts_excluded"", ""external_holdout_quarantined"", ""publication_dataset_oecd_405_curation""]",peer_reviewed_curated_experimental_negative,0.9,experimental,"OECD TG 405 experimental eye irritation, curated at dataset level",not irritating / not classified (curated Outcome=0),not_reported_per_record_in_public_sdf,eye:CpId:1894,03dc5888f0859ddcc1b694e186bb2137229ea571e3db56572205f482794de03d,https://github.com/joyvb/stoptox,6ba3a7f82ab9fda8534f120114a566eec296e8ae,"InChI=1S/C12H14O4/c1-3-15-11(13)9-6-5-7-10(8-9)12(14)16-4-2/h5-8H,3-4H2,1-2H3"
ClC1C(Cl)C(Cl)C(Cl)C(Cl)C1Cl,0,58-89-9,JLYXXMFPNIAWKQ-UHFFFAOYSA-N,58-89-9,STopTox peer-reviewed curated experimental irritation dataset,https://doi.org/10.1289/EHP9341,"[""eye:CpId:1895""]","[""explicit_curated_experimental_outcome_0"", ""absence_of_hazard_statement_not_used"", ""defined_single_structure"", ""exact_identity_deduplicated"", ""current_strong_conflicts_excluded"", ""external_holdout_quarantined"", ""publication_dataset_oecd_405_curation""]",peer_reviewed_curated_experimental_negative,0.9,experimental,"OECD TG 405 experimental eye irritation, curated at dataset level",not irritating / not classified (curated Outcome=0),not_reported_per_record_in_public_sdf,eye:CpId:1895,03dc5888f0859ddcc1b694e186bb2137229ea571e3db56572205f482794de03d,https://github.com/joyvb/stoptox,6ba3a7f82ab9fda8534f120114a566eec296e8ae,InChI=1S/C6H6Cl6/c7-1-2(8)4(10)6(12)5(11)3(1)9/h1-6H
NC(=O)OC(CCl)CCl,0,61791-12-6,JMNCUXPHXKHBPY-UHFFFAOYSA-N,61791-12-6,STopTox peer-reviewed curated experimental irritation dataset,https://doi.org/10.1289/EHP9341,"[""eye:CpId:346""]","[""explicit_curated_experimental_outcome_0"", ""absence_of_hazard_statement_not_used"", ""defined_single_structure"", ""exact_identity_deduplicated"", ""current_strong_conflicts_excluded"", ""external_holdout_quarantined"", ""publication_dataset_oecd_405_curation""]",peer_reviewed_curated_experimental_negative,0.9,experimental,"OECD TG 405 experimental eye irritation, curated at dataset level",not irritating / not classified (curated Outcome=0),not_reported_per_record_in_public_sdf,eye:CpId:346,03dc5888f0859ddcc1b694e186bb2137229ea571e3db56572205f482794de03d,https://github.com/joyvb/stoptox,6ba3a7f82ab9fda8534f120114a566eec296e8ae,JMNCUXPHXKHBPY-UHFFFAOYSA-N
CC(=O)CC(=O)Nc1ccc(Cl)cc1,0,101-92-8,JMRJWEJJUKUBEA-UHFFFAOYSA-N,101-92-8,STopTox peer-reviewed curated experimental irritation dataset,https://doi.org/10.1289/EHP9341,"[""eye:CpId:1899""]","[""explicit_curated_experimental_outcome_0"", ""absence_of_hazard_statement_not_used"", ""defined_single_structure"", ""exact_identity_deduplicated"", ""current_strong_conflicts_excluded"", ""external_holdout_quarantined"", ""publication_dataset_oecd_405_curation""]",peer_reviewed_curated_experimental_negative,0.9,experimental,"OECD TG 405 experimental eye irritation, curated at dataset level",not irritating / not classified (curated Outcome=0),not_reported_per_record_in_public_sdf,eye:CpId:1899,03dc5888f0859ddcc1b694e186bb2137229ea571e3db56572205f482794de03d,https://github.com/joyvb/stoptox,6ba3a7f82ab9fda8534f120114a566eec296e8ae,"InChI=1S/C10H10ClNO2/c1-7(13)6-10(14)12-9-4-2-8(11)3-5-9/h2-5H,6H2,1H3,(H,12,14)"
CCOCCOCCOC(=O)C1CCC(C(=O)OCCOCCOCC)CC1,0,922165-31-9,JNFDQAYPZCYWLD-UHFFFAOYSA-N,922165-31-9,STopTox peer-reviewed curated experimental irritation dataset,https://doi.org/10.1289/EHP9341,"[""eye:CpId:347""]","[""explicit_curated_experimental_outcome_0"", ""absence_of_hazard_statement_not_used"", ""defined_single_structure"", ""exact_identity_deduplicated"", ""current_strong_conflicts_excluded"", ""external_holdout_quarantined"", ""publication_dataset_oecd_405_curation""]",peer_reviewed_curated_experimental_negative,0.9,experimental,"OECD TG 405 experimental eye irritation, curated at dataset level",not irritating / not classified (curated Outcome=0),not_reported_per_record_in_public_sdf,eye:CpId:347,03dc5888f0859ddcc1b694e186bb2137229ea571e3db56572205f482794de03d,https://github.com/joyvb/stoptox,6ba3a7f82ab9fda8534f120114a566eec296e8ae,JNFDQAYPZCYWLD-UHFFFAOYSA-N
O=C(CCS)OCC(COC(=O)CCS)(COC(=O)CCS)COC(=O)CCS,0,7575-23-7,JOBBTVPTPXRUBP-UHFFFAOYSA-N,7575-23-7,STopTox peer-reviewed curated experimental irritation dataset,https://doi.org/10.1289/EHP9341,"[""eye:CpId:348""]","[""explicit_curated_experimental_outcome_0"", ""absence_of_hazard_statement_not_used"", ""defined_single_structure"", ""exact_identity_deduplicated"", ""current_strong_conflicts_excluded"", ""external_holdout_quarantined"", ""publication_dataset_oecd_405_curation""]",peer_reviewed_curated_experimental_negative,0.9,experimental,"OECD TG 405 experimental eye irritation, curated at dataset level",not irritating / not classified (curated Outcome=0),not_reported_per_record_in_public_sdf,eye:CpId:348,03dc5888f0859ddcc1b694e186bb2137229ea571e3db56572205f482794de03d,https://github.com/joyvb/stoptox,6ba3a7f82ab9fda8534f120114a566eec296e8ae,JOBBTVPTPXRUBP-UHFFFAOYSA-N
CCOCC(C)O,0,1569-02-4,JOLQKTGDSGKSKJ-UHFFFAOYSA-N,1569-02-4,STopTox peer-reviewed curated experimental irritation dataset,https://doi.org/10.1289/EHP9341,"[""eye:CpId:349""]","[""explicit_curated_experimental_outcome_0"", ""absence_of_hazard_statement_not_used"", ""defined_single_structure"", ""exact_identity_deduplicated"", ""current_strong_conflicts_excluded"", ""external_holdout_quarantined"", ""publication_dataset_oecd_405_curation""]",peer_reviewed_curated_experimental_negative,0.9,experimental,"OECD TG 405 experimental eye irritation, curated at dataset level",not irritating / not classified (curated Outcome=0),not_reported_per_record_in_public_sdf,eye:CpId:349,03dc5888f0859ddcc1b694e186bb2137229ea571e3db56572205f482794de03d,https://github.com/joyvb/stoptox,6ba3a7f82ab9fda8534f120114a566eec296e8ae,JOLQKTGDSGKSKJ-UHFFFAOYSA-N
Cc1ccc(S(=O)(=O)O)cc1,0,657-84-1,JOXIMZWYDAKGHI-UHFFFAOYSA-N,657-84-1,STopTox peer-reviewed curated experimental irritation dataset,https://doi.org/10.1289/EHP9341,"[""eye:CpId:351""]","[""explicit_curated_experimental_outcome_0"", ""absence_of_hazard_statement_not_used"", ""defined_single_structure"", ""exact_identity_deduplicated"", ""current_strong_conflicts_excluded"", ""external_holdout_quarantined"", ""publication_dataset_oecd_405_curation""]",peer_reviewed_curated_experimental_negative,0.9,experimental,"OECD TG 405 experimental eye irritation, curated at dataset level",not irritating / not classified (curated Outcome=0),not_reported_per_record_in_public_sdf,eye:CpId:351,03dc5888f0859ddcc1b694e186bb2137229ea571e3db56572205f482794de03d,https://github.com/joyvb/stoptox,6ba3a7f82ab9fda8534f120114a566eec296e8ae,JOXIMZWYDAKGHI-UHFFFAOYSA-M
CCOC(N)=O,0,107-95-9,JOYRKODLDBILNP-UHFFFAOYSA-N,107-95-9,STopTox peer-reviewed curated experimental irritation dataset,https://doi.org/10.1289/EHP9341,"[""eye:CpId:352""]","[""explicit_curated_experimental_outcome_0"", ""absence_of_hazard_statement_not_used"", ""defined_single_structure"", ""exact_identity_deduplicated"", ""current_strong_conflicts_excluded"", ""external_holdout_quarantined"", ""publication_dataset_oecd_405_curation""]",peer_reviewed_curated_experimental_negative,0.9,experimental,"OECD TG 405 experimental eye irritation, curated at dataset level",not irritating / not classified (curated Outcome=0),not_reported_per_record_in_public_sdf,eye:CpId:352,03dc5888f0859ddcc1b694e186bb2137229ea571e3db56572205f482794de03d,https://github.com/joyvb/stoptox,6ba3a7f82ab9fda8534f120114a566eec296e8ae,JOYRKODLDBILNP-UHFFFAOYSA-N
FC(F)OC(F)(F)C(F)Cl,0,13838-16-9,JPGQOUSTVILISH-UHFFFAOYSA-N,13838-16-9,STopTox peer-reviewed curated experimental irritation dataset,https://doi.org/10.1289/EHP9341,"[""eye:CpId:1906""]","[""explicit_curated_experimental_outcome_0"", ""absence_of_hazard_statement_not_used"", ""defined_single_structure"", ""exact_identity_deduplicated"", ""current_strong_conflicts_excluded"", ""external_holdout_quarantined"", ""publication_dataset_oecd_405_curation""]",peer_reviewed_curated_experimental_negative,0.9,experimental,"OECD TG 405 experimental eye irritation, curated at dataset level",not irritating / not classified (curated Outcome=0),not_reported_per_record_in_public_sdf,eye:CpId:1906,03dc5888f0859ddcc1b694e186bb2137229ea571e3db56572205f482794de03d,https://github.com/joyvb/stoptox,6ba3a7f82ab9fda8534f120114a566eec296e8ae,"InChI=1S/C3H2ClF5O/c4-1(5)3(8,9)10-2(6)7/h1-2H"
CCC(=O)Oc1ccc2c(c1)CCC1C2CCC2(C)C(OC(=O)CC)CCC12,0,113-38-2,JQIYNMYZKRGDFK-UHFFFAOYSA-N,113-38-2,STopTox peer-reviewed curated experimental irritation dataset,https://doi.org/10.1289/EHP9341,"[""eye:CpId:1907""]","[""explicit_curated_experimental_outcome_0"", ""absence_of_hazard_statement_not_used"", ""defined_single_structure"", ""exact_identity_deduplicated"", ""current_strong_conflicts_excluded"", ""external_holdout_quarantined"", ""publication_dataset_oecd_405_curation""]",peer_reviewed_curated_experimental_negative,0.9,experimental,"OECD TG 405 experimental eye irritation, curated at dataset level",not irritating / not classified (curated Outcome=0),not_reported_per_record_in_public_sdf,eye:CpId:1907,03dc5888f0859ddcc1b694e186bb2137229ea571e3db56572205f482794de03d,https://github.com/joyvb/stoptox,6ba3a7f82ab9fda8534f120114a566eec296e8ae,"InChI=1S/C24H32O4/c1-4-22(25)27-16-7-9-17-15(14-16)6-8-19-18(17)12-13-24(3)20(19)10-11-21(24)28-23(26)5-2/h7,9,14,18-21H,4-6,8,10-13H2,1-3H3"
C=CCCCCCCC,0,68526-55-6,JRZJOMJEPLMPRA-UHFFFAOYSA-N,68526-55-6,STopTox peer-reviewed curated experimental irritation dataset,https://doi.org/10.1289/EHP9341,"[""eye:CpId:355""]","[""explicit_curated_experimental_outcome_0"", ""absence_of_hazard_statement_not_used"", ""defined_single_structure"", ""exact_identity_deduplicated"", ""current_strong_conflicts_excluded"", ""external_holdout_quarantined"", ""publication_dataset_oecd_405_curation""]",peer_reviewed_curated_experimental_negative,0.9,experimental,"OECD TG 405 experimental eye irritation, curated at dataset level",not irritating / not classified (curated Outcome=0),not_reported_per_record_in_public_sdf,eye:CpId:355,03dc5888f0859ddcc1b694e186bb2137229ea571e3db56572205f482794de03d,https://github.com/joyvb/stoptox,6ba3a7f82ab9fda8534f120114a566eec296e8ae,JRZJOMJEPLMPRA-UHFFFAOYSA-N
COC(C)CCO,0,2517-43-3,JSGVZVOGOQILFM-UHFFFAOYSA-N,2517-43-3,STopTox peer-reviewed curated experimental irritation dataset,https://doi.org/10.1289/EHP9341,"[""eye:CpId:358""]","[""explicit_curated_experimental_outcome_0"", ""absence_of_hazard_statement_not_used"", ""defined_single_structure"", ""exact_identity_deduplicated"", ""current_strong_conflicts_excluded"", ""external_holdout_quarantined"", ""publication_dataset_oecd_405_curation""]",peer_reviewed_curated_experimental_negative,0.9,experimental,"OECD TG 405 experimental eye irritation, curated at dataset level",not irritating / not classified (curated Outcome=0),not_reported_per_record_in_public_sdf,eye:CpId:358,03dc5888f0859ddcc1b694e186bb2137229ea571e3db56572205f482794de03d,https://github.com/joyvb/stoptox,6ba3a7f82ab9fda8534f120114a566eec296e8ae,JSGVZVOGOQILFM-UHFFFAOYSA-N
CC(C)CCCCCCCCCCCCCCCOC(=O)C(C)(C)C,0,58958-60-4,JSOVGYMVTPPEND-UHFFFAOYSA-N,58958-60-4,STopTox peer-reviewed curated experimental irritation dataset,https://doi.org/10.1289/EHP9341,"[""eye:CpId:1916""]","[""explicit_curated_experimental_outcome_0"", ""absence_of_hazard_statement_not_used"", ""defined_single_structure"", ""exact_identity_deduplicated"", ""current_strong_conflicts_excluded"", ""external_holdout_quarantined"", ""publication_dataset_oecd_405_curation""]",peer_reviewed_curated_experimental_negative,0.9,experimental,"OECD TG 405 experimental eye irritation, curated at dataset level",not irritating / not classified (curated Outcome=0),not_reported_per_record_in_public_sdf,eye:CpId:1916,03dc5888f0859ddcc1b694e186bb2137229ea571e3db56572205f482794de03d,https://github.com/joyvb/stoptox,6ba3a7f82ab9fda8534f120114a566eec296e8ae,"InChI=1S/C23H46O2/c1-21(2)19-17-15-13-11-9-7-6-8-10-12-14-16-18-20-25-22(24)23(3,4)5/h21H,6-20H2,1-5H3"
CCC[N+](=O)[O-],0,108-03-2,JSZOAYXJRCEYSX-UHFFFAOYSA-N,108-03-2,STopTox peer-reviewed curated experimental irritation dataset,https://doi.org/10.1289/EHP9341,"[""eye:CpId:1918""]","[""explicit_curated_experimental_outcome_0"", ""absence_of_hazard_statement_not_used"", ""defined_single_structure"", ""exact_identity_deduplicated"", ""current_strong_conflicts_excluded"", ""external_holdout_quarantined"", ""publication_dataset_oecd_405_curation""]",peer_reviewed_curated_experimental_negative,0.9,experimental,"OECD TG 405 experimental eye irritation, curated at dataset level",not irritating / not classified (curated Outcome=0),not_reported_per_record_in_public_sdf,eye:CpId:1918,03dc5888f0859ddcc1b694e186bb2137229ea571e3db56572205f482794de03d,https://github.com/joyvb/stoptox,6ba3a7f82ab9fda8534f120114a566eec296e8ae,"InChI=1S/C3H7NO2/c1-2-3-4(5)6/h2-3H2,1H3"
CC(=O)OCCOC(C)=O,0,111-55-7,JTXMVXSTHSMVQF-UHFFFAOYSA-N,111-55-7,STopTox peer-reviewed curated experimental irritation dataset,https://doi.org/10.1289/EHP9341,"[""eye:CpId:1922""]","[""explicit_curated_experimental_outcome_0"", ""absence_of_hazard_statement_not_used"", ""defined_single_structure"", ""exact_identity_deduplicated"", ""current_strong_conflicts_excluded"", ""external_holdout_quarantined"", ""publication_dataset_oecd_405_curation""]",peer_reviewed_curated_experimental_negative,0.9,experimental,"OECD TG 405 experimental eye irritation, curated at dataset level",not irritating / not classified (curated Outcome=0),not_reported_per_record_in_public_sdf,eye:CpId:1922,03dc5888f0859ddcc1b694e186bb2137229ea571e3db56572205f482794de03d,https://github.com/joyvb/stoptox,6ba3a7f82ab9fda8534f120114a566eec296e8ae,"InChI=1S/C6H10O4/c1-5(7)9-3-4-10-6(2)8/h3-4H2,1-2H3"
c1ccc(CNCCNCc2ccccc2)cc1,0,140-28-3,JUHORIMYRDESRB-UHFFFAOYSA-N,140-28-3,STopTox peer-reviewed curated experimental irritation dataset,https://doi.org/10.1289/EHP9341,"[""eye:CpId:1923""]","[""explicit_curated_experimental_outcome_0"", ""absence_of_hazard_statement_not_used"", ""defined_single_structure"", ""exact_identity_deduplicated"", ""current_strong_conflicts_excluded"", ""external_holdout_quarantined"", ""publication_dataset_oecd_405_curation""]",peer_reviewed_curated_experimental_negative,0.9,experimental,"OECD TG 405 experimental eye irritation, curated at dataset level",not irritating / not classified (curated Outcome=0),not_reported_per_record_in_public_sdf,eye:CpId:1923,03dc5888f0859ddcc1b694e186bb2137229ea571e3db56572205f482794de03d,https://github.com/joyvb/stoptox,6ba3a7f82ab9fda8534f120114a566eec296e8ae,"InChI=1S/C16H20N2/c1-3-7-15(8-4-1)13-17-11-12-18-14-16-9-5-2-6-10-16/h1-10,17-18H,11-14H2"
CCCCC(CC)C(=O)OOC(C)(C)CCC(C)(C)OOC(=O)C(CC)CCCC,0,13052-09-0,JUIBLDFFVYKUAC-UHFFFAOYSA-N,13052-09-0,STopTox peer-reviewed curated experimental irritation dataset,https://doi.org/10.1289/EHP9341,"[""eye:CpId:359""]","[""explicit_curated_experimental_outcome_0"", ""absence_of_hazard_statement_not_used"", ""defined_single_structure"", ""exact_identity_deduplicated"", ""current_strong_conflicts_excluded"", ""external_holdout_quarantined"", ""publication_dataset_oecd_405_curation""]",peer_reviewed_curated_experimental_negative,0.9,experimental,"OECD TG 405 experimental eye irritation, curated at dataset level",not irritating / not classified (curated Outcome=0),not_reported_per_record_in_public_sdf,eye:CpId:359,03dc5888f0859ddcc1b694e186bb2137229ea571e3db56572205f482794de03d,https://github.com/joyvb/stoptox,6ba3a7f82ab9fda8534f120114a566eec296e8ae,JUIBLDFFVYKUAC-UHFFFAOYSA-N
CN(C)CCC=C1c2ccccc2C=Cc2ccccc21,0,303-53-7,JURKNVYFZMSNLP-UHFFFAOYSA-N,303-53-7,STopTox peer-reviewed curated experimental irritation dataset,https://doi.org/10.1289/EHP9341,"[""eye:CpId:1926""]","[""explicit_curated_experimental_outcome_0"", ""absence_of_hazard_statement_not_used"", ""defined_single_structure"", ""exact_identity_deduplicated"", ""current_strong_conflicts_excluded"", ""external_holdout_quarantined"", ""publication_dataset_oecd_405_curation""]",peer_reviewed_curated_experimental_negative,0.9,experimental,"OECD TG 405 experimental eye irritation, curated at dataset level",not irritating / not classified (curated Outcome=0),not_reported_per_record_in_public_sdf,eye:CpId:1926,03dc5888f0859ddcc1b694e186bb2137229ea571e3db56572205f482794de03d,https://github.com/joyvb/stoptox,6ba3a7f82ab9fda8534f120114a566eec296e8ae,"InChI=1S/C20H21N/c1-21(2)15-7-12-20-18-10-5-3-8-16(18)13-14-17-9-4-6-11-19(17)20/h3-6,8-14H,7,15H2,1-2H3"
Clc1ccc(C(c2ccccc2Cl)C(Cl)Cl)cc1,0,53-19-0,JWBOIMRXGHLCPP-UHFFFAOYSA-N,53-19-0,STopTox peer-reviewed curated experimental irritation dataset,https://doi.org/10.1289/EHP9341,"[""eye:CpId:1933""]","[""explicit_curated_experimental_outcome_0"", ""absence_of_hazard_statement_not_used"", ""defined_single_structure"", ""exact_identity_deduplicated"", ""current_strong_conflicts_excluded"", ""external_holdout_quarantined"", ""publication_dataset_oecd_405_curation""]",peer_reviewed_curated_experimental_negative,0.9,experimental,"OECD TG 405 experimental eye irritation, curated at dataset level",not irritating / not classified (curated Outcome=0),not_reported_per_record_in_public_sdf,eye:CpId:1933,03dc5888f0859ddcc1b694e186bb2137229ea571e3db56572205f482794de03d,https://github.com/joyvb/stoptox,6ba3a7f82ab9fda8534f120114a566eec296e8ae,"InChI=1S/C14H10Cl4/c15-10-7-5-9(6-8-10)13(14(17)18)11-3-1-2-4-12(11)16/h1-8,13-14H"
CO[Si](OC)(C1CCCC1)C1CCCC1,0,126990-35-0,JWCYDYZLEAQGJJ-UHFFFAOYSA-N,126990-35-0,STopTox peer-reviewed curated experimental irritation dataset,https://doi.org/10.1289/EHP9341,"[""eye:CpId:362""]","[""explicit_curated_experimental_outcome_0"", ""absence_of_hazard_statement_not_used"", ""defined_single_structure"", ""exact_identity_deduplicated"", ""current_strong_conflicts_excluded"", ""external_holdout_quarantined"", ""publication_dataset_oecd_405_curation""]",peer_reviewed_curated_experimental_negative,0.9,experimental,"OECD TG 405 experimental eye irritation, curated at dataset level",not irritating / not classified (curated Outcome=0),not_reported_per_record_in_public_sdf,eye:CpId:362,03dc5888f0859ddcc1b694e186bb2137229ea571e3db56572205f482794de03d,https://github.com/joyvb/stoptox,6ba3a7f82ab9fda8534f120114a566eec296e8ae,JWCYDYZLEAQGJJ-UHFFFAOYSA-N
Cc1ccccc1OCC(O)CO,0,59-47-2,JWDYCNIAQWPBHD-UHFFFAOYSA-N,59-47-2,STopTox peer-reviewed curated experimental irritation dataset,https://doi.org/10.1289/EHP9341,"[""eye:CpId:1935""]","[""explicit_curated_experimental_outcome_0"", ""absence_of_hazard_statement_not_used"", ""defined_single_structure"", ""exact_identity_deduplicated"", ""current_strong_conflicts_excluded"", ""external_holdout_quarantined"", ""publication_dataset_oecd_405_curation""]",peer_reviewed_curated_experimental_negative,0.9,experimental,"OECD TG 405 experimental eye irritation, curated at dataset level",not irritating / not classified (curated Outcome=0),not_reported_per_record_in_public_sdf,eye:CpId:1935,03dc5888f0859ddcc1b694e186bb2137229ea571e3db56572205f482794de03d,https://github.com/joyvb/stoptox,6ba3a7f82ab9fda8534f120114a566eec296e8ae,"InChI=1S/C10H14O3/c1-8-4-2-3-5-10(8)13-7-9(12)6-11/h2-5,9,11-12H,6-7H2,1H3"
C=C1CCC(O)CC1=CC=C1CCCC2(C)C1CCC2C(C)CCCC(C)(C)O,0,19356-17-3,JWUBBDSIWDLEOM-UHFFFAOYSA-N,19356-17-3,STopTox peer-reviewed curated experimental irritation dataset,https://doi.org/10.1289/EHP9341,"[""eye:CpId:1937""]","[""explicit_curated_experimental_outcome_0"", ""absence_of_hazard_statement_not_used"", ""defined_single_structure"", ""exact_identity_deduplicated"", ""current_strong_conflicts_excluded"", ""external_holdout_quarantined"", ""publication_dataset_oecd_405_curation""]",peer_reviewed_curated_experimental_negative,0.9,experimental,"OECD TG 405 experimental eye irritation, curated at dataset level",not irritating / not classified (curated Outcome=0),not_reported_per_record_in_public_sdf,eye:CpId:1937,03dc5888f0859ddcc1b694e186bb2137229ea571e3db56572205f482794de03d,https://github.com/joyvb/stoptox,6ba3a7f82ab9fda8534f120114a566eec296e8ae,"InChI=1S/C27H44O2/c1-19-10-13-23(28)18-22(19)12-11-21-9-7-17-27(5)24(14-15-25(21)27)20(2)8-6-16-26(3,4)29/h11-12,20,23-25,28-29H,1,6-10,13-18H2,2-5H3"
CC(C)NCC(O)c1ccc(O)c(O)c1,0,7683-59-2,JWZZKOKVBUJMES-UHFFFAOYSA-N,7683-59-2,STopTox peer-reviewed curated experimental irritation dataset,https://doi.org/10.1289/EHP9341,"[""eye:CpId:1939""]","[""explicit_curated_experimental_outcome_0"", ""absence_of_hazard_statement_not_used"", ""defined_single_structure"", ""exact_identity_deduplicated"", ""current_strong_conflicts_excluded"", ""external_holdout_quarantined"", ""publication_dataset_oecd_405_curation""]",peer_reviewed_curated_experimental_negative,0.9,experimental,"OECD TG 405 experimental eye irritation, curated at dataset level",not irritating / not classified (curated Outcome=0),not_reported_per_record_in_public_sdf,eye:CpId:1939,03dc5888f0859ddcc1b694e186bb2137229ea571e3db56572205f482794de03d,https://github.com/joyvb/stoptox,6ba3a7f82ab9fda8534f120114a566eec296e8ae,"InChI=1S/C11H17NO3/c1-7(2)12-6-11(15)8-3-4-9(13)10(14)5-8/h3-5,7,11-15H,6H2,1-2H3"
O=C(O)C(Cl)Cl,0,79-43-6,JXTHNDFMNIQAHM-UHFFFAOYSA-N,79-43-6,STopTox peer-reviewed curated experimental irritation dataset,https://doi.org/10.1289/EHP9341,"[""eye:CpId:1943""]","[""explicit_curated_experimental_outcome_0"", ""absence_of_hazard_statement_not_used"", ""defined_single_structure"", ""exact_identity_deduplicated"", ""current_strong_conflicts_excluded"", ""external_holdout_quarantined"", ""publication_dataset_oecd_405_curation""]",peer_reviewed_curated_experimental_negative,0.9,experimental,"OECD TG 405 experimental eye irritation, curated at dataset level",not irritating / not classified (curated Outcome=0),not_reported_per_record_in_public_sdf,eye:CpId:1943,03dc5888f0859ddcc1b694e186bb2137229ea571e3db56572205f482794de03d,https://github.com/joyvb/stoptox,6ba3a7f82ab9fda8534f120114a566eec296e8ae,"InChI=1S/C2H2Cl2O2/c3-1(4)2(5)6/h1H,(H,5,6)"
O=C1c2ccccc2C(=O)C1C(=O)C(c1ccccc1)c1ccccc1,0,82-66-6,JYGLAHSAISAEAL-UHFFFAOYSA-N,82-66-6,STopTox peer-reviewed curated experimental irritation dataset,https://doi.org/10.1289/EHP9341,"[""eye:CpId:1945""]","[""explicit_curated_experimental_outcome_0"", ""absence_of_hazard_statement_not_used"", ""defined_single_structure"", ""exact_identity_deduplicated"", ""current_strong_conflicts_excluded"", ""external_holdout_quarantined"", ""publication_dataset_oecd_405_curation""]",peer_reviewed_curated_experimental_negative,0.9,experimental,"OECD TG 405 experimental eye irritation, curated at dataset level",not irritating / not classified (curated Outcome=0),not_reported_per_record_in_public_sdf,eye:CpId:1945,03dc5888f0859ddcc1b694e186bb2137229ea571e3db56572205f482794de03d,https://github.com/joyvb/stoptox,6ba3a7f82ab9fda8534f120114a566eec296e8ae,"InChI=1S/C23H16O3/c24-21-17-13-7-8-14-18(17)22(25)20(21)23(26)19(15-9-3-1-4-10-15)16-11-5-2-6-12-16/h1-14,19-20H"
O=C(O)CN(CCO)CC(=O)O,0,135-37-5,JYXGIOKAKDAARW-UHFFFAOYSA-N,135-37-5,STopTox peer-reviewed curated experimental irritation dataset,https://doi.org/10.1289/EHP9341,"[""eye:CpId:1951""]","[""explicit_curated_experimental_outcome_0"", ""absence_of_hazard_statement_not_used"", ""defined_single_structure"", ""exact_identity_deduplicated"", ""current_strong_conflicts_excluded"", ""external_holdout_quarantined"", ""publication_dataset_oecd_405_curation""]",peer_reviewed_curated_experimental_negative,0.9,experimental,"OECD TG 405 experimental eye irritation, curated at dataset level",not irritating / not classified (curated Outcome=0),not_reported_per_record_in_public_sdf,eye:CpId:1951,03dc5888f0859ddcc1b694e186bb2137229ea571e3db56572205f482794de03d,https://github.com/joyvb/stoptox,6ba3a7f82ab9fda8534f120114a566eec296e8ae,"InChI=1S/C6H11NO5/c8-2-1-7(3-5(9)10)4-6(11)12/h8H,1-4H2,(H,9,10)(H,11,12)"
C=CC=C,0,106-99-0,KAKZBPTYRLMSJV-UHFFFAOYSA-N,106-99-0,STopTox peer-reviewed curated experimental irritation dataset,https://doi.org/10.1289/EHP9341,"[""eye:CpId:1958""]","[""explicit_curated_experimental_outcome_0"", ""absence_of_hazard_statement_not_used"", ""defined_single_structure"", ""exact_identity_deduplicated"", ""current_strong_conflicts_excluded"", ""external_holdout_quarantined"", ""publication_dataset_oecd_405_curation""]",peer_reviewed_curated_experimental_negative,0.9,experimental,"OECD TG 405 experimental eye irritation, curated at dataset level",not irritating / not classified (curated Outcome=0),not_reported_per_record_in_public_sdf,eye:CpId:1958,03dc5888f0859ddcc1b694e186bb2137229ea571e3db56572205f482794de03d,https://github.com/joyvb/stoptox,6ba3a7f82ab9fda8534f120114a566eec296e8ae,"InChI=1S/C4H6/c1-3-4-2/h3-4H,1-2H2"
Cc1ccc(NC(=O)N(C)C)cc1NC(=O)N(C)C,0,17526-94-2,KDQTUCKOAOGTLT-UHFFFAOYSA-N,17526-94-2,STopTox peer-reviewed curated experimental irritation dataset,https://doi.org/10.1289/EHP9341,"[""eye:CpId:370""]","[""explicit_curated_experimental_outcome_0"", ""absence_of_hazard_statement_not_used"", ""defined_single_structure"", ""exact_identity_deduplicated"", ""current_strong_conflicts_excluded"", ""external_holdout_quarantined"", ""publication_dataset_oecd_405_curation""]",peer_reviewed_curated_experimental_negative,0.9,experimental,"OECD TG 405 experimental eye irritation, curated at dataset level",not irritating / not classified (curated Outcome=0),not_reported_per_record_in_public_sdf,eye:CpId:370,03dc5888f0859ddcc1b694e186bb2137229ea571e3db56572205f482794de03d,https://github.com/joyvb/stoptox,6ba3a7f82ab9fda8534f120114a566eec296e8ae,KDQTUCKOAOGTLT-UHFFFAOYSA-N
CC(C)(C)c1ccc(C(=O)O)cc1,0,98-73-7,KDVYCTOWXSLNNI-UHFFFAOYSA-N,98-73-7,STopTox peer-reviewed curated experimental irritation dataset,https://doi.org/10.1289/EHP9341,"[""eye:CpId:1964""]","[""explicit_curated_experimental_outcome_0"", ""absence_of_hazard_statement_not_used"", ""defined_single_structure"", ""exact_identity_deduplicated"", ""current_strong_conflicts_excluded"", ""external_holdout_quarantined"", ""publication_dataset_oecd_405_curation""]",peer_reviewed_curated_experimental_negative,0.9,experimental,"OECD TG 405 experimental eye irritation, curated at dataset level",not irritating / not classified (curated Outcome=0),not_reported_per_record_in_public_sdf,eye:CpId:1964,03dc5888f0859ddcc1b694e186bb2137229ea571e3db56572205f482794de03d,https://github.com/joyvb/stoptox,6ba3a7f82ab9fda8534f120114a566eec296e8ae,"InChI=1S/C11H14O2/c1-11(2,3)9-6-4-8(5-7-9)10(12)13/h4-7H,1-3H3,(H,12,13)"
CCO[Si](C)(CCCCl)OCC,0,13501-76-3,KEZMLECYELSZDC-UHFFFAOYSA-N,13501-76-3,STopTox peer-reviewed curated experimental irritation dataset,https://doi.org/10.1289/EHP9341,"[""eye:CpId:373""]","[""explicit_curated_experimental_outcome_0"", ""absence_of_hazard_statement_not_used"", ""defined_single_structure"", ""exact_identity_deduplicated"", ""current_strong_conflicts_excluded"", ""external_holdout_quarantined"", ""publication_dataset_oecd_405_curation""]",peer_reviewed_curated_experimental_negative,0.9,experimental,"OECD TG 405 experimental eye irritation, curated at dataset level",not irritating / not classified (curated Outcome=0),not_reported_per_record_in_public_sdf,eye:CpId:373,03dc5888f0859ddcc1b694e186bb2137229ea571e3db56572205f482794de03d,https://github.com/joyvb/stoptox,6ba3a7f82ab9fda8534f120114a566eec296e8ae,KEZMLECYELSZDC-UHFFFAOYSA-N
CC(CC(=O)OOC(=O)CC(C)CC(C)(C)C)CC(C)(C)C,0,3851-87-4,KFGFVPMRLOQXNB-UHFFFAOYSA-N,3851-87-4,STopTox peer-reviewed curated experimental irritation dataset,https://doi.org/10.1289/EHP9341,"[""eye:CpId:375""]","[""explicit_curated_experimental_outcome_0"", ""absence_of_hazard_statement_not_used"", ""defined_single_structure"", ""exact_identity_deduplicated"", ""current_strong_conflicts_excluded"", ""external_holdout_quarantined"", ""publication_dataset_oecd_405_curation""]",peer_reviewed_curated_experimental_negative,0.9,experimental,"OECD TG 405 experimental eye irritation, curated at dataset level",not irritating / not classified (curated Outcome=0),not_reported_per_record_in_public_sdf,eye:CpId:375,03dc5888f0859ddcc1b694e186bb2137229ea571e3db56572205f482794de03d,https://github.com/joyvb/stoptox,6ba3a7f82ab9fda8534f120114a566eec296e8ae,KFGFVPMRLOQXNB-UHFFFAOYSA-N
CC(C)C1=CC2=CCC3C(C)(CCCC34C(=O)OCC35CC4(C3)C5)C2CC1,0,8050-26-8,KFQMNUPIUPNWIH-UHFFFAOYSA-N,8050-26-8,STopTox peer-reviewed curated experimental irritation dataset,https://doi.org/10.1289/EHP9341,"[""eye:CpId:376""]","[""explicit_curated_experimental_outcome_0"", ""absence_of_hazard_statement_not_used"", ""defined_single_structure"", ""exact_identity_deduplicated"", ""current_strong_conflicts_excluded"", ""external_holdout_quarantined"", ""publication_dataset_oecd_405_curation""]",peer_reviewed_curated_experimental_negative,0.9,experimental,"OECD TG 405 experimental eye irritation, curated at dataset level",not irritating / not classified (curated Outcome=0),not_reported_per_record_in_public_sdf,eye:CpId:376,03dc5888f0859ddcc1b694e186bb2137229ea571e3db56572205f482794de03d,https://github.com/joyvb/stoptox,6ba3a7f82ab9fda8534f120114a566eec296e8ae,KFQMNUPIUPNWIH-UHFFFAOYSA-N
Cc1ccccc1OCC1CO1,0,2210-79-9,KFUSXMDYOPXKKT-UHFFFAOYSA-N,2210-79-9,STopTox peer-reviewed curated experimental irritation dataset,https://doi.org/10.1289/EHP9341,"[""eye:CpId:378""]","[""explicit_curated_experimental_outcome_0"", ""absence_of_hazard_statement_not_used"", ""defined_single_structure"", ""exact_identity_deduplicated"", ""current_strong_conflicts_excluded"", ""external_holdout_quarantined"", ""publication_dataset_oecd_405_curation""]",peer_reviewed_curated_experimental_negative,0.9,experimental,"OECD TG 405 experimental eye irritation, curated at dataset level",not irritating / not classified (curated Outcome=0),not_reported_per_record_in_public_sdf,eye:CpId:378,03dc5888f0859ddcc1b694e186bb2137229ea571e3db56572205f482794de03d,https://github.com/joyvb/stoptox,6ba3a7f82ab9fda8534f120114a566eec296e8ae,KFUSXMDYOPXKKT-UHFFFAOYSA-N
OCc1cccc(Oc2ccccc2)c1,0,13826-35-2,KGANAERDZBAECK-UHFFFAOYSA-N,13826-35-2,STopTox peer-reviewed curated experimental irritation dataset,https://doi.org/10.1289/EHP9341,"[""eye:CpId:1974""]","[""explicit_curated_experimental_outcome_0"", ""absence_of_hazard_statement_not_used"", ""defined_single_structure"", ""exact_identity_deduplicated"", ""current_strong_conflicts_excluded"", ""external_holdout_quarantined"", ""publication_dataset_oecd_405_curation""]",peer_reviewed_curated_experimental_negative,0.9,experimental,"OECD TG 405 experimental eye irritation, curated at dataset level",not irritating / not classified (curated Outcome=0),not_reported_per_record_in_public_sdf,eye:CpId:1974,03dc5888f0859ddcc1b694e186bb2137229ea571e3db56572205f482794de03d,https://github.com/joyvb/stoptox,6ba3a7f82ab9fda8534f120114a566eec296e8ae,"InChI=1S/C13H12O2/c14-10-11-5-4-8-13(9-11)15-12-6-2-1-3-7-12/h1-9,14H,10H2"
OB(O)O,0,12007-92-0,KGBXLFKZBHKPEV-UHFFFAOYSA-N,12007-92-0,STopTox peer-reviewed curated experimental irritation dataset,https://doi.org/10.1289/EHP9341,"[""eye:CpId:65""]","[""explicit_curated_experimental_outcome_0"", ""absence_of_hazard_statement_not_used"", ""defined_single_structure"", ""exact_identity_deduplicated"", ""current_strong_conflicts_excluded"", ""external_holdout_quarantined"", ""publication_dataset_oecd_405_curation""]",peer_reviewed_curated_experimental_negative,0.9,experimental,"OECD TG 405 experimental eye irritation, curated at dataset level",not irritating / not classified (curated Outcome=0),not_reported_per_record_in_public_sdf,eye:CpId:65,03dc5888f0859ddcc1b694e186bb2137229ea571e3db56572205f482794de03d,https://github.com/joyvb/stoptox,6ba3a7f82ab9fda8534f120114a566eec296e8ae,BTBUEUYNUDRHOZ-UHFFFAOYSA-N
CC(=O)OC1CC2CCC1(C)C2(C)C,0,125-12-2,KGEKLUUHTZCSIP-UHFFFAOYSA-N,125-12-2,STopTox peer-reviewed curated experimental irritation dataset,https://doi.org/10.1289/EHP9341,"[""eye:CpId:379""]","[""explicit_curated_experimental_outcome_0"", ""absence_of_hazard_statement_not_used"", ""defined_single_structure"", ""exact_identity_deduplicated"", ""current_strong_conflicts_excluded"", ""external_holdout_quarantined"", ""publication_dataset_oecd_405_curation""]",peer_reviewed_curated_experimental_negative,0.9,experimental,"OECD TG 405 experimental eye irritation, curated at dataset level",not irritating / not classified (curated Outcome=0),not_reported_per_record_in_public_sdf,eye:CpId:379,03dc5888f0859ddcc1b694e186bb2137229ea571e3db56572205f482794de03d,https://github.com/joyvb/stoptox,6ba3a7f82ab9fda8534f120114a566eec296e8ae,KGEKLUUHTZCSIP-JFGNBEQYSA-N
CCCCCCCCCCCCCCCCCOS(=O)(=O)O,0,68955-20-4,KGIBGHABTNQVJX-UHFFFAOYSA-N,68955-20-4,STopTox peer-reviewed curated experimental irritation dataset,https://doi.org/10.1289/EHP9341,"[""eye:CpId:380""]","[""explicit_curated_experimental_outcome_0"", ""absence_of_hazard_statement_not_used"", ""defined_single_structure"", ""exact_identity_deduplicated"", ""current_strong_conflicts_excluded"", ""external_holdout_quarantined"", ""publication_dataset_oecd_405_curation""]",peer_reviewed_curated_experimental_negative,0.9,experimental,"OECD TG 405 experimental eye irritation, curated at dataset level",not irritating / not classified (curated Outcome=0),not_reported_per_record_in_public_sdf,eye:CpId:380,03dc5888f0859ddcc1b694e186bb2137229ea571e3db56572205f482794de03d,https://github.com/joyvb/stoptox,6ba3a7f82ab9fda8534f120114a566eec296e8ae,KGIBGHABTNQVJX-UHFFFAOYSA-M
Cc1cc(Cc2cc(C)cc(C(C)(C)C)c2O)c(O)c(C(C)(C)C)c1,0,119-47-1,KGRVJHAUYBGFFP-UHFFFAOYSA-N,119-47-1,STopTox peer-reviewed curated experimental irritation dataset,https://doi.org/10.1289/EHP9341,"[""eye:CpId:382""]","[""explicit_curated_experimental_outcome_0"", ""absence_of_hazard_statement_not_used"", ""defined_single_structure"", ""exact_identity_deduplicated"", ""current_strong_conflicts_excluded"", ""external_holdout_quarantined"", ""publication_dataset_oecd_405_curation""]",peer_reviewed_curated_experimental_negative,0.9,experimental,"OECD TG 405 experimental eye irritation, curated at dataset level",not irritating / not classified (curated Outcome=0),not_reported_per_record_in_public_sdf,eye:CpId:382,03dc5888f0859ddcc1b694e186bb2137229ea571e3db56572205f482794de03d,https://github.com/joyvb/stoptox,6ba3a7f82ab9fda8534f120114a566eec296e8ae,KGRVJHAUYBGFFP-UHFFFAOYSA-N
CCC(c1ccc2cc(OC)ccc2c1)C(C)(C)C(=O)O,0,517-18-0,KHLJKRBMZVNZOC-UHFFFAOYSA-N,517-18-0,STopTox peer-reviewed curated experimental irritation dataset,https://doi.org/10.1289/EHP9341,"[""eye:CpId:1977""]","[""explicit_curated_experimental_outcome_0"", ""absence_of_hazard_statement_not_used"", ""defined_single_structure"", ""exact_identity_deduplicated"", ""current_strong_conflicts_excluded"", ""external_holdout_quarantined"", ""publication_dataset_oecd_405_curation""]",peer_reviewed_curated_experimental_negative,0.9,experimental,"OECD TG 405 experimental eye irritation, curated at dataset level",not irritating / not classified (curated Outcome=0),not_reported_per_record_in_public_sdf,eye:CpId:1977,03dc5888f0859ddcc1b694e186bb2137229ea571e3db56572205f482794de03d,https://github.com/joyvb/stoptox,6ba3a7f82ab9fda8534f120114a566eec296e8ae,"InChI=1S/C18H22O3/c1-5-16(18(2,3)17(19)20)14-7-6-13-11-15(21-4)9-8-12(13)10-14/h6-11,16H,5H2,1-4H3,(H,19,20)"
CC(=O)Oc1ccc(C(c2ccc(OC(C)=O)cc2)c2ccccn2)cc1,0,603-50-9,KHOITXIGCFIULA-UHFFFAOYSA-N,603-50-9,STopTox peer-reviewed curated experimental irritation dataset,https://doi.org/10.1289/EHP9341,"[""eye:CpId:1978""]","[""explicit_curated_experimental_outcome_0"", ""absence_of_hazard_statement_not_used"", ""defined_single_structure"", ""exact_identity_deduplicated"", ""current_strong_conflicts_excluded"", ""external_holdout_quarantined"", ""publication_dataset_oecd_405_curation""]",peer_reviewed_curated_experimental_negative,0.9,experimental,"OECD TG 405 experimental eye irritation, curated at dataset level",not irritating / not classified (curated Outcome=0),not_reported_per_record_in_public_sdf,eye:CpId:1978,03dc5888f0859ddcc1b694e186bb2137229ea571e3db56572205f482794de03d,https://github.com/joyvb/stoptox,6ba3a7f82ab9fda8534f120114a566eec296e8ae,"InChI=1S/C22H19NO4/c1-15(24)26-19-10-6-17(7-11-19)22(21-5-3-4-14-23-21)18-8-12-20(13-9-18)27-16(2)25/h3-14,22H,1-2H3"
OCC1OC(OCC=Cc2ccccc2)C(O)C(O)C1O,0,1950-07-09,KHPCPRHQVVSZAH-UHFFFAOYSA-N,1950-07-09,STopTox peer-reviewed curated experimental irritation dataset,https://doi.org/10.1289/EHP9341,"[""eye:CpId:383""]","[""explicit_curated_experimental_outcome_0"", ""absence_of_hazard_statement_not_used"", ""defined_single_structure"", ""exact_identity_deduplicated"", ""current_strong_conflicts_excluded"", ""external_holdout_quarantined"", ""publication_dataset_oecd_405_curation""]",peer_reviewed_curated_experimental_negative,0.9,experimental,"OECD TG 405 experimental eye irritation, curated at dataset level",not irritating / not classified (curated Outcome=0),not_reported_per_record_in_public_sdf,eye:CpId:383,03dc5888f0859ddcc1b694e186bb2137229ea571e3db56572205f482794de03d,https://github.com/joyvb/stoptox,6ba3a7f82ab9fda8534f120114a566eec296e8ae,KHPCPRHQVVSZAH-UHFFFAOYSA-N
CCNC(=S)OC(C)C,0,141-98-0,KIACEOHPIRTHMI-UHFFFAOYSA-N,141-98-0,STopTox peer-reviewed curated experimental irritation dataset,https://doi.org/10.1289/EHP9341,"[""eye:CpId:384""]","[""explicit_curated_experimental_outcome_0"", ""absence_of_hazard_statement_not_used"", ""defined_single_structure"", ""exact_identity_deduplicated"", ""current_strong_conflicts_excluded"", ""external_holdout_quarantined"", ""publication_dataset_oecd_405_curation""]",peer_reviewed_curated_experimental_negative,0.9,experimental,"OECD TG 405 experimental eye irritation, curated at dataset level",not irritating / not classified (curated Outcome=0),not_reported_per_record_in_public_sdf,eye:CpId:384,03dc5888f0859ddcc1b694e186bb2137229ea571e3db56572205f482794de03d,https://github.com/joyvb/stoptox,6ba3a7f82ab9fda8534f120114a566eec296e8ae,KIACEOHPIRTHMI-UHFFFAOYSA-N
O=C1OC(c2ccc(O)cc2)(c2ccc(O)cc2)c2ccccc21,0,77-09-8,KJFMBFZCATUALV-UHFFFAOYSA-N,77-09-8,STopTox peer-reviewed curated experimental irritation dataset,https://doi.org/10.1289/EHP9341,"[""eye:CpId:1986""]","[""explicit_curated_experimental_outcome_0"", ""absence_of_hazard_statement_not_used"", ""defined_single_structure"", ""exact_identity_deduplicated"", ""current_strong_conflicts_excluded"", ""external_holdout_quarantined"", ""publication_dataset_oecd_405_curation""]",peer_reviewed_curated_experimental_negative,0.9,experimental,"OECD TG 405 experimental eye irritation, curated at dataset level",not irritating / not classified (curated Outcome=0),not_reported_per_record_in_public_sdf,eye:CpId:1986,03dc5888f0859ddcc1b694e186bb2137229ea571e3db56572205f482794de03d,https://github.com/joyvb/stoptox,6ba3a7f82ab9fda8534f120114a566eec296e8ae,"InChI=1S/C20H14O4/c21-15-9-5-13(6-10-15)20(14-7-11-16(22)12-8-14)18-4-2-1-3-17(18)19(23)24-20/h1-12,21-22H"
O=C(O)c1ccc(C(=O)O)cc1,0,100-21-0,KKEYFWRCBNTPAC-UHFFFAOYSA-N,100-21-0,STopTox peer-reviewed curated experimental irritation dataset,https://doi.org/10.1289/EHP9341,"[""eye:CpId:387""]","[""explicit_curated_experimental_outcome_0"", ""absence_of_hazard_statement_not_used"", ""defined_single_structure"", ""exact_identity_deduplicated"", ""current_strong_conflicts_excluded"", ""external_holdout_quarantined"", ""publication_dataset_oecd_405_curation""]",peer_reviewed_curated_experimental_negative,0.9,experimental,"OECD TG 405 experimental eye irritation, curated at dataset level",not irritating / not classified (curated Outcome=0),not_reported_per_record_in_public_sdf,eye:CpId:387,03dc5888f0859ddcc1b694e186bb2137229ea571e3db56572205f482794de03d,https://github.com/joyvb/stoptox,6ba3a7f82ab9fda8534f120114a566eec296e8ae,KKEYFWRCBNTPAC-UHFFFAOYSA-N
OCCN1CCOCC1,0,622-40-2,KKFDCBRMNNSAAW-UHFFFAOYSA-N,622-40-2,STopTox peer-reviewed curated experimental irritation dataset,https://doi.org/10.1289/EHP9341,"[""eye:CpId:388""]","[""explicit_curated_experimental_outcome_0"", ""absence_of_hazard_statement_not_used"", ""defined_single_structure"", ""exact_identity_deduplicated"", ""current_strong_conflicts_excluded"", ""external_holdout_quarantined"", ""publication_dataset_oecd_405_curation""]",peer_reviewed_curated_experimental_negative,0.9,experimental,"OECD TG 405 experimental eye irritation, curated at dataset level",not irritating / not classified (curated Outcome=0),not_reported_per_record_in_public_sdf,eye:CpId:388,03dc5888f0859ddcc1b694e186bb2137229ea571e3db56572205f482794de03d,https://github.com/joyvb/stoptox,6ba3a7f82ab9fda8534f120114a566eec296e8ae,KKFDCBRMNNSAAW-UHFFFAOYSA-N
OC1COC2C(O)COC12,0,652-67-5,KLDXJTOLSGUMSJ-UHFFFAOYSA-N,652-67-5,STopTox peer-reviewed curated experimental irritation dataset,https://doi.org/10.1289/EHP9341,"[""eye:CpId:389""]","[""explicit_curated_experimental_outcome_0"", ""absence_of_hazard_statement_not_used"", ""defined_single_structure"", ""exact_identity_deduplicated"", ""current_strong_conflicts_excluded"", ""external_holdout_quarantined"", ""publication_dataset_oecd_405_curation""]",peer_reviewed_curated_experimental_negative,0.9,experimental,"OECD TG 405 experimental eye irritation, curated at dataset level",not irritating / not classified (curated Outcome=0),not_reported_per_record_in_public_sdf,eye:CpId:389,03dc5888f0859ddcc1b694e186bb2137229ea571e3db56572205f482794de03d,https://github.com/joyvb/stoptox,6ba3a7f82ab9fda8534f120114a566eec296e8ae,KLDXJTOLSGUMSJ-JGWLITMVSA-N
CC1=CCC(C(C)CC2CCCC2=O)CC1,0,95962-14-4,KNHGOYVXAHUDHP-UHFFFAOYSA-N,95962-14-4,STopTox peer-reviewed curated experimental irritation dataset,https://doi.org/10.1289/EHP9341,"[""eye:CpId:393""]","[""explicit_curated_experimental_outcome_0"", ""absence_of_hazard_statement_not_used"", ""defined_single_structure"", ""exact_identity_deduplicated"", ""current_strong_conflicts_excluded"", ""external_holdout_quarantined"", ""publication_dataset_oecd_405_curation""]",peer_reviewed_curated_experimental_negative,0.9,experimental,"OECD TG 405 experimental eye irritation, curated at dataset level",not irritating / not classified (curated Outcome=0),not_reported_per_record_in_public_sdf,eye:CpId:393,03dc5888f0859ddcc1b694e186bb2137229ea571e3db56572205f482794de03d,https://github.com/joyvb/stoptox,6ba3a7f82ab9fda8534f120114a566eec296e8ae,KNHGOYVXAHUDHP-UHFFFAOYSA-N
CCOC(=O)C(C)(C)Oc1ccc(Cl)cc1,0,637-07-0,KNHUKKLJHYUCFP-UHFFFAOYSA-N,637-07-0,STopTox peer-reviewed curated experimental irritation dataset,https://doi.org/10.1289/EHP9341,"[""eye:CpId:2002""]","[""explicit_curated_experimental_outcome_0"", ""absence_of_hazard_statement_not_used"", ""defined_single_structure"", ""exact_identity_deduplicated"", ""current_strong_conflicts_excluded"", ""external_holdout_quarantined"", ""publication_dataset_oecd_405_curation""]",peer_reviewed_curated_experimental_negative,0.9,experimental,"OECD TG 405 experimental eye irritation, curated at dataset level",not irritating / not classified (curated Outcome=0),not_reported_per_record_in_public_sdf,eye:CpId:2002,03dc5888f0859ddcc1b694e186bb2137229ea571e3db56572205f482794de03d,https://github.com/joyvb/stoptox,6ba3a7f82ab9fda8534f120114a566eec296e8ae,"InChI=1S/C12H15ClO3/c1-4-15-11(14)12(2,3)16-10-7-5-9(13)6-8-10/h5-8H,4H2,1-3H3"
C=C(C)C(=O)O[Si](C(C)C)(C(C)C)C(C)C,0,134652-60-1,KNNOZYMZRGTZQM-UHFFFAOYSA-N,134652-60-1,STopTox peer-reviewed curated experimental irritation dataset,https://doi.org/10.1289/EHP9341,"[""eye:CpId:394""]","[""explicit_curated_experimental_outcome_0"", ""absence_of_hazard_statement_not_used"", ""defined_single_structure"", ""exact_identity_deduplicated"", ""current_strong_conflicts_excluded"", ""external_holdout_quarantined"", ""publication_dataset_oecd_405_curation""]",peer_reviewed_curated_experimental_negative,0.9,experimental,"OECD TG 405 experimental eye irritation, curated at dataset level",not irritating / not classified (curated Outcome=0),not_reported_per_record_in_public_sdf,eye:CpId:394,03dc5888f0859ddcc1b694e186bb2137229ea571e3db56572205f482794de03d,https://github.com/joyvb/stoptox,6ba3a7f82ab9fda8534f120114a566eec296e8ae,KNNOZYMZRGTZQM-UHFFFAOYSA-N
CO[Si](C)(CCCCl)OC,0,18171-19-2,KNTKCYKJRSMRMZ-UHFFFAOYSA-N,18171-19-2,STopTox peer-reviewed curated experimental irritation dataset,https://doi.org/10.1289/EHP9341,"[""eye:CpId:396""]","[""explicit_curated_experimental_outcome_0"", ""absence_of_hazard_statement_not_used"", ""defined_single_structure"", ""exact_identity_deduplicated"", ""current_strong_conflicts_excluded"", ""external_holdout_quarantined"", ""publication_dataset_oecd_405_curation""]",peer_reviewed_curated_experimental_negative,0.9,experimental,"OECD TG 405 experimental eye irritation, curated at dataset level",not irritating / not classified (curated Outcome=0),not_reported_per_record_in_public_sdf,eye:CpId:396,03dc5888f0859ddcc1b694e186bb2137229ea571e3db56572205f482794de03d,https://github.com/joyvb/stoptox,6ba3a7f82ab9fda8534f120114a566eec296e8ae,KNTKCYKJRSMRMZ-UHFFFAOYSA-N
CCCC=CCCCC,0,68526-55-6,KPADFPAILITQBG-UHFFFAOYSA-N,68526-55-6,STopTox peer-reviewed curated experimental irritation dataset,https://doi.org/10.1289/EHP9341,"[""eye:CpId:397""]","[""explicit_curated_experimental_outcome_0"", ""absence_of_hazard_statement_not_used"", ""defined_single_structure"", ""exact_identity_deduplicated"", ""current_strong_conflicts_excluded"", ""external_holdout_quarantined"", ""publication_dataset_oecd_405_curation""]",peer_reviewed_curated_experimental_negative,0.9,experimental,"OECD TG 405 experimental eye irritation, curated at dataset level",not irritating / not classified (curated Outcome=0),not_reported_per_record_in_public_sdf,eye:CpId:397,03dc5888f0859ddcc1b694e186bb2137229ea571e3db56572205f482794de03d,https://github.com/joyvb/stoptox,6ba3a7f82ab9fda8534f120114a566eec296e8ae,KPADFPAILITQBG-UHFFFAOYSA-N
CC(C)(Oc1ccc(C2CC2(Cl)Cl)cc1)C(=O)O,0,52214-84-3,KPSRODZRAIWAKH-UHFFFAOYSA-N,52214-84-3,STopTox peer-reviewed curated experimental irritation dataset,https://doi.org/10.1289/EHP9341,"[""eye:CpId:2011""]","[""explicit_curated_experimental_outcome_0"", ""absence_of_hazard_statement_not_used"", ""defined_single_structure"", ""exact_identity_deduplicated"", ""current_strong_conflicts_excluded"", ""external_holdout_quarantined"", ""publication_dataset_oecd_405_curation""]",peer_reviewed_curated_experimental_negative,0.9,experimental,"OECD TG 405 experimental eye irritation, curated at dataset level",not irritating / not classified (curated Outcome=0),not_reported_per_record_in_public_sdf,eye:CpId:2011,03dc5888f0859ddcc1b694e186bb2137229ea571e3db56572205f482794de03d,https://github.com/joyvb/stoptox,6ba3a7f82ab9fda8534f120114a566eec296e8ae,"InChI=1S/C13H14Cl2O3/c1-12(2,11(16)17)18-9-5-3-8(4-6-9)10-7-13(10,14)15/h3-6,10H,7H2,1-2H3,(H,16,17)"
CCCCCCCCCCCCCCOC(=O)Cl,0,56677-60-2,KQHBSKZGPQPRIT-UHFFFAOYSA-N,56677-60-2,STopTox peer-reviewed curated experimental irritation dataset,https://doi.org/10.1289/EHP9341,"[""eye:CpId:398""]","[""explicit_curated_experimental_outcome_0"", ""absence_of_hazard_statement_not_used"", ""defined_single_structure"", ""exact_identity_deduplicated"", ""current_strong_conflicts_excluded"", ""external_holdout_quarantined"", ""publication_dataset_oecd_405_curation""]",peer_reviewed_curated_experimental_negative,0.9,experimental,"OECD TG 405 experimental eye irritation, curated at dataset level",not irritating / not classified (curated Outcome=0),not_reported_per_record_in_public_sdf,eye:CpId:398,03dc5888f0859ddcc1b694e186bb2137229ea571e3db56572205f482794de03d,https://github.com/joyvb/stoptox,6ba3a7f82ab9fda8534f120114a566eec296e8ae,KQHBSKZGPQPRIT-UHFFFAOYSA-N
Nc1cccc2c(N)cccc12,0,2243-62-1,KQSABULTKYLFEV-UHFFFAOYSA-N,2243-62-1,STopTox peer-reviewed curated experimental irritation dataset,https://doi.org/10.1289/EHP9341,"[""eye:CpId:2015""]","[""explicit_curated_experimental_outcome_0"", ""absence_of_hazard_statement_not_used"", ""defined_single_structure"", ""exact_identity_deduplicated"", ""current_strong_conflicts_excluded"", ""external_holdout_quarantined"", ""publication_dataset_oecd_405_curation""]",peer_reviewed_curated_experimental_negative,0.9,experimental,"OECD TG 405 experimental eye irritation, curated at dataset level",not irritating / not classified (curated Outcome=0),not_reported_per_record_in_public_sdf,eye:CpId:2015,03dc5888f0859ddcc1b694e186bb2137229ea571e3db56572205f482794de03d,https://github.com/joyvb/stoptox,6ba3a7f82ab9fda8534f120114a566eec296e8ae,"InChI=1S/C10H10N2/c11-9-5-1-3-7-8(9)4-2-6-10(7)12/h1-6H,11-12H2"
CCOC(=O)C1CCC(C(=O)OCC)CC1,0,72903-27-6,KRJHRNUTLDTSKY-UHFFFAOYSA-N,72903-27-6,STopTox peer-reviewed curated experimental irritation dataset,https://doi.org/10.1289/EHP9341,"[""eye:CpId:399""]","[""explicit_curated_experimental_outcome_0"", ""absence_of_hazard_statement_not_used"", ""defined_single_structure"", ""exact_identity_deduplicated"", ""current_strong_conflicts_excluded"", ""external_holdout_quarantined"", ""publication_dataset_oecd_405_curation""]",peer_reviewed_curated_experimental_negative,0.9,experimental,"OECD TG 405 experimental eye irritation, curated at dataset level",not irritating / not classified (curated Outcome=0),not_reported_per_record_in_public_sdf,eye:CpId:399,03dc5888f0859ddcc1b694e186bb2137229ea571e3db56572205f482794de03d,https://github.com/joyvb/stoptox,6ba3a7f82ab9fda8534f120114a566eec296e8ae,KRJHRNUTLDTSKY-UHFFFAOYSA-N
O=C(O)CC(O)(CC(=O)O)C(=O)O,0,77-92-9,KRKNYBCHXYNGOX-UHFFFAOYSA-N,77-92-9,STopTox peer-reviewed curated experimental irritation dataset,https://doi.org/10.1289/EHP9341,"[""eye:CpId:400""]","[""explicit_curated_experimental_outcome_0"", ""absence_of_hazard_statement_not_used"", ""defined_single_structure"", ""exact_identity_deduplicated"", ""current_strong_conflicts_excluded"", ""external_holdout_quarantined"", ""publication_dataset_oecd_405_curation""]",peer_reviewed_curated_experimental_negative,0.9,experimental,"OECD TG 405 experimental eye irritation, curated at dataset level",not irritating / not classified (curated Outcome=0),not_reported_per_record_in_public_sdf,eye:CpId:400,03dc5888f0859ddcc1b694e186bb2137229ea571e3db56572205f482794de03d,https://github.com/joyvb/stoptox,6ba3a7f82ab9fda8534f120114a566eec296e8ae,KRKNYBCHXYNGOX-UHFFFAOYSA-N
CN(C)CCC=C1c2ccccc2CCc2ccccc21,0,50-48-6,KRMDCWKBEZIMAB-UHFFFAOYSA-N,50-48-6,STopTox peer-reviewed curated experimental irritation dataset,https://doi.org/10.1289/EHP9341,"[""eye:CpId:2020""]","[""explicit_curated_experimental_outcome_0"", ""absence_of_hazard_statement_not_used"", ""defined_single_structure"", ""exact_identity_deduplicated"", ""current_strong_conflicts_excluded"", ""external_holdout_quarantined"", ""publication_dataset_oecd_405_curation""]",peer_reviewed_curated_experimental_negative,0.9,experimental,"OECD TG 405 experimental eye irritation, curated at dataset level",not irritating / not classified (curated Outcome=0),not_reported_per_record_in_public_sdf,eye:CpId:2020,03dc5888f0859ddcc1b694e186bb2137229ea571e3db56572205f482794de03d,https://github.com/joyvb/stoptox,6ba3a7f82ab9fda8534f120114a566eec296e8ae,"InChI=1S/C20H23N/c1-21(2)15-7-12-20-18-10-5-3-8-16(18)13-14-17-9-4-6-11-19(17)20/h3-6,8-12H,7,13-15H2,1-2H3"
CCO[Si](CCCCl)(OCC)OCC,0,5089-70-3,KSCAZPYHLGGNPZ-UHFFFAOYSA-N,5089-70-3,STopTox peer-reviewed curated experimental irritation dataset,https://doi.org/10.1289/EHP9341,"[""eye:CpId:402""]","[""explicit_curated_experimental_outcome_0"", ""absence_of_hazard_statement_not_used"", ""defined_single_structure"", ""exact_identity_deduplicated"", ""current_strong_conflicts_excluded"", ""external_holdout_quarantined"", ""publication_dataset_oecd_405_curation""]",peer_reviewed_curated_experimental_negative,0.9,experimental,"OECD TG 405 experimental eye irritation, curated at dataset level",not irritating / not classified (curated Outcome=0),not_reported_per_record_in_public_sdf,eye:CpId:402,03dc5888f0859ddcc1b694e186bb2137229ea571e3db56572205f482794de03d,https://github.com/joyvb/stoptox,6ba3a7f82ab9fda8534f120114a566eec296e8ae,KSCAZPYHLGGNPZ-UHFFFAOYSA-N
CCN1CCCC(OC(=O)C(c2ccccc2)c2ccccc2)C1,0,82-98-4,KTHVBAZBLKXIHZ-UHFFFAOYSA-N,82-98-4,STopTox peer-reviewed curated experimental irritation dataset,https://doi.org/10.1289/EHP9341,"[""eye:CpId:2022""]","[""explicit_curated_experimental_outcome_0"", ""absence_of_hazard_statement_not_used"", ""defined_single_structure"", ""exact_identity_deduplicated"", ""current_strong_conflicts_excluded"", ""external_holdout_quarantined"", ""publication_dataset_oecd_405_curation""]",peer_reviewed_curated_experimental_negative,0.9,experimental,"OECD TG 405 experimental eye irritation, curated at dataset level",not irritating / not classified (curated Outcome=0),not_reported_per_record_in_public_sdf,eye:CpId:2022,03dc5888f0859ddcc1b694e186bb2137229ea571e3db56572205f482794de03d,https://github.com/joyvb/stoptox,6ba3a7f82ab9fda8534f120114a566eec296e8ae,"InChI=1S/C21H25NO2/c1-2-22-15-9-14-19(16-22)24-21(23)20(17-10-5-3-6-11-17)18-12-7-4-8-13-18/h3-8,10-13,19-20H,2,9,14-16H2,1H3"
CC(CCl)OP(=O)(OC(C)CCl)OC(C)CCl,0,13674-84-5,KVMPUXDNESXNOH-UHFFFAOYSA-N,13674-84-5,STopTox peer-reviewed curated experimental irritation dataset,https://doi.org/10.1289/EHP9341,"[""eye:CpId:403""]","[""explicit_curated_experimental_outcome_0"", ""absence_of_hazard_statement_not_used"", ""defined_single_structure"", ""exact_identity_deduplicated"", ""current_strong_conflicts_excluded"", ""external_holdout_quarantined"", ""publication_dataset_oecd_405_curation""]",peer_reviewed_curated_experimental_negative,0.9,experimental,"OECD TG 405 experimental eye irritation, curated at dataset level",not irritating / not classified (curated Outcome=0),not_reported_per_record_in_public_sdf,eye:CpId:403,03dc5888f0859ddcc1b694e186bb2137229ea571e3db56572205f482794de03d,https://github.com/joyvb/stoptox,6ba3a7f82ab9fda8534f120114a566eec296e8ae,KVMPUXDNESXNOH-UHFFFAOYSA-N
CO[Si](CCC#N)(OC)OC,0,2526-62-7,KVUMYOWDFZAGPN-UHFFFAOYSA-N,2526-62-7,STopTox peer-reviewed curated experimental irritation dataset,https://doi.org/10.1289/EHP9341,"[""eye:CpId:406""]","[""explicit_curated_experimental_outcome_0"", ""absence_of_hazard_statement_not_used"", ""defined_single_structure"", ""exact_identity_deduplicated"", ""current_strong_conflicts_excluded"", ""external_holdout_quarantined"", ""publication_dataset_oecd_405_curation""]",peer_reviewed_curated_experimental_negative,0.9,experimental,"OECD TG 405 experimental eye irritation, curated at dataset level",not irritating / not classified (curated Outcome=0),not_reported_per_record_in_public_sdf,eye:CpId:406,03dc5888f0859ddcc1b694e186bb2137229ea571e3db56572205f482794de03d,https://github.com/joyvb/stoptox,6ba3a7f82ab9fda8534f120114a566eec296e8ae,KVUMYOWDFZAGPN-UHFFFAOYSA-N
CCC1(C)OOC(C)(CC)OOC(C)(CC)OO1,0,24748-23-0,KVWLLOIEGKLBPA-UHFFFAOYSA-N,24748-23-0,STopTox peer-reviewed curated experimental irritation dataset,https://doi.org/10.1289/EHP9341,"[""eye:CpId:407""]","[""explicit_curated_experimental_outcome_0"", ""absence_of_hazard_statement_not_used"", ""defined_single_structure"", ""exact_identity_deduplicated"", ""current_strong_conflicts_excluded"", ""external_holdout_quarantined"", ""publication_dataset_oecd_405_curation""]",peer_reviewed_curated_experimental_negative,0.9,experimental,"OECD TG 405 experimental eye irritation, curated at dataset level",not irritating / not classified (curated Outcome=0),not_reported_per_record_in_public_sdf,eye:CpId:407,03dc5888f0859ddcc1b694e186bb2137229ea571e3db56572205f482794de03d,https://github.com/joyvb/stoptox,6ba3a7f82ab9fda8534f120114a566eec296e8ae,KVWLLOIEGKLBPA-UHFFFAOYSA-N
CC(C)CCCCCC(=O)NCCCCCC(=O)O,0,85702-79-0,KWAKSEGGFHCMJS-UHFFFAOYSA-N,85702-79-0,STopTox peer-reviewed curated experimental irritation dataset,https://doi.org/10.1289/EHP9341,"[""eye:CpId:408""]","[""explicit_curated_experimental_outcome_0"", ""absence_of_hazard_statement_not_used"", ""defined_single_structure"", ""exact_identity_deduplicated"", ""current_strong_conflicts_excluded"", ""external_holdout_quarantined"", ""publication_dataset_oecd_405_curation""]",peer_reviewed_curated_experimental_negative,0.9,experimental,"OECD TG 405 experimental eye irritation, curated at dataset level",not irritating / not classified (curated Outcome=0),not_reported_per_record_in_public_sdf,eye:CpId:408,03dc5888f0859ddcc1b694e186bb2137229ea571e3db56572205f482794de03d,https://github.com/joyvb/stoptox,6ba3a7f82ab9fda8534f120114a566eec296e8ae,KWAKSEGGFHCMJS-UHFFFAOYSA-N
CNC(C)C(O)c1ccccc1,0,90-82-4,KWGRBVOPPLSCSI-UHFFFAOYSA-N,90-82-4,STopTox peer-reviewed curated experimental irritation dataset,https://doi.org/10.1289/EHP9341,"[""eye:CpId:409""]","[""explicit_curated_experimental_outcome_0"", ""absence_of_hazard_statement_not_used"", ""defined_single_structure"", ""exact_identity_deduplicated"", ""current_strong_conflicts_excluded"", ""external_holdout_quarantined"", ""publication_dataset_oecd_405_curation""]",peer_reviewed_curated_experimental_negative,0.9,experimental,"OECD TG 405 experimental eye irritation, curated at dataset level",not irritating / not classified (curated Outcome=0),not_reported_per_record_in_public_sdf,eye:CpId:409,03dc5888f0859ddcc1b694e186bb2137229ea571e3db56572205f482794de03d,https://github.com/joyvb/stoptox,6ba3a7f82ab9fda8534f120114a566eec296e8ae,KWGRBVOPPLSCSI-UHFFFAOYSA-N
C[N+](C)(C)CC(=O)[O-],0,107-43-7,KWIUHFFTVRNATP-UHFFFAOYSA-N,107-43-7,STopTox peer-reviewed curated experimental irritation dataset,https://doi.org/10.1289/EHP9341,"[""eye:CpId:410""]","[""explicit_curated_experimental_outcome_0"", ""absence_of_hazard_statement_not_used"", ""defined_single_structure"", ""exact_identity_deduplicated"", ""current_strong_conflicts_excluded"", ""external_holdout_quarantined"", ""publication_dataset_oecd_405_curation""]",peer_reviewed_curated_experimental_negative,0.9,experimental,"OECD TG 405 experimental eye irritation, curated at dataset level",not irritating / not classified (curated Outcome=0),not_reported_per_record_in_public_sdf,eye:CpId:410,03dc5888f0859ddcc1b694e186bb2137229ea571e3db56572205f482794de03d,https://github.com/joyvb/stoptox,6ba3a7f82ab9fda8534f120114a566eec296e8ae,KWIUHFFTVRNATP-UHFFFAOYSA-N
C=CCCCCCC,0,111-66-0,KWKAKUADMBZCLK-UHFFFAOYSA-N,111-66-0,STopTox peer-reviewed curated experimental irritation dataset,https://doi.org/10.1289/EHP9341,"[""eye:CpId:411""]","[""explicit_curated_experimental_outcome_0"", ""absence_of_hazard_statement_not_used"", ""defined_single_structure"", ""exact_identity_deduplicated"", ""current_strong_conflicts_excluded"", ""external_holdout_quarantined"", ""publication_dataset_oecd_405_curation""]",peer_reviewed_curated_experimental_negative,0.9,experimental,"OECD TG 405 experimental eye irritation, curated at dataset level",not irritating / not classified (curated Outcome=0),not_reported_per_record_in_public_sdf,eye:CpId:411,03dc5888f0859ddcc1b694e186bb2137229ea571e3db56572205f482794de03d,https://github.com/joyvb/stoptox,6ba3a7f82ab9fda8534f120114a566eec296e8ae,KWKAKUADMBZCLK-UHFFFAOYSA-N
O=C(O)C(O)C(O)C(O)C(O)C(O)CO,0,23351-51-1,KWMLJOLKUYYJFJ-UHFFFAOYSA-N,23351-51-1,STopTox peer-reviewed curated experimental irritation dataset,https://doi.org/10.1289/EHP9341,"[""eye:CpId:2027""]","[""explicit_curated_experimental_outcome_0"", ""absence_of_hazard_statement_not_used"", ""defined_single_structure"", ""exact_identity_deduplicated"", ""current_strong_conflicts_excluded"", ""external_holdout_quarantined"", ""publication_dataset_oecd_405_curation""]",peer_reviewed_curated_experimental_negative,0.9,experimental,"OECD TG 405 experimental eye irritation, curated at dataset level",not irritating / not classified (curated Outcome=0),not_reported_per_record_in_public_sdf,eye:CpId:2027,03dc5888f0859ddcc1b694e186bb2137229ea571e3db56572205f482794de03d,https://github.com/joyvb/stoptox,6ba3a7f82ab9fda8534f120114a566eec296e8ae,"InChI=1S/C7H14O8/c8-1-2(9)3(10)4(11)5(12)6(13)7(14)15/h2-6,8-13H,1H2,(H,14,15)"
CC(=O)c1ccccc1,0,98-86-2,KWOLFJPFCHCOCG-UHFFFAOYSA-N,98-86-2,STopTox peer-reviewed curated experimental irritation dataset,https://doi.org/10.1289/EHP9341,"[""eye:CpId:412""]","[""explicit_curated_experimental_outcome_0"", ""absence_of_hazard_statement_not_used"", ""defined_single_structure"", ""exact_identity_deduplicated"", ""current_strong_conflicts_excluded"", ""external_holdout_quarantined"", ""publication_dataset_oecd_405_curation""]",peer_reviewed_curated_experimental_negative,0.9,experimental,"OECD TG 405 experimental eye irritation, curated at dataset level",not irritating / not classified (curated Outcome=0),not_reported_per_record_in_public_sdf,eye:CpId:412,03dc5888f0859ddcc1b694e186bb2137229ea571e3db56572205f482794de03d,https://github.com/joyvb/stoptox,6ba3a7f82ab9fda8534f120114a566eec296e8ae,KWOLFJPFCHCOCG-UHFFFAOYSA-N
CC(N)Cc1ccccc1,0,51-64-9 300-62-9,KWTSXDURSIMDCE-UHFFFAOYSA-N,51-64-9 300-62-9,STopTox peer-reviewed curated experimental irritation dataset,https://doi.org/10.1289/EHP9341,"[""eye:CpId:2028""]","[""explicit_curated_experimental_outcome_0"", ""absence_of_hazard_statement_not_used"", ""defined_single_structure"", ""exact_identity_deduplicated"", ""current_strong_conflicts_excluded"", ""external_holdout_quarantined"", ""publication_dataset_oecd_405_curation""]",peer_reviewed_curated_experimental_negative,0.9,experimental,"OECD TG 405 experimental eye irritation, curated at dataset level",not irritating / not classified (curated Outcome=0),not_reported_per_record_in_public_sdf,eye:CpId:2028,03dc5888f0859ddcc1b694e186bb2137229ea571e3db56572205f482794de03d,https://github.com/joyvb/stoptox,6ba3a7f82ab9fda8534f120114a566eec296e8ae,"InChI=1S/C9H13N/c1-8(10)7-9-5-3-2-4-6-9/h2-6,8H,7,10H2,1H3"
CCC(c1cccc(O)c1)C(C)CN(C)C,0,175591-23-8,KWTWDQCKEHXFFR-UHFFFAOYSA-N,175591-23-8,STopTox peer-reviewed curated experimental irritation dataset,https://doi.org/10.1289/EHP9341,"[""eye:CpId:2029""]","[""explicit_curated_experimental_outcome_0"", ""absence_of_hazard_statement_not_used"", ""defined_single_structure"", ""exact_identity_deduplicated"", ""current_strong_conflicts_excluded"", ""external_holdout_quarantined"", ""publication_dataset_oecd_405_curation""]",peer_reviewed_curated_experimental_negative,0.9,experimental,"OECD TG 405 experimental eye irritation, curated at dataset level",not irritating / not classified (curated Outcome=0),not_reported_per_record_in_public_sdf,eye:CpId:2029,03dc5888f0859ddcc1b694e186bb2137229ea571e3db56572205f482794de03d,https://github.com/joyvb/stoptox,6ba3a7f82ab9fda8534f120114a566eec296e8ae,"InChI=1S/C14H23NO/c1-5-14(11(2)10-15(3)4)12-7-6-8-13(16)9-12/h6-9,11,14,16H,5,10H2,1-4H3"
CC[Si](OC(C)=O)(OC(C)=O)OC(C)=O,0,17689-77-9,KXJLGCBCRCSXQF-UHFFFAOYSA-N,17689-77-9,STopTox peer-reviewed curated experimental irritation dataset,https://doi.org/10.1289/EHP9341,"[""eye:CpId:414""]","[""explicit_curated_experimental_outcome_0"", ""absence_of_hazard_statement_not_used"", ""defined_single_structure"", ""exact_identity_deduplicated"", ""current_strong_conflicts_excluded"", ""external_holdout_quarantined"", ""publication_dataset_oecd_405_curation""]",peer_reviewed_curated_experimental_negative,0.9,experimental,"OECD TG 405 experimental eye irritation, curated at dataset level",not irritating / not classified (curated Outcome=0),not_reported_per_record_in_public_sdf,eye:CpId:414,03dc5888f0859ddcc1b694e186bb2137229ea571e3db56572205f482794de03d,https://github.com/joyvb/stoptox,6ba3a7f82ab9fda8534f120114a566eec296e8ae,KXJLGCBCRCSXQF-UHFFFAOYSA-N
CCCCC(C)(C)C(O)C=CC1C(O)CC(=O)C1CCCCC=CC(=O)OC,0,64318-79-2,KYBOHGVERHWSSV-UHFFFAOYSA-N,64318-79-2,STopTox peer-reviewed curated experimental irritation dataset,https://doi.org/10.1289/EHP9341,"[""eye:CpId:2033""]","[""explicit_curated_experimental_outcome_0"", ""absence_of_hazard_statement_not_used"", ""defined_single_structure"", ""exact_identity_deduplicated"", ""current_strong_conflicts_excluded"", ""external_holdout_quarantined"", ""publication_dataset_oecd_405_curation""]",peer_reviewed_curated_experimental_negative,0.9,experimental,"OECD TG 405 experimental eye irritation, curated at dataset level",not irritating / not classified (curated Outcome=0),not_reported_per_record_in_public_sdf,eye:CpId:2033,03dc5888f0859ddcc1b694e186bb2137229ea571e3db56572205f482794de03d,https://github.com/joyvb/stoptox,6ba3a7f82ab9fda8534f120114a566eec296e8ae,"InChI=1S/C23H38O5/c1-5-6-15-23(2,3)21(26)14-13-18-17(19(24)16-20(18)25)11-9-7-8-10-12-22(27)28-4/h10,12-14,17-18,20-21,25-26H,5-9,11,15-16H2,1-4H3"
CC(=O)N1CCOCC1,0,1696-20-4,KYWXRBNOYGGPIZ-UHFFFAOYSA-N,1696-20-4,STopTox peer-reviewed curated experimental irritation dataset,https://doi.org/10.1289/EHP9341,"[""eye:CpId:416""]","[""explicit_curated_experimental_outcome_0"", ""absence_of_hazard_statement_not_used"", ""defined_single_structure"", ""exact_identity_deduplicated"", ""current_strong_conflicts_excluded"", ""external_holdout_quarantined"", ""publication_dataset_oecd_405_curation""]",peer_reviewed_curated_experimental_negative,0.9,experimental,"OECD TG 405 experimental eye irritation, curated at dataset level",not irritating / not classified (curated Outcome=0),not_reported_per_record_in_public_sdf,eye:CpId:416,03dc5888f0859ddcc1b694e186bb2137229ea571e3db56572205f482794de03d,https://github.com/joyvb/stoptox,6ba3a7f82ab9fda8534f120114a566eec296e8ae,KYWXRBNOYGGPIZ-UHFFFAOYSA-N
CCCCC(CC)COC(=O)CSCC(=O)OCC(CC)CCCC,0,24293-43-4,KYWZILPIDASSGE-UHFFFAOYSA-N,24293-43-4,STopTox peer-reviewed curated experimental irritation dataset,https://doi.org/10.1289/EHP9341,"[""eye:CpId:417""]","[""explicit_curated_experimental_outcome_0"", ""absence_of_hazard_statement_not_used"", ""defined_single_structure"", ""exact_identity_deduplicated"", ""current_strong_conflicts_excluded"", ""external_holdout_quarantined"", ""publication_dataset_oecd_405_curation""]",peer_reviewed_curated_experimental_negative,0.9,experimental,"OECD TG 405 experimental eye irritation, curated at dataset level",not irritating / not classified (curated Outcome=0),not_reported_per_record_in_public_sdf,eye:CpId:417,03dc5888f0859ddcc1b694e186bb2137229ea571e3db56572205f482794de03d,https://github.com/joyvb/stoptox,6ba3a7f82ab9fda8534f120114a566eec296e8ae,KYWZILPIDASSGE-UHFFFAOYSA-N
CCC(CCC(C)C1CCC2C3CC=C4CC(O)CCC4(C)C3CCC12C)C(C)C,0,83-46-5,KZJWDPNRJALLNS-UHFFFAOYSA-N,83-46-5,STopTox peer-reviewed curated experimental irritation dataset,https://doi.org/10.1289/EHP9341,"[""eye:CpId:2037""]","[""explicit_curated_experimental_outcome_0"", ""absence_of_hazard_statement_not_used"", ""defined_single_structure"", ""exact_identity_deduplicated"", ""current_strong_conflicts_excluded"", ""external_holdout_quarantined"", ""publication_dataset_oecd_405_curation""]",peer_reviewed_curated_experimental_negative,0.9,experimental,"OECD TG 405 experimental eye irritation, curated at dataset level",not irritating / not classified (curated Outcome=0),not_reported_per_record_in_public_sdf,eye:CpId:2037,03dc5888f0859ddcc1b694e186bb2137229ea571e3db56572205f482794de03d,https://github.com/joyvb/stoptox,6ba3a7f82ab9fda8534f120114a566eec296e8ae,"InChI=1S/C29H50O/c1-7-21(19(2)3)9-8-20(4)25-12-13-26-24-11-10-22-18-23(30)14-16-28(22,5)27(24)15-17-29(25,26)6/h10,19-21,23-27,30H,7-9,11-18H2,1-6H3"
CC(C)C(N)C(=O)O,0,72-18-4,KZSNJWFQEVHDMF-UHFFFAOYSA-N,72-18-4,STopTox peer-reviewed curated experimental irritation dataset,https://doi.org/10.1289/EHP9341,"[""eye:CpId:418""]","[""explicit_curated_experimental_outcome_0"", ""absence_of_hazard_statement_not_used"", ""defined_single_structure"", ""exact_identity_deduplicated"", ""current_strong_conflicts_excluded"", ""external_holdout_quarantined"", ""publication_dataset_oecd_405_curation""]",peer_reviewed_curated_experimental_negative,0.9,experimental,"OECD TG 405 experimental eye irritation, curated at dataset level",not irritating / not classified (curated Outcome=0),not_reported_per_record_in_public_sdf,eye:CpId:418,03dc5888f0859ddcc1b694e186bb2137229ea571e3db56572205f482794de03d,https://github.com/joyvb/stoptox,6ba3a7f82ab9fda8534f120114a566eec296e8ae,KZSNJWFQEVHDMF-UHFFFAOYSA-N
O=S(=O)(c1ccccc1)c1ccccc1,0,127-63-9,KZTYYGOKRVBIMI-UHFFFAOYSA-N,127-63-9,STopTox peer-reviewed curated experimental irritation dataset,https://doi.org/10.1289/EHP9341,"[""eye:CpId:419""]","[""explicit_curated_experimental_outcome_0"", ""absence_of_hazard_statement_not_used"", ""defined_single_structure"", ""exact_identity_deduplicated"", ""current_strong_conflicts_excluded"", ""external_holdout_quarantined"", ""publication_dataset_oecd_405_curation""]",peer_reviewed_curated_experimental_negative,0.9,experimental,"OECD TG 405 experimental eye irritation, curated at dataset level",not irritating / not classified (curated Outcome=0),not_reported_per_record_in_public_sdf,eye:CpId:419,03dc5888f0859ddcc1b694e186bb2137229ea571e3db56572205f482794de03d,https://github.com/joyvb/stoptox,6ba3a7f82ab9fda8534f120114a566eec296e8ae,KZTYYGOKRVBIMI-UHFFFAOYSA-N
CCCCOCCOCCOCCCC,0,112-73-2,KZVBBTZJMSWGTK-UHFFFAOYSA-N,112-73-2,STopTox peer-reviewed curated experimental irritation dataset,https://doi.org/10.1289/EHP9341,"[""eye:CpId:420""]","[""explicit_curated_experimental_outcome_0"", ""absence_of_hazard_statement_not_used"", ""defined_single_structure"", ""exact_identity_deduplicated"", ""current_strong_conflicts_excluded"", ""external_holdout_quarantined"", ""publication_dataset_oecd_405_curation""]",peer_reviewed_curated_experimental_negative,0.9,experimental,"OECD TG 405 experimental eye irritation, curated at dataset level",not irritating / not classified (curated Outcome=0),not_reported_per_record_in_public_sdf,eye:CpId:420,03dc5888f0859ddcc1b694e186bb2137229ea571e3db56572205f482794de03d,https://github.com/joyvb/stoptox,6ba3a7f82ab9fda8534f120114a566eec296e8ae,KZVBBTZJMSWGTK-UHFFFAOYSA-N
CC(C)(C)CC(C)(C)c1ccc(OCCOCCO)cc1,0,9036-19-5,LBCZOTMMGHGTPH-UHFFFAOYSA-N,9036-19-5,STopTox peer-reviewed curated experimental irritation dataset,https://doi.org/10.1289/EHP9341,"[""eye:CpId:2039""]","[""explicit_curated_experimental_outcome_0"", ""absence_of_hazard_statement_not_used"", ""defined_single_structure"", ""exact_identity_deduplicated"", ""current_strong_conflicts_excluded"", ""external_holdout_quarantined"", ""publication_dataset_oecd_405_curation""]",peer_reviewed_curated_experimental_negative,0.9,experimental,"OECD TG 405 experimental eye irritation, curated at dataset level",not irritating / not classified (curated Outcome=0),not_reported_per_record_in_public_sdf,eye:CpId:2039,03dc5888f0859ddcc1b694e186bb2137229ea571e3db56572205f482794de03d,https://github.com/joyvb/stoptox,6ba3a7f82ab9fda8534f120114a566eec296e8ae,"InChI=1S/C18H30O3/c1-17(2,3)14-18(4,5)15-6-8-16(9-7-15)21-13-12-20-11-10-19/h6-9,19H,10-14H2,1-5H3"
c1ccc2c(c1)-c1ccccc1C2(c1ccc(OCC2CO2)cc1)c1ccc(OCC2CO2)cc1,0,47758-37-2,LCSAOPVSVLGDLE-UHFFFAOYSA-N,47758-37-2,STopTox peer-reviewed curated experimental irritation dataset,https://doi.org/10.1289/EHP9341,"[""eye:CpId:2045""]","[""explicit_curated_experimental_outcome_0"", ""absence_of_hazard_statement_not_used"", ""defined_single_structure"", ""exact_identity_deduplicated"", ""current_strong_conflicts_excluded"", ""external_holdout_quarantined"", ""publication_dataset_oecd_405_curation""]",peer_reviewed_curated_experimental_negative,0.9,experimental,"OECD TG 405 experimental eye irritation, curated at dataset level",not irritating / not classified (curated Outcome=0),not_reported_per_record_in_public_sdf,eye:CpId:2045,03dc5888f0859ddcc1b694e186bb2137229ea571e3db56572205f482794de03d,https://github.com/joyvb/stoptox,6ba3a7f82ab9fda8534f120114a566eec296e8ae,"InChI=1S/C31H26O4/c1-3-7-29-27(5-1)28-6-2-4-8-30(28)31(29,21-9-13-23(14-10-21)32-17-25-19-34-25)22-11-15-24(16-12-22)33-18-26-20-35-26/h1-16,25-26H,17-20H2"
COC(=O)C=CC(=O)OC,0,624-49-7,LDCRTTXIJACKKU-UHFFFAOYSA-N,624-49-7,STopTox peer-reviewed curated experimental irritation dataset,https://doi.org/10.1289/EHP9341,"[""eye:CpId:2046""]","[""explicit_curated_experimental_outcome_0"", ""absence_of_hazard_statement_not_used"", ""defined_single_structure"", ""exact_identity_deduplicated"", ""current_strong_conflicts_excluded"", ""external_holdout_quarantined"", ""publication_dataset_oecd_405_curation""]",peer_reviewed_curated_experimental_negative,0.9,experimental,"OECD TG 405 experimental eye irritation, curated at dataset level",not irritating / not classified (curated Outcome=0),not_reported_per_record_in_public_sdf,eye:CpId:2046,03dc5888f0859ddcc1b694e186bb2137229ea571e3db56572205f482794de03d,https://github.com/joyvb/stoptox,6ba3a7f82ab9fda8534f120114a566eec296e8ae,"InChI=1S/C6H8O4/c1-9-5(7)3-4-6(8)10-2/h3-4H,1-2H3"
NC(CO)(CO)CO,0,77-86-1,LENZDBCJOHFCAS-UHFFFAOYSA-N,77-86-1,STopTox peer-reviewed curated experimental irritation dataset,https://doi.org/10.1289/EHP9341,"[""eye:CpId:425""]","[""explicit_curated_experimental_outcome_0"", ""absence_of_hazard_statement_not_used"", ""defined_single_structure"", ""exact_identity_deduplicated"", ""current_strong_conflicts_excluded"", ""external_holdout_quarantined"", ""publication_dataset_oecd_405_curation""]",peer_reviewed_curated_experimental_negative,0.9,experimental,"OECD TG 405 experimental eye irritation, curated at dataset level",not irritating / not classified (curated Outcome=0),not_reported_per_record_in_public_sdf,eye:CpId:425,03dc5888f0859ddcc1b694e186bb2137229ea571e3db56572205f482794de03d,https://github.com/joyvb/stoptox,6ba3a7f82ab9fda8534f120114a566eec296e8ae,LENZDBCJOHFCAS-UHFFFAOYSA-N
CCC(=O)Nc1ccc(Cl)c(Cl)c1,0,709-98-8,LFULEKSKNZEWOE-UHFFFAOYSA-N,709-98-8,STopTox peer-reviewed curated experimental irritation dataset,https://doi.org/10.1289/EHP9341,"[""eye:CpId:2056""]","[""explicit_curated_experimental_outcome_0"", ""absence_of_hazard_statement_not_used"", ""defined_single_structure"", ""exact_identity_deduplicated"", ""current_strong_conflicts_excluded"", ""external_holdout_quarantined"", ""publication_dataset_oecd_405_curation""]",peer_reviewed_curated_experimental_negative,0.9,experimental,"OECD TG 405 experimental eye irritation, curated at dataset level",not irritating / not classified (curated Outcome=0),not_reported_per_record_in_public_sdf,eye:CpId:2056,03dc5888f0859ddcc1b694e186bb2137229ea571e3db56572205f482794de03d,https://github.com/joyvb/stoptox,6ba3a7f82ab9fda8534f120114a566eec296e8ae,"InChI=1S/C9H9Cl2NO/c1-2-9(13)12-6-3-4-7(10)8(11)5-6/h3-5H,2H2,1H3,(H,12,13)"
COP(=S)(OC)Oc1cc(Cl)c(I)cc1Cl,0,18181-70-9,LFVLUOAHQIVABZ-UHFFFAOYSA-N,18181-70-9,STopTox peer-reviewed curated experimental irritation dataset,https://doi.org/10.1289/EHP9341,"[""eye:CpId:2057""]","[""explicit_curated_experimental_outcome_0"", ""absence_of_hazard_statement_not_used"", ""defined_single_structure"", ""exact_identity_deduplicated"", ""current_strong_conflicts_excluded"", ""external_holdout_quarantined"", ""publication_dataset_oecd_405_curation""]",peer_reviewed_curated_experimental_negative,0.9,experimental,"OECD TG 405 experimental eye irritation, curated at dataset level",not irritating / not classified (curated Outcome=0),not_reported_per_record_in_public_sdf,eye:CpId:2057,03dc5888f0859ddcc1b694e186bb2137229ea571e3db56572205f482794de03d,https://github.com/joyvb/stoptox,6ba3a7f82ab9fda8534f120114a566eec296e8ae,"InChI=1S/C8H8Cl2IO3PS/c1-12-15(16,13-2)14-8-4-5(9)7(11)3-6(8)10/h3-4H,1-2H3"
CCCCC(C=O)CC,0,123-05-7,LGYNIFWIKSEESD-UHFFFAOYSA-N,123-05-7,STopTox peer-reviewed curated experimental irritation dataset,https://doi.org/10.1289/EHP9341,"[""eye:CpId:429""]","[""explicit_curated_experimental_outcome_0"", ""absence_of_hazard_statement_not_used"", ""defined_single_structure"", ""exact_identity_deduplicated"", ""current_strong_conflicts_excluded"", ""external_holdout_quarantined"", ""publication_dataset_oecd_405_curation""]",peer_reviewed_curated_experimental_negative,0.9,experimental,"OECD TG 405 experimental eye irritation, curated at dataset level",not irritating / not classified (curated Outcome=0),not_reported_per_record_in_public_sdf,eye:CpId:429,03dc5888f0859ddcc1b694e186bb2137229ea571e3db56572205f482794de03d,https://github.com/joyvb/stoptox,6ba3a7f82ab9fda8534f120114a566eec296e8ae,LGYNIFWIKSEESD-UHFFFAOYSA-N
CSc1c(Cl)c(Cl)c(Cl)c(Cl)c1Cl,0,1825-19-0,LGZZJTIUEJNNKV-UHFFFAOYSA-N,1825-19-0,STopTox peer-reviewed curated experimental irritation dataset,https://doi.org/10.1289/EHP9341,"[""eye:CpId:2063""]","[""explicit_curated_experimental_outcome_0"", ""absence_of_hazard_statement_not_used"", ""defined_single_structure"", ""exact_identity_deduplicated"", ""current_strong_conflicts_excluded"", ""external_holdout_quarantined"", ""publication_dataset_oecd_405_curation""]",peer_reviewed_curated_experimental_negative,0.9,experimental,"OECD TG 405 experimental eye irritation, curated at dataset level",not irritating / not classified (curated Outcome=0),not_reported_per_record_in_public_sdf,eye:CpId:2063,03dc5888f0859ddcc1b694e186bb2137229ea571e3db56572205f482794de03d,https://github.com/joyvb/stoptox,6ba3a7f82ab9fda8534f120114a566eec296e8ae,InChI=1S/C7H3Cl5S/c1-13-7-5(11)3(9)2(8)4(10)6(7)12/h1H3
C=CCCCC,0,592-41-6,LIKMAJRDDDTEIG-UHFFFAOYSA-N,592-41-6,STopTox peer-reviewed curated experimental irritation dataset,https://doi.org/10.1289/EHP9341,"[""eye:CpId:431""]","[""explicit_curated_experimental_outcome_0"", ""absence_of_hazard_statement_not_used"", ""defined_single_structure"", ""exact_identity_deduplicated"", ""current_strong_conflicts_excluded"", ""external_holdout_quarantined"", ""publication_dataset_oecd_405_curation""]",peer_reviewed_curated_experimental_negative,0.9,experimental,"OECD TG 405 experimental eye irritation, curated at dataset level",not irritating / not classified (curated Outcome=0),not_reported_per_record_in_public_sdf,eye:CpId:431,03dc5888f0859ddcc1b694e186bb2137229ea571e3db56572205f482794de03d,https://github.com/joyvb/stoptox,6ba3a7f82ab9fda8534f120114a566eec296e8ae,LIKMAJRDDDTEIG-UHFFFAOYSA-N
CCOCC(C)OC(C)=O,0,54839-24-6,LIPRQQHINVWJCH-UHFFFAOYSA-N,54839-24-6,STopTox peer-reviewed curated experimental irritation dataset,https://doi.org/10.1289/EHP9341,"[""eye:CpId:432""]","[""explicit_curated_experimental_outcome_0"", ""absence_of_hazard_statement_not_used"", ""defined_single_structure"", ""exact_identity_deduplicated"", ""current_strong_conflicts_excluded"", ""external_holdout_quarantined"", ""publication_dataset_oecd_405_curation""]",peer_reviewed_curated_experimental_negative,0.9,experimental,"OECD TG 405 experimental eye irritation, curated at dataset level",not irritating / not classified (curated Outcome=0),not_reported_per_record_in_public_sdf,eye:CpId:432,03dc5888f0859ddcc1b694e186bb2137229ea571e3db56572205f482794de03d,https://github.com/joyvb/stoptox,6ba3a7f82ab9fda8534f120114a566eec296e8ae,LIPRQQHINVWJCH-UHFFFAOYSA-N
C=C(C)COCCC=CCC,0,292605-05-1,LIWYPQFTKLABSJ-UHFFFAOYSA-N,292605-05-1,STopTox peer-reviewed curated experimental irritation dataset,https://doi.org/10.1289/EHP9341,"[""eye:CpId:433""]","[""explicit_curated_experimental_outcome_0"", ""absence_of_hazard_statement_not_used"", ""defined_single_structure"", ""exact_identity_deduplicated"", ""current_strong_conflicts_excluded"", ""external_holdout_quarantined"", ""publication_dataset_oecd_405_curation""]",peer_reviewed_curated_experimental_negative,0.9,experimental,"OECD TG 405 experimental eye irritation, curated at dataset level",not irritating / not classified (curated Outcome=0),not_reported_per_record_in_public_sdf,eye:CpId:433,03dc5888f0859ddcc1b694e186bb2137229ea571e3db56572205f482794de03d,https://github.com/joyvb/stoptox,6ba3a7f82ab9fda8534f120114a566eec296e8ae,LIWYPQFTKLABSJ-WAYWQWQTSA-N
C=C(C)C(=O)OCCCCCCCCC,0,LKEDKQWWISEKSW-UHFFFAOYSA-N,LKEDKQWWISEKSW-UHFFFAOYSA-N,,STopTox peer-reviewed curated experimental irritation dataset,https://doi.org/10.1289/EHP9341,"[""eye:CpId:2072""]","[""explicit_curated_experimental_outcome_0"", ""absence_of_hazard_statement_not_used"", ""defined_single_structure"", ""exact_identity_deduplicated"", ""current_strong_conflicts_excluded"", ""external_holdout_quarantined"", ""publication_dataset_oecd_405_curation""]",peer_reviewed_curated_experimental_negative,0.9,experimental,"OECD TG 405 experimental eye irritation, curated at dataset level",not irritating / not classified (curated Outcome=0),not_reported_per_record_in_public_sdf,eye:CpId:2072,03dc5888f0859ddcc1b694e186bb2137229ea571e3db56572205f482794de03d,https://github.com/joyvb/stoptox,6ba3a7f82ab9fda8534f120114a566eec296e8ae,"InChI=1S/C13H24O2/c1-4-5-6-7-8-9-10-11-15-13(14)12(2)3/h2,4-11H2,1,3H3"
COc1ccc(C(=O)C=C(O)c2ccc(C(C)(C)C)cc2)cc1,0,70356-09-1,LKIIIESDXWZZRE-UHFFFAOYSA-N,70356-09-1,STopTox peer-reviewed curated experimental irritation dataset,https://doi.org/10.1289/EHP9341,"[""eye:CpId:920""]","[""explicit_curated_experimental_outcome_0"", ""absence_of_hazard_statement_not_used"", ""defined_single_structure"", ""exact_identity_deduplicated"", ""current_strong_conflicts_excluded"", ""external_holdout_quarantined"", ""publication_dataset_oecd_405_curation""]",peer_reviewed_curated_experimental_negative,0.9,experimental,"OECD TG 405 experimental eye irritation, curated at dataset level",not irritating / not classified (curated Outcome=0),not_reported_per_record_in_public_sdf,eye:CpId:920,03dc5888f0859ddcc1b694e186bb2137229ea571e3db56572205f482794de03d,https://github.com/joyvb/stoptox,6ba3a7f82ab9fda8534f120114a566eec296e8ae,XNEFYCZVKIDDMS-UHFFFAOYSA-N
COCC(C)OC(C)=O,0,108-65-6,LLHKCFNBLRBOGN-UHFFFAOYSA-N,108-65-6,STopTox peer-reviewed curated experimental irritation dataset,https://doi.org/10.1289/EHP9341,"[""eye:CpId:436""]","[""explicit_curated_experimental_outcome_0"", ""absence_of_hazard_statement_not_used"", ""defined_single_structure"", ""exact_identity_deduplicated"", ""current_strong_conflicts_excluded"", ""external_holdout_quarantined"", ""publication_dataset_oecd_405_curation""]",peer_reviewed_curated_experimental_negative,0.9,experimental,"OECD TG 405 experimental eye irritation, curated at dataset level",not irritating / not classified (curated Outcome=0),not_reported_per_record_in_public_sdf,eye:CpId:436,03dc5888f0859ddcc1b694e186bb2137229ea571e3db56572205f482794de03d,https://github.com/joyvb/stoptox,6ba3a7f82ab9fda8534f120114a566eec296e8ae,LLHKCFNBLRBOGN-UHFFFAOYSA-N
CCCCN(CCCC)C(=S)SCSC(=S)N(CCCC)CCCC,0,10254-57-6,LMODBLQHQHXPEI-UHFFFAOYSA-N,10254-57-6,STopTox peer-reviewed curated experimental irritation dataset,https://doi.org/10.1289/EHP9341,"[""eye:CpId:437""]","[""explicit_curated_experimental_outcome_0"", ""absence_of_hazard_statement_not_used"", ""defined_single_structure"", ""exact_identity_deduplicated"", ""current_strong_conflicts_excluded"", ""external_holdout_quarantined"", ""publication_dataset_oecd_405_curation""]",peer_reviewed_curated_experimental_negative,0.9,experimental,"OECD TG 405 experimental eye irritation, curated at dataset level",not irritating / not classified (curated Outcome=0),not_reported_per_record_in_public_sdf,eye:CpId:437,03dc5888f0859ddcc1b694e186bb2137229ea571e3db56572205f482794de03d,https://github.com/joyvb/stoptox,6ba3a7f82ab9fda8534f120114a566eec296e8ae,LMODBLQHQHXPEI-UHFFFAOYSA-N
Cc1ccc(S(N)(=O)=O)cc1,0,70-55-3,LMYRWZFENFIFIT-UHFFFAOYSA-N,70-55-3,STopTox peer-reviewed curated experimental irritation dataset,https://doi.org/10.1289/EHP9341,"[""eye:CpId:438""]","[""explicit_curated_experimental_outcome_0"", ""absence_of_hazard_statement_not_used"", ""defined_single_structure"", ""exact_identity_deduplicated"", ""current_strong_conflicts_excluded"", ""external_holdout_quarantined"", ""publication_dataset_oecd_405_curation""]",peer_reviewed_curated_experimental_negative,0.9,experimental,"OECD TG 405 experimental eye irritation, curated at dataset level",not irritating / not classified (curated Outcome=0),not_reported_per_record_in_public_sdf,eye:CpId:438,03dc5888f0859ddcc1b694e186bb2137229ea571e3db56572205f482794de03d,https://github.com/joyvb/stoptox,6ba3a7f82ab9fda8534f120114a566eec296e8ae,LMYRWZFENFIFIT-UHFFFAOYSA-N
CCC(C)S,0,513-53-1,LOCHFZBWPCLPAN-UHFFFAOYSA-N,513-53-1,STopTox peer-reviewed curated experimental irritation dataset,https://doi.org/10.1289/EHP9341,"[""eye:CpId:2092""]","[""explicit_curated_experimental_outcome_0"", ""absence_of_hazard_statement_not_used"", ""defined_single_structure"", ""exact_identity_deduplicated"", ""current_strong_conflicts_excluded"", ""external_holdout_quarantined"", ""publication_dataset_oecd_405_curation""]",peer_reviewed_curated_experimental_negative,0.9,experimental,"OECD TG 405 experimental eye irritation, curated at dataset level",not irritating / not classified (curated Outcome=0),not_reported_per_record_in_public_sdf,eye:CpId:2092,03dc5888f0859ddcc1b694e186bb2137229ea571e3db56572205f482794de03d,https://github.com/joyvb/stoptox,6ba3a7f82ab9fda8534f120114a566eec296e8ae,"InChI=1S/C4H10S/c1-3-4(2)5/h4-5H,3H2,1-2H3"
O=C(O)c1ccccc1Nc1cccc(C(F)(F)F)c1,0,530-78-9,LPEPZBJOKDYZAD-UHFFFAOYSA-N,530-78-9,STopTox peer-reviewed curated experimental irritation dataset,https://doi.org/10.1289/EHP9341,"[""eye:CpId:2096""]","[""explicit_curated_experimental_outcome_0"", ""absence_of_hazard_statement_not_used"", ""defined_single_structure"", ""exact_identity_deduplicated"", ""current_strong_conflicts_excluded"", ""external_holdout_quarantined"", ""publication_dataset_oecd_405_curation""]",peer_reviewed_curated_experimental_negative,0.9,experimental,"OECD TG 405 experimental eye irritation, curated at dataset level",not irritating / not classified (curated Outcome=0),not_reported_per_record_in_public_sdf,eye:CpId:2096,03dc5888f0859ddcc1b694e186bb2137229ea571e3db56572205f482794de03d,https://github.com/joyvb/stoptox,6ba3a7f82ab9fda8534f120114a566eec296e8ae,"InChI=1S/C14H10F3NO2/c15-14(16,17)9-4-3-5-10(8-9)18-12-7-2-1-6-11(12)13(19)20/h1-8,18H,(H,19,20)"
CCCCCCCCC=CCCCCCCCC(=O)N(CCO)CCO,0,93-83-4,LPMBTLLQQJBUOO-UHFFFAOYSA-N,93-83-4,STopTox peer-reviewed curated experimental irritation dataset,https://doi.org/10.1289/EHP9341,"[""eye:CpId:2097""]","[""explicit_curated_experimental_outcome_0"", ""absence_of_hazard_statement_not_used"", ""defined_single_structure"", ""exact_identity_deduplicated"", ""current_strong_conflicts_excluded"", ""external_holdout_quarantined"", ""publication_dataset_oecd_405_curation""]",peer_reviewed_curated_experimental_negative,0.9,experimental,"OECD TG 405 experimental eye irritation, curated at dataset level",not irritating / not classified (curated Outcome=0),not_reported_per_record_in_public_sdf,eye:CpId:2097,03dc5888f0859ddcc1b694e186bb2137229ea571e3db56572205f482794de03d,https://github.com/joyvb/stoptox,6ba3a7f82ab9fda8534f120114a566eec296e8ae,"InChI=1S/C22H43NO3/c1-2-3-4-5-6-7-8-9-10-11-12-13-14-15-16-17-22(26)23(18-20-24)19-21-25/h9-10,24-25H,2-8,11-21H2,1H3"
CCOC(=O)C1OC1(C)c1ccccc1,0,77-83-8,LQKRYVGRPXFFAV-UHFFFAOYSA-N,77-83-8,STopTox peer-reviewed curated experimental irritation dataset,https://doi.org/10.1289/EHP9341,"[""eye:CpId:446""]","[""explicit_curated_experimental_outcome_0"", ""absence_of_hazard_statement_not_used"", ""defined_single_structure"", ""exact_identity_deduplicated"", ""current_strong_conflicts_excluded"", ""external_holdout_quarantined"", ""publication_dataset_oecd_405_curation""]",peer_reviewed_curated_experimental_negative,0.9,experimental,"OECD TG 405 experimental eye irritation, curated at dataset level",not irritating / not classified (curated Outcome=0),not_reported_per_record_in_public_sdf,eye:CpId:446,03dc5888f0859ddcc1b694e186bb2137229ea571e3db56572205f482794de03d,https://github.com/joyvb/stoptox,6ba3a7f82ab9fda8534f120114a566eec296e8ae,LQKRYVGRPXFFAV-UHFFFAOYSA-N
CCCCOC(=O)c1ccc(C(=O)OCCCC)cc1,0,1962-75-0,LQLQDKBJAIILIQ-UHFFFAOYSA-N,1962-75-0,STopTox peer-reviewed curated experimental irritation dataset,https://doi.org/10.1289/EHP9341,"[""eye:CpId:447""]","[""explicit_curated_experimental_outcome_0"", ""absence_of_hazard_statement_not_used"", ""defined_single_structure"", ""exact_identity_deduplicated"", ""current_strong_conflicts_excluded"", ""external_holdout_quarantined"", ""publication_dataset_oecd_405_curation""]",peer_reviewed_curated_experimental_negative,0.9,experimental,"OECD TG 405 experimental eye irritation, curated at dataset level",not irritating / not classified (curated Outcome=0),not_reported_per_record_in_public_sdf,eye:CpId:447,03dc5888f0859ddcc1b694e186bb2137229ea571e3db56572205f482794de03d,https://github.com/joyvb/stoptox,6ba3a7f82ab9fda8534f120114a566eec296e8ae,LQLQDKBJAIILIQ-UHFFFAOYSA-N
CCCCCCCCCCCCO,0,112-53-8,LQZZUXJYWNFBMV-UHFFFAOYSA-N,112-53-8,STopTox peer-reviewed curated experimental irritation dataset,https://doi.org/10.1289/EHP9341,"[""eye:CpId:448""]","[""explicit_curated_experimental_outcome_0"", ""absence_of_hazard_statement_not_used"", ""defined_single_structure"", ""exact_identity_deduplicated"", ""current_strong_conflicts_excluded"", ""external_holdout_quarantined"", ""publication_dataset_oecd_405_curation""]",peer_reviewed_curated_experimental_negative,0.9,experimental,"OECD TG 405 experimental eye irritation, curated at dataset level",not irritating / not classified (curated Outcome=0),not_reported_per_record_in_public_sdf,eye:CpId:448,03dc5888f0859ddcc1b694e186bb2137229ea571e3db56572205f482794de03d,https://github.com/joyvb/stoptox,6ba3a7f82ab9fda8534f120114a566eec296e8ae,LQZZUXJYWNFBMV-UHFFFAOYSA-N
CS,0,74-93-1,LSDPWZHWYPCBBB-UHFFFAOYSA-N,74-93-1,STopTox peer-reviewed curated experimental irritation dataset,https://doi.org/10.1289/EHP9341,"[""eye:CpId:2102""]","[""explicit_curated_experimental_outcome_0"", ""absence_of_hazard_statement_not_used"", ""defined_single_structure"", ""exact_identity_deduplicated"", ""current_strong_conflicts_excluded"", ""external_holdout_quarantined"", ""publication_dataset_oecd_405_curation""]",peer_reviewed_curated_experimental_negative,0.9,experimental,"OECD TG 405 experimental eye irritation, curated at dataset level",not irritating / not classified (curated Outcome=0),not_reported_per_record_in_public_sdf,eye:CpId:2102,03dc5888f0859ddcc1b694e186bb2137229ea571e3db56572205f482794de03d,https://github.com/joyvb/stoptox,6ba3a7f82ab9fda8534f120114a566eec296e8ae,"InChI=1S/CH4S/c1-2/h2H,1H3"
O=C(c1ccc(F)cc1)c1ccc(F)cc1,0,345-92-6,LSQARZALBDFYQZ-UHFFFAOYSA-N,345-92-6,STopTox peer-reviewed curated experimental irritation dataset,https://doi.org/10.1289/EHP9341,"[""eye:CpId:452""]","[""explicit_curated_experimental_outcome_0"", ""absence_of_hazard_statement_not_used"", ""defined_single_structure"", ""exact_identity_deduplicated"", ""current_strong_conflicts_excluded"", ""external_holdout_quarantined"", ""publication_dataset_oecd_405_curation""]",peer_reviewed_curated_experimental_negative,0.9,experimental,"OECD TG 405 experimental eye irritation, curated at dataset level",not irritating / not classified (curated Outcome=0),not_reported_per_record_in_public_sdf,eye:CpId:452,03dc5888f0859ddcc1b694e186bb2137229ea571e3db56572205f482794de03d,https://github.com/joyvb/stoptox,6ba3a7f82ab9fda8534f120114a566eec296e8ae,LSQARZALBDFYQZ-UHFFFAOYSA-N
CC(C)(C)OOC(C)(C)C,0,110-05-4,LSXWFXONGKSEMY-UHFFFAOYSA-N,110-05-4,STopTox peer-reviewed curated experimental irritation dataset,https://doi.org/10.1289/EHP9341,"[""eye:CpId:453""]","[""explicit_curated_experimental_outcome_0"", ""absence_of_hazard_statement_not_used"", ""defined_single_structure"", ""exact_identity_deduplicated"", ""current_strong_conflicts_excluded"", ""external_holdout_quarantined"", ""publication_dataset_oecd_405_curation""]",peer_reviewed_curated_experimental_negative,0.9,experimental,"OECD TG 405 experimental eye irritation, curated at dataset level",not irritating / not classified (curated Outcome=0),not_reported_per_record_in_public_sdf,eye:CpId:453,03dc5888f0859ddcc1b694e186bb2137229ea571e3db56572205f482794de03d,https://github.com/joyvb/stoptox,6ba3a7f82ab9fda8534f120114a566eec296e8ae,LSXWFXONGKSEMY-UHFFFAOYSA-N
CC(I)C1OCC(CO)O1,0,5634-39-9,LTINPJMVDKPJJI-UHFFFAOYSA-N,5634-39-9,STopTox peer-reviewed curated experimental irritation dataset,https://doi.org/10.1289/EHP9341,"[""eye:CpId:2106""]","[""explicit_curated_experimental_outcome_0"", ""absence_of_hazard_statement_not_used"", ""defined_single_structure"", ""exact_identity_deduplicated"", ""current_strong_conflicts_excluded"", ""external_holdout_quarantined"", ""publication_dataset_oecd_405_curation""]",peer_reviewed_curated_experimental_negative,0.9,experimental,"OECD TG 405 experimental eye irritation, curated at dataset level",not irritating / not classified (curated Outcome=0),not_reported_per_record_in_public_sdf,eye:CpId:2106,03dc5888f0859ddcc1b694e186bb2137229ea571e3db56572205f482794de03d,https://github.com/joyvb/stoptox,6ba3a7f82ab9fda8534f120114a566eec296e8ae,"InChI=1S/C6H11IO3/c1-4(7)6-9-3-5(2-8)10-6/h4-6,8H,2-3H2,1H3"
c1ccc(CSCc2ccccc2)cc1,0,538-74-9,LUFPJJNWMYZRQE-UHFFFAOYSA-N,538-74-9,STopTox peer-reviewed curated experimental irritation dataset,https://doi.org/10.1289/EHP9341,"[""eye:CpId:2109""]","[""explicit_curated_experimental_outcome_0"", ""absence_of_hazard_statement_not_used"", ""defined_single_structure"", ""exact_identity_deduplicated"", ""current_strong_conflicts_excluded"", ""external_holdout_quarantined"", ""publication_dataset_oecd_405_curation""]",peer_reviewed_curated_experimental_negative,0.9,experimental,"OECD TG 405 experimental eye irritation, curated at dataset level",not irritating / not classified (curated Outcome=0),not_reported_per_record_in_public_sdf,eye:CpId:2109,03dc5888f0859ddcc1b694e186bb2137229ea571e3db56572205f482794de03d,https://github.com/joyvb/stoptox,6ba3a7f82ab9fda8534f120114a566eec296e8ae,"InChI=1S/C14H14S/c1-3-7-13(8-4-1)11-15-12-14-9-5-2-6-10-14/h1-10H,11-12H2"
C=CC(=O)OCCCCCCCC(C)C,0,1330-61-6,LVGFPWDANALGOY-UHFFFAOYSA-N,1330-61-6,STopTox peer-reviewed curated experimental irritation dataset,https://doi.org/10.1289/EHP9341,"[""eye:CpId:455""]","[""explicit_curated_experimental_outcome_0"", ""absence_of_hazard_statement_not_used"", ""defined_single_structure"", ""exact_identity_deduplicated"", ""current_strong_conflicts_excluded"", ""external_holdout_quarantined"", ""publication_dataset_oecd_405_curation""]",peer_reviewed_curated_experimental_negative,0.9,experimental,"OECD TG 405 experimental eye irritation, curated at dataset level",not irritating / not classified (curated Outcome=0),not_reported_per_record_in_public_sdf,eye:CpId:455,03dc5888f0859ddcc1b694e186bb2137229ea571e3db56572205f482794de03d,https://github.com/joyvb/stoptox,6ba3a7f82ab9fda8534f120114a566eec296e8ae,LVGFPWDANALGOY-UHFFFAOYSA-N
C1CC1,0,75-19-4,LVZWSLJZHVFIQJ-UHFFFAOYSA-N,75-19-4,STopTox peer-reviewed curated experimental irritation dataset,https://doi.org/10.1289/EHP9341,"[""eye:CpId:2116""]","[""explicit_curated_experimental_outcome_0"", ""absence_of_hazard_statement_not_used"", ""defined_single_structure"", ""exact_identity_deduplicated"", ""current_strong_conflicts_excluded"", ""external_holdout_quarantined"", ""publication_dataset_oecd_405_curation""]",peer_reviewed_curated_experimental_negative,0.9,experimental,"OECD TG 405 experimental eye irritation, curated at dataset level",not irritating / not classified (curated Outcome=0),not_reported_per_record_in_public_sdf,eye:CpId:2116,03dc5888f0859ddcc1b694e186bb2137229ea571e3db56572205f482794de03d,https://github.com/joyvb/stoptox,6ba3a7f82ab9fda8534f120114a566eec296e8ae,InChI=1S/C3H6/c1-2-3-1/h1-3H2
ClC1=C(Cl)C(Cl)(C2(Cl)C(Cl)=C(Cl)C(Cl)=C2Cl)C(Cl)=C1Cl,0,2227-17-0,LWLJUMBEZJHXHV-UHFFFAOYSA-N,2227-17-0,STopTox peer-reviewed curated experimental irritation dataset,https://doi.org/10.1289/EHP9341,"[""eye:CpId:2119""]","[""explicit_curated_experimental_outcome_0"", ""absence_of_hazard_statement_not_used"", ""defined_single_structure"", ""exact_identity_deduplicated"", ""current_strong_conflicts_excluded"", ""external_holdout_quarantined"", ""publication_dataset_oecd_405_curation""]",peer_reviewed_curated_experimental_negative,0.9,experimental,"OECD TG 405 experimental eye irritation, curated at dataset level",not irritating / not classified (curated Outcome=0),not_reported_per_record_in_public_sdf,eye:CpId:2119,03dc5888f0859ddcc1b694e186bb2137229ea571e3db56572205f482794de03d,https://github.com/joyvb/stoptox,6ba3a7f82ab9fda8534f120114a566eec296e8ae,"InChI=1S/C10Cl10/c11-1-2(12)6(16)9(19,5(1)15)10(20)7(17)3(13)4(14)8(10)18"
CCCCCCCCCCCC(=O)OCC(CC)CCCC,0,20292-08-4,LWLRMRFJCCMNML-UHFFFAOYSA-N,20292-08-4,STopTox peer-reviewed curated experimental irritation dataset,https://doi.org/10.1289/EHP9341,"[""eye:CpId:458""]","[""explicit_curated_experimental_outcome_0"", ""absence_of_hazard_statement_not_used"", ""defined_single_structure"", ""exact_identity_deduplicated"", ""current_strong_conflicts_excluded"", ""external_holdout_quarantined"", ""publication_dataset_oecd_405_curation""]",peer_reviewed_curated_experimental_negative,0.9,experimental,"OECD TG 405 experimental eye irritation, curated at dataset level",not irritating / not classified (curated Outcome=0),not_reported_per_record_in_public_sdf,eye:CpId:458,03dc5888f0859ddcc1b694e186bb2137229ea571e3db56572205f482794de03d,https://github.com/joyvb/stoptox,6ba3a7f82ab9fda8534f120114a566eec296e8ae,LWLRMRFJCCMNML-UHFFFAOYSA-N
C=C1C(=CC=C2CCCC3(C)C2CCC3C(C)C=CC(O)C2CC2)CC(O)CC1O,0,112965-21-6,LWQQLNNNIPYSNX-UHFFFAOYSA-N,112965-21-6,STopTox peer-reviewed curated experimental irritation dataset,https://doi.org/10.1289/EHP9341,"[""eye:CpId:2120""]","[""explicit_curated_experimental_outcome_0"", ""absence_of_hazard_statement_not_used"", ""defined_single_structure"", ""exact_identity_deduplicated"", ""current_strong_conflicts_excluded"", ""external_holdout_quarantined"", ""publication_dataset_oecd_405_curation""]",peer_reviewed_curated_experimental_negative,0.9,experimental,"OECD TG 405 experimental eye irritation, curated at dataset level",not irritating / not classified (curated Outcome=0),not_reported_per_record_in_public_sdf,eye:CpId:2120,03dc5888f0859ddcc1b694e186bb2137229ea571e3db56572205f482794de03d,https://github.com/joyvb/stoptox,6ba3a7f82ab9fda8534f120114a566eec296e8ae,"InChI=1S/C27H40O3/c1-17(6-13-25(29)20-8-9-20)23-11-12-24-19(5-4-14-27(23,24)3)7-10-21-15-22(28)16-26(30)18(21)2/h6-7,10,13,17,20,22-26,28-30H,2,4-5,8-9,11-12,14-16H2,1,3H3"
COc1ccc(-c2ccc3cc(C(=O)O)ccc3c2)cc1C12CC3CC(CC(C3)C1)C2,0,106685-40-9,LZCDAPDGXCYOEH-UHFFFAOYSA-N,106685-40-9,STopTox peer-reviewed curated experimental irritation dataset,https://doi.org/10.1289/EHP9341,"[""eye:CpId:2132""]","[""explicit_curated_experimental_outcome_0"", ""absence_of_hazard_statement_not_used"", ""defined_single_structure"", ""exact_identity_deduplicated"", ""current_strong_conflicts_excluded"", ""external_holdout_quarantined"", ""publication_dataset_oecd_405_curation""]",peer_reviewed_curated_experimental_negative,0.9,experimental,"OECD TG 405 experimental eye irritation, curated at dataset level",not irritating / not classified (curated Outcome=0),not_reported_per_record_in_public_sdf,eye:CpId:2132,03dc5888f0859ddcc1b694e186bb2137229ea571e3db56572205f482794de03d,https://github.com/joyvb/stoptox,6ba3a7f82ab9fda8534f120114a566eec296e8ae,"InChI=1S/C28H28O3/c1-31-26-7-6-23(21-2-3-22-12-24(27(29)30)5-4-20(22)11-21)13-25(26)28-14-17-8-18(15-28)10-19(9-17)16-28/h2-7,11-13,17-19H,8-10,14-16H2,1H3,(H,29,30)"
CCOCCOCC,0,629-14-1,LZDKZFUFMNSQCJ-UHFFFAOYSA-N,629-14-1,STopTox peer-reviewed curated experimental irritation dataset,https://doi.org/10.1289/EHP9341,"[""eye:CpId:2134""]","[""explicit_curated_experimental_outcome_0"", ""absence_of_hazard_statement_not_used"", ""defined_single_structure"", ""exact_identity_deduplicated"", ""current_strong_conflicts_excluded"", ""external_holdout_quarantined"", ""publication_dataset_oecd_405_curation""]",peer_reviewed_curated_experimental_negative,0.9,experimental,"OECD TG 405 experimental eye irritation, curated at dataset level",not irritating / not classified (curated Outcome=0),not_reported_per_record_in_public_sdf,eye:CpId:2134,03dc5888f0859ddcc1b694e186bb2137229ea571e3db56572205f482794de03d,https://github.com/joyvb/stoptox,6ba3a7f82ab9fda8534f120114a566eec296e8ae,"InChI=1S/C6H14O2/c1-3-7-5-6-8-4-2/h3-6H2,1-2H3"
CNCC(O)C(O)C(O)C(O)CO,0,6284-40-8,MBBZMMPHUWSWHV-UHFFFAOYSA-N,6284-40-8,STopTox peer-reviewed curated experimental irritation dataset,https://doi.org/10.1289/EHP9341,"[""eye:CpId:2137""]","[""explicit_curated_experimental_outcome_0"", ""absence_of_hazard_statement_not_used"", ""defined_single_structure"", ""exact_identity_deduplicated"", ""current_strong_conflicts_excluded"", ""external_holdout_quarantined"", ""publication_dataset_oecd_405_curation""]",peer_reviewed_curated_experimental_negative,0.9,experimental,"OECD TG 405 experimental eye irritation, curated at dataset level",not irritating / not classified (curated Outcome=0),not_reported_per_record_in_public_sdf,eye:CpId:2137,03dc5888f0859ddcc1b694e186bb2137229ea571e3db56572205f482794de03d,https://github.com/joyvb/stoptox,6ba3a7f82ab9fda8534f120114a566eec296e8ae,"InChI=1S/C7H17NO5/c1-8-2-4(10)6(12)7(13)5(11)3-9/h4-13H,2-3H2,1H3"
CC(=CCC1=C(C)C(=O)c2ccccc2C1=O)CCCC(C)CCCC(C)CCCC(C)C,0,12001-79-5 84-80-0,MBWXNTAXLNYFJB-UHFFFAOYSA-N,12001-79-5 84-80-0,STopTox peer-reviewed curated experimental irritation dataset,https://doi.org/10.1289/EHP9341,"[""eye:CpId:2141""]","[""explicit_curated_experimental_outcome_0"", ""absence_of_hazard_statement_not_used"", ""defined_single_structure"", ""exact_identity_deduplicated"", ""current_strong_conflicts_excluded"", ""external_holdout_quarantined"", ""publication_dataset_oecd_405_curation""]",peer_reviewed_curated_experimental_negative,0.9,experimental,"OECD TG 405 experimental eye irritation, curated at dataset level",not irritating / not classified (curated Outcome=0),not_reported_per_record_in_public_sdf,eye:CpId:2141,03dc5888f0859ddcc1b694e186bb2137229ea571e3db56572205f482794de03d,https://github.com/joyvb/stoptox,6ba3a7f82ab9fda8534f120114a566eec296e8ae,"InChI=1S/C31H46O2/c1-22(2)12-9-13-23(3)14-10-15-24(4)16-11-17-25(5)20-21-27-26(6)30(32)28-18-7-8-19-29(28)31(27)33/h7-8,18-20,22-24H,9-17,21H2,1-6H3"
CC(=O)OC1CCC(C(C)(C)C)CC1,0,32210-23-4,MBZRJSQZCBXRGK-UHFFFAOYSA-N,32210-23-4,STopTox peer-reviewed curated experimental irritation dataset,https://doi.org/10.1289/EHP9341,"[""eye:CpId:464""]","[""explicit_curated_experimental_outcome_0"", ""absence_of_hazard_statement_not_used"", ""defined_single_structure"", ""exact_identity_deduplicated"", ""current_strong_conflicts_excluded"", ""external_holdout_quarantined"", ""publication_dataset_oecd_405_curation""]",peer_reviewed_curated_experimental_negative,0.9,experimental,"OECD TG 405 experimental eye irritation, curated at dataset level",not irritating / not classified (curated Outcome=0),not_reported_per_record_in_public_sdf,eye:CpId:464,03dc5888f0859ddcc1b694e186bb2137229ea571e3db56572205f482794de03d,https://github.com/joyvb/stoptox,6ba3a7f82ab9fda8534f120114a566eec296e8ae,MBZRJSQZCBXRGK-UHFFFAOYSA-N
CC(C(=O)O)c1ccc(C(=O)c2cccs2)cc1,0,40828-46-4,MDKGKXOCJGEUJW-UHFFFAOYSA-N,40828-46-4,STopTox peer-reviewed curated experimental irritation dataset,https://doi.org/10.1289/EHP9341,"[""eye:CpId:2149""]","[""explicit_curated_experimental_outcome_0"", ""absence_of_hazard_statement_not_used"", ""defined_single_structure"", ""exact_identity_deduplicated"", ""current_strong_conflicts_excluded"", ""external_holdout_quarantined"", ""publication_dataset_oecd_405_curation""]",peer_reviewed_curated_experimental_negative,0.9,experimental,"OECD TG 405 experimental eye irritation, curated at dataset level",not irritating / not classified (curated Outcome=0),not_reported_per_record_in_public_sdf,eye:CpId:2149,03dc5888f0859ddcc1b694e186bb2137229ea571e3db56572205f482794de03d,https://github.com/joyvb/stoptox,6ba3a7f82ab9fda8534f120114a566eec296e8ae,"InChI=1S/C14H12O3S/c1-9(14(16)17)10-4-6-11(7-5-10)13(15)12-3-2-8-18-12/h2-9H,1H3,(H,16,17)"
C=C(C)C(=O)OCCCCCCC,0,5459-37-0,MDNFYIAABKQDML-UHFFFAOYSA-N,5459-37-0,STopTox peer-reviewed curated experimental irritation dataset,https://doi.org/10.1289/EHP9341,"[""eye:CpId:2150""]","[""explicit_curated_experimental_outcome_0"", ""absence_of_hazard_statement_not_used"", ""defined_single_structure"", ""exact_identity_deduplicated"", ""current_strong_conflicts_excluded"", ""external_holdout_quarantined"", ""publication_dataset_oecd_405_curation""]",peer_reviewed_curated_experimental_negative,0.9,experimental,"OECD TG 405 experimental eye irritation, curated at dataset level",not irritating / not classified (curated Outcome=0),not_reported_per_record_in_public_sdf,eye:CpId:2150,03dc5888f0859ddcc1b694e186bb2137229ea571e3db56572205f482794de03d,https://github.com/joyvb/stoptox,6ba3a7f82ab9fda8534f120114a566eec296e8ae,"InChI=1S/C11H20O2/c1-4-5-6-7-8-9-13-11(12)10(2)3/h2,4-9H2,1,3H3"
CC1CCC(C(C)C)C(OCC(O)CO)C1,0,87061-04-9,MDVYIGJINBYKOM-UHFFFAOYSA-N,87061-04-9,STopTox peer-reviewed curated experimental irritation dataset,https://doi.org/10.1289/EHP9341,"[""eye:CpId:467""]","[""explicit_curated_experimental_outcome_0"", ""absence_of_hazard_statement_not_used"", ""defined_single_structure"", ""exact_identity_deduplicated"", ""current_strong_conflicts_excluded"", ""external_holdout_quarantined"", ""publication_dataset_oecd_405_curation""]",peer_reviewed_curated_experimental_negative,0.9,experimental,"OECD TG 405 experimental eye irritation, curated at dataset level",not irritating / not classified (curated Outcome=0),not_reported_per_record_in_public_sdf,eye:CpId:467,03dc5888f0859ddcc1b694e186bb2137229ea571e3db56572205f482794de03d,https://github.com/joyvb/stoptox,6ba3a7f82ab9fda8534f120114a566eec296e8ae,MDVYIGJINBYKOM-UHFFFAOYSA-N
CC(C)(C)c1cc(Cc2cc(C(C)(C)C)c(O)c(C(C)(C)C)c2)cc(C(C)(C)C)c1O,0,118-82-1,MDWVSAYEQPLWMX-UHFFFAOYSA-N,118-82-1,STopTox peer-reviewed curated experimental irritation dataset,https://doi.org/10.1289/EHP9341,"[""eye:CpId:468""]","[""explicit_curated_experimental_outcome_0"", ""absence_of_hazard_statement_not_used"", ""defined_single_structure"", ""exact_identity_deduplicated"", ""current_strong_conflicts_excluded"", ""external_holdout_quarantined"", ""publication_dataset_oecd_405_curation""]",peer_reviewed_curated_experimental_negative,0.9,experimental,"OECD TG 405 experimental eye irritation, curated at dataset level",not irritating / not classified (curated Outcome=0),not_reported_per_record_in_public_sdf,eye:CpId:468,03dc5888f0859ddcc1b694e186bb2137229ea571e3db56572205f482794de03d,https://github.com/joyvb/stoptox,6ba3a7f82ab9fda8534f120114a566eec296e8ae,MDWVSAYEQPLWMX-UHFFFAOYSA-N
C=CC(=O)OCCCCCCCCC,0,2664-55-3,MDYPDLBFDATSCF-UHFFFAOYSA-N,2664-55-3,STopTox peer-reviewed curated experimental irritation dataset,https://doi.org/10.1289/EHP9341,"[""eye:CpId:2152""]","[""explicit_curated_experimental_outcome_0"", ""absence_of_hazard_statement_not_used"", ""defined_single_structure"", ""exact_identity_deduplicated"", ""current_strong_conflicts_excluded"", ""external_holdout_quarantined"", ""publication_dataset_oecd_405_curation""]",peer_reviewed_curated_experimental_negative,0.9,experimental,"OECD TG 405 experimental eye irritation, curated at dataset level",not irritating / not classified (curated Outcome=0),not_reported_per_record_in_public_sdf,eye:CpId:2152,03dc5888f0859ddcc1b694e186bb2137229ea571e3db56572205f482794de03d,https://github.com/joyvb/stoptox,6ba3a7f82ab9fda8534f120114a566eec296e8ae,"InChI=1S/C12H22O2/c1-3-5-6-7-8-9-10-11-14-12(13)4-2/h4H,2-3,5-11H2,1H3"
C1CCCC2OC2CC1,0,286-62-4,MELPJGOMEMRMPL-UHFFFAOYSA-N,286-62-4,STopTox peer-reviewed curated experimental irritation dataset,https://doi.org/10.1289/EHP9341,"[""eye:CpId:2155""]","[""explicit_curated_experimental_outcome_0"", ""absence_of_hazard_statement_not_used"", ""defined_single_structure"", ""exact_identity_deduplicated"", ""current_strong_conflicts_excluded"", ""external_holdout_quarantined"", ""publication_dataset_oecd_405_curation""]",peer_reviewed_curated_experimental_negative,0.9,experimental,"OECD TG 405 experimental eye irritation, curated at dataset level",not irritating / not classified (curated Outcome=0),not_reported_per_record_in_public_sdf,eye:CpId:2155,03dc5888f0859ddcc1b694e186bb2137229ea571e3db56572205f482794de03d,https://github.com/joyvb/stoptox,6ba3a7f82ab9fda8534f120114a566eec296e8ae,"InChI=1S/C8H14O/c1-2-4-6-8-7(9-8)5-3-1/h7-8H,1-6H2"
CC12CCC(=O)C=C1C1CC1C1C2CCC2(C)C1C1CC1C21CCC(=O)O1,0,67392-87-4,METQSPRSQINEEU-UHFFFAOYSA-N,67392-87-4,STopTox peer-reviewed curated experimental irritation dataset,https://doi.org/10.1289/EHP9341,"[""eye:CpId:2157""]","[""explicit_curated_experimental_outcome_0"", ""absence_of_hazard_statement_not_used"", ""defined_single_structure"", ""exact_identity_deduplicated"", ""current_strong_conflicts_excluded"", ""external_holdout_quarantined"", ""publication_dataset_oecd_405_curation""]",peer_reviewed_curated_experimental_negative,0.9,experimental,"OECD TG 405 experimental eye irritation, curated at dataset level",not irritating / not classified (curated Outcome=0),not_reported_per_record_in_public_sdf,eye:CpId:2157,03dc5888f0859ddcc1b694e186bb2137229ea571e3db56572205f482794de03d,https://github.com/joyvb/stoptox,6ba3a7f82ab9fda8534f120114a566eec296e8ae,"InChI=1S/C24H30O3/c1-22-6-3-12(25)9-17(22)13-10-14(13)20-16(22)4-7-23(2)21(20)15-11-18(15)24(23)8-5-19(26)27-24/h9,13-16,18,20-21H,3-8,10-11H2,1-2H3"
C#CCN(C)C(C)Cc1ccccc1,0,14611-51-9,MEZLKOACVSPNER-UHFFFAOYSA-N,14611-51-9,STopTox peer-reviewed curated experimental irritation dataset,https://doi.org/10.1289/EHP9341,"[""eye:CpId:2158""]","[""explicit_curated_experimental_outcome_0"", ""absence_of_hazard_statement_not_used"", ""defined_single_structure"", ""exact_identity_deduplicated"", ""current_strong_conflicts_excluded"", ""external_holdout_quarantined"", ""publication_dataset_oecd_405_curation""]",peer_reviewed_curated_experimental_negative,0.9,experimental,"OECD TG 405 experimental eye irritation, curated at dataset level",not irritating / not classified (curated Outcome=0),not_reported_per_record_in_public_sdf,eye:CpId:2158,03dc5888f0859ddcc1b694e186bb2137229ea571e3db56572205f482794de03d,https://github.com/joyvb/stoptox,6ba3a7f82ab9fda8534f120114a566eec296e8ae,"InChI=1S/C13H17N/c1-4-10-14(3)12(2)11-13-8-6-5-7-9-13/h1,5-9,12H,10-11H2,2-3H3"
CCCCCCCCCCCC(=O)N(CCCC)CCCC,0,5343-44-2,MFARGUPPFBTESX-UHFFFAOYSA-N,5343-44-2,STopTox peer-reviewed curated experimental irritation dataset,https://doi.org/10.1289/EHP9341,"[""eye:CpId:470""]","[""explicit_curated_experimental_outcome_0"", ""absence_of_hazard_statement_not_used"", ""defined_single_structure"", ""exact_identity_deduplicated"", ""current_strong_conflicts_excluded"", ""external_holdout_quarantined"", ""publication_dataset_oecd_405_curation""]",peer_reviewed_curated_experimental_negative,0.9,experimental,"OECD TG 405 experimental eye irritation, curated at dataset level",not irritating / not classified (curated Outcome=0),not_reported_per_record_in_public_sdf,eye:CpId:470,03dc5888f0859ddcc1b694e186bb2137229ea571e3db56572205f482794de03d,https://github.com/joyvb/stoptox,6ba3a7f82ab9fda8534f120114a566eec296e8ae,MFARGUPPFBTESX-UHFFFAOYSA-N
CC1C(c2ccccc2)OCCN1C,0,634-03-7,MFOCDFTXLCYLKU-UHFFFAOYSA-N,634-03-7,STopTox peer-reviewed curated experimental irritation dataset,https://doi.org/10.1289/EHP9341,"[""eye:CpId:2162""]","[""explicit_curated_experimental_outcome_0"", ""absence_of_hazard_statement_not_used"", ""defined_single_structure"", ""exact_identity_deduplicated"", ""current_strong_conflicts_excluded"", ""external_holdout_quarantined"", ""publication_dataset_oecd_405_curation""]",peer_reviewed_curated_experimental_negative,0.9,experimental,"OECD TG 405 experimental eye irritation, curated at dataset level",not irritating / not classified (curated Outcome=0),not_reported_per_record_in_public_sdf,eye:CpId:2162,03dc5888f0859ddcc1b694e186bb2137229ea571e3db56572205f482794de03d,https://github.com/joyvb/stoptox,6ba3a7f82ab9fda8534f120114a566eec296e8ae,"InChI=1S/C12H17NO/c1-10-12(14-9-8-13(10)2)11-6-4-3-5-7-11/h3-7,10,12H,8-9H2,1-2H3"
CC12CCC(=O)C=C1CCC1C2C(=O)CC2(C)C1CCC2(O)C(=O)CO,0,53-06-5,MFYSYFVPBJMHGN-UHFFFAOYSA-N,53-06-5,STopTox peer-reviewed curated experimental irritation dataset,https://doi.org/10.1289/EHP9341,"[""eye:CpId:2166""]","[""explicit_curated_experimental_outcome_0"", ""absence_of_hazard_statement_not_used"", ""defined_single_structure"", ""exact_identity_deduplicated"", ""current_strong_conflicts_excluded"", ""external_holdout_quarantined"", ""publication_dataset_oecd_405_curation""]",peer_reviewed_curated_experimental_negative,0.9,experimental,"OECD TG 405 experimental eye irritation, curated at dataset level",not irritating / not classified (curated Outcome=0),not_reported_per_record_in_public_sdf,eye:CpId:2166,03dc5888f0859ddcc1b694e186bb2137229ea571e3db56572205f482794de03d,https://github.com/joyvb/stoptox,6ba3a7f82ab9fda8534f120114a566eec296e8ae,"InChI=1S/C21H28O5/c1-19-7-5-13(23)9-12(19)3-4-14-15-6-8-21(26,17(25)11-22)20(15,2)10-16(24)18(14)19/h9,14-15,18,22,26H,3-8,10-11H2,1-2H3"
O=C(O)CN(CC(=O)O)CC(=O)O,0,5064-31-3,MGFYIUFZLHCRTH-UHFFFAOYSA-N,5064-31-3,STopTox peer-reviewed curated experimental irritation dataset,https://doi.org/10.1289/EHP9341,"[""eye:CpId:473""]","[""explicit_curated_experimental_outcome_0"", ""absence_of_hazard_statement_not_used"", ""defined_single_structure"", ""exact_identity_deduplicated"", ""current_strong_conflicts_excluded"", ""external_holdout_quarantined"", ""publication_dataset_oecd_405_curation""]",peer_reviewed_curated_experimental_negative,0.9,experimental,"OECD TG 405 experimental eye irritation, curated at dataset level",not irritating / not classified (curated Outcome=0),not_reported_per_record_in_public_sdf,eye:CpId:473,03dc5888f0859ddcc1b694e186bb2137229ea571e3db56572205f482794de03d,https://github.com/joyvb/stoptox,6ba3a7f82ab9fda8534f120114a566eec296e8ae,MGFYIUFZLHCRTH-UHFFFAOYSA-K
CC(C)COC(=O)c1ccccc1C(=O)OCC(C)C,0,84-69-5,MGWAVDBGNNKXQV-UHFFFAOYSA-N,84-69-5,STopTox peer-reviewed curated experimental irritation dataset,https://doi.org/10.1289/EHP9341,"[""eye:CpId:476""]","[""explicit_curated_experimental_outcome_0"", ""absence_of_hazard_statement_not_used"", ""defined_single_structure"", ""exact_identity_deduplicated"", ""current_strong_conflicts_excluded"", ""external_holdout_quarantined"", ""publication_dataset_oecd_405_curation""]",peer_reviewed_curated_experimental_negative,0.9,experimental,"OECD TG 405 experimental eye irritation, curated at dataset level",not irritating / not classified (curated Outcome=0),not_reported_per_record_in_public_sdf,eye:CpId:476,03dc5888f0859ddcc1b694e186bb2137229ea571e3db56572205f482794de03d,https://github.com/joyvb/stoptox,6ba3a7f82ab9fda8534f120114a566eec296e8ae,MGWAVDBGNNKXQV-UHFFFAOYSA-N
OO,0,7722-84-1,MHAJPDPJQMAIIY-UHFFFAOYSA-N,7722-84-1,STopTox peer-reviewed curated experimental irritation dataset,https://doi.org/10.1289/EHP9341,"[""eye:CpId:477""]","[""explicit_curated_experimental_outcome_0"", ""absence_of_hazard_statement_not_used"", ""defined_single_structure"", ""exact_identity_deduplicated"", ""current_strong_conflicts_excluded"", ""external_holdout_quarantined"", ""publication_dataset_oecd_405_curation""]",peer_reviewed_curated_experimental_negative,0.9,experimental,"OECD TG 405 experimental eye irritation, curated at dataset level",not irritating / not classified (curated Outcome=0),not_reported_per_record_in_public_sdf,eye:CpId:477,03dc5888f0859ddcc1b694e186bb2137229ea571e3db56572205f482794de03d,https://github.com/joyvb/stoptox,6ba3a7f82ab9fda8534f120114a566eec296e8ae,MHAJPDPJQMAIIY-UHFFFAOYSA-N
c1ccc(COCc2ccccc2)cc1,0,103-50-4,MHDVGSVTJDSBDK-UHFFFAOYSA-N,103-50-4,STopTox peer-reviewed curated experimental irritation dataset,https://doi.org/10.1289/EHP9341,"[""eye:CpId:478""]","[""explicit_curated_experimental_outcome_0"", ""absence_of_hazard_statement_not_used"", ""defined_single_structure"", ""exact_identity_deduplicated"", ""current_strong_conflicts_excluded"", ""external_holdout_quarantined"", ""publication_dataset_oecd_405_curation""]",peer_reviewed_curated_experimental_negative,0.9,experimental,"OECD TG 405 experimental eye irritation, curated at dataset level",not irritating / not classified (curated Outcome=0),not_reported_per_record_in_public_sdf,eye:CpId:478,03dc5888f0859ddcc1b694e186bb2137229ea571e3db56572205f482794de03d,https://github.com/joyvb/stoptox,6ba3a7f82ab9fda8534f120114a566eec296e8ae,MHDVGSVTJDSBDK-UHFFFAOYSA-N
C=C(C)CC,0,26760-64-5,MHNNAWXXUZQSNM-UHFFFAOYSA-N,26760-64-5,STopTox peer-reviewed curated experimental irritation dataset,https://doi.org/10.1289/EHP9341,"[""eye:CpId:479""]","[""explicit_curated_experimental_outcome_0"", ""absence_of_hazard_statement_not_used"", ""defined_single_structure"", ""exact_identity_deduplicated"", ""current_strong_conflicts_excluded"", ""external_holdout_quarantined"", ""publication_dataset_oecd_405_curation""]",peer_reviewed_curated_experimental_negative,0.9,experimental,"OECD TG 405 experimental eye irritation, curated at dataset level",not irritating / not classified (curated Outcome=0),not_reported_per_record_in_public_sdf,eye:CpId:479,03dc5888f0859ddcc1b694e186bb2137229ea571e3db56572205f482794de03d,https://github.com/joyvb/stoptox,6ba3a7f82ab9fda8534f120114a566eec296e8ae,MHNNAWXXUZQSNM-UHFFFAOYSA-N
CCCCCCCCCCCCCCCCCC(=O)OCCCCCCCCCCCCCC,0,17661-50-6,MHXBHWLGRWOABW-UHFFFAOYSA-N,17661-50-6,STopTox peer-reviewed curated experimental irritation dataset,https://doi.org/10.1289/EHP9341,"[""eye:CpId:2172""]","[""explicit_curated_experimental_outcome_0"", ""absence_of_hazard_statement_not_used"", ""defined_single_structure"", ""exact_identity_deduplicated"", ""current_strong_conflicts_excluded"", ""external_holdout_quarantined"", ""publication_dataset_oecd_405_curation""]",peer_reviewed_curated_experimental_negative,0.9,experimental,"OECD TG 405 experimental eye irritation, curated at dataset level",not irritating / not classified (curated Outcome=0),not_reported_per_record_in_public_sdf,eye:CpId:2172,03dc5888f0859ddcc1b694e186bb2137229ea571e3db56572205f482794de03d,https://github.com/joyvb/stoptox,6ba3a7f82ab9fda8534f120114a566eec296e8ae,"InChI=1S/C32H64O2/c1-3-5-7-9-11-13-15-17-18-19-20-22-24-26-28-30-32(33)34-31-29-27-25-23-21-16-14-12-10-8-6-4-2/h3-31H2,1-2H3"
Nc1c(Oc2ccccc2)cc(O)c2c1C(=O)c1ccccc1C2=O,0,17418-58-5,MHXFWEJMQVIWDH-UHFFFAOYSA-N,17418-58-5,STopTox peer-reviewed curated experimental irritation dataset,https://doi.org/10.1289/EHP9341,"[""eye:CpId:2173""]","[""explicit_curated_experimental_outcome_0"", ""absence_of_hazard_statement_not_used"", ""defined_single_structure"", ""exact_identity_deduplicated"", ""current_strong_conflicts_excluded"", ""external_holdout_quarantined"", ""publication_dataset_oecd_405_curation""]",peer_reviewed_curated_experimental_negative,0.9,experimental,"OECD TG 405 experimental eye irritation, curated at dataset level",not irritating / not classified (curated Outcome=0),not_reported_per_record_in_public_sdf,eye:CpId:2173,03dc5888f0859ddcc1b694e186bb2137229ea571e3db56572205f482794de03d,https://github.com/joyvb/stoptox,6ba3a7f82ab9fda8534f120114a566eec296e8ae,"InChI=1S/C20H13NO4/c21-18-15(25-11-6-2-1-3-7-11)10-14(22)16-17(18)20(24)13-9-5-4-8-12(13)19(16)23/h1-10,22H,21H2"
Cc1ccc(C(=O)c2cc(O)c(O)c([N+](=O)[O-])c2)cc1,0,134308-13-7,MIQPIUSUKVNLNT-UHFFFAOYSA-N,134308-13-7,STopTox peer-reviewed curated experimental irritation dataset,https://doi.org/10.1289/EHP9341,"[""eye:CpId:2176""]","[""explicit_curated_experimental_outcome_0"", ""absence_of_hazard_statement_not_used"", ""defined_single_structure"", ""exact_identity_deduplicated"", ""current_strong_conflicts_excluded"", ""external_holdout_quarantined"", ""publication_dataset_oecd_405_curation""]",peer_reviewed_curated_experimental_negative,0.9,experimental,"OECD TG 405 experimental eye irritation, curated at dataset level",not irritating / not classified (curated Outcome=0),not_reported_per_record_in_public_sdf,eye:CpId:2176,03dc5888f0859ddcc1b694e186bb2137229ea571e3db56572205f482794de03d,https://github.com/joyvb/stoptox,6ba3a7f82ab9fda8534f120114a566eec296e8ae,"InChI=1S/C14H11NO5/c1-8-2-4-9(5-3-8)13(17)10-6-11(15(19)20)14(18)12(16)7-10/h2-7,16,18H,1H3"
CCCCCCOC(=O)CCCCCCCC(=O)OCCCCCC,0,109-31-9,MJOKHGMXPJXFTG-UHFFFAOYSA-N,109-31-9,STopTox peer-reviewed curated experimental irritation dataset,https://doi.org/10.1289/EHP9341,"[""eye:CpId:2179""]","[""explicit_curated_experimental_outcome_0"", ""absence_of_hazard_statement_not_used"", ""defined_single_structure"", ""exact_identity_deduplicated"", ""current_strong_conflicts_excluded"", ""external_holdout_quarantined"", ""publication_dataset_oecd_405_curation""]",peer_reviewed_curated_experimental_negative,0.9,experimental,"OECD TG 405 experimental eye irritation, curated at dataset level",not irritating / not classified (curated Outcome=0),not_reported_per_record_in_public_sdf,eye:CpId:2179,03dc5888f0859ddcc1b694e186bb2137229ea571e3db56572205f482794de03d,https://github.com/joyvb/stoptox,6ba3a7f82ab9fda8534f120114a566eec296e8ae,"InChI=1S/C21H40O4/c1-3-5-7-14-18-24-20(22)16-12-10-9-11-13-17-21(23)25-19-15-8-6-4-2/h3-19H2,1-2H3"
CC1=CC(=O)c2ccccc2C1=O,0,58-27-5,MJVAVZPDRWSRRC-UHFFFAOYSA-N,58-27-5,STopTox peer-reviewed curated experimental irritation dataset,https://doi.org/10.1289/EHP9341,"[""eye:CpId:2180""]","[""explicit_curated_experimental_outcome_0"", ""absence_of_hazard_statement_not_used"", ""defined_single_structure"", ""exact_identity_deduplicated"", ""current_strong_conflicts_excluded"", ""external_holdout_quarantined"", ""publication_dataset_oecd_405_curation""]",peer_reviewed_curated_experimental_negative,0.9,experimental,"OECD TG 405 experimental eye irritation, curated at dataset level",not irritating / not classified (curated Outcome=0),not_reported_per_record_in_public_sdf,eye:CpId:2180,03dc5888f0859ddcc1b694e186bb2137229ea571e3db56572205f482794de03d,https://github.com/joyvb/stoptox,6ba3a7f82ab9fda8534f120114a566eec296e8ae,"InChI=1S/C11H8O2/c1-7-6-10(12)8-4-2-3-5-9(8)11(7)13/h2-6H,1H3"
CC(C)C(=O)Nc1ccc([N+](=O)[O-])c(C(F)(F)F)c1,0,13311-84-7,MKXKFYHWDHIYRV-UHFFFAOYSA-N,13311-84-7,STopTox peer-reviewed curated experimental irritation dataset,https://doi.org/10.1289/EHP9341,"[""eye:CpId:2186""]","[""explicit_curated_experimental_outcome_0"", ""absence_of_hazard_statement_not_used"", ""defined_single_structure"", ""exact_identity_deduplicated"", ""current_strong_conflicts_excluded"", ""external_holdout_quarantined"", ""publication_dataset_oecd_405_curation""]",peer_reviewed_curated_experimental_negative,0.9,experimental,"OECD TG 405 experimental eye irritation, curated at dataset level",not irritating / not classified (curated Outcome=0),not_reported_per_record_in_public_sdf,eye:CpId:2186,03dc5888f0859ddcc1b694e186bb2137229ea571e3db56572205f482794de03d,https://github.com/joyvb/stoptox,6ba3a7f82ab9fda8534f120114a566eec296e8ae,"InChI=1S/C11H11F3N2O3/c1-6(2)10(17)15-7-3-4-9(16(18)19)8(5-7)11(12,13)14/h3-6H,1-2H3,(H,15,17)"
CC(=O)OCC(C)OC(C)=O,0,623-84-7,MLHOXUWWKVQEJB-UHFFFAOYSA-N,623-84-7,STopTox peer-reviewed curated experimental irritation dataset,https://doi.org/10.1289/EHP9341,"[""eye:CpId:484""]","[""explicit_curated_experimental_outcome_0"", ""absence_of_hazard_statement_not_used"", ""defined_single_structure"", ""exact_identity_deduplicated"", ""current_strong_conflicts_excluded"", ""external_holdout_quarantined"", ""publication_dataset_oecd_405_curation""]",peer_reviewed_curated_experimental_negative,0.9,experimental,"OECD TG 405 experimental eye irritation, curated at dataset level",not irritating / not classified (curated Outcome=0),not_reported_per_record_in_public_sdf,eye:CpId:484,03dc5888f0859ddcc1b694e186bb2137229ea571e3db56572205f482794de03d,https://github.com/joyvb/stoptox,6ba3a7f82ab9fda8534f120114a566eec296e8ae,MLHOXUWWKVQEJB-UHFFFAOYSA-N
CCCCCCBr,0,111-25-1,MNDIARAMWBIKFW-UHFFFAOYSA-N,111-25-1,STopTox peer-reviewed curated experimental irritation dataset,https://doi.org/10.1289/EHP9341,"[""eye:CpId:2195""]","[""explicit_curated_experimental_outcome_0"", ""absence_of_hazard_statement_not_used"", ""defined_single_structure"", ""exact_identity_deduplicated"", ""current_strong_conflicts_excluded"", ""external_holdout_quarantined"", ""publication_dataset_oecd_405_curation""]",peer_reviewed_curated_experimental_negative,0.9,experimental,"OECD TG 405 experimental eye irritation, curated at dataset level",not irritating / not classified (curated Outcome=0),not_reported_per_record_in_public_sdf,eye:CpId:2195,03dc5888f0859ddcc1b694e186bb2137229ea571e3db56572205f482794de03d,https://github.com/joyvb/stoptox,6ba3a7f82ab9fda8534f120114a566eec296e8ae,"InChI=1S/C6H13Br/c1-2-3-4-5-6-7/h2-6H2,1H3"
CCCCCCC(=O)O,0,68855-18-5,MNWFXJYAOYHMED-UHFFFAOYSA-N,68855-18-5,STopTox peer-reviewed curated experimental irritation dataset,https://doi.org/10.1289/EHP9341,"[""eye:CpId:487""]","[""explicit_curated_experimental_outcome_0"", ""absence_of_hazard_statement_not_used"", ""defined_single_structure"", ""exact_identity_deduplicated"", ""current_strong_conflicts_excluded"", ""external_holdout_quarantined"", ""publication_dataset_oecd_405_curation""]",peer_reviewed_curated_experimental_negative,0.9,experimental,"OECD TG 405 experimental eye irritation, curated at dataset level",not irritating / not classified (curated Outcome=0),not_reported_per_record_in_public_sdf,eye:CpId:487,03dc5888f0859ddcc1b694e186bb2137229ea571e3db56572205f482794de03d,https://github.com/joyvb/stoptox,6ba3a7f82ab9fda8534f120114a566eec296e8ae,MNWFXJYAOYHMED-UHFFFAOYSA-N
COCc1ccc(-c2ccc(COC)cc2)cc1,0,3753-18-2,MODAACUAXYPNJH-UHFFFAOYSA-N,3753-18-2,STopTox peer-reviewed curated experimental irritation dataset,https://doi.org/10.1289/EHP9341,"[""eye:CpId:488""]","[""explicit_curated_experimental_outcome_0"", ""absence_of_hazard_statement_not_used"", ""defined_single_structure"", ""exact_identity_deduplicated"", ""current_strong_conflicts_excluded"", ""external_holdout_quarantined"", ""publication_dataset_oecd_405_curation""]",peer_reviewed_curated_experimental_negative,0.9,experimental,"OECD TG 405 experimental eye irritation, curated at dataset level",not irritating / not classified (curated Outcome=0),not_reported_per_record_in_public_sdf,eye:CpId:488,03dc5888f0859ddcc1b694e186bb2137229ea571e3db56572205f482794de03d,https://github.com/joyvb/stoptox,6ba3a7f82ab9fda8534f120114a566eec296e8ae,MODAACUAXYPNJH-UHFFFAOYSA-N
CC1=CCC(=C(C)C)CC1,0,586-62-9,MOYAFQVGZZPNRA-UHFFFAOYSA-N,586-62-9,STopTox peer-reviewed curated experimental irritation dataset,https://doi.org/10.1289/EHP9341,"[""eye:CpId:491""]","[""explicit_curated_experimental_outcome_0"", ""absence_of_hazard_statement_not_used"", ""defined_single_structure"", ""exact_identity_deduplicated"", ""current_strong_conflicts_excluded"", ""external_holdout_quarantined"", ""publication_dataset_oecd_405_curation""]",peer_reviewed_curated_experimental_negative,0.9,experimental,"OECD TG 405 experimental eye irritation, curated at dataset level",not irritating / not classified (curated Outcome=0),not_reported_per_record_in_public_sdf,eye:CpId:491,03dc5888f0859ddcc1b694e186bb2137229ea571e3db56572205f482794de03d,https://github.com/joyvb/stoptox,6ba3a7f82ab9fda8534f120114a566eec296e8ae,MOYAFQVGZZPNRA-UHFFFAOYSA-N
Nc1ccc(S(=O)(=O)c2ccc(N)cc2)cc1,0,80-08-0,MQJKPEGWNLWLTK-UHFFFAOYSA-N,80-08-0,STopTox peer-reviewed curated experimental irritation dataset,https://doi.org/10.1289/EHP9341,"[""eye:CpId:2207""]","[""explicit_curated_experimental_outcome_0"", ""absence_of_hazard_statement_not_used"", ""defined_single_structure"", ""exact_identity_deduplicated"", ""current_strong_conflicts_excluded"", ""external_holdout_quarantined"", ""publication_dataset_oecd_405_curation""]",peer_reviewed_curated_experimental_negative,0.9,experimental,"OECD TG 405 experimental eye irritation, curated at dataset level",not irritating / not classified (curated Outcome=0),not_reported_per_record_in_public_sdf,eye:CpId:2207,03dc5888f0859ddcc1b694e186bb2137229ea571e3db56572205f482794de03d,https://github.com/joyvb/stoptox,6ba3a7f82ab9fda8534f120114a566eec296e8ae,"InChI=1S/C12H12N2O2S/c13-9-1-5-11(6-2-9)17(15,16)12-7-3-10(14)4-8-12/h1-8H,13-14H2"
CC(C)(Oc1ccc(C(=O)c2ccc(Cl)cc2)cc1)C(=O)O,0,42017-89-0,MQOBSOSZFYZQOK-UHFFFAOYSA-N,42017-89-0,STopTox peer-reviewed curated experimental irritation dataset,https://doi.org/10.1289/EHP9341,"[""eye:CpId:2209""]","[""explicit_curated_experimental_outcome_0"", ""absence_of_hazard_statement_not_used"", ""defined_single_structure"", ""exact_identity_deduplicated"", ""current_strong_conflicts_excluded"", ""external_holdout_quarantined"", ""publication_dataset_oecd_405_curation""]",peer_reviewed_curated_experimental_negative,0.9,experimental,"OECD TG 405 experimental eye irritation, curated at dataset level",not irritating / not classified (curated Outcome=0),not_reported_per_record_in_public_sdf,eye:CpId:2209,03dc5888f0859ddcc1b694e186bb2137229ea571e3db56572205f482794de03d,https://github.com/joyvb/stoptox,6ba3a7f82ab9fda8534f120114a566eec296e8ae,"InChI=1S/C17H15ClO4/c1-17(2,16(20)21)22-14-9-5-12(6-10-14)15(19)11-3-7-13(18)8-4-11/h3-10H,1-2H3,(H,20,21)"
O=Cc1cccc(Oc2ccccc2)c1,0,39515-51-0,MRLGCTNJRREZHZ-UHFFFAOYSA-N,39515-51-0,STopTox peer-reviewed curated experimental irritation dataset,https://doi.org/10.1289/EHP9341,"[""eye:CpId:2212""]","[""explicit_curated_experimental_outcome_0"", ""absence_of_hazard_statement_not_used"", ""defined_single_structure"", ""exact_identity_deduplicated"", ""current_strong_conflicts_excluded"", ""external_holdout_quarantined"", ""publication_dataset_oecd_405_curation""]",peer_reviewed_curated_experimental_negative,0.9,experimental,"OECD TG 405 experimental eye irritation, curated at dataset level",not irritating / not classified (curated Outcome=0),not_reported_per_record_in_public_sdf,eye:CpId:2212,03dc5888f0859ddcc1b694e186bb2137229ea571e3db56572205f482794de03d,https://github.com/joyvb/stoptox,6ba3a7f82ab9fda8534f120114a566eec296e8ae,InChI=1S/C13H10O2/c14-10-11-5-4-8-13(9-11)15-12-6-2-1-3-7-12/h1-10H
CCCCCCCC[Si](OCC)(OCC)OCC,0,2943-75-1,MSRJTTSHWYDFIU-UHFFFAOYSA-N,2943-75-1,STopTox peer-reviewed curated experimental irritation dataset,https://doi.org/10.1289/EHP9341,"[""eye:CpId:495""]","[""explicit_curated_experimental_outcome_0"", ""absence_of_hazard_statement_not_used"", ""defined_single_structure"", ""exact_identity_deduplicated"", ""current_strong_conflicts_excluded"", ""external_holdout_quarantined"", ""publication_dataset_oecd_405_curation""]",peer_reviewed_curated_experimental_negative,0.9,experimental,"OECD TG 405 experimental eye irritation, curated at dataset level",not irritating / not classified (curated Outcome=0),not_reported_per_record_in_public_sdf,eye:CpId:495,03dc5888f0859ddcc1b694e186bb2137229ea571e3db56572205f482794de03d,https://github.com/joyvb/stoptox,6ba3a7f82ab9fda8534f120114a566eec296e8ae,MSRJTTSHWYDFIU-UHFFFAOYSA-N
C[N+](C)(C)CCCCCCCCCC[N+](C)(C)C,0,156-74-1,MTCUAOILFDZKCO-UHFFFAOYSA-N,156-74-1,STopTox peer-reviewed curated experimental irritation dataset,https://doi.org/10.1289/EHP9341,"[""eye:CpId:2214""]","[""explicit_curated_experimental_outcome_0"", ""absence_of_hazard_statement_not_used"", ""defined_single_structure"", ""exact_identity_deduplicated"", ""current_strong_conflicts_excluded"", ""external_holdout_quarantined"", ""publication_dataset_oecd_405_curation""]",peer_reviewed_curated_experimental_negative,0.9,experimental,"OECD TG 405 experimental eye irritation, curated at dataset level",not irritating / not classified (curated Outcome=0),not_reported_per_record_in_public_sdf,eye:CpId:2214,03dc5888f0859ddcc1b694e186bb2137229ea571e3db56572205f482794de03d,https://github.com/joyvb/stoptox,6ba3a7f82ab9fda8534f120114a566eec296e8ae,"InChI=1S/C16H38N2/c1-17(2,3)15-13-11-9-7-8-10-12-14-16-18(4,5)6/h7-16H2,1-6H3/q+2"
OCCOCCO,0,111-46-6,MTHSVFCYNBDYFN-UHFFFAOYSA-N,111-46-6,STopTox peer-reviewed curated experimental irritation dataset,https://doi.org/10.1289/EHP9341,"[""eye:CpId:2215""]","[""explicit_curated_experimental_outcome_0"", ""absence_of_hazard_statement_not_used"", ""defined_single_structure"", ""exact_identity_deduplicated"", ""current_strong_conflicts_excluded"", ""external_holdout_quarantined"", ""publication_dataset_oecd_405_curation""]",peer_reviewed_curated_experimental_negative,0.9,experimental,"OECD TG 405 experimental eye irritation, curated at dataset level",not irritating / not classified (curated Outcome=0),not_reported_per_record_in_public_sdf,eye:CpId:2215,03dc5888f0859ddcc1b694e186bb2137229ea571e3db56572205f482794de03d,https://github.com/joyvb/stoptox,6ba3a7f82ab9fda8534f120114a566eec296e8ae,"InChI=1S/C4H10O3/c5-1-3-7-4-2-6/h5-6H,1-4H2"
CCCCCC(CCC)COC(=O)c1ccccc1C(=O)OCC(CCC)CCCCC,0,53306-54-0,MTYUOIVEVPTXFX-UHFFFAOYSA-N,53306-54-0,STopTox peer-reviewed curated experimental irritation dataset,https://doi.org/10.1289/EHP9341,"[""eye:CpId:498""]","[""explicit_curated_experimental_outcome_0"", ""absence_of_hazard_statement_not_used"", ""defined_single_structure"", ""exact_identity_deduplicated"", ""current_strong_conflicts_excluded"", ""external_holdout_quarantined"", ""publication_dataset_oecd_405_curation""]",peer_reviewed_curated_experimental_negative,0.9,experimental,"OECD TG 405 experimental eye irritation, curated at dataset level",not irritating / not classified (curated Outcome=0),not_reported_per_record_in_public_sdf,eye:CpId:498,03dc5888f0859ddcc1b694e186bb2137229ea571e3db56572205f482794de03d,https://github.com/joyvb/stoptox,6ba3a7f82ab9fda8534f120114a566eec296e8ae,MTYUOIVEVPTXFX-UHFFFAOYSA-N
O=C(O)C(=O)O,0,640-67-5,MUBZPKHOEPUJKR-UHFFFAOYSA-N,640-67-5,STopTox peer-reviewed curated experimental irritation dataset,https://doi.org/10.1289/EHP9341,"[""eye:CpId:499""]","[""explicit_curated_experimental_outcome_0"", ""absence_of_hazard_statement_not_used"", ""defined_single_structure"", ""exact_identity_deduplicated"", ""current_strong_conflicts_excluded"", ""external_holdout_quarantined"", ""publication_dataset_oecd_405_curation""]",peer_reviewed_curated_experimental_negative,0.9,experimental,"OECD TG 405 experimental eye irritation, curated at dataset level",not irritating / not classified (curated Outcome=0),not_reported_per_record_in_public_sdf,eye:CpId:499,03dc5888f0859ddcc1b694e186bb2137229ea571e3db56572205f482794de03d,https://github.com/joyvb/stoptox,6ba3a7f82ab9fda8534f120114a566eec296e8ae,MUBZPKHOEPUJKR-UHFFFAOYSA-L
CC(C)OP(=O)(F)OC(C)C,0,55-91-4,MUCZHBLJLSDCSD-UHFFFAOYSA-N,55-91-4,STopTox peer-reviewed curated experimental irritation dataset,https://doi.org/10.1289/EHP9341,"[""eye:CpId:2219""]","[""explicit_curated_experimental_outcome_0"", ""absence_of_hazard_statement_not_used"", ""defined_single_structure"", ""exact_identity_deduplicated"", ""current_strong_conflicts_excluded"", ""external_holdout_quarantined"", ""publication_dataset_oecd_405_curation""]",peer_reviewed_curated_experimental_negative,0.9,experimental,"OECD TG 405 experimental eye irritation, curated at dataset level",not irritating / not classified (curated Outcome=0),not_reported_per_record_in_public_sdf,eye:CpId:2219,03dc5888f0859ddcc1b694e186bb2137229ea571e3db56572205f482794de03d,https://github.com/joyvb/stoptox,6ba3a7f82ab9fda8534f120114a566eec296e8ae,"InChI=1S/C6H14FO3P/c1-5(2)9-11(7,8)10-6(3)4/h5-6H,1-4H3"
CC12CCC(=O)C=C1CCC1C2CCC2(C)C(O)CCC12,0,58-22-0,MUMGGOZAMZWBJJ-UHFFFAOYSA-N,58-22-0,STopTox peer-reviewed curated experimental irritation dataset,https://doi.org/10.1289/EHP9341,"[""eye:CpId:2220""]","[""explicit_curated_experimental_outcome_0"", ""absence_of_hazard_statement_not_used"", ""defined_single_structure"", ""exact_identity_deduplicated"", ""current_strong_conflicts_excluded"", ""external_holdout_quarantined"", ""publication_dataset_oecd_405_curation""]",peer_reviewed_curated_experimental_negative,0.9,experimental,"OECD TG 405 experimental eye irritation, curated at dataset level",not irritating / not classified (curated Outcome=0),not_reported_per_record_in_public_sdf,eye:CpId:2220,03dc5888f0859ddcc1b694e186bb2137229ea571e3db56572205f482794de03d,https://github.com/joyvb/stoptox,6ba3a7f82ab9fda8534f120114a566eec296e8ae,"InChI=1S/C19H28O2/c1-18-9-7-13(20)11-12(18)3-4-14-15-5-6-17(21)19(15,2)10-8-16(14)18/h11,14-17,21H,3-10H2,1-2H3"
Clc1ccccc1,0,108-90-7,MVPPADPHJFYWMZ-UHFFFAOYSA-N,108-90-7,STopTox peer-reviewed curated experimental irritation dataset,https://doi.org/10.1289/EHP9341,"[""eye:CpId:501""]","[""explicit_curated_experimental_outcome_0"", ""absence_of_hazard_statement_not_used"", ""defined_single_structure"", ""exact_identity_deduplicated"", ""current_strong_conflicts_excluded"", ""external_holdout_quarantined"", ""publication_dataset_oecd_405_curation""]",peer_reviewed_curated_experimental_negative,0.9,experimental,"OECD TG 405 experimental eye irritation, curated at dataset level",not irritating / not classified (curated Outcome=0),not_reported_per_record_in_public_sdf,eye:CpId:501,03dc5888f0859ddcc1b694e186bb2137229ea571e3db56572205f482794de03d,https://github.com/joyvb/stoptox,6ba3a7f82ab9fda8534f120114a566eec296e8ae,MVPPADPHJFYWMZ-UHFFFAOYSA-N
OCc1cccnc1,0,100-55-0,MVQVNTPHUGQQHK-UHFFFAOYSA-N,100-55-0,STopTox peer-reviewed curated experimental irritation dataset,https://doi.org/10.1289/EHP9341,"[""eye:CpId:2227""]","[""explicit_curated_experimental_outcome_0"", ""absence_of_hazard_statement_not_used"", ""defined_single_structure"", ""exact_identity_deduplicated"", ""current_strong_conflicts_excluded"", ""external_holdout_quarantined"", ""publication_dataset_oecd_405_curation""]",peer_reviewed_curated_experimental_negative,0.9,experimental,"OECD TG 405 experimental eye irritation, curated at dataset level",not irritating / not classified (curated Outcome=0),not_reported_per_record_in_public_sdf,eye:CpId:2227,03dc5888f0859ddcc1b694e186bb2137229ea571e3db56572205f482794de03d,https://github.com/joyvb/stoptox,6ba3a7f82ab9fda8534f120114a566eec296e8ae,"InChI=1S/C6H7NO/c8-5-6-2-1-3-7-4-6/h1-4,8H,5H2"
c1ccc2cc3ccccc3cc2c1,0,120-12-7,MWPLVEDNUUSJAV-UHFFFAOYSA-N,120-12-7,STopTox peer-reviewed curated experimental irritation dataset,https://doi.org/10.1289/EHP9341,"[""eye:CpId:2234""]","[""explicit_curated_experimental_outcome_0"", ""absence_of_hazard_statement_not_used"", ""defined_single_structure"", ""exact_identity_deduplicated"", ""current_strong_conflicts_excluded"", ""external_holdout_quarantined"", ""publication_dataset_oecd_405_curation""]",peer_reviewed_curated_experimental_negative,0.9,experimental,"OECD TG 405 experimental eye irritation, curated at dataset level",not irritating / not classified (curated Outcome=0),not_reported_per_record_in_public_sdf,eye:CpId:2234,03dc5888f0859ddcc1b694e186bb2137229ea571e3db56572205f482794de03d,https://github.com/joyvb/stoptox,6ba3a7f82ab9fda8534f120114a566eec296e8ae,InChI=1S/C14H10/c1-2-6-12-10-14-8-4-3-7-13(14)9-11(12)5-1/h1-10H
CC(C)(C)C(=O)CC#N,0,59997-51-2,MXZMACXOMZKYHJ-UHFFFAOYSA-N,59997-51-2,STopTox peer-reviewed curated experimental irritation dataset,https://doi.org/10.1289/EHP9341,"[""eye:CpId:2240""]","[""explicit_curated_experimental_outcome_0"", ""absence_of_hazard_statement_not_used"", ""defined_single_structure"", ""exact_identity_deduplicated"", ""current_strong_conflicts_excluded"", ""external_holdout_quarantined"", ""publication_dataset_oecd_405_curation""]",peer_reviewed_curated_experimental_negative,0.9,experimental,"OECD TG 405 experimental eye irritation, curated at dataset level",not irritating / not classified (curated Outcome=0),not_reported_per_record_in_public_sdf,eye:CpId:2240,03dc5888f0859ddcc1b694e186bb2137229ea571e3db56572205f482794de03d,https://github.com/joyvb/stoptox,6ba3a7f82ab9fda8534f120114a566eec296e8ae,"InChI=1S/C7H11NO/c1-7(2,3)6(9)4-5-8/h4H2,1-3H3"
CNC(C)Cc1ccccc1,0,537-46-2,MYWUZJCMWCOHBA-UHFFFAOYSA-N,537-46-2,STopTox peer-reviewed curated experimental irritation dataset,https://doi.org/10.1289/EHP9341,"[""eye:CpId:2244""]","[""explicit_curated_experimental_outcome_0"", ""absence_of_hazard_statement_not_used"", ""defined_single_structure"", ""exact_identity_deduplicated"", ""current_strong_conflicts_excluded"", ""external_holdout_quarantined"", ""publication_dataset_oecd_405_curation""]",peer_reviewed_curated_experimental_negative,0.9,experimental,"OECD TG 405 experimental eye irritation, curated at dataset level",not irritating / not classified (curated Outcome=0),not_reported_per_record_in_public_sdf,eye:CpId:2244,03dc5888f0859ddcc1b694e186bb2137229ea571e3db56572205f482794de03d,https://github.com/joyvb/stoptox,6ba3a7f82ab9fda8534f120114a566eec296e8ae,"InChI=1S/C10H15N/c1-9(11-2)8-10-6-4-3-5-7-10/h3-7,9,11H,8H2,1-2H3"
CN(C)C(=S)S,0,128-04-1,MZGNSEAPZQGJRB-UHFFFAOYSA-N,128-04-1,STopTox peer-reviewed curated experimental irritation dataset,https://doi.org/10.1289/EHP9341,"[""eye:CpId:504""]","[""explicit_curated_experimental_outcome_0"", ""absence_of_hazard_statement_not_used"", ""defined_single_structure"", ""exact_identity_deduplicated"", ""current_strong_conflicts_excluded"", ""external_holdout_quarantined"", ""publication_dataset_oecd_405_curation""]",peer_reviewed_curated_experimental_negative,0.9,experimental,"OECD TG 405 experimental eye irritation, curated at dataset level",not irritating / not classified (curated Outcome=0),not_reported_per_record_in_public_sdf,eye:CpId:504,03dc5888f0859ddcc1b694e186bb2137229ea571e3db56572205f482794de03d,https://github.com/joyvb/stoptox,6ba3a7f82ab9fda8534f120114a566eec296e8ae,MZGNSEAPZQGJRB-UHFFFAOYSA-M
CCCCC(CC)COC(=O)CCCCCC(C)C,0,71566-49-9,NAGVKZOTMXGCCA-UHFFFAOYSA-N,71566-49-9,STopTox peer-reviewed curated experimental irritation dataset,https://doi.org/10.1289/EHP9341,"[""eye:CpId:2248""]","[""explicit_curated_experimental_outcome_0"", ""absence_of_hazard_statement_not_used"", ""defined_single_structure"", ""exact_identity_deduplicated"", ""current_strong_conflicts_excluded"", ""external_holdout_quarantined"", ""publication_dataset_oecd_405_curation""]",peer_reviewed_curated_experimental_negative,0.9,experimental,"OECD TG 405 experimental eye irritation, curated at dataset level",not irritating / not classified (curated Outcome=0),not_reported_per_record_in_public_sdf,eye:CpId:2248,03dc5888f0859ddcc1b694e186bb2137229ea571e3db56572205f482794de03d,https://github.com/joyvb/stoptox,6ba3a7f82ab9fda8534f120114a566eec296e8ae,"InChI=1S/C17H34O2/c1-5-7-12-16(6-2)14-19-17(18)13-10-8-9-11-15(3)4/h15-16H,5-14H2,1-4H3"
O=C1c2ccccc2C(=O)C1c1ccc(F)cc1,0,957-56-2,NASXCEITKQITLD-UHFFFAOYSA-N,957-56-2,STopTox peer-reviewed curated experimental irritation dataset,https://doi.org/10.1289/EHP9341,"[""eye:CpId:2251""]","[""explicit_curated_experimental_outcome_0"", ""absence_of_hazard_statement_not_used"", ""defined_single_structure"", ""exact_identity_deduplicated"", ""current_strong_conflicts_excluded"", ""external_holdout_quarantined"", ""publication_dataset_oecd_405_curation""]",peer_reviewed_curated_experimental_negative,0.9,experimental,"OECD TG 405 experimental eye irritation, curated at dataset level",not irritating / not classified (curated Outcome=0),not_reported_per_record_in_public_sdf,eye:CpId:2251,03dc5888f0859ddcc1b694e186bb2137229ea571e3db56572205f482794de03d,https://github.com/joyvb/stoptox,6ba3a7f82ab9fda8534f120114a566eec296e8ae,"InChI=1S/C15H9FO2/c16-10-7-5-9(6-8-10)13-14(17)11-3-1-2-4-12(11)15(13)18/h1-8,13H"
CC=CCCC1CCCC(=O)O1,0,32764-98-0,NBCMACYORPIYNY-UHFFFAOYSA-N,32764-98-0,STopTox peer-reviewed curated experimental irritation dataset,https://doi.org/10.1289/EHP9341,"[""eye:CpId:507""]","[""explicit_curated_experimental_outcome_0"", ""absence_of_hazard_statement_not_used"", ""defined_single_structure"", ""exact_identity_deduplicated"", ""current_strong_conflicts_excluded"", ""external_holdout_quarantined"", ""publication_dataset_oecd_405_curation""]",peer_reviewed_curated_experimental_negative,0.9,experimental,"OECD TG 405 experimental eye irritation, curated at dataset level",not irritating / not classified (curated Outcome=0),not_reported_per_record_in_public_sdf,eye:CpId:507,03dc5888f0859ddcc1b694e186bb2137229ea571e3db56572205f482794de03d,https://github.com/joyvb/stoptox,6ba3a7f82ab9fda8534f120114a566eec296e8ae,NBCMACYORPIYNY-NSCUHMNNSA-N
S=C1N=CC=N1,0,24684-03-5,NBGMRMDAEWWFIR-UHFFFAOYSA-N,24684-03-5,STopTox peer-reviewed curated experimental irritation dataset,https://doi.org/10.1289/EHP9341,"[""eye:CpId:2252""]","[""explicit_curated_experimental_outcome_0"", ""absence_of_hazard_statement_not_used"", ""defined_single_structure"", ""exact_identity_deduplicated"", ""current_strong_conflicts_excluded"", ""external_holdout_quarantined"", ""publication_dataset_oecd_405_curation""]",peer_reviewed_curated_experimental_negative,0.9,experimental,"OECD TG 405 experimental eye irritation, curated at dataset level",not irritating / not classified (curated Outcome=0),not_reported_per_record_in_public_sdf,eye:CpId:2252,03dc5888f0859ddcc1b694e186bb2137229ea571e3db56572205f482794de03d,https://github.com/joyvb/stoptox,6ba3a7f82ab9fda8534f120114a566eec296e8ae,InChI=1S/C3H2N2S/c6-3-4-1-2-5-3/h1-2H
O=P(O)(O)O,0,7722-76-1,NBIIXXVUZAFLBC-UHFFFAOYSA-N,7722-76-1,STopTox peer-reviewed curated experimental irritation dataset,https://doi.org/10.1289/EHP9341,"[""eye:CpId:509""]","[""explicit_curated_experimental_outcome_0"", ""absence_of_hazard_statement_not_used"", ""defined_single_structure"", ""exact_identity_deduplicated"", ""current_strong_conflicts_excluded"", ""external_holdout_quarantined"", ""publication_dataset_oecd_405_curation""]",peer_reviewed_curated_experimental_negative,0.9,experimental,"OECD TG 405 experimental eye irritation, curated at dataset level",not irritating / not classified (curated Outcome=0),not_reported_per_record_in_public_sdf,eye:CpId:509,03dc5888f0859ddcc1b694e186bb2137229ea571e3db56572205f482794de03d,https://github.com/joyvb/stoptox,6ba3a7f82ab9fda8534f120114a566eec296e8ae,NBIIXXVUZAFLBC-UHFFFAOYSA-M
CCl,0,74-87-3,NEHMKBQYUWJMIP-UHFFFAOYSA-N,74-87-3,STopTox peer-reviewed curated experimental irritation dataset,https://doi.org/10.1289/EHP9341,"[""eye:CpId:2267""]","[""explicit_curated_experimental_outcome_0"", ""absence_of_hazard_statement_not_used"", ""defined_single_structure"", ""exact_identity_deduplicated"", ""current_strong_conflicts_excluded"", ""external_holdout_quarantined"", ""publication_dataset_oecd_405_curation""]",peer_reviewed_curated_experimental_negative,0.9,experimental,"OECD TG 405 experimental eye irritation, curated at dataset level",not irritating / not classified (curated Outcome=0),not_reported_per_record_in_public_sdf,eye:CpId:2267,03dc5888f0859ddcc1b694e186bb2137229ea571e3db56572205f482794de03d,https://github.com/joyvb/stoptox,6ba3a7f82ab9fda8534f120114a566eec296e8ae,InChI=1S/CH3Cl/c1-2/h1H3
CC(C)CCCCCCCCCCCCCCC(=O)OC(C)C,0,68171-33-5,NEOZOXKVMDBOSG-UHFFFAOYSA-N,68171-33-5,STopTox peer-reviewed curated experimental irritation dataset,https://doi.org/10.1289/EHP9341,"[""eye:CpId:512""]","[""explicit_curated_experimental_outcome_0"", ""absence_of_hazard_statement_not_used"", ""defined_single_structure"", ""exact_identity_deduplicated"", ""current_strong_conflicts_excluded"", ""external_holdout_quarantined"", ""publication_dataset_oecd_405_curation""]",peer_reviewed_curated_experimental_negative,0.9,experimental,"OECD TG 405 experimental eye irritation, curated at dataset level",not irritating / not classified (curated Outcome=0),not_reported_per_record_in_public_sdf,eye:CpId:512,03dc5888f0859ddcc1b694e186bb2137229ea571e3db56572205f482794de03d,https://github.com/joyvb/stoptox,6ba3a7f82ab9fda8534f120114a566eec296e8ae,NEOZOXKVMDBOSG-UHFFFAOYSA-N
CCCCCCCCCC(C)C=O,0,110-41-8,NFAVNWJJYQAGNB-UHFFFAOYSA-N,110-41-8,STopTox peer-reviewed curated experimental irritation dataset,https://doi.org/10.1289/EHP9341,"[""eye:CpId:513""]","[""explicit_curated_experimental_outcome_0"", ""absence_of_hazard_statement_not_used"", ""defined_single_structure"", ""exact_identity_deduplicated"", ""current_strong_conflicts_excluded"", ""external_holdout_quarantined"", ""publication_dataset_oecd_405_curation""]",peer_reviewed_curated_experimental_negative,0.9,experimental,"OECD TG 405 experimental eye irritation, curated at dataset level",not irritating / not classified (curated Outcome=0),not_reported_per_record_in_public_sdf,eye:CpId:513,03dc5888f0859ddcc1b694e186bb2137229ea571e3db56572205f482794de03d,https://github.com/joyvb/stoptox,6ba3a7f82ab9fda8534f120114a566eec296e8ae,NFAVNWJJYQAGNB-UHFFFAOYSA-N
O=C1c2ccccc2C(=O)C1c1ccccc1,0,83-12-5,NFBAXHOPROOJAW-UHFFFAOYSA-N,83-12-5,STopTox peer-reviewed curated experimental irritation dataset,https://doi.org/10.1289/EHP9341,"[""eye:CpId:2272""]","[""explicit_curated_experimental_outcome_0"", ""absence_of_hazard_statement_not_used"", ""defined_single_structure"", ""exact_identity_deduplicated"", ""current_strong_conflicts_excluded"", ""external_holdout_quarantined"", ""publication_dataset_oecd_405_curation""]",peer_reviewed_curated_experimental_negative,0.9,experimental,"OECD TG 405 experimental eye irritation, curated at dataset level",not irritating / not classified (curated Outcome=0),not_reported_per_record_in_public_sdf,eye:CpId:2272,03dc5888f0859ddcc1b694e186bb2137229ea571e3db56572205f482794de03d,https://github.com/joyvb/stoptox,6ba3a7f82ab9fda8534f120114a566eec296e8ae,"InChI=1S/C15H10O2/c16-14-11-8-4-5-9-12(11)15(17)13(14)10-6-2-1-3-7-10/h1-9,13H"
CC=C(C(=CC)c1ccc(O)cc1)c1ccc(O)cc1,0,84-17-3,NFDFQCUYFHCNBW-UHFFFAOYSA-N,84-17-3,STopTox peer-reviewed curated experimental irritation dataset,https://doi.org/10.1289/EHP9341,"[""eye:CpId:2273""]","[""explicit_curated_experimental_outcome_0"", ""absence_of_hazard_statement_not_used"", ""defined_single_structure"", ""exact_identity_deduplicated"", ""current_strong_conflicts_excluded"", ""external_holdout_quarantined"", ""publication_dataset_oecd_405_curation""]",peer_reviewed_curated_experimental_negative,0.9,experimental,"OECD TG 405 experimental eye irritation, curated at dataset level",not irritating / not classified (curated Outcome=0),not_reported_per_record_in_public_sdf,eye:CpId:2273,03dc5888f0859ddcc1b694e186bb2137229ea571e3db56572205f482794de03d,https://github.com/joyvb/stoptox,6ba3a7f82ab9fda8534f120114a566eec296e8ae,"InChI=1S/C18H18O2/c1-3-17(13-5-9-15(19)10-6-13)18(4-2)14-7-11-16(20)12-8-14/h3-12,19-20H,1-2H3"
CCCCC(=O)CC,0,106-35-4,NGAZZOYFWWSOGK-UHFFFAOYSA-N,106-35-4,STopTox peer-reviewed curated experimental irritation dataset,https://doi.org/10.1289/EHP9341,"[""eye:CpId:2274""]","[""explicit_curated_experimental_outcome_0"", ""absence_of_hazard_statement_not_used"", ""defined_single_structure"", ""exact_identity_deduplicated"", ""current_strong_conflicts_excluded"", ""external_holdout_quarantined"", ""publication_dataset_oecd_405_curation""]",peer_reviewed_curated_experimental_negative,0.9,experimental,"OECD TG 405 experimental eye irritation, curated at dataset level",not irritating / not classified (curated Outcome=0),not_reported_per_record_in_public_sdf,eye:CpId:2274,03dc5888f0859ddcc1b694e186bb2137229ea571e3db56572205f482794de03d,https://github.com/joyvb/stoptox,6ba3a7f82ab9fda8534f120114a566eec296e8ae,"InChI=1S/C7H14O/c1-3-5-6-7(8)4-2/h3-6H2,1-2H3"
C=C(C#N)CCC#N,0,1572-52-7,NGCJVMZXRCLPRQ-UHFFFAOYSA-N,1572-52-7,STopTox peer-reviewed curated experimental irritation dataset,https://doi.org/10.1289/EHP9341,"[""eye:CpId:2276""]","[""explicit_curated_experimental_outcome_0"", ""absence_of_hazard_statement_not_used"", ""defined_single_structure"", ""exact_identity_deduplicated"", ""current_strong_conflicts_excluded"", ""external_holdout_quarantined"", ""publication_dataset_oecd_405_curation""]",peer_reviewed_curated_experimental_negative,0.9,experimental,"OECD TG 405 experimental eye irritation, curated at dataset level",not irritating / not classified (curated Outcome=0),not_reported_per_record_in_public_sdf,eye:CpId:2276,03dc5888f0859ddcc1b694e186bb2137229ea571e3db56572205f482794de03d,https://github.com/joyvb/stoptox,6ba3a7f82ab9fda8534f120114a566eec296e8ae,InChI=1S/C6H6N2/c1-6(5-8)3-2-4-7/h1-3H2
CC(N)(Cc1ccc(O)cc1)C(=O)O,0,672-87-7,NHTGHBARYWONDQ-UHFFFAOYSA-N,672-87-7,STopTox peer-reviewed curated experimental irritation dataset,https://doi.org/10.1289/EHP9341,"[""eye:CpId:2278""]","[""explicit_curated_experimental_outcome_0"", ""absence_of_hazard_statement_not_used"", ""defined_single_structure"", ""exact_identity_deduplicated"", ""current_strong_conflicts_excluded"", ""external_holdout_quarantined"", ""publication_dataset_oecd_405_curation""]",peer_reviewed_curated_experimental_negative,0.9,experimental,"OECD TG 405 experimental eye irritation, curated at dataset level",not irritating / not classified (curated Outcome=0),not_reported_per_record_in_public_sdf,eye:CpId:2278,03dc5888f0859ddcc1b694e186bb2137229ea571e3db56572205f482794de03d,https://github.com/joyvb/stoptox,6ba3a7f82ab9fda8534f120114a566eec296e8ae,"InChI=1S/C10H13NO3/c1-10(11,9(13)14)6-7-2-4-8(12)5-3-7/h2-5,12H,6,11H2,1H3,(H,13,14)"
CC(C)CC(C)(C)C,0,540-84-1,NHTMVDHEPJAVLT-UHFFFAOYSA-N,540-84-1,STopTox peer-reviewed curated experimental irritation dataset,https://doi.org/10.1289/EHP9341,"[""eye:CpId:517""]","[""explicit_curated_experimental_outcome_0"", ""absence_of_hazard_statement_not_used"", ""defined_single_structure"", ""exact_identity_deduplicated"", ""current_strong_conflicts_excluded"", ""external_holdout_quarantined"", ""publication_dataset_oecd_405_curation""]",peer_reviewed_curated_experimental_negative,0.9,experimental,"OECD TG 405 experimental eye irritation, curated at dataset level",not irritating / not classified (curated Outcome=0),not_reported_per_record_in_public_sdf,eye:CpId:517,03dc5888f0859ddcc1b694e186bb2137229ea571e3db56572205f482794de03d,https://github.com/joyvb/stoptox,6ba3a7f82ab9fda8534f120114a566eec296e8ae,NHTMVDHEPJAVLT-UHFFFAOYSA-N
ClCCCCBr,0,6940-78-9,NIDSRGCVYOEDFW-UHFFFAOYSA-N,6940-78-9,STopTox peer-reviewed curated experimental irritation dataset,https://doi.org/10.1289/EHP9341,"[""eye:CpId:2280""]","[""explicit_curated_experimental_outcome_0"", ""absence_of_hazard_statement_not_used"", ""defined_single_structure"", ""exact_identity_deduplicated"", ""current_strong_conflicts_excluded"", ""external_holdout_quarantined"", ""publication_dataset_oecd_405_curation""]",peer_reviewed_curated_experimental_negative,0.9,experimental,"OECD TG 405 experimental eye irritation, curated at dataset level",not irritating / not classified (curated Outcome=0),not_reported_per_record_in_public_sdf,eye:CpId:2280,03dc5888f0859ddcc1b694e186bb2137229ea571e3db56572205f482794de03d,https://github.com/joyvb/stoptox,6ba3a7f82ab9fda8534f120114a566eec296e8ae,InChI=1S/C4H8BrCl/c5-3-1-2-4-6/h1-4H2
CCCC(CCC)C(=O)O,0,99-66-1,NIJJYAXOARWZEE-UHFFFAOYSA-N,99-66-1,STopTox peer-reviewed curated experimental irritation dataset,https://doi.org/10.1289/EHP9341,"[""eye:CpId:2281""]","[""explicit_curated_experimental_outcome_0"", ""absence_of_hazard_statement_not_used"", ""defined_single_structure"", ""exact_identity_deduplicated"", ""current_strong_conflicts_excluded"", ""external_holdout_quarantined"", ""publication_dataset_oecd_405_curation""]",peer_reviewed_curated_experimental_negative,0.9,experimental,"OECD TG 405 experimental eye irritation, curated at dataset level",not irritating / not classified (curated Outcome=0),not_reported_per_record_in_public_sdf,eye:CpId:2281,03dc5888f0859ddcc1b694e186bb2137229ea571e3db56572205f482794de03d,https://github.com/joyvb/stoptox,6ba3a7f82ab9fda8534f120114a566eec296e8ae,"InChI=1S/C8H16O2/c1-3-5-7(6-4-2)8(9)10/h7H,3-6H2,1-2H3,(H,9,10)"
NC1(C(=O)O)CCCC1,0,52-52-8,NILQLFBWTXNUOE-UHFFFAOYSA-N,52-52-8,STopTox peer-reviewed curated experimental irritation dataset,https://doi.org/10.1289/EHP9341,"[""eye:CpId:2282""]","[""explicit_curated_experimental_outcome_0"", ""absence_of_hazard_statement_not_used"", ""defined_single_structure"", ""exact_identity_deduplicated"", ""current_strong_conflicts_excluded"", ""external_holdout_quarantined"", ""publication_dataset_oecd_405_curation""]",peer_reviewed_curated_experimental_negative,0.9,experimental,"OECD TG 405 experimental eye irritation, curated at dataset level",not irritating / not classified (curated Outcome=0),not_reported_per_record_in_public_sdf,eye:CpId:2282,03dc5888f0859ddcc1b694e186bb2137229ea571e3db56572205f482794de03d,https://github.com/joyvb/stoptox,6ba3a7f82ab9fda8534f120114a566eec296e8ae,"InChI=1S/C6H11NO2/c7-6(5(8)9)3-1-2-4-6/h1-4,7H2,(H,8,9)"
COC(=O)c1ccccc1C(=O)OC,0,131-11-3,NIQCNGHVCWTJSM-UHFFFAOYSA-N,131-11-3,STopTox peer-reviewed curated experimental irritation dataset,https://doi.org/10.1289/EHP9341,"[""eye:CpId:2283""]","[""explicit_curated_experimental_outcome_0"", ""absence_of_hazard_statement_not_used"", ""defined_single_structure"", ""exact_identity_deduplicated"", ""current_strong_conflicts_excluded"", ""external_holdout_quarantined"", ""publication_dataset_oecd_405_curation""]",peer_reviewed_curated_experimental_negative,0.9,experimental,"OECD TG 405 experimental eye irritation, curated at dataset level",not irritating / not classified (curated Outcome=0),not_reported_per_record_in_public_sdf,eye:CpId:2283,03dc5888f0859ddcc1b694e186bb2137229ea571e3db56572205f482794de03d,https://github.com/joyvb/stoptox,6ba3a7f82ab9fda8534f120114a566eec296e8ae,"InChI=1S/C10H10O4/c1-13-9(11)7-5-3-4-6-8(7)10(12)14-2/h3-6H,1-2H3"
CC(C)(Oc1ccc(Cl)cc1)C(=O)Oc1ccc(Cl)cc1,0,61887-16-9,NIVDRJXCJCEFDD-UHFFFAOYSA-N,61887-16-9,STopTox peer-reviewed curated experimental irritation dataset,https://doi.org/10.1289/EHP9341,"[""eye:CpId:2284""]","[""explicit_curated_experimental_outcome_0"", ""absence_of_hazard_statement_not_used"", ""defined_single_structure"", ""exact_identity_deduplicated"", ""current_strong_conflicts_excluded"", ""external_holdout_quarantined"", ""publication_dataset_oecd_405_curation""]",peer_reviewed_curated_experimental_negative,0.9,experimental,"OECD TG 405 experimental eye irritation, curated at dataset level",not irritating / not classified (curated Outcome=0),not_reported_per_record_in_public_sdf,eye:CpId:2284,03dc5888f0859ddcc1b694e186bb2137229ea571e3db56572205f482794de03d,https://github.com/joyvb/stoptox,6ba3a7f82ab9fda8534f120114a566eec296e8ae,"InChI=1S/C16H14Cl2O3/c1-16(2,21-14-9-5-12(18)6-10-14)15(19)20-13-7-3-11(17)4-8-13/h3-10H,1-2H3"
O=C(CCBr)N1CCN(C(=O)CCBr)CC1,0,54-91-1,NJBFOOCLYDNZJN-UHFFFAOYSA-N,54-91-1,STopTox peer-reviewed curated experimental irritation dataset,https://doi.org/10.1289/EHP9341,"[""eye:CpId:2287""]","[""explicit_curated_experimental_outcome_0"", ""absence_of_hazard_statement_not_used"", ""defined_single_structure"", ""exact_identity_deduplicated"", ""current_strong_conflicts_excluded"", ""external_holdout_quarantined"", ""publication_dataset_oecd_405_curation""]",peer_reviewed_curated_experimental_negative,0.9,experimental,"OECD TG 405 experimental eye irritation, curated at dataset level",not irritating / not classified (curated Outcome=0),not_reported_per_record_in_public_sdf,eye:CpId:2287,03dc5888f0859ddcc1b694e186bb2137229ea571e3db56572205f482794de03d,https://github.com/joyvb/stoptox,6ba3a7f82ab9fda8534f120114a566eec296e8ae,InChI=1S/C10H16Br2N2O2/c11-3-1-9(15)13-5-7-14(8-6-13)10(16)2-4-12/h1-8H2
ClCCOCOCCCl,0,111-91-1,NLXGURFLBLRZRO-UHFFFAOYSA-N,111-91-1,STopTox peer-reviewed curated experimental irritation dataset,https://doi.org/10.1289/EHP9341,"[""eye:CpId:523""]","[""explicit_curated_experimental_outcome_0"", ""absence_of_hazard_statement_not_used"", ""defined_single_structure"", ""exact_identity_deduplicated"", ""current_strong_conflicts_excluded"", ""external_holdout_quarantined"", ""publication_dataset_oecd_405_curation""]",peer_reviewed_curated_experimental_negative,0.9,experimental,"OECD TG 405 experimental eye irritation, curated at dataset level",not irritating / not classified (curated Outcome=0),not_reported_per_record_in_public_sdf,eye:CpId:523,03dc5888f0859ddcc1b694e186bb2137229ea571e3db56572205f482794de03d,https://github.com/joyvb/stoptox,6ba3a7f82ab9fda8534f120114a566eec296e8ae,NLXGURFLBLRZRO-UHFFFAOYSA-N
CCCCCCC1CCC(O)C1CCCCCCC(=O)O,0,56695-65-9,NMAOJFAMEOVURT-UHFFFAOYSA-N,56695-65-9,STopTox peer-reviewed curated experimental irritation dataset,https://doi.org/10.1289/EHP9341,"[""eye:CpId:2299""]","[""explicit_curated_experimental_outcome_0"", ""absence_of_hazard_statement_not_used"", ""defined_single_structure"", ""exact_identity_deduplicated"", ""current_strong_conflicts_excluded"", ""external_holdout_quarantined"", ""publication_dataset_oecd_405_curation""]",peer_reviewed_curated_experimental_negative,0.9,experimental,"OECD TG 405 experimental eye irritation, curated at dataset level",not irritating / not classified (curated Outcome=0),not_reported_per_record_in_public_sdf,eye:CpId:2299,03dc5888f0859ddcc1b694e186bb2137229ea571e3db56572205f482794de03d,https://github.com/joyvb/stoptox,6ba3a7f82ab9fda8534f120114a566eec296e8ae,"InChI=1S/C18H34O3/c1-2-3-4-7-10-15-13-14-17(19)16(15)11-8-5-6-9-12-18(20)21/h15-17,19H,2-14H2,1H3,(H,20,21)"
CCCCCCCC[Si](OC)(OC)OC,0,3069-40-7,NMEPHPOFYLLFTK-UHFFFAOYSA-N,3069-40-7,STopTox peer-reviewed curated experimental irritation dataset,https://doi.org/10.1289/EHP9341,"[""eye:CpId:524""]","[""explicit_curated_experimental_outcome_0"", ""absence_of_hazard_statement_not_used"", ""defined_single_structure"", ""exact_identity_deduplicated"", ""current_strong_conflicts_excluded"", ""external_holdout_quarantined"", ""publication_dataset_oecd_405_curation""]",peer_reviewed_curated_experimental_negative,0.9,experimental,"OECD TG 405 experimental eye irritation, curated at dataset level",not irritating / not classified (curated Outcome=0),not_reported_per_record_in_public_sdf,eye:CpId:524,03dc5888f0859ddcc1b694e186bb2137229ea571e3db56572205f482794de03d,https://github.com/joyvb/stoptox,6ba3a7f82ab9fda8534f120114a566eec296e8ae,NMEPHPOFYLLFTK-UHFFFAOYSA-N
CC(C)(C)CCCCCC(=O)OOC(C)(C)C,0,26748-41-4,NMOALOSNPWTWRH-UHFFFAOYSA-N,26748-41-4,STopTox peer-reviewed curated experimental irritation dataset,https://doi.org/10.1289/EHP9341,"[""eye:CpId:525""]","[""explicit_curated_experimental_outcome_0"", ""absence_of_hazard_statement_not_used"", ""defined_single_structure"", ""exact_identity_deduplicated"", ""current_strong_conflicts_excluded"", ""external_holdout_quarantined"", ""publication_dataset_oecd_405_curation""]",peer_reviewed_curated_experimental_negative,0.9,experimental,"OECD TG 405 experimental eye irritation, curated at dataset level",not irritating / not classified (curated Outcome=0),not_reported_per_record_in_public_sdf,eye:CpId:525,03dc5888f0859ddcc1b694e186bb2137229ea571e3db56572205f482794de03d,https://github.com/joyvb/stoptox,6ba3a7f82ab9fda8534f120114a566eec296e8ae,NMOALOSNPWTWRH-UHFFFAOYSA-N
CC(C)C,0,7756-94-7,NNPPMTNAJDCUHE-UHFFFAOYSA-N,7756-94-7,STopTox peer-reviewed curated experimental irritation dataset,https://doi.org/10.1289/EHP9341,"[""eye:CpId:310""]","[""explicit_curated_experimental_outcome_0"", ""absence_of_hazard_statement_not_used"", ""defined_single_structure"", ""exact_identity_deduplicated"", ""current_strong_conflicts_excluded"", ""external_holdout_quarantined"", ""publication_dataset_oecd_405_curation""]",peer_reviewed_curated_experimental_negative,0.9,experimental,"OECD TG 405 experimental eye irritation, curated at dataset level",not irritating / not classified (curated Outcome=0),not_reported_per_record_in_public_sdf,eye:CpId:310,03dc5888f0859ddcc1b694e186bb2137229ea571e3db56572205f482794de03d,https://github.com/joyvb/stoptox,6ba3a7f82ab9fda8534f120114a566eec296e8ae,IIVWHGMLFGNMOW-UHFFFAOYSA-N
CC(C)(C)C1CCC(OC(=O)OOC(=O)OC2CCC(C(C)(C)C)CC2)CC1,0,15520-11-3,NOBYOEQUFMGXBP-UHFFFAOYSA-N,15520-11-3,STopTox peer-reviewed curated experimental irritation dataset,https://doi.org/10.1289/EHP9341,"[""eye:CpId:526""]","[""explicit_curated_experimental_outcome_0"", ""absence_of_hazard_statement_not_used"", ""defined_single_structure"", ""exact_identity_deduplicated"", ""current_strong_conflicts_excluded"", ""external_holdout_quarantined"", ""publication_dataset_oecd_405_curation""]",peer_reviewed_curated_experimental_negative,0.9,experimental,"OECD TG 405 experimental eye irritation, curated at dataset level",not irritating / not classified (curated Outcome=0),not_reported_per_record_in_public_sdf,eye:CpId:526,03dc5888f0859ddcc1b694e186bb2137229ea571e3db56572205f482794de03d,https://github.com/joyvb/stoptox,6ba3a7f82ab9fda8534f120114a566eec296e8ae,NOBYOEQUFMGXBP-UHFFFAOYSA-N
CCCCCCCCCCCCCCCCCCCCCCO,0,661-19-8,NOPFSRXAKWQILS-UHFFFAOYSA-N,661-19-8,STopTox peer-reviewed curated experimental irritation dataset,https://doi.org/10.1289/EHP9341,"[""eye:CpId:528""]","[""explicit_curated_experimental_outcome_0"", ""absence_of_hazard_statement_not_used"", ""defined_single_structure"", ""exact_identity_deduplicated"", ""current_strong_conflicts_excluded"", ""external_holdout_quarantined"", ""publication_dataset_oecd_405_curation""]",peer_reviewed_curated_experimental_negative,0.9,experimental,"OECD TG 405 experimental eye irritation, curated at dataset level",not irritating / not classified (curated Outcome=0),not_reported_per_record_in_public_sdf,eye:CpId:528,03dc5888f0859ddcc1b694e186bb2137229ea571e3db56572205f482794de03d,https://github.com/joyvb/stoptox,6ba3a7f82ab9fda8534f120114a566eec296e8ae,NOPFSRXAKWQILS-UHFFFAOYSA-N
C=CC(=C)CCC=C(C)CCC=C(C)C=O,0,8028-48-6,NOPLRNXKHZRXHT-UHFFFAOYSA-N,8028-48-6,STopTox peer-reviewed curated experimental irritation dataset,https://doi.org/10.1289/EHP9341,"[""eye:CpId:529""]","[""explicit_curated_experimental_outcome_0"", ""absence_of_hazard_statement_not_used"", ""defined_single_structure"", ""exact_identity_deduplicated"", ""current_strong_conflicts_excluded"", ""external_holdout_quarantined"", ""publication_dataset_oecd_405_curation""]",peer_reviewed_curated_experimental_negative,0.9,experimental,"OECD TG 405 experimental eye irritation, curated at dataset level",not irritating / not classified (curated Outcome=0),not_reported_per_record_in_public_sdf,eye:CpId:529,03dc5888f0859ddcc1b694e186bb2137229ea571e3db56572205f482794de03d,https://github.com/joyvb/stoptox,6ba3a7f82ab9fda8534f120114a566eec296e8ae,NOPLRNXKHZRXHT-UHFFFAOYSA-N
CC12CCC3C4CCC(=O)C=C4CCC3C1CCC2O,0,434-22-0,NPAGDVCDWIYMMC-UHFFFAOYSA-N,434-22-0,STopTox peer-reviewed curated experimental irritation dataset,https://doi.org/10.1289/EHP9341,"[""eye:CpId:2307""]","[""explicit_curated_experimental_outcome_0"", ""absence_of_hazard_statement_not_used"", ""defined_single_structure"", ""exact_identity_deduplicated"", ""current_strong_conflicts_excluded"", ""external_holdout_quarantined"", ""publication_dataset_oecd_405_curation""]",peer_reviewed_curated_experimental_negative,0.9,experimental,"OECD TG 405 experimental eye irritation, curated at dataset level",not irritating / not classified (curated Outcome=0),not_reported_per_record_in_public_sdf,eye:CpId:2307,03dc5888f0859ddcc1b694e186bb2137229ea571e3db56572205f482794de03d,https://github.com/joyvb/stoptox,6ba3a7f82ab9fda8534f120114a566eec296e8ae,"InChI=1S/C18H26O2/c1-18-9-8-14-13-5-3-12(19)10-11(13)2-4-15(14)16(18)6-7-17(18)20/h10,13-17,20H,2-9H2,1H3"
CCC=CCCOC(C)=O,0,3681-71-8,NPFVOOAXDOBMCE-UHFFFAOYSA-N,3681-71-8,STopTox peer-reviewed curated experimental irritation dataset,https://doi.org/10.1289/EHP9341,"[""eye:CpId:530""]","[""explicit_curated_experimental_outcome_0"", ""absence_of_hazard_statement_not_used"", ""defined_single_structure"", ""exact_identity_deduplicated"", ""current_strong_conflicts_excluded"", ""external_holdout_quarantined"", ""publication_dataset_oecd_405_curation""]",peer_reviewed_curated_experimental_negative,0.9,experimental,"OECD TG 405 experimental eye irritation, curated at dataset level",not irritating / not classified (curated Outcome=0),not_reported_per_record_in_public_sdf,eye:CpId:530,03dc5888f0859ddcc1b694e186bb2137229ea571e3db56572205f482794de03d,https://github.com/joyvb/stoptox,6ba3a7f82ab9fda8534f120114a566eec296e8ae,NPFVOOAXDOBMCE-PLNGDYQASA-N
C=CC(=O)OCCCOCC(C)(C)COCCCOC(=O)C=C,0,84170-74-1,NQGDHQASSFDDLD-UHFFFAOYSA-N,84170-74-1,STopTox peer-reviewed curated experimental irritation dataset,https://doi.org/10.1289/EHP9341,"[""eye:CpId:531""]","[""explicit_curated_experimental_outcome_0"", ""absence_of_hazard_statement_not_used"", ""defined_single_structure"", ""exact_identity_deduplicated"", ""current_strong_conflicts_excluded"", ""external_holdout_quarantined"", ""publication_dataset_oecd_405_curation""]",peer_reviewed_curated_experimental_negative,0.9,experimental,"OECD TG 405 experimental eye irritation, curated at dataset level",not irritating / not classified (curated Outcome=0),not_reported_per_record_in_public_sdf,eye:CpId:531,03dc5888f0859ddcc1b694e186bb2137229ea571e3db56572205f482794de03d,https://github.com/joyvb/stoptox,6ba3a7f82ab9fda8534f120114a566eec296e8ae,NQGDHQASSFDDLD-UHFFFAOYSA-N
Oc1c2ccccc2nc2cc3c(O)c4ccccc4nc3cc12,0,1047-16-1,NRCMAYZCPIVABH-UHFFFAOYSA-N,1047-16-1,STopTox peer-reviewed curated experimental irritation dataset,https://doi.org/10.1289/EHP9341,"[""eye:CpId:533""]","[""explicit_curated_experimental_outcome_0"", ""absence_of_hazard_statement_not_used"", ""defined_single_structure"", ""exact_identity_deduplicated"", ""current_strong_conflicts_excluded"", ""external_holdout_quarantined"", ""publication_dataset_oecd_405_curation""]",peer_reviewed_curated_experimental_negative,0.9,experimental,"OECD TG 405 experimental eye irritation, curated at dataset level",not irritating / not classified (curated Outcome=0),not_reported_per_record_in_public_sdf,eye:CpId:533,03dc5888f0859ddcc1b694e186bb2137229ea571e3db56572205f482794de03d,https://github.com/joyvb/stoptox,6ba3a7f82ab9fda8534f120114a566eec296e8ae,NRCMAYZCPIVABH-UHFFFAOYSA-N
Nc1ccncc1,0,504-24-5,NUKYPUAOHBNCPY-UHFFFAOYSA-N,504-24-5,STopTox peer-reviewed curated experimental irritation dataset,https://doi.org/10.1289/EHP9341,"[""eye:CpId:2325""]","[""explicit_curated_experimental_outcome_0"", ""absence_of_hazard_statement_not_used"", ""defined_single_structure"", ""exact_identity_deduplicated"", ""current_strong_conflicts_excluded"", ""external_holdout_quarantined"", ""publication_dataset_oecd_405_curation""]",peer_reviewed_curated_experimental_negative,0.9,experimental,"OECD TG 405 experimental eye irritation, curated at dataset level",not irritating / not classified (curated Outcome=0),not_reported_per_record_in_public_sdf,eye:CpId:2325,03dc5888f0859ddcc1b694e186bb2137229ea571e3db56572205f482794de03d,https://github.com/joyvb/stoptox,6ba3a7f82ab9fda8534f120114a566eec296e8ae,"InChI=1S/C5H6N2/c6-5-1-3-7-4-2-5/h1-4H,(H2,6,7)"
CCCCCC(=O)OC,0,106-70-7,NUKZAGXMHTUAFE-UHFFFAOYSA-N,106-70-7,STopTox peer-reviewed curated experimental irritation dataset,https://doi.org/10.1289/EHP9341,"[""eye:CpId:536""]","[""explicit_curated_experimental_outcome_0"", ""absence_of_hazard_statement_not_used"", ""defined_single_structure"", ""exact_identity_deduplicated"", ""current_strong_conflicts_excluded"", ""external_holdout_quarantined"", ""publication_dataset_oecd_405_curation""]",peer_reviewed_curated_experimental_negative,0.9,experimental,"OECD TG 405 experimental eye irritation, curated at dataset level",not irritating / not classified (curated Outcome=0),not_reported_per_record_in_public_sdf,eye:CpId:536,03dc5888f0859ddcc1b694e186bb2137229ea571e3db56572205f482794de03d,https://github.com/joyvb/stoptox,6ba3a7f82ab9fda8534f120114a566eec296e8ae,NUKZAGXMHTUAFE-UHFFFAOYSA-N
CCOC(=O)c1ccc(O)cc1,0,120-47-8,NUVBSKCKDOMJSU-UHFFFAOYSA-N,120-47-8,STopTox peer-reviewed curated experimental irritation dataset,https://doi.org/10.1289/EHP9341,"[""eye:CpId:537""]","[""explicit_curated_experimental_outcome_0"", ""absence_of_hazard_statement_not_used"", ""defined_single_structure"", ""exact_identity_deduplicated"", ""current_strong_conflicts_excluded"", ""external_holdout_quarantined"", ""publication_dataset_oecd_405_curation""]",peer_reviewed_curated_experimental_negative,0.9,experimental,"OECD TG 405 experimental eye irritation, curated at dataset level",not irritating / not classified (curated Outcome=0),not_reported_per_record_in_public_sdf,eye:CpId:537,03dc5888f0859ddcc1b694e186bb2137229ea571e3db56572205f482794de03d,https://github.com/joyvb/stoptox,6ba3a7f82ab9fda8534f120114a566eec296e8ae,NUVBSKCKDOMJSU-UHFFFAOYSA-N
O=C1c2c(O)cccc2Cc2cccc(O)c21,0,1143-38-0,NUZWLKWWNNJHPT-UHFFFAOYSA-N,1143-38-0,STopTox peer-reviewed curated experimental irritation dataset,https://doi.org/10.1289/EHP9341,"[""eye:CpId:2328""]","[""explicit_curated_experimental_outcome_0"", ""absence_of_hazard_statement_not_used"", ""defined_single_structure"", ""exact_identity_deduplicated"", ""current_strong_conflicts_excluded"", ""external_holdout_quarantined"", ""publication_dataset_oecd_405_curation""]",peer_reviewed_curated_experimental_negative,0.9,experimental,"OECD TG 405 experimental eye irritation, curated at dataset level",not irritating / not classified (curated Outcome=0),not_reported_per_record_in_public_sdf,eye:CpId:2328,03dc5888f0859ddcc1b694e186bb2137229ea571e3db56572205f482794de03d,https://github.com/joyvb/stoptox,6ba3a7f82ab9fda8534f120114a566eec296e8ae,"InChI=1S/C14H10O3/c15-10-5-1-3-8-7-9-4-2-6-11(16)13(9)14(17)12(8)10/h1-6,15-16H,7H2"
CCCCCCCCC=CCCCCCCCC(=O)OCC(O)C1OCC(O)C1O,0,1338-43-8,NWGKJDSIEKMTRX-UHFFFAOYSA-N,1338-43-8,STopTox peer-reviewed curated experimental irritation dataset,https://doi.org/10.1289/EHP9341,"[""eye:CpId:2331""]","[""explicit_curated_experimental_outcome_0"", ""absence_of_hazard_statement_not_used"", ""defined_single_structure"", ""exact_identity_deduplicated"", ""current_strong_conflicts_excluded"", ""external_holdout_quarantined"", ""publication_dataset_oecd_405_curation""]",peer_reviewed_curated_experimental_negative,0.9,experimental,"OECD TG 405 experimental eye irritation, curated at dataset level",not irritating / not classified (curated Outcome=0),not_reported_per_record_in_public_sdf,eye:CpId:2331,03dc5888f0859ddcc1b694e186bb2137229ea571e3db56572205f482794de03d,https://github.com/joyvb/stoptox,6ba3a7f82ab9fda8534f120114a566eec296e8ae,"InChI=1S/C24H44O6/c1-2-3-4-5-6-7-8-9-10-11-12-13-14-15-16-17-22(27)29-19-21(26)24-23(28)20(25)18-30-24/h9-10,20-21,23-26,28H,2-8,11-19H2,1H3"
CCCCCCCCCCOC(=O)CCCCC(=O)OCCCCCCCC,0,110-29-2,NWSGBTCJMJADLE-UHFFFAOYSA-N,110-29-2,STopTox peer-reviewed curated experimental irritation dataset,https://doi.org/10.1289/EHP9341,"[""eye:CpId:2335""]","[""explicit_curated_experimental_outcome_0"", ""absence_of_hazard_statement_not_used"", ""defined_single_structure"", ""exact_identity_deduplicated"", ""current_strong_conflicts_excluded"", ""external_holdout_quarantined"", ""publication_dataset_oecd_405_curation""]",peer_reviewed_curated_experimental_negative,0.9,experimental,"OECD TG 405 experimental eye irritation, curated at dataset level",not irritating / not classified (curated Outcome=0),not_reported_per_record_in_public_sdf,eye:CpId:2335,03dc5888f0859ddcc1b694e186bb2137229ea571e3db56572205f482794de03d,https://github.com/joyvb/stoptox,6ba3a7f82ab9fda8534f120114a566eec296e8ae,"InChI=1S/C24H46O4/c1-3-5-7-9-11-12-14-18-22-28-24(26)20-16-15-19-23(25)27-21-17-13-10-8-6-4-2/h3-22H2,1-2H3"
COc1ccc(O)cc1,0,150-76-5,NWVVVBRKAWDGAB-UHFFFAOYSA-N,150-76-5,STopTox peer-reviewed curated experimental irritation dataset,https://doi.org/10.1289/EHP9341,"[""eye:CpId:2336""]","[""explicit_curated_experimental_outcome_0"", ""absence_of_hazard_statement_not_used"", ""defined_single_structure"", ""exact_identity_deduplicated"", ""current_strong_conflicts_excluded"", ""external_holdout_quarantined"", ""publication_dataset_oecd_405_curation""]",peer_reviewed_curated_experimental_negative,0.9,experimental,"OECD TG 405 experimental eye irritation, curated at dataset level",not irritating / not classified (curated Outcome=0),not_reported_per_record_in_public_sdf,eye:CpId:2336,03dc5888f0859ddcc1b694e186bb2137229ea571e3db56572205f482794de03d,https://github.com/joyvb/stoptox,6ba3a7f82ab9fda8534f120114a566eec296e8ae,"InChI=1S/C7H8O2/c1-9-7-4-2-6(8)3-5-7/h2-5,8H,1H3"
O=C(OCCOCCOC(=O)c1ccccc1)c1ccccc1,0,120-55-8,NXQMCAOPTPLPRL-UHFFFAOYSA-N,120-55-8,STopTox peer-reviewed curated experimental irritation dataset,https://doi.org/10.1289/EHP9341,"[""eye:CpId:539""]","[""explicit_curated_experimental_outcome_0"", ""absence_of_hazard_statement_not_used"", ""defined_single_structure"", ""exact_identity_deduplicated"", ""current_strong_conflicts_excluded"", ""external_holdout_quarantined"", ""publication_dataset_oecd_405_curation""]",peer_reviewed_curated_experimental_negative,0.9,experimental,"OECD TG 405 experimental eye irritation, curated at dataset level",not irritating / not classified (curated Outcome=0),not_reported_per_record_in_public_sdf,eye:CpId:539,03dc5888f0859ddcc1b694e186bb2137229ea571e3db56572205f482794de03d,https://github.com/joyvb/stoptox,6ba3a7f82ab9fda8534f120114a566eec296e8ae,NXQMCAOPTPLPRL-UHFFFAOYSA-N
CCCc1cc(CCC)c(CCC)c(CCC)c1,0,25265-78-5,NYIQECIYDUSNRC-UHFFFAOYSA-N,25265-78-5,STopTox peer-reviewed curated experimental irritation dataset,https://doi.org/10.1289/EHP9341,"[""eye:CpId:540""]","[""explicit_curated_experimental_outcome_0"", ""absence_of_hazard_statement_not_used"", ""defined_single_structure"", ""exact_identity_deduplicated"", ""current_strong_conflicts_excluded"", ""external_holdout_quarantined"", ""publication_dataset_oecd_405_curation""]",peer_reviewed_curated_experimental_negative,0.9,experimental,"OECD TG 405 experimental eye irritation, curated at dataset level",not irritating / not classified (curated Outcome=0),not_reported_per_record_in_public_sdf,eye:CpId:540,03dc5888f0859ddcc1b694e186bb2137229ea571e3db56572205f482794de03d,https://github.com/joyvb/stoptox,6ba3a7f82ab9fda8534f120114a566eec296e8ae,NYIQECIYDUSNRC-UHFFFAOYSA-N
CCN(CC)CCCN(c1ccccc1)C1Cc2ccccc2C1,0,37640-71-4,NZLBHDRPUJLHCE-UHFFFAOYSA-N,37640-71-4,STopTox peer-reviewed curated experimental irritation dataset,https://doi.org/10.1289/EHP9341,"[""eye:CpId:2343""]","[""explicit_curated_experimental_outcome_0"", ""absence_of_hazard_statement_not_used"", ""defined_single_structure"", ""exact_identity_deduplicated"", ""current_strong_conflicts_excluded"", ""external_holdout_quarantined"", ""publication_dataset_oecd_405_curation""]",peer_reviewed_curated_experimental_negative,0.9,experimental,"OECD TG 405 experimental eye irritation, curated at dataset level",not irritating / not classified (curated Outcome=0),not_reported_per_record_in_public_sdf,eye:CpId:2343,03dc5888f0859ddcc1b694e186bb2137229ea571e3db56572205f482794de03d,https://github.com/joyvb/stoptox,6ba3a7f82ab9fda8534f120114a566eec296e8ae,"InChI=1S/C22H30N2/c1-3-23(4-2)15-10-16-24(21-13-6-5-7-14-21)22-17-19-11-8-9-12-20(19)18-22/h5-9,11-14,22H,3-4,10,15-18H2,1-2H3"
CC(=O)OC(C)C[N+](C)(C)C,0,55-92-5,NZWOPGCLSHLLPA-UHFFFAOYSA-N,55-92-5,STopTox peer-reviewed curated experimental irritation dataset,https://doi.org/10.1289/EHP9341,"[""eye:CpId:2345""]","[""explicit_curated_experimental_outcome_0"", ""absence_of_hazard_statement_not_used"", ""defined_single_structure"", ""exact_identity_deduplicated"", ""current_strong_conflicts_excluded"", ""external_holdout_quarantined"", ""publication_dataset_oecd_405_curation""]",peer_reviewed_curated_experimental_negative,0.9,experimental,"OECD TG 405 experimental eye irritation, curated at dataset level",not irritating / not classified (curated Outcome=0),not_reported_per_record_in_public_sdf,eye:CpId:2345,03dc5888f0859ddcc1b694e186bb2137229ea571e3db56572205f482794de03d,https://github.com/joyvb/stoptox,6ba3a7f82ab9fda8534f120114a566eec296e8ae,"InChI=1S/C8H18NO2/c1-7(11-8(2)10)6-9(3,4)5/h7H,6H2,1-5H3/q+1"
CCCCC(CC)CN(CCC(=O)O)CCC(=O)O,0,94441-92-6,OAHNQUKKWVAYGR-UHFFFAOYSA-N,94441-92-6,STopTox peer-reviewed curated experimental irritation dataset,https://doi.org/10.1289/EHP9341,"[""eye:CpId:542""]","[""explicit_curated_experimental_outcome_0"", ""absence_of_hazard_statement_not_used"", ""defined_single_structure"", ""exact_identity_deduplicated"", ""current_strong_conflicts_excluded"", ""external_holdout_quarantined"", ""publication_dataset_oecd_405_curation""]",peer_reviewed_curated_experimental_negative,0.9,experimental,"OECD TG 405 experimental eye irritation, curated at dataset level",not irritating / not classified (curated Outcome=0),not_reported_per_record_in_public_sdf,eye:CpId:542,03dc5888f0859ddcc1b694e186bb2137229ea571e3db56572205f482794de03d,https://github.com/joyvb/stoptox,6ba3a7f82ab9fda8534f120114a566eec296e8ae,OAHNQUKKWVAYGR-UHFFFAOYSA-L
CCCCCC1CCC(=O)O1,0,104-61-0,OALYTRUKMRCXNH-UHFFFAOYSA-N,104-61-0,STopTox peer-reviewed curated experimental irritation dataset,https://doi.org/10.1289/EHP9341,"[""eye:CpId:543""]","[""explicit_curated_experimental_outcome_0"", ""absence_of_hazard_statement_not_used"", ""defined_single_structure"", ""exact_identity_deduplicated"", ""current_strong_conflicts_excluded"", ""external_holdout_quarantined"", ""publication_dataset_oecd_405_curation""]",peer_reviewed_curated_experimental_negative,0.9,experimental,"OECD TG 405 experimental eye irritation, curated at dataset level",not irritating / not classified (curated Outcome=0),not_reported_per_record_in_public_sdf,eye:CpId:543,03dc5888f0859ddcc1b694e186bb2137229ea571e3db56572205f482794de03d,https://github.com/joyvb/stoptox,6ba3a7f82ab9fda8534f120114a566eec296e8ae,OALYTRUKMRCXNH-QMMMGPOBSA-N
CC=CCCCCCCCCCCC,0,26952-13-6,OBDUMNZXAIUUTH-UHFFFAOYSA-N,26952-13-6,STopTox peer-reviewed curated experimental irritation dataset,https://doi.org/10.1289/EHP9341,"[""eye:CpId:544""]","[""explicit_curated_experimental_outcome_0"", ""absence_of_hazard_statement_not_used"", ""defined_single_structure"", ""exact_identity_deduplicated"", ""current_strong_conflicts_excluded"", ""external_holdout_quarantined"", ""publication_dataset_oecd_405_curation""]",peer_reviewed_curated_experimental_negative,0.9,experimental,"OECD TG 405 experimental eye irritation, curated at dataset level",not irritating / not classified (curated Outcome=0),not_reported_per_record_in_public_sdf,eye:CpId:544,03dc5888f0859ddcc1b694e186bb2137229ea571e3db56572205f482794de03d,https://github.com/joyvb/stoptox,6ba3a7f82ab9fda8534f120114a566eec296e8ae,OBDUMNZXAIUUTH-HWKANZROSA-N
CCCCC(CC)C(=O)O,0,149-57-5,OBETXYAYXDNJHR-UHFFFAOYSA-N,149-57-5,STopTox peer-reviewed curated experimental irritation dataset,https://doi.org/10.1289/EHP9341,"[""eye:CpId:546""]","[""explicit_curated_experimental_outcome_0"", ""absence_of_hazard_statement_not_used"", ""defined_single_structure"", ""exact_identity_deduplicated"", ""current_strong_conflicts_excluded"", ""external_holdout_quarantined"", ""publication_dataset_oecd_405_curation""]",peer_reviewed_curated_experimental_negative,0.9,experimental,"OECD TG 405 experimental eye irritation, curated at dataset level",not irritating / not classified (curated Outcome=0),not_reported_per_record_in_public_sdf,eye:CpId:546,03dc5888f0859ddcc1b694e186bb2137229ea571e3db56572205f482794de03d,https://github.com/joyvb/stoptox,6ba3a7f82ab9fda8534f120114a566eec296e8ae,OBETXYAYXDNJHR-UHFFFAOYSA-N
O=C(O)CCCc1ccccc1,0,1821-12-1,OBKXEAXTFZPCHS-UHFFFAOYSA-N,1821-12-1,STopTox peer-reviewed curated experimental irritation dataset,https://doi.org/10.1289/EHP9341,"[""eye:CpId:2350""]","[""explicit_curated_experimental_outcome_0"", ""absence_of_hazard_statement_not_used"", ""defined_single_structure"", ""exact_identity_deduplicated"", ""current_strong_conflicts_excluded"", ""external_holdout_quarantined"", ""publication_dataset_oecd_405_curation""]",peer_reviewed_curated_experimental_negative,0.9,experimental,"OECD TG 405 experimental eye irritation, curated at dataset level",not irritating / not classified (curated Outcome=0),not_reported_per_record_in_public_sdf,eye:CpId:2350,03dc5888f0859ddcc1b694e186bb2137229ea571e3db56572205f482794de03d,https://github.com/joyvb/stoptox,6ba3a7f82ab9fda8534f120114a566eec296e8ae,"InChI=1S/C10H12O2/c11-10(12)8-4-7-9-5-2-1-3-6-9/h1-3,5-6H,4,7-8H2,(H,11,12)"
c1ccc(-c2ccc(C(c3ccccc3)n3ccnc3)cc2)cc1,0,60628-96-8,OCAPBUJLXMYKEJ-UHFFFAOYSA-N,60628-96-8,STopTox peer-reviewed curated experimental irritation dataset,https://doi.org/10.1289/EHP9341,"[""eye:CpId:2354""]","[""explicit_curated_experimental_outcome_0"", ""absence_of_hazard_statement_not_used"", ""defined_single_structure"", ""exact_identity_deduplicated"", ""current_strong_conflicts_excluded"", ""external_holdout_quarantined"", ""publication_dataset_oecd_405_curation""]",peer_reviewed_curated_experimental_negative,0.9,experimental,"OECD TG 405 experimental eye irritation, curated at dataset level",not irritating / not classified (curated Outcome=0),not_reported_per_record_in_public_sdf,eye:CpId:2354,03dc5888f0859ddcc1b694e186bb2137229ea571e3db56572205f482794de03d,https://github.com/joyvb/stoptox,6ba3a7f82ab9fda8534f120114a566eec296e8ae,"InChI=1S/C22H18N2/c1-3-7-18(8-4-1)19-11-13-21(14-12-19)22(24-16-15-23-17-24)20-9-5-2-6-10-20/h1-17,22H"
Clc1ccc(Cl)cc1,0,106-46-7,OCJBOOLMMGQPQU-UHFFFAOYSA-N,106-46-7,STopTox peer-reviewed curated experimental irritation dataset,https://doi.org/10.1289/EHP9341,"[""eye:CpId:547""]","[""explicit_curated_experimental_outcome_0"", ""absence_of_hazard_statement_not_used"", ""defined_single_structure"", ""exact_identity_deduplicated"", ""current_strong_conflicts_excluded"", ""external_holdout_quarantined"", ""publication_dataset_oecd_405_curation""]",peer_reviewed_curated_experimental_negative,0.9,experimental,"OECD TG 405 experimental eye irritation, curated at dataset level",not irritating / not classified (curated Outcome=0),not_reported_per_record_in_public_sdf,eye:CpId:547,03dc5888f0859ddcc1b694e186bb2137229ea571e3db56572205f482794de03d,https://github.com/joyvb/stoptox,6ba3a7f82ab9fda8534f120114a566eec296e8ae,OCJBOOLMMGQPQU-UHFFFAOYSA-N
Cc1cccc(CN2CCN(C(c3ccccc3)c3ccc(Cl)cc3)CC2)c1,0,569-65-3,OCJYIGYOJCODJL-UHFFFAOYSA-N,569-65-3,STopTox peer-reviewed curated experimental irritation dataset,https://doi.org/10.1289/EHP9341,"[""eye:CpId:2355""]","[""explicit_curated_experimental_outcome_0"", ""absence_of_hazard_statement_not_used"", ""defined_single_structure"", ""exact_identity_deduplicated"", ""current_strong_conflicts_excluded"", ""external_holdout_quarantined"", ""publication_dataset_oecd_405_curation""]",peer_reviewed_curated_experimental_negative,0.9,experimental,"OECD TG 405 experimental eye irritation, curated at dataset level",not irritating / not classified (curated Outcome=0),not_reported_per_record_in_public_sdf,eye:CpId:2355,03dc5888f0859ddcc1b694e186bb2137229ea571e3db56572205f482794de03d,https://github.com/joyvb/stoptox,6ba3a7f82ab9fda8534f120114a566eec296e8ae,"InChI=1S/C25H27ClN2/c1-20-6-5-7-21(18-20)19-27-14-16-28(17-15-27)25(22-8-3-2-4-9-22)23-10-12-24(26)13-11-23/h2-13,18,25H,14-17,19H2,1H3"
CC(C)NO,0,5080-22-8,ODHYIQOBTIWVRZ-UHFFFAOYSA-N,5080-22-8,STopTox peer-reviewed curated experimental irritation dataset,https://doi.org/10.1289/EHP9341,"[""eye:CpId:548""]","[""explicit_curated_experimental_outcome_0"", ""absence_of_hazard_statement_not_used"", ""defined_single_structure"", ""exact_identity_deduplicated"", ""current_strong_conflicts_excluded"", ""external_holdout_quarantined"", ""publication_dataset_oecd_405_curation""]",peer_reviewed_curated_experimental_negative,0.9,experimental,"OECD TG 405 experimental eye irritation, curated at dataset level",not irritating / not classified (curated Outcome=0),not_reported_per_record_in_public_sdf,eye:CpId:548,03dc5888f0859ddcc1b694e186bb2137229ea571e3db56572205f482794de03d,https://github.com/joyvb/stoptox,6ba3a7f82ab9fda8534f120114a566eec296e8ae,ODHYIQOBTIWVRZ-UHFFFAOYSA-N
[H]/N=C(\N)NCCCC(N)C(=O)O,0,1119-34-2,ODKSFYDXXFIFQN-UHFFFAOYSA-N,1119-34-2,STopTox peer-reviewed curated experimental irritation dataset,https://doi.org/10.1289/EHP9341,"[""eye:CpId:549""]","[""explicit_curated_experimental_outcome_0"", ""absence_of_hazard_statement_not_used"", ""defined_single_structure"", ""exact_identity_deduplicated"", ""current_strong_conflicts_excluded"", ""external_holdout_quarantined"", ""publication_dataset_oecd_405_curation""]",peer_reviewed_curated_experimental_negative,0.9,experimental,"OECD TG 405 experimental eye irritation, curated at dataset level",not irritating / not classified (curated Outcome=0),not_reported_per_record_in_public_sdf,eye:CpId:549,03dc5888f0859ddcc1b694e186bb2137229ea571e3db56572205f482794de03d,https://github.com/joyvb/stoptox,6ba3a7f82ab9fda8534f120114a566eec296e8ae,ODKSFYDXXFIFQN-BYPYZUCNSA-N
CCCCCCCCC=CCCCCCCCC(=O)OCCCCCCCC(C)C,0,59231-34-4,ODMZDMMTKHXXKA-UHFFFAOYSA-N,59231-34-4,STopTox peer-reviewed curated experimental irritation dataset,https://doi.org/10.1289/EHP9341,"[""eye:CpId:2360""]","[""explicit_curated_experimental_outcome_0"", ""absence_of_hazard_statement_not_used"", ""defined_single_structure"", ""exact_identity_deduplicated"", ""current_strong_conflicts_excluded"", ""external_holdout_quarantined"", ""publication_dataset_oecd_405_curation""]",peer_reviewed_curated_experimental_negative,0.9,experimental,"OECD TG 405 experimental eye irritation, curated at dataset level",not irritating / not classified (curated Outcome=0),not_reported_per_record_in_public_sdf,eye:CpId:2360,03dc5888f0859ddcc1b694e186bb2137229ea571e3db56572205f482794de03d,https://github.com/joyvb/stoptox,6ba3a7f82ab9fda8534f120114a566eec296e8ae,"InChI=1S/C28H54O2/c1-4-5-6-7-8-9-10-11-12-13-14-15-16-19-22-25-28(29)30-26-23-20-17-18-21-24-27(2)3/h11-12,27H,4-10,13-26H2,1-3H3"
COP(=O)(OC)OC=C(Cl)Cl,0,62-73-7,OEBRKCOSUFCWJD-UHFFFAOYSA-N,62-73-7,STopTox peer-reviewed curated experimental irritation dataset,https://doi.org/10.1289/EHP9341,"[""eye:CpId:2362""]","[""explicit_curated_experimental_outcome_0"", ""absence_of_hazard_statement_not_used"", ""defined_single_structure"", ""exact_identity_deduplicated"", ""current_strong_conflicts_excluded"", ""external_holdout_quarantined"", ""publication_dataset_oecd_405_curation""]",peer_reviewed_curated_experimental_negative,0.9,experimental,"OECD TG 405 experimental eye irritation, curated at dataset level",not irritating / not classified (curated Outcome=0),not_reported_per_record_in_public_sdf,eye:CpId:2362,03dc5888f0859ddcc1b694e186bb2137229ea571e3db56572205f482794de03d,https://github.com/joyvb/stoptox,6ba3a7f82ab9fda8534f120114a566eec296e8ae,"InChI=1S/C4H7Cl2O4P/c1-8-11(7,9-2)10-3-4(5)6/h3H,1-2H3"
C[N+](C)(C)CCO,0,62-49-7,OEYIOHPDSNJKLS-UHFFFAOYSA-N,62-49-7,STopTox peer-reviewed curated experimental irritation dataset,https://doi.org/10.1289/EHP9341,"[""eye:CpId:2366""]","[""explicit_curated_experimental_outcome_0"", ""absence_of_hazard_statement_not_used"", ""defined_single_structure"", ""exact_identity_deduplicated"", ""current_strong_conflicts_excluded"", ""external_holdout_quarantined"", ""publication_dataset_oecd_405_curation""]",peer_reviewed_curated_experimental_negative,0.9,experimental,"OECD TG 405 experimental eye irritation, curated at dataset level",not irritating / not classified (curated Outcome=0),not_reported_per_record_in_public_sdf,eye:CpId:2366,03dc5888f0859ddcc1b694e186bb2137229ea571e3db56572205f482794de03d,https://github.com/joyvb/stoptox,6ba3a7f82ab9fda8534f120114a566eec296e8ae,"InChI=1S/C5H14NO/c1-6(2,3)4-5-7/h7H,4-5H2,1-3H3/q+1"
CCN(CC)CCOC(=O)C1(c2ccccc2)CCCC1,0,77-22-5,OFAIGZWCDGNZGT-UHFFFAOYSA-N,77-22-5,STopTox peer-reviewed curated experimental irritation dataset,https://doi.org/10.1289/EHP9341,"[""eye:CpId:2367""]","[""explicit_curated_experimental_outcome_0"", ""absence_of_hazard_statement_not_used"", ""defined_single_structure"", ""exact_identity_deduplicated"", ""current_strong_conflicts_excluded"", ""external_holdout_quarantined"", ""publication_dataset_oecd_405_curation""]",peer_reviewed_curated_experimental_negative,0.9,experimental,"OECD TG 405 experimental eye irritation, curated at dataset level",not irritating / not classified (curated Outcome=0),not_reported_per_record_in_public_sdf,eye:CpId:2367,03dc5888f0859ddcc1b694e186bb2137229ea571e3db56572205f482794de03d,https://github.com/joyvb/stoptox,6ba3a7f82ab9fda8534f120114a566eec296e8ae,"InChI=1S/C18H27NO2/c1-3-19(4-2)14-15-21-17(20)18(12-8-9-13-18)16-10-6-5-7-11-16/h5-7,10-11H,3-4,8-9,12-15H2,1-2H3"
OC(CCCN1CCCCC1)(c1ccccc1)c1ccccc1,0,972-02-1,OGAKLTJNUQRZJU-UHFFFAOYSA-N,972-02-1,STopTox peer-reviewed curated experimental irritation dataset,https://doi.org/10.1289/EHP9341,"[""eye:CpId:2374""]","[""explicit_curated_experimental_outcome_0"", ""absence_of_hazard_statement_not_used"", ""defined_single_structure"", ""exact_identity_deduplicated"", ""current_strong_conflicts_excluded"", ""external_holdout_quarantined"", ""publication_dataset_oecd_405_curation""]",peer_reviewed_curated_experimental_negative,0.9,experimental,"OECD TG 405 experimental eye irritation, curated at dataset level",not irritating / not classified (curated Outcome=0),not_reported_per_record_in_public_sdf,eye:CpId:2374,03dc5888f0859ddcc1b694e186bb2137229ea571e3db56572205f482794de03d,https://github.com/joyvb/stoptox,6ba3a7f82ab9fda8534f120114a566eec296e8ae,"InChI=1S/C21H27NO/c23-21(19-11-4-1-5-12-19,20-13-6-2-7-14-20)15-10-18-22-16-8-3-9-17-22/h1-2,4-7,11-14,23H,3,8-10,15-18H2"
COc1ccc(OC)cc1,0,150-78-7,OHBQPCCCRFSCAX-UHFFFAOYSA-N,150-78-7,STopTox peer-reviewed curated experimental irritation dataset,https://doi.org/10.1289/EHP9341,"[""eye:CpId:552""]","[""explicit_curated_experimental_outcome_0"", ""absence_of_hazard_statement_not_used"", ""defined_single_structure"", ""exact_identity_deduplicated"", ""current_strong_conflicts_excluded"", ""external_holdout_quarantined"", ""publication_dataset_oecd_405_curation""]",peer_reviewed_curated_experimental_negative,0.9,experimental,"OECD TG 405 experimental eye irritation, curated at dataset level",not irritating / not classified (curated Outcome=0),not_reported_per_record_in_public_sdf,eye:CpId:552,03dc5888f0859ddcc1b694e186bb2137229ea571e3db56572205f482794de03d,https://github.com/joyvb/stoptox,6ba3a7f82ab9fda8534f120114a566eec296e8ae,OHBQPCCCRFSCAX-UHFFFAOYSA-N
CNC(C)=O,0,79-16-3,OHLUUHNLEMFGTQ-UHFFFAOYSA-N,79-16-3,STopTox peer-reviewed curated experimental irritation dataset,https://doi.org/10.1289/EHP9341,"[""eye:CpId:553""]","[""explicit_curated_experimental_outcome_0"", ""absence_of_hazard_statement_not_used"", ""defined_single_structure"", ""exact_identity_deduplicated"", ""current_strong_conflicts_excluded"", ""external_holdout_quarantined"", ""publication_dataset_oecd_405_curation""]",peer_reviewed_curated_experimental_negative,0.9,experimental,"OECD TG 405 experimental eye irritation, curated at dataset level",not irritating / not classified (curated Outcome=0),not_reported_per_record_in_public_sdf,eye:CpId:553,03dc5888f0859ddcc1b694e186bb2137229ea571e3db56572205f482794de03d,https://github.com/joyvb/stoptox,6ba3a7f82ab9fda8534f120114a566eec296e8ae,OHLUUHNLEMFGTQ-UHFFFAOYSA-N
CC(C)c1cccc(C(C)CC=O)c1,0,125109-85-5,OHRBQTOZYGEWCJ-UHFFFAOYSA-N,125109-85-5,STopTox peer-reviewed curated experimental irritation dataset,https://doi.org/10.1289/EHP9341,"[""eye:CpId:554""]","[""explicit_curated_experimental_outcome_0"", ""absence_of_hazard_statement_not_used"", ""defined_single_structure"", ""exact_identity_deduplicated"", ""current_strong_conflicts_excluded"", ""external_holdout_quarantined"", ""publication_dataset_oecd_405_curation""]",peer_reviewed_curated_experimental_negative,0.9,experimental,"OECD TG 405 experimental eye irritation, curated at dataset level",not irritating / not classified (curated Outcome=0),not_reported_per_record_in_public_sdf,eye:CpId:554,03dc5888f0859ddcc1b694e186bb2137229ea571e3db56572205f482794de03d,https://github.com/joyvb/stoptox,6ba3a7f82ab9fda8534f120114a566eec296e8ae,OHRBQTOZYGEWCJ-UHFFFAOYSA-N
COC(=O)CC(C(=O)OC)=C(C)O,0,10420-33-4,OHUNHQGWDLPDQG-UHFFFAOYSA-N,10420-33-4,STopTox peer-reviewed curated experimental irritation dataset,https://doi.org/10.1289/EHP9341,"[""eye:CpId:929""]","[""explicit_curated_experimental_outcome_0"", ""absence_of_hazard_statement_not_used"", ""defined_single_structure"", ""exact_identity_deduplicated"", ""current_strong_conflicts_excluded"", ""external_holdout_quarantined"", ""publication_dataset_oecd_405_curation""]",peer_reviewed_curated_experimental_negative,0.9,experimental,"OECD TG 405 experimental eye irritation, curated at dataset level",not irritating / not classified (curated Outcome=0),not_reported_per_record_in_public_sdf,eye:CpId:929,03dc5888f0859ddcc1b694e186bb2137229ea571e3db56572205f482794de03d,https://github.com/joyvb/stoptox,6ba3a7f82ab9fda8534f120114a566eec296e8ae,XREKLQOUFWBSFH-UHFFFAOYSA-N
CCCC(Cc1ccccc1)N1CCCC1,0,493-92-5,OJCPSBCUMRIPFL-UHFFFAOYSA-N,493-92-5,STopTox peer-reviewed curated experimental irritation dataset,https://doi.org/10.1289/EHP9341,"[""eye:CpId:2385""]","[""explicit_curated_experimental_outcome_0"", ""absence_of_hazard_statement_not_used"", ""defined_single_structure"", ""exact_identity_deduplicated"", ""current_strong_conflicts_excluded"", ""external_holdout_quarantined"", ""publication_dataset_oecd_405_curation""]",peer_reviewed_curated_experimental_negative,0.9,experimental,"OECD TG 405 experimental eye irritation, curated at dataset level",not irritating / not classified (curated Outcome=0),not_reported_per_record_in_public_sdf,eye:CpId:2385,03dc5888f0859ddcc1b694e186bb2137229ea571e3db56572205f482794de03d,https://github.com/joyvb/stoptox,6ba3a7f82ab9fda8534f120114a566eec296e8ae,"InChI=1S/C15H23N/c1-2-8-15(16-11-6-7-12-16)13-14-9-4-3-5-10-14/h3-5,9-10,15H,2,6-8,11-13H2,1H3"
CCCCC(C)(O)CC=CC1C(O)CC(=O)C1CCCCCCC(=O)OC,0,59122-46-2,OJLOPKGSLYJEMD-UHFFFAOYSA-N,59122-46-2,STopTox peer-reviewed curated experimental irritation dataset,https://doi.org/10.1289/EHP9341,"[""eye:CpId:2388""]","[""explicit_curated_experimental_outcome_0"", ""absence_of_hazard_statement_not_used"", ""defined_single_structure"", ""exact_identity_deduplicated"", ""current_strong_conflicts_excluded"", ""external_holdout_quarantined"", ""publication_dataset_oecd_405_curation""]",peer_reviewed_curated_experimental_negative,0.9,experimental,"OECD TG 405 experimental eye irritation, curated at dataset level",not irritating / not classified (curated Outcome=0),not_reported_per_record_in_public_sdf,eye:CpId:2388,03dc5888f0859ddcc1b694e186bb2137229ea571e3db56572205f482794de03d,https://github.com/joyvb/stoptox,6ba3a7f82ab9fda8534f120114a566eec296e8ae,"InChI=1S/C22H38O5/c1-4-5-14-22(2,26)15-10-12-18-17(19(23)16-20(18)24)11-8-6-7-9-13-21(25)27-3/h10,12,17-18,20,24,26H,4-9,11,13-16H2,1-3H3"
Cc1ccc(OP(=O)(Oc2ccccc2)Oc2ccccc2)cc1,0,26444-49-5,OJUZRFGUKHQNJX-UHFFFAOYSA-N,26444-49-5,STopTox peer-reviewed curated experimental irritation dataset,https://doi.org/10.1289/EHP9341,"[""eye:CpId:2391""]","[""explicit_curated_experimental_outcome_0"", ""absence_of_hazard_statement_not_used"", ""defined_single_structure"", ""exact_identity_deduplicated"", ""current_strong_conflicts_excluded"", ""external_holdout_quarantined"", ""publication_dataset_oecd_405_curation""]",peer_reviewed_curated_experimental_negative,0.9,experimental,"OECD TG 405 experimental eye irritation, curated at dataset level",not irritating / not classified (curated Outcome=0),not_reported_per_record_in_public_sdf,eye:CpId:2391,03dc5888f0859ddcc1b694e186bb2137229ea571e3db56572205f482794de03d,https://github.com/joyvb/stoptox,6ba3a7f82ab9fda8534f120114a566eec296e8ae,"InChI=1S/C19H17O4P/c1-16-12-14-19(15-13-16)23-24(20,21-17-8-4-2-5-9-17)22-18-10-6-3-7-11-18/h2-15H,1H3"
CCCCC(C)CC(O)C=CC1C(O)CC(=O)C1CCCCC=CC(=O)O,0,74397-12-9,OJZYRQPMEIEQFC-UHFFFAOYSA-N,74397-12-9,STopTox peer-reviewed curated experimental irritation dataset,https://doi.org/10.1289/EHP9341,"[""eye:CpId:2392""]","[""explicit_curated_experimental_outcome_0"", ""absence_of_hazard_statement_not_used"", ""defined_single_structure"", ""exact_identity_deduplicated"", ""current_strong_conflicts_excluded"", ""external_holdout_quarantined"", ""publication_dataset_oecd_405_curation""]",peer_reviewed_curated_experimental_negative,0.9,experimental,"OECD TG 405 experimental eye irritation, curated at dataset level",not irritating / not classified (curated Outcome=0),not_reported_per_record_in_public_sdf,eye:CpId:2392,03dc5888f0859ddcc1b694e186bb2137229ea571e3db56572205f482794de03d,https://github.com/joyvb/stoptox,6ba3a7f82ab9fda8534f120114a566eec296e8ae,"InChI=1S/C22H36O5/c1-3-4-9-16(2)14-17(23)12-13-19-18(20(24)15-21(19)25)10-7-5-6-8-11-22(26)27/h8,11-13,16-19,21,23,25H,3-7,9-10,14-15H2,1-2H3,(H,26,27)"
IC(I)I,0,75-47-8,OKJPEAGHQZHRQV-UHFFFAOYSA-N,75-47-8,STopTox peer-reviewed curated experimental irritation dataset,https://doi.org/10.1289/EHP9341,"[""eye:CpId:2395""]","[""explicit_curated_experimental_outcome_0"", ""absence_of_hazard_statement_not_used"", ""defined_single_structure"", ""exact_identity_deduplicated"", ""current_strong_conflicts_excluded"", ""external_holdout_quarantined"", ""publication_dataset_oecd_405_curation""]",peer_reviewed_curated_experimental_negative,0.9,experimental,"OECD TG 405 experimental eye irritation, curated at dataset level",not irritating / not classified (curated Outcome=0),not_reported_per_record_in_public_sdf,eye:CpId:2395,03dc5888f0859ddcc1b694e186bb2137229ea571e3db56572205f482794de03d,https://github.com/joyvb/stoptox,6ba3a7f82ab9fda8534f120114a566eec296e8ae,InChI=1S/CHI3/c2-1(3)4/h1H
C=C(C)C(=O)OCC(CC)(COC(=O)C(=C)C)COC(=O)C(=C)C,0,3290-92-4,OKKRPWIIYQTPQF-UHFFFAOYSA-N,3290-92-4,STopTox peer-reviewed curated experimental irritation dataset,https://doi.org/10.1289/EHP9341,"[""eye:CpId:556""]","[""explicit_curated_experimental_outcome_0"", ""absence_of_hazard_statement_not_used"", ""defined_single_structure"", ""exact_identity_deduplicated"", ""current_strong_conflicts_excluded"", ""external_holdout_quarantined"", ""publication_dataset_oecd_405_curation""]",peer_reviewed_curated_experimental_negative,0.9,experimental,"OECD TG 405 experimental eye irritation, curated at dataset level",not irritating / not classified (curated Outcome=0),not_reported_per_record_in_public_sdf,eye:CpId:556,03dc5888f0859ddcc1b694e186bb2137229ea571e3db56572205f482794de03d,https://github.com/joyvb/stoptox,6ba3a7f82ab9fda8534f120114a566eec296e8ae,OKKRPWIIYQTPQF-UHFFFAOYSA-N
CC(C)c1cccc(C(C)C)c1O,0,2078-54-8,OLBCVFGFOZPWHH-UHFFFAOYSA-N,2078-54-8,STopTox peer-reviewed curated experimental irritation dataset,https://doi.org/10.1289/EHP9341,"[""eye:CpId:2398""]","[""explicit_curated_experimental_outcome_0"", ""absence_of_hazard_statement_not_used"", ""defined_single_structure"", ""exact_identity_deduplicated"", ""current_strong_conflicts_excluded"", ""external_holdout_quarantined"", ""publication_dataset_oecd_405_curation""]",peer_reviewed_curated_experimental_negative,0.9,experimental,"OECD TG 405 experimental eye irritation, curated at dataset level",not irritating / not classified (curated Outcome=0),not_reported_per_record_in_public_sdf,eye:CpId:2398,03dc5888f0859ddcc1b694e186bb2137229ea571e3db56572205f482794de03d,https://github.com/joyvb/stoptox,6ba3a7f82ab9fda8534f120114a566eec296e8ae,"InChI=1S/C12H18O/c1-8(2)10-6-5-7-11(9(3)4)12(10)13/h5-9,13H,1-4H3"
C=CC(=O)NC(C)(C)CC(C)=O,0,2873-97-4,OMNKZBIFPJNNIO-UHFFFAOYSA-N,2873-97-4,STopTox peer-reviewed curated experimental irritation dataset,https://doi.org/10.1289/EHP9341,"[""eye:CpId:2403""]","[""explicit_curated_experimental_outcome_0"", ""absence_of_hazard_statement_not_used"", ""defined_single_structure"", ""exact_identity_deduplicated"", ""current_strong_conflicts_excluded"", ""external_holdout_quarantined"", ""publication_dataset_oecd_405_curation""]",peer_reviewed_curated_experimental_negative,0.9,experimental,"OECD TG 405 experimental eye irritation, curated at dataset level",not irritating / not classified (curated Outcome=0),not_reported_per_record_in_public_sdf,eye:CpId:2403,03dc5888f0859ddcc1b694e186bb2137229ea571e3db56572205f482794de03d,https://github.com/joyvb/stoptox,6ba3a7f82ab9fda8534f120114a566eec296e8ae,"InChI=1S/C9H15NO2/c1-5-8(12)10-9(3,4)6-7(2)11/h5H,1,6H2,2-4H3,(H,10,12)"
CC(C)C(=O)OCC(C)(C)C(OC(=O)C(C)C)C(C)C,0,6846-50-0,OMVSWZDEEGIJJI-UHFFFAOYSA-N,6846-50-0,STopTox peer-reviewed curated experimental irritation dataset,https://doi.org/10.1289/EHP9341,"[""eye:CpId:559""]","[""explicit_curated_experimental_outcome_0"", ""absence_of_hazard_statement_not_used"", ""defined_single_structure"", ""exact_identity_deduplicated"", ""current_strong_conflicts_excluded"", ""external_holdout_quarantined"", ""publication_dataset_oecd_405_curation""]",peer_reviewed_curated_experimental_negative,0.9,experimental,"OECD TG 405 experimental eye irritation, curated at dataset level",not irritating / not classified (curated Outcome=0),not_reported_per_record_in_public_sdf,eye:CpId:559,03dc5888f0859ddcc1b694e186bb2137229ea571e3db56572205f482794de03d,https://github.com/joyvb/stoptox,6ba3a7f82ab9fda8534f120114a566eec296e8ae,OMVSWZDEEGIJJI-UHFFFAOYSA-N
C=CCCCCCCCCCCCCCCCCCCCCCCCC,0,93924-11-9,OMXANELYEWRDAW-UHFFFAOYSA-N,93924-11-9,STopTox peer-reviewed curated experimental irritation dataset,https://doi.org/10.1289/EHP9341,"[""eye:CpId:560""]","[""explicit_curated_experimental_outcome_0"", ""absence_of_hazard_statement_not_used"", ""defined_single_structure"", ""exact_identity_deduplicated"", ""current_strong_conflicts_excluded"", ""external_holdout_quarantined"", ""publication_dataset_oecd_405_curation""]",peer_reviewed_curated_experimental_negative,0.9,experimental,"OECD TG 405 experimental eye irritation, curated at dataset level",not irritating / not classified (curated Outcome=0),not_reported_per_record_in_public_sdf,eye:CpId:560,03dc5888f0859ddcc1b694e186bb2137229ea571e3db56572205f482794de03d,https://github.com/joyvb/stoptox,6ba3a7f82ab9fda8534f120114a566eec296e8ae,OMXANELYEWRDAW-UHFFFAOYSA-N
CC1COCc2cc3c(cc21)C(C)(C)C(C)C3(C)C,0,1222-05-5,ONKNPOPIGWHAQC-UHFFFAOYSA-N,1222-05-5,STopTox peer-reviewed curated experimental irritation dataset,https://doi.org/10.1289/EHP9341,"[""eye:CpId:561""]","[""explicit_curated_experimental_outcome_0"", ""absence_of_hazard_statement_not_used"", ""defined_single_structure"", ""exact_identity_deduplicated"", ""current_strong_conflicts_excluded"", ""external_holdout_quarantined"", ""publication_dataset_oecd_405_curation""]",peer_reviewed_curated_experimental_negative,0.9,experimental,"OECD TG 405 experimental eye irritation, curated at dataset level",not irritating / not classified (curated Outcome=0),not_reported_per_record_in_public_sdf,eye:CpId:561,03dc5888f0859ddcc1b694e186bb2137229ea571e3db56572205f482794de03d,https://github.com/joyvb/stoptox,6ba3a7f82ab9fda8534f120114a566eec296e8ae,ONKNPOPIGWHAQC-UHFFFAOYSA-N
C#CC1(OC(C)=O)CCC2C3CCC4=CC(OC(C)=O)CCC4C3CCC21C,0,297-76-7,ONKUMRGIYFNPJW-UHFFFAOYSA-N,297-76-7,STopTox peer-reviewed curated experimental irritation dataset,https://doi.org/10.1289/EHP9341,"[""eye:CpId:2405""]","[""explicit_curated_experimental_outcome_0"", ""absence_of_hazard_statement_not_used"", ""defined_single_structure"", ""exact_identity_deduplicated"", ""current_strong_conflicts_excluded"", ""external_holdout_quarantined"", ""publication_dataset_oecd_405_curation""]",peer_reviewed_curated_experimental_negative,0.9,experimental,"OECD TG 405 experimental eye irritation, curated at dataset level",not irritating / not classified (curated Outcome=0),not_reported_per_record_in_public_sdf,eye:CpId:2405,03dc5888f0859ddcc1b694e186bb2137229ea571e3db56572205f482794de03d,https://github.com/joyvb/stoptox,6ba3a7f82ab9fda8534f120114a566eec296e8ae,"InChI=1S/C24H32O4/c1-5-24(28-16(3)26)13-11-22-21-8-6-17-14-18(27-15(2)25)7-9-19(17)20(21)10-12-23(22,24)4/h1,14,18-22H,6-13H2,2-4H3"
CCCCC(C)(C)C(O)C=CC1C(C)CC(=O)C1CC=CCCCC(=O)O,0,69900-72-7,OOAHNJDZICJECC-UHFFFAOYSA-N,69900-72-7,STopTox peer-reviewed curated experimental irritation dataset,https://doi.org/10.1289/EHP9341,"[""eye:CpId:2409""]","[""explicit_curated_experimental_outcome_0"", ""absence_of_hazard_statement_not_used"", ""defined_single_structure"", ""exact_identity_deduplicated"", ""current_strong_conflicts_excluded"", ""external_holdout_quarantined"", ""publication_dataset_oecd_405_curation""]",peer_reviewed_curated_experimental_negative,0.9,experimental,"OECD TG 405 experimental eye irritation, curated at dataset level",not irritating / not classified (curated Outcome=0),not_reported_per_record_in_public_sdf,eye:CpId:2409,03dc5888f0859ddcc1b694e186bb2137229ea571e3db56572205f482794de03d,https://github.com/joyvb/stoptox,6ba3a7f82ab9fda8534f120114a566eec296e8ae,"InChI=1S/C23H38O4/c1-5-6-15-23(3,4)21(25)14-13-18-17(2)16-20(24)19(18)11-9-7-8-10-12-22(26)27/h7,9,13-14,17-19,21,25H,5-6,8,10-12,15-16H2,1-4H3,(H,26,27)"
CCCCCCCCCCCCCCCCCCCCOC(=O)CC,0,65591-14-2,OPEHDFRKFVXKNP-UHFFFAOYSA-N,65591-14-2,STopTox peer-reviewed curated experimental irritation dataset,https://doi.org/10.1289/EHP9341,"[""eye:CpId:2411""]","[""explicit_curated_experimental_outcome_0"", ""absence_of_hazard_statement_not_used"", ""defined_single_structure"", ""exact_identity_deduplicated"", ""current_strong_conflicts_excluded"", ""external_holdout_quarantined"", ""publication_dataset_oecd_405_curation""]",peer_reviewed_curated_experimental_negative,0.9,experimental,"OECD TG 405 experimental eye irritation, curated at dataset level",not irritating / not classified (curated Outcome=0),not_reported_per_record_in_public_sdf,eye:CpId:2411,03dc5888f0859ddcc1b694e186bb2137229ea571e3db56572205f482794de03d,https://github.com/joyvb/stoptox,6ba3a7f82ab9fda8534f120114a566eec296e8ae,"InChI=1S/C23H46O2/c1-3-5-6-7-8-9-10-11-12-13-14-15-16-17-18-19-20-21-22-25-23(24)4-2/h3-22H2,1-2H3"
CCCCCCCCCCCCCCCC(=O)OCCCCCCCC,0,16958-85-3,OQILCOQZDHPEAZ-UHFFFAOYSA-N,16958-85-3,STopTox peer-reviewed curated experimental irritation dataset,https://doi.org/10.1289/EHP9341,"[""eye:CpId:2413""]","[""explicit_curated_experimental_outcome_0"", ""absence_of_hazard_statement_not_used"", ""defined_single_structure"", ""exact_identity_deduplicated"", ""current_strong_conflicts_excluded"", ""external_holdout_quarantined"", ""publication_dataset_oecd_405_curation""]",peer_reviewed_curated_experimental_negative,0.9,experimental,"OECD TG 405 experimental eye irritation, curated at dataset level",not irritating / not classified (curated Outcome=0),not_reported_per_record_in_public_sdf,eye:CpId:2413,03dc5888f0859ddcc1b694e186bb2137229ea571e3db56572205f482794de03d,https://github.com/joyvb/stoptox,6ba3a7f82ab9fda8534f120114a566eec296e8ae,"InChI=1S/C24H48O2/c1-3-5-7-9-11-12-13-14-15-16-17-18-20-22-24(25)26-23-21-19-10-8-6-4-2/h3-23H2,1-2H3"
COC(=O)c1ccccc1O,0,119-36-8,OSWPMRLSEDHDFF-UHFFFAOYSA-N,119-36-8,STopTox peer-reviewed curated experimental irritation dataset,https://doi.org/10.1289/EHP9341,"[""eye:CpId:565""]","[""explicit_curated_experimental_outcome_0"", ""absence_of_hazard_statement_not_used"", ""defined_single_structure"", ""exact_identity_deduplicated"", ""current_strong_conflicts_excluded"", ""external_holdout_quarantined"", ""publication_dataset_oecd_405_curation""]",peer_reviewed_curated_experimental_negative,0.9,experimental,"OECD TG 405 experimental eye irritation, curated at dataset level",not irritating / not classified (curated Outcome=0),not_reported_per_record_in_public_sdf,eye:CpId:565,03dc5888f0859ddcc1b694e186bb2137229ea571e3db56572205f482794de03d,https://github.com/joyvb/stoptox,6ba3a7f82ab9fda8534f120114a566eec296e8ae,OSWPMRLSEDHDFF-UHFFFAOYSA-N
CCCCC(C#N)c1ccccc1,0,3508-98-3,OTERUZJEJFMEEB-UHFFFAOYSA-N,3508-98-3,STopTox peer-reviewed curated experimental irritation dataset,https://doi.org/10.1289/EHP9341,"[""eye:CpId:567""]","[""explicit_curated_experimental_outcome_0"", ""absence_of_hazard_statement_not_used"", ""defined_single_structure"", ""exact_identity_deduplicated"", ""current_strong_conflicts_excluded"", ""external_holdout_quarantined"", ""publication_dataset_oecd_405_curation""]",peer_reviewed_curated_experimental_negative,0.9,experimental,"OECD TG 405 experimental eye irritation, curated at dataset level",not irritating / not classified (curated Outcome=0),not_reported_per_record_in_public_sdf,eye:CpId:567,03dc5888f0859ddcc1b694e186bb2137229ea571e3db56572205f482794de03d,https://github.com/joyvb/stoptox,6ba3a7f82ab9fda8534f120114a566eec296e8ae,OTERUZJEJFMEEB-UHFFFAOYSA-N
CC(C)CC(O)CC(CC(C)C)CC(C)C,0,10143-20-1,OTFAOIKIARLOEM-UHFFFAOYSA-N,10143-20-1,STopTox peer-reviewed curated experimental irritation dataset,https://doi.org/10.1289/EHP9341,"[""eye:CpId:2426""]","[""explicit_curated_experimental_outcome_0"", ""absence_of_hazard_statement_not_used"", ""defined_single_structure"", ""exact_identity_deduplicated"", ""current_strong_conflicts_excluded"", ""external_holdout_quarantined"", ""publication_dataset_oecd_405_curation""]",peer_reviewed_curated_experimental_negative,0.9,experimental,"OECD TG 405 experimental eye irritation, curated at dataset level",not irritating / not classified (curated Outcome=0),not_reported_per_record_in_public_sdf,eye:CpId:2426,03dc5888f0859ddcc1b694e186bb2137229ea571e3db56572205f482794de03d,https://github.com/joyvb/stoptox,6ba3a7f82ab9fda8534f120114a566eec296e8ae,"InChI=1S/C15H32O/c1-11(2)7-14(8-12(3)4)10-15(16)9-13(5)6/h11-16H,7-10H2,1-6H3"
CC,0,74-84-0,OTMSDBZUPAUEDD-UHFFFAOYSA-N,74-84-0,STopTox peer-reviewed curated experimental irritation dataset,https://doi.org/10.1289/EHP9341,"[""eye:CpId:2428""]","[""explicit_curated_experimental_outcome_0"", ""absence_of_hazard_statement_not_used"", ""defined_single_structure"", ""exact_identity_deduplicated"", ""current_strong_conflicts_excluded"", ""external_holdout_quarantined"", ""publication_dataset_oecd_405_curation""]",peer_reviewed_curated_experimental_negative,0.9,experimental,"OECD TG 405 experimental eye irritation, curated at dataset level",not irritating / not classified (curated Outcome=0),not_reported_per_record_in_public_sdf,eye:CpId:2428,03dc5888f0859ddcc1b694e186bb2137229ea571e3db56572205f482794de03d,https://github.com/joyvb/stoptox,6ba3a7f82ab9fda8534f120114a566eec296e8ae,InChI=1S/C2H6/c1-2/h1-2H3
CC(C)CCCCCCCCCC=O,0,61497-46-9,OUFCBJZGDJFSIK-UHFFFAOYSA-N,61497-46-9,STopTox peer-reviewed curated experimental irritation dataset,https://doi.org/10.1289/EHP9341,"[""eye:CpId:2431""]","[""explicit_curated_experimental_outcome_0"", ""absence_of_hazard_statement_not_used"", ""defined_single_structure"", ""exact_identity_deduplicated"", ""current_strong_conflicts_excluded"", ""external_holdout_quarantined"", ""publication_dataset_oecd_405_curation""]",peer_reviewed_curated_experimental_negative,0.9,experimental,"OECD TG 405 experimental eye irritation, curated at dataset level",not irritating / not classified (curated Outcome=0),not_reported_per_record_in_public_sdf,eye:CpId:2431,03dc5888f0859ddcc1b694e186bb2137229ea571e3db56572205f482794de03d,https://github.com/joyvb/stoptox,6ba3a7f82ab9fda8534f120114a566eec296e8ae,"InChI=1S/C13H26O/c1-13(2)11-9-7-5-3-4-6-8-10-12-14/h12-13H,3-11H2,1-2H3"
NC(Cc1ccc(O)cc1)C(=O)O,0,60-18-4,OUYCCCASQSFEME-UHFFFAOYSA-N,60-18-4,STopTox peer-reviewed curated experimental irritation dataset,https://doi.org/10.1289/EHP9341,"[""eye:CpId:2434""]","[""explicit_curated_experimental_outcome_0"", ""absence_of_hazard_statement_not_used"", ""defined_single_structure"", ""exact_identity_deduplicated"", ""current_strong_conflicts_excluded"", ""external_holdout_quarantined"", ""publication_dataset_oecd_405_curation""]",peer_reviewed_curated_experimental_negative,0.9,experimental,"OECD TG 405 experimental eye irritation, curated at dataset level",not irritating / not classified (curated Outcome=0),not_reported_per_record_in_public_sdf,eye:CpId:2434,03dc5888f0859ddcc1b694e186bb2137229ea571e3db56572205f482794de03d,https://github.com/joyvb/stoptox,6ba3a7f82ab9fda8534f120114a566eec296e8ae,"InChI=1S/C9H11NO3/c10-8(9(12)13)5-6-1-3-7(11)4-2-6/h1-4,8,11H,5,10H2,(H,12,13)"
CCCCC(CC)COC(=O)CS,0,OWHSTLLOZWTNTQ-UHFFFAOYSA-N,OWHSTLLOZWTNTQ-UHFFFAOYSA-N,,STopTox peer-reviewed curated experimental irritation dataset,https://doi.org/10.1289/EHP9341,"[""eye:CpId:2440""]","[""explicit_curated_experimental_outcome_0"", ""absence_of_hazard_statement_not_used"", ""defined_single_structure"", ""exact_identity_deduplicated"", ""current_strong_conflicts_excluded"", ""external_holdout_quarantined"", ""publication_dataset_oecd_405_curation""]",peer_reviewed_curated_experimental_negative,0.9,experimental,"OECD TG 405 experimental eye irritation, curated at dataset level",not irritating / not classified (curated Outcome=0),not_reported_per_record_in_public_sdf,eye:CpId:2440,03dc5888f0859ddcc1b694e186bb2137229ea571e3db56572205f482794de03d,https://github.com/joyvb/stoptox,6ba3a7f82ab9fda8534f120114a566eec296e8ae,"InChI=1S/C10H20O2S/c1-3-5-6-9(4-2)7-12-10(11)8-13/h9,13H,3-8H2,1-2H3"
CN1CCC(OC(c2ccccc2)c2ccccc2)CC1,0,147-20-6,OWQUZNMMYNAXSL-UHFFFAOYSA-N,147-20-6,STopTox peer-reviewed curated experimental irritation dataset,https://doi.org/10.1289/EHP9341,"[""eye:CpId:2441""]","[""explicit_curated_experimental_outcome_0"", ""absence_of_hazard_statement_not_used"", ""defined_single_structure"", ""exact_identity_deduplicated"", ""current_strong_conflicts_excluded"", ""external_holdout_quarantined"", ""publication_dataset_oecd_405_curation""]",peer_reviewed_curated_experimental_negative,0.9,experimental,"OECD TG 405 experimental eye irritation, curated at dataset level",not irritating / not classified (curated Outcome=0),not_reported_per_record_in_public_sdf,eye:CpId:2441,03dc5888f0859ddcc1b694e186bb2137229ea571e3db56572205f482794de03d,https://github.com/joyvb/stoptox,6ba3a7f82ab9fda8534f120114a566eec296e8ae,"InChI=1S/C19H23NO/c1-20-14-12-18(13-15-20)21-19(16-8-4-2-5-9-16)17-10-6-3-7-11-17/h2-11,18-19H,12-15H2,1H3"
O=[N+]([O-])c1cc([N+](=O)[O-])c(O)c([N+](=O)[O-])c1,0,88-89-1,OXNIZHLAWKMVMX-UHFFFAOYSA-N,88-89-1,STopTox peer-reviewed curated experimental irritation dataset,https://doi.org/10.1289/EHP9341,"[""eye:CpId:2448""]","[""explicit_curated_experimental_outcome_0"", ""absence_of_hazard_statement_not_used"", ""defined_single_structure"", ""exact_identity_deduplicated"", ""current_strong_conflicts_excluded"", ""external_holdout_quarantined"", ""publication_dataset_oecd_405_curation""]",peer_reviewed_curated_experimental_negative,0.9,experimental,"OECD TG 405 experimental eye irritation, curated at dataset level",not irritating / not classified (curated Outcome=0),not_reported_per_record_in_public_sdf,eye:CpId:2448,03dc5888f0859ddcc1b694e186bb2137229ea571e3db56572205f482794de03d,https://github.com/joyvb/stoptox,6ba3a7f82ab9fda8534f120114a566eec296e8ae,"InChI=1S/C6H3N3O7/c10-6-4(8(13)14)1-3(7(11)12)2-5(6)9(15)16/h1-2,10H"
CO[Si](CCCCl)(OC)OC,0,2530-87-2,OXYZDRAJMHGSMW-UHFFFAOYSA-N,2530-87-2,STopTox peer-reviewed curated experimental irritation dataset,https://doi.org/10.1289/EHP9341,"[""eye:CpId:574""]","[""explicit_curated_experimental_outcome_0"", ""absence_of_hazard_statement_not_used"", ""defined_single_structure"", ""exact_identity_deduplicated"", ""current_strong_conflicts_excluded"", ""external_holdout_quarantined"", ""publication_dataset_oecd_405_curation""]",peer_reviewed_curated_experimental_negative,0.9,experimental,"OECD TG 405 experimental eye irritation, curated at dataset level",not irritating / not classified (curated Outcome=0),not_reported_per_record_in_public_sdf,eye:CpId:574,03dc5888f0859ddcc1b694e186bb2137229ea571e3db56572205f482794de03d,https://github.com/joyvb/stoptox,6ba3a7f82ab9fda8534f120114a566eec296e8ae,OXYZDRAJMHGSMW-UHFFFAOYSA-N
Nc1ccncc1N,0,54-96-6,OYTKINVCDFNREN-UHFFFAOYSA-N,54-96-6,STopTox peer-reviewed curated experimental irritation dataset,https://doi.org/10.1289/EHP9341,"[""eye:CpId:2450""]","[""explicit_curated_experimental_outcome_0"", ""absence_of_hazard_statement_not_used"", ""defined_single_structure"", ""exact_identity_deduplicated"", ""current_strong_conflicts_excluded"", ""external_holdout_quarantined"", ""publication_dataset_oecd_405_curation""]",peer_reviewed_curated_experimental_negative,0.9,experimental,"OECD TG 405 experimental eye irritation, curated at dataset level",not irritating / not classified (curated Outcome=0),not_reported_per_record_in_public_sdf,eye:CpId:2450,03dc5888f0859ddcc1b694e186bb2137229ea571e3db56572205f482794de03d,https://github.com/joyvb/stoptox,6ba3a7f82ab9fda8534f120114a566eec296e8ae,"InChI=1S/C5H7N3/c6-4-1-2-8-3-5(4)7/h1-3H,7H2,(H2,6,8)"
C=COCC(C)C,0,109-53-5,OZCMOJQQLBXBKI-UHFFFAOYSA-N,109-53-5,STopTox peer-reviewed curated experimental irritation dataset,https://doi.org/10.1289/EHP9341,"[""eye:CpId:576""]","[""explicit_curated_experimental_outcome_0"", ""absence_of_hazard_statement_not_used"", ""defined_single_structure"", ""exact_identity_deduplicated"", ""current_strong_conflicts_excluded"", ""external_holdout_quarantined"", ""publication_dataset_oecd_405_curation""]",peer_reviewed_curated_experimental_negative,0.9,experimental,"OECD TG 405 experimental eye irritation, curated at dataset level",not irritating / not classified (curated Outcome=0),not_reported_per_record_in_public_sdf,eye:CpId:576,03dc5888f0859ddcc1b694e186bb2137229ea571e3db56572205f482794de03d,https://github.com/joyvb/stoptox,6ba3a7f82ab9fda8534f120114a566eec296e8ae,OZCMOJQQLBXBKI-UHFFFAOYSA-N
COC(=O)CCCC=CCC1C(O)CC(O)C1C#CC(O)CCC1CCCCC1,0,74176-31-1,OZDSQCVLNUIYLN-UHFFFAOYSA-N,74176-31-1,STopTox peer-reviewed curated experimental irritation dataset,https://doi.org/10.1289/EHP9341,"[""eye:CpId:2452""]","[""explicit_curated_experimental_outcome_0"", ""absence_of_hazard_statement_not_used"", ""defined_single_structure"", ""exact_identity_deduplicated"", ""current_strong_conflicts_excluded"", ""external_holdout_quarantined"", ""publication_dataset_oecd_405_curation""]",peer_reviewed_curated_experimental_negative,0.9,experimental,"OECD TG 405 experimental eye irritation, curated at dataset level",not irritating / not classified (curated Outcome=0),not_reported_per_record_in_public_sdf,eye:CpId:2452,03dc5888f0859ddcc1b694e186bb2137229ea571e3db56572205f482794de03d,https://github.com/joyvb/stoptox,6ba3a7f82ab9fda8534f120114a566eec296e8ae,"InChI=1S/C24H38O5/c1-29-24(28)12-8-3-2-7-11-20-21(23(27)17-22(20)26)16-15-19(25)14-13-18-9-5-4-6-10-18/h2,7,18-23,25-27H,3-6,8-14,17H2,1H3"
CCCCCC(O)CCC1C(O)CC2Cc3c(cccc3OCC(=O)O)CC21,0,81846-19-7,PAJMKGZZBBTTOY-UHFFFAOYSA-N,81846-19-7,STopTox peer-reviewed curated experimental irritation dataset,https://doi.org/10.1289/EHP9341,"[""eye:CpId:2458""]","[""explicit_curated_experimental_outcome_0"", ""absence_of_hazard_statement_not_used"", ""defined_single_structure"", ""exact_identity_deduplicated"", ""current_strong_conflicts_excluded"", ""external_holdout_quarantined"", ""publication_dataset_oecd_405_curation""]",peer_reviewed_curated_experimental_negative,0.9,experimental,"OECD TG 405 experimental eye irritation, curated at dataset level",not irritating / not classified (curated Outcome=0),not_reported_per_record_in_public_sdf,eye:CpId:2458,03dc5888f0859ddcc1b694e186bb2137229ea571e3db56572205f482794de03d,https://github.com/joyvb/stoptox,6ba3a7f82ab9fda8534f120114a566eec296e8ae,"InChI=1S/C23H34O5/c1-2-3-4-7-17(24)9-10-18-19-11-15-6-5-8-22(28-14-23(26)27)20(15)12-16(19)13-21(18)25/h5-6,8,16-19,21,24-25H,2-4,7,9-14H2,1H3,(H,26,27)"
Nc1ccccc1,0,62-53-3,PAYRUJLWNCNPSJ-UHFFFAOYSA-N,62-53-3,STopTox peer-reviewed curated experimental irritation dataset,https://doi.org/10.1289/EHP9341,"[""eye:CpId:2459""]","[""explicit_curated_experimental_outcome_0"", ""absence_of_hazard_statement_not_used"", ""defined_single_structure"", ""exact_identity_deduplicated"", ""current_strong_conflicts_excluded"", ""external_holdout_quarantined"", ""publication_dataset_oecd_405_curation""]",peer_reviewed_curated_experimental_negative,0.9,experimental,"OECD TG 405 experimental eye irritation, curated at dataset level",not irritating / not classified (curated Outcome=0),not_reported_per_record_in_public_sdf,eye:CpId:2459,03dc5888f0859ddcc1b694e186bb2137229ea571e3db56572205f482794de03d,https://github.com/joyvb/stoptox,6ba3a7f82ab9fda8534f120114a566eec296e8ae,"InChI=1S/C6H7N/c7-6-4-2-1-3-5-6/h1-5H,7H2"
CC(C)(O)C(=O)c1ccc(Cc2ccc(C(=O)C(C)(C)O)cc2)cc1,0,474510-57-1,PCKZAVNWRLEHIP-UHFFFAOYSA-N,474510-57-1,STopTox peer-reviewed curated experimental irritation dataset,https://doi.org/10.1289/EHP9341,"[""eye:CpId:581""]","[""explicit_curated_experimental_outcome_0"", ""absence_of_hazard_statement_not_used"", ""defined_single_structure"", ""exact_identity_deduplicated"", ""current_strong_conflicts_excluded"", ""external_holdout_quarantined"", ""publication_dataset_oecd_405_curation""]",peer_reviewed_curated_experimental_negative,0.9,experimental,"OECD TG 405 experimental eye irritation, curated at dataset level",not irritating / not classified (curated Outcome=0),not_reported_per_record_in_public_sdf,eye:CpId:581,03dc5888f0859ddcc1b694e186bb2137229ea571e3db56572205f482794de03d,https://github.com/joyvb/stoptox,6ba3a7f82ab9fda8534f120114a566eec296e8ae,PCKZAVNWRLEHIP-UHFFFAOYSA-N
CCC(=O)OC1CCC2C3CCC4=CC(=O)CCC4(C)C3CCC12C,0,57-85-2,PDMMFKSKQVNJMI-UHFFFAOYSA-N,57-85-2,STopTox peer-reviewed curated experimental irritation dataset,https://doi.org/10.1289/EHP9341,"[""eye:CpId:2471""]","[""explicit_curated_experimental_outcome_0"", ""absence_of_hazard_statement_not_used"", ""defined_single_structure"", ""exact_identity_deduplicated"", ""current_strong_conflicts_excluded"", ""external_holdout_quarantined"", ""publication_dataset_oecd_405_curation""]",peer_reviewed_curated_experimental_negative,0.9,experimental,"OECD TG 405 experimental eye irritation, curated at dataset level",not irritating / not classified (curated Outcome=0),not_reported_per_record_in_public_sdf,eye:CpId:2471,03dc5888f0859ddcc1b694e186bb2137229ea571e3db56572205f482794de03d,https://github.com/joyvb/stoptox,6ba3a7f82ab9fda8534f120114a566eec296e8ae,"InChI=1S/C22H32O3/c1-4-20(24)25-19-8-7-17-16-6-5-14-13-15(23)9-11-21(14,2)18(16)10-12-22(17,19)3/h13,16-19H,4-12H2,1-3H3"
CCC(=O)OCC(=O)OC(C)C1CCCC(C)(C)C1,0,236391-76-7,PDUFSBFWOJELLV-UHFFFAOYSA-N,236391-76-7,STopTox peer-reviewed curated experimental irritation dataset,https://doi.org/10.1289/EHP9341,"[""eye:CpId:583""]","[""explicit_curated_experimental_outcome_0"", ""absence_of_hazard_statement_not_used"", ""defined_single_structure"", ""exact_identity_deduplicated"", ""current_strong_conflicts_excluded"", ""external_holdout_quarantined"", ""publication_dataset_oecd_405_curation""]",peer_reviewed_curated_experimental_negative,0.9,experimental,"OECD TG 405 experimental eye irritation, curated at dataset level",not irritating / not classified (curated Outcome=0),not_reported_per_record_in_public_sdf,eye:CpId:583,03dc5888f0859ddcc1b694e186bb2137229ea571e3db56572205f482794de03d,https://github.com/joyvb/stoptox,6ba3a7f82ab9fda8534f120114a566eec296e8ae,PDUFSBFWOJELLV-UHFFFAOYSA-N
[H]/N=C(/N)NCc1cccc(I)c1,0,80663-95-2,PDWUPXJEEYOOTR-UHFFFAOYSA-N,80663-95-2,STopTox peer-reviewed curated experimental irritation dataset,https://doi.org/10.1289/EHP9341,"[""eye:CpId:2473""]","[""explicit_curated_experimental_outcome_0"", ""absence_of_hazard_statement_not_used"", ""defined_single_structure"", ""exact_identity_deduplicated"", ""current_strong_conflicts_excluded"", ""external_holdout_quarantined"", ""publication_dataset_oecd_405_curation""]",peer_reviewed_curated_experimental_negative,0.9,experimental,"OECD TG 405 experimental eye irritation, curated at dataset level",not irritating / not classified (curated Outcome=0),not_reported_per_record_in_public_sdf,eye:CpId:2473,03dc5888f0859ddcc1b694e186bb2137229ea571e3db56572205f482794de03d,https://github.com/joyvb/stoptox,6ba3a7f82ab9fda8534f120114a566eec296e8ae,"InChI=1S/C8H10IN3/c9-7-3-1-2-6(4-7)5-12-8(10)11/h1-4H,5H2,(H4,10,11,12)"
CC(C)C(=O)OOC(C)(C)C,0,109-13-7,PFBLRDXPNUJYJM-UHFFFAOYSA-N,109-13-7,STopTox peer-reviewed curated experimental irritation dataset,https://doi.org/10.1289/EHP9341,"[""eye:CpId:585""]","[""explicit_curated_experimental_outcome_0"", ""absence_of_hazard_statement_not_used"", ""defined_single_structure"", ""exact_identity_deduplicated"", ""current_strong_conflicts_excluded"", ""external_holdout_quarantined"", ""publication_dataset_oecd_405_curation""]",peer_reviewed_curated_experimental_negative,0.9,experimental,"OECD TG 405 experimental eye irritation, curated at dataset level",not irritating / not classified (curated Outcome=0),not_reported_per_record_in_public_sdf,eye:CpId:585,03dc5888f0859ddcc1b694e186bb2137229ea571e3db56572205f482794de03d,https://github.com/joyvb/stoptox,6ba3a7f82ab9fda8534f120114a566eec296e8ae,PFBLRDXPNUJYJM-UHFFFAOYSA-N
Cc1cc(N=Nc2ccccc2C)ccc1N,0,97-56-3,PFRYFZZSECNQOL-UHFFFAOYSA-N,97-56-3,STopTox peer-reviewed curated experimental irritation dataset,https://doi.org/10.1289/EHP9341,"[""eye:CpId:2477""]","[""explicit_curated_experimental_outcome_0"", ""absence_of_hazard_statement_not_used"", ""defined_single_structure"", ""exact_identity_deduplicated"", ""current_strong_conflicts_excluded"", ""external_holdout_quarantined"", ""publication_dataset_oecd_405_curation""]",peer_reviewed_curated_experimental_negative,0.9,experimental,"OECD TG 405 experimental eye irritation, curated at dataset level",not irritating / not classified (curated Outcome=0),not_reported_per_record_in_public_sdf,eye:CpId:2477,03dc5888f0859ddcc1b694e186bb2137229ea571e3db56572205f482794de03d,https://github.com/joyvb/stoptox,6ba3a7f82ab9fda8534f120114a566eec296e8ae,"InChI=1S/C14H15N3/c1-10-5-3-4-6-14(10)17-16-12-7-8-13(15)11(2)9-12/h3-9H,15H2,1-2H3"
CCCCCOC(C)=O,0,628-63-7,PGMYKACGEOXYJE-UHFFFAOYSA-N,628-63-7,STopTox peer-reviewed curated experimental irritation dataset,https://doi.org/10.1289/EHP9341,"[""eye:CpId:2480""]","[""explicit_curated_experimental_outcome_0"", ""absence_of_hazard_statement_not_used"", ""defined_single_structure"", ""exact_identity_deduplicated"", ""current_strong_conflicts_excluded"", ""external_holdout_quarantined"", ""publication_dataset_oecd_405_curation""]",peer_reviewed_curated_experimental_negative,0.9,experimental,"OECD TG 405 experimental eye irritation, curated at dataset level",not irritating / not classified (curated Outcome=0),not_reported_per_record_in_public_sdf,eye:CpId:2480,03dc5888f0859ddcc1b694e186bb2137229ea571e3db56572205f482794de03d,https://github.com/joyvb/stoptox,6ba3a7f82ab9fda8534f120114a566eec296e8ae,"InChI=1S/C7H14O2/c1-3-4-5-6-9-7(2)8/h3-6H2,1-2H3"
C[N+](C)(C)CC(O)CC(=O)[O-],0,541-15-1,PHIQHXFUZVPYII-UHFFFAOYSA-N,541-15-1,STopTox peer-reviewed curated experimental irritation dataset,https://doi.org/10.1289/EHP9341,"[""eye:CpId:2481""]","[""explicit_curated_experimental_outcome_0"", ""absence_of_hazard_statement_not_used"", ""defined_single_structure"", ""exact_identity_deduplicated"", ""current_strong_conflicts_excluded"", ""external_holdout_quarantined"", ""publication_dataset_oecd_405_curation""]",peer_reviewed_curated_experimental_negative,0.9,experimental,"OECD TG 405 experimental eye irritation, curated at dataset level",not irritating / not classified (curated Outcome=0),not_reported_per_record_in_public_sdf,eye:CpId:2481,03dc5888f0859ddcc1b694e186bb2137229ea571e3db56572205f482794de03d,https://github.com/joyvb/stoptox,6ba3a7f82ab9fda8534f120114a566eec296e8ae,"InChI=1S/C7H15NO3/c1-8(2,3)5-6(9)4-7(10)11/h6,9H,4-5H2,1-3H3"
O=C1OC(CO)C(O)C(O)C1O,0,90-80-2,PHOQVHQSTUBQQK-UHFFFAOYSA-N,90-80-2,STopTox peer-reviewed curated experimental irritation dataset,https://doi.org/10.1289/EHP9341,"[""eye:CpId:2484""]","[""explicit_curated_experimental_outcome_0"", ""absence_of_hazard_statement_not_used"", ""defined_single_structure"", ""exact_identity_deduplicated"", ""current_strong_conflicts_excluded"", ""external_holdout_quarantined"", ""publication_dataset_oecd_405_curation""]",peer_reviewed_curated_experimental_negative,0.9,experimental,"OECD TG 405 experimental eye irritation, curated at dataset level",not irritating / not classified (curated Outcome=0),not_reported_per_record_in_public_sdf,eye:CpId:2484,03dc5888f0859ddcc1b694e186bb2137229ea571e3db56572205f482794de03d,https://github.com/joyvb/stoptox,6ba3a7f82ab9fda8534f120114a566eec296e8ae,"InChI=1S/C6H10O6/c7-1-2-3(8)4(9)5(10)6(11)12-2/h2-5,7-10H,1H2"
CC(=O)Nc1cccc2c1-c1ccccc1C2,0,28322-02-3,PHPWISAFHNEMSR-UHFFFAOYSA-N,28322-02-3,STopTox peer-reviewed curated experimental irritation dataset,https://doi.org/10.1289/EHP9341,"[""eye:CpId:2485""]","[""explicit_curated_experimental_outcome_0"", ""absence_of_hazard_statement_not_used"", ""defined_single_structure"", ""exact_identity_deduplicated"", ""current_strong_conflicts_excluded"", ""external_holdout_quarantined"", ""publication_dataset_oecd_405_curation""]",peer_reviewed_curated_experimental_negative,0.9,experimental,"OECD TG 405 experimental eye irritation, curated at dataset level",not irritating / not classified (curated Outcome=0),not_reported_per_record_in_public_sdf,eye:CpId:2485,03dc5888f0859ddcc1b694e186bb2137229ea571e3db56572205f482794de03d,https://github.com/joyvb/stoptox,6ba3a7f82ab9fda8534f120114a566eec296e8ae,"InChI=1S/C15H13NO/c1-10(17)16-14-8-4-6-12-9-11-5-2-3-7-13(11)15(12)14/h2-8H,9H2,1H3,(H,16,17)"
CCCCCCCC1CCC(=O)O1,0,104-67-6,PHXATPHONSXBIL-UHFFFAOYSA-N,104-67-6,STopTox peer-reviewed curated experimental irritation dataset,https://doi.org/10.1289/EHP9341,"[""eye:CpId:590""]","[""explicit_curated_experimental_outcome_0"", ""absence_of_hazard_statement_not_used"", ""defined_single_structure"", ""exact_identity_deduplicated"", ""current_strong_conflicts_excluded"", ""external_holdout_quarantined"", ""publication_dataset_oecd_405_curation""]",peer_reviewed_curated_experimental_negative,0.9,experimental,"OECD TG 405 experimental eye irritation, curated at dataset level",not irritating / not classified (curated Outcome=0),not_reported_per_record_in_public_sdf,eye:CpId:590,03dc5888f0859ddcc1b694e186bb2137229ea571e3db56572205f482794de03d,https://github.com/joyvb/stoptox,6ba3a7f82ab9fda8534f120114a566eec296e8ae,PHXATPHONSXBIL-JTQLQIEISA-N
NCCN,0,107-15-3,PIICEJLVQHRZGT-UHFFFAOYSA-N,107-15-3,STopTox peer-reviewed curated experimental irritation dataset,https://doi.org/10.1289/EHP9341,"[""eye:CpId:2495""]","[""explicit_curated_experimental_outcome_0"", ""absence_of_hazard_statement_not_used"", ""defined_single_structure"", ""exact_identity_deduplicated"", ""current_strong_conflicts_excluded"", ""external_holdout_quarantined"", ""publication_dataset_oecd_405_curation""]",peer_reviewed_curated_experimental_negative,0.9,experimental,"OECD TG 405 experimental eye irritation, curated at dataset level",not irritating / not classified (curated Outcome=0),not_reported_per_record_in_public_sdf,eye:CpId:2495,03dc5888f0859ddcc1b694e186bb2137229ea571e3db56572205f482794de03d,https://github.com/joyvb/stoptox,6ba3a7f82ab9fda8534f120114a566eec296e8ae,InChI=1S/C2H8N2/c3-1-2-4/h1-4H2
Cc1ccc(C=S)cc1,0,PIMQQGJMDMAZGT-UHFFFAOYSA-N,PIMQQGJMDMAZGT-UHFFFAOYSA-N,,STopTox peer-reviewed curated experimental irritation dataset,https://doi.org/10.1289/EHP9341,"[""eye:CpId:2497""]","[""explicit_curated_experimental_outcome_0"", ""absence_of_hazard_statement_not_used"", ""defined_single_structure"", ""exact_identity_deduplicated"", ""current_strong_conflicts_excluded"", ""external_holdout_quarantined"", ""publication_dataset_oecd_405_curation""]",peer_reviewed_curated_experimental_negative,0.9,experimental,"OECD TG 405 experimental eye irritation, curated at dataset level",not irritating / not classified (curated Outcome=0),not_reported_per_record_in_public_sdf,eye:CpId:2497,03dc5888f0859ddcc1b694e186bb2137229ea571e3db56572205f482794de03d,https://github.com/joyvb/stoptox,6ba3a7f82ab9fda8534f120114a566eec296e8ae,"InChI=1S/C8H8S/c1-7-2-4-8(6-9)5-3-7/h2-6H,1H3"
FC(F)OC(Cl)C(F)(F)F,0,26675-46-7,PIWKPBJCKXDKJR-UHFFFAOYSA-N,26675-46-7,STopTox peer-reviewed curated experimental irritation dataset,https://doi.org/10.1289/EHP9341,"[""eye:CpId:2498""]","[""explicit_curated_experimental_outcome_0"", ""absence_of_hazard_statement_not_used"", ""defined_single_structure"", ""exact_identity_deduplicated"", ""current_strong_conflicts_excluded"", ""external_holdout_quarantined"", ""publication_dataset_oecd_405_curation""]",peer_reviewed_curated_experimental_negative,0.9,experimental,"OECD TG 405 experimental eye irritation, curated at dataset level",not irritating / not classified (curated Outcome=0),not_reported_per_record_in_public_sdf,eye:CpId:2498,03dc5888f0859ddcc1b694e186bb2137229ea571e3db56572205f482794de03d,https://github.com/joyvb/stoptox,6ba3a7f82ab9fda8534f120114a566eec296e8ae,"InChI=1S/C3H2ClF5O/c4-1(3(7,8)9)10-2(5)6/h1-2H"
C=CC(N)CCC(=O)O,0,60643-86-9,PJDFLNIOAUIZSL-UHFFFAOYSA-N,60643-86-9,STopTox peer-reviewed curated experimental irritation dataset,https://doi.org/10.1289/EHP9341,"[""eye:CpId:2500""]","[""explicit_curated_experimental_outcome_0"", ""absence_of_hazard_statement_not_used"", ""defined_single_structure"", ""exact_identity_deduplicated"", ""current_strong_conflicts_excluded"", ""external_holdout_quarantined"", ""publication_dataset_oecd_405_curation""]",peer_reviewed_curated_experimental_negative,0.9,experimental,"OECD TG 405 experimental eye irritation, curated at dataset level",not irritating / not classified (curated Outcome=0),not_reported_per_record_in_public_sdf,eye:CpId:2500,03dc5888f0859ddcc1b694e186bb2137229ea571e3db56572205f482794de03d,https://github.com/joyvb/stoptox,6ba3a7f82ab9fda8534f120114a566eec296e8ae,"InChI=1S/C6H11NO2/c1-2-5(7)3-4-6(8)9/h2,5H,1,3-4,7H2,(H,8,9)"
CCCCCCC(=O)OCC(COC(=O)CCCCCC)OC(=O)CCCCCC,0,620-67-7,PJHKBYALYHRYSK-UHFFFAOYSA-N,620-67-7,STopTox peer-reviewed curated experimental irritation dataset,https://doi.org/10.1289/EHP9341,"[""eye:CpId:592""]","[""explicit_curated_experimental_outcome_0"", ""absence_of_hazard_statement_not_used"", ""defined_single_structure"", ""exact_identity_deduplicated"", ""current_strong_conflicts_excluded"", ""external_holdout_quarantined"", ""publication_dataset_oecd_405_curation""]",peer_reviewed_curated_experimental_negative,0.9,experimental,"OECD TG 405 experimental eye irritation, curated at dataset level",not irritating / not classified (curated Outcome=0),not_reported_per_record_in_public_sdf,eye:CpId:592,03dc5888f0859ddcc1b694e186bb2137229ea571e3db56572205f482794de03d,https://github.com/joyvb/stoptox,6ba3a7f82ab9fda8534f120114a566eec296e8ae,PJHKBYALYHRYSK-UHFFFAOYSA-N
CCC(=O)N(c1ccccc1)C1CCN(CCc2ccccc2)CC1,0,437-38-7,PJMPHNIQZUBGLI-UHFFFAOYSA-N,437-38-7,STopTox peer-reviewed curated experimental irritation dataset,https://doi.org/10.1289/EHP9341,"[""eye:CpId:2501""]","[""explicit_curated_experimental_outcome_0"", ""absence_of_hazard_statement_not_used"", ""defined_single_structure"", ""exact_identity_deduplicated"", ""current_strong_conflicts_excluded"", ""external_holdout_quarantined"", ""publication_dataset_oecd_405_curation""]",peer_reviewed_curated_experimental_negative,0.9,experimental,"OECD TG 405 experimental eye irritation, curated at dataset level",not irritating / not classified (curated Outcome=0),not_reported_per_record_in_public_sdf,eye:CpId:2501,03dc5888f0859ddcc1b694e186bb2137229ea571e3db56572205f482794de03d,https://github.com/joyvb/stoptox,6ba3a7f82ab9fda8534f120114a566eec296e8ae,"InChI=1S/C22H28N2O/c1-2-22(25)24(20-11-7-4-8-12-20)21-14-17-23(18-15-21)16-13-19-9-5-3-6-10-19/h3-12,21H,2,13-18H2,1H3"
O=[N+]([O-])c1ccc(O)c(CCl)c1,0,68783-41-5,PJNPZIYGODMAQE-UHFFFAOYSA-N,68783-41-5,STopTox peer-reviewed curated experimental irritation dataset,https://doi.org/10.1289/EHP9341,"[""eye:CpId:593""]","[""explicit_curated_experimental_outcome_0"", ""absence_of_hazard_statement_not_used"", ""defined_single_structure"", ""exact_identity_deduplicated"", ""current_strong_conflicts_excluded"", ""external_holdout_quarantined"", ""publication_dataset_oecd_405_curation""]",peer_reviewed_curated_experimental_negative,0.9,experimental,"OECD TG 405 experimental eye irritation, curated at dataset level",not irritating / not classified (curated Outcome=0),not_reported_per_record_in_public_sdf,eye:CpId:593,03dc5888f0859ddcc1b694e186bb2137229ea571e3db56572205f482794de03d,https://github.com/joyvb/stoptox,6ba3a7f82ab9fda8534f120114a566eec296e8ae,PJNPZIYGODMAQE-UHFFFAOYSA-N
CC(=O)CC(c1ccccc1)c1c(O)c2ccccc2oc1=O,0,81-81-2,PJVWKTKQMONHTI-UHFFFAOYSA-N,81-81-2,STopTox peer-reviewed curated experimental irritation dataset,https://doi.org/10.1289/EHP9341,"[""eye:CpId:2628""]","[""explicit_curated_experimental_outcome_0"", ""absence_of_hazard_statement_not_used"", ""defined_single_structure"", ""exact_identity_deduplicated"", ""current_strong_conflicts_excluded"", ""external_holdout_quarantined"", ""publication_dataset_oecd_405_curation""]",peer_reviewed_curated_experimental_negative,0.9,experimental,"OECD TG 405 experimental eye irritation, curated at dataset level",not irritating / not classified (curated Outcome=0),not_reported_per_record_in_public_sdf,eye:CpId:2628,03dc5888f0859ddcc1b694e186bb2137229ea571e3db56572205f482794de03d,https://github.com/joyvb/stoptox,6ba3a7f82ab9fda8534f120114a566eec296e8ae,"InChI=1S/C19H16O4/c1-12(20)11-15(13-7-3-2-4-8-13)17-18(21)14-9-5-6-10-16(14)23-19(17)22/h2-10,15,21H,11H2,1H3"
CCCC(CC)COC(=O)CCc1cc(C(C)(C)C)c(O)c(C(C)(C)C)c1,0,125643-61-0,PJZFNEYJOZUEGS-UHFFFAOYSA-N,125643-61-0,STopTox peer-reviewed curated experimental irritation dataset,https://doi.org/10.1289/EHP9341,"[""eye:CpId:595""]","[""explicit_curated_experimental_outcome_0"", ""absence_of_hazard_statement_not_used"", ""defined_single_structure"", ""exact_identity_deduplicated"", ""current_strong_conflicts_excluded"", ""external_holdout_quarantined"", ""publication_dataset_oecd_405_curation""]",peer_reviewed_curated_experimental_negative,0.9,experimental,"OECD TG 405 experimental eye irritation, curated at dataset level",not irritating / not classified (curated Outcome=0),not_reported_per_record_in_public_sdf,eye:CpId:595,03dc5888f0859ddcc1b694e186bb2137229ea571e3db56572205f482794de03d,https://github.com/joyvb/stoptox,6ba3a7f82ab9fda8534f120114a566eec296e8ae,PJZFNEYJOZUEGS-UHFFFAOYSA-N
Brc1ccc(-c2ccccc2)cc1,0,9001-62-1,PKJBWOWQJHHAHG-UHFFFAOYSA-N,9001-62-1,STopTox peer-reviewed curated experimental irritation dataset,https://doi.org/10.1289/EHP9341,"[""eye:CpId:597""]","[""explicit_curated_experimental_outcome_0"", ""absence_of_hazard_statement_not_used"", ""defined_single_structure"", ""exact_identity_deduplicated"", ""current_strong_conflicts_excluded"", ""external_holdout_quarantined"", ""publication_dataset_oecd_405_curation""]",peer_reviewed_curated_experimental_negative,0.9,experimental,"OECD TG 405 experimental eye irritation, curated at dataset level",not irritating / not classified (curated Outcome=0),not_reported_per_record_in_public_sdf,eye:CpId:597,03dc5888f0859ddcc1b694e186bb2137229ea571e3db56572205f482794de03d,https://github.com/joyvb/stoptox,6ba3a7f82ab9fda8534f120114a566eec296e8ae,PKJBWOWQJHHAHG-UHFFFAOYSA-N
Cc1cccc(Cc2ccccc2)c1Cc1ccccc1,0,26898-17-9,PKQYSCBUFZOAPE-UHFFFAOYSA-N,26898-17-9,STopTox peer-reviewed curated experimental irritation dataset,https://doi.org/10.1289/EHP9341,"[""eye:CpId:599""]","[""explicit_curated_experimental_outcome_0"", ""absence_of_hazard_statement_not_used"", ""defined_single_structure"", ""exact_identity_deduplicated"", ""current_strong_conflicts_excluded"", ""external_holdout_quarantined"", ""publication_dataset_oecd_405_curation""]",peer_reviewed_curated_experimental_negative,0.9,experimental,"OECD TG 405 experimental eye irritation, curated at dataset level",not irritating / not classified (curated Outcome=0),not_reported_per_record_in_public_sdf,eye:CpId:599,03dc5888f0859ddcc1b694e186bb2137229ea571e3db56572205f482794de03d,https://github.com/joyvb/stoptox,6ba3a7f82ab9fda8534f120114a566eec296e8ae,PKQYSCBUFZOAPE-UHFFFAOYSA-N
CN(C)CCCn1c2c(c3ccccc31)CCCCCC2,0,5560-72-5,PLIGPBGDXASWPX-UHFFFAOYSA-N,5560-72-5,STopTox peer-reviewed curated experimental irritation dataset,https://doi.org/10.1289/EHP9341,"[""eye:CpId:2507""]","[""explicit_curated_experimental_outcome_0"", ""absence_of_hazard_statement_not_used"", ""defined_single_structure"", ""exact_identity_deduplicated"", ""current_strong_conflicts_excluded"", ""external_holdout_quarantined"", ""publication_dataset_oecd_405_curation""]",peer_reviewed_curated_experimental_negative,0.9,experimental,"OECD TG 405 experimental eye irritation, curated at dataset level",not irritating / not classified (curated Outcome=0),not_reported_per_record_in_public_sdf,eye:CpId:2507,03dc5888f0859ddcc1b694e186bb2137229ea571e3db56572205f482794de03d,https://github.com/joyvb/stoptox,6ba3a7f82ab9fda8534f120114a566eec296e8ae,"InChI=1S/C19H28N2/c1-20(2)14-9-15-21-18-12-6-4-3-5-10-16(18)17-11-7-8-13-19(17)21/h7-8,11,13H,3-6,9-10,12,14-15H2,1-2H3"
Nc1ccc(O)cc1,0,123-30-8,PLIKAWJENQZMHA-UHFFFAOYSA-N,123-30-8,STopTox peer-reviewed curated experimental irritation dataset,https://doi.org/10.1289/EHP9341,"[""eye:CpId:600""]","[""explicit_curated_experimental_outcome_0"", ""absence_of_hazard_statement_not_used"", ""defined_single_structure"", ""exact_identity_deduplicated"", ""current_strong_conflicts_excluded"", ""external_holdout_quarantined"", ""publication_dataset_oecd_405_curation""]",peer_reviewed_curated_experimental_negative,0.9,experimental,"OECD TG 405 experimental eye irritation, curated at dataset level",not irritating / not classified (curated Outcome=0),not_reported_per_record_in_public_sdf,eye:CpId:600,03dc5888f0859ddcc1b694e186bb2137229ea571e3db56572205f482794de03d,https://github.com/joyvb/stoptox,6ba3a7f82ab9fda8534f120114a566eec296e8ae,PLIKAWJENQZMHA-UHFFFAOYSA-N
O=C(Nc1ccc(Cl)c(Cl)c1)C1CC1,0,2759-71-9,PLQDLOBGKJCDSZ-UHFFFAOYSA-N,2759-71-9,STopTox peer-reviewed curated experimental irritation dataset,https://doi.org/10.1289/EHP9341,"[""eye:CpId:2508""]","[""explicit_curated_experimental_outcome_0"", ""absence_of_hazard_statement_not_used"", ""defined_single_structure"", ""exact_identity_deduplicated"", ""current_strong_conflicts_excluded"", ""external_holdout_quarantined"", ""publication_dataset_oecd_405_curation""]",peer_reviewed_curated_experimental_negative,0.9,experimental,"OECD TG 405 experimental eye irritation, curated at dataset level",not irritating / not classified (curated Outcome=0),not_reported_per_record_in_public_sdf,eye:CpId:2508,03dc5888f0859ddcc1b694e186bb2137229ea571e3db56572205f482794de03d,https://github.com/joyvb/stoptox,6ba3a7f82ab9fda8534f120114a566eec296e8ae,"InChI=1S/C10H9Cl2NO/c11-8-4-3-7(5-9(8)12)13-10(14)6-1-2-6/h3-6H,1-2H2,(H,13,14)"
C=C(C(=O)O)C1CCC(C)C2CCC(C)=CC12,0,80286-58-4,PLQMEXSCSAIXGB-UHFFFAOYSA-N,80286-58-4,STopTox peer-reviewed curated experimental irritation dataset,https://doi.org/10.1289/EHP9341,"[""eye:CpId:2509""]","[""explicit_curated_experimental_outcome_0"", ""absence_of_hazard_statement_not_used"", ""defined_single_structure"", ""exact_identity_deduplicated"", ""current_strong_conflicts_excluded"", ""external_holdout_quarantined"", ""publication_dataset_oecd_405_curation""]",peer_reviewed_curated_experimental_negative,0.9,experimental,"OECD TG 405 experimental eye irritation, curated at dataset level",not irritating / not classified (curated Outcome=0),not_reported_per_record_in_public_sdf,eye:CpId:2509,03dc5888f0859ddcc1b694e186bb2137229ea571e3db56572205f482794de03d,https://github.com/joyvb/stoptox,6ba3a7f82ab9fda8534f120114a566eec296e8ae,"InChI=1S/C15H22O2/c1-9-4-6-12-10(2)5-7-13(14(12)8-9)11(3)15(16)17/h8,10,12-14H,3-7H2,1-2H3,(H,16,17)"
OCC1OC(O)CC(O)C1O,0,154-17-6,PMMURAAUARKVCB-UHFFFAOYSA-N,154-17-6,STopTox peer-reviewed curated experimental irritation dataset,https://doi.org/10.1289/EHP9341,"[""eye:CpId:2511""]","[""explicit_curated_experimental_outcome_0"", ""absence_of_hazard_statement_not_used"", ""defined_single_structure"", ""exact_identity_deduplicated"", ""current_strong_conflicts_excluded"", ""external_holdout_quarantined"", ""publication_dataset_oecd_405_curation""]",peer_reviewed_curated_experimental_negative,0.9,experimental,"OECD TG 405 experimental eye irritation, curated at dataset level",not irritating / not classified (curated Outcome=0),not_reported_per_record_in_public_sdf,eye:CpId:2511,03dc5888f0859ddcc1b694e186bb2137229ea571e3db56572205f482794de03d,https://github.com/joyvb/stoptox,6ba3a7f82ab9fda8534f120114a566eec296e8ae,"InChI=1S/C6H12O5/c7-2-4-6(10)3(8)1-5(9)11-4/h3-10H,1-2H2"
NCC(=O)NC(CCC(N)=O)C(=O)O,0,13115-71-4,PNMUAGGSDZXTHX-UHFFFAOYSA-N,13115-71-4,STopTox peer-reviewed curated experimental irritation dataset,https://doi.org/10.1289/EHP9341,"[""eye:CpId:604""]","[""explicit_curated_experimental_outcome_0"", ""absence_of_hazard_statement_not_used"", ""defined_single_structure"", ""exact_identity_deduplicated"", ""current_strong_conflicts_excluded"", ""external_holdout_quarantined"", ""publication_dataset_oecd_405_curation""]",peer_reviewed_curated_experimental_negative,0.9,experimental,"OECD TG 405 experimental eye irritation, curated at dataset level",not irritating / not classified (curated Outcome=0),not_reported_per_record_in_public_sdf,eye:CpId:604,03dc5888f0859ddcc1b694e186bb2137229ea571e3db56572205f482794de03d,https://github.com/joyvb/stoptox,6ba3a7f82ab9fda8534f120114a566eec296e8ae,PNMUAGGSDZXTHX-BYPYZUCNSA-N
Nc1cccc(Cl)c1,0,108-42-9,PNPCRKVUWYDDST-UHFFFAOYSA-N,108-42-9,STopTox peer-reviewed curated experimental irritation dataset,https://doi.org/10.1289/EHP9341,"[""eye:CpId:2517""]","[""explicit_curated_experimental_outcome_0"", ""absence_of_hazard_statement_not_used"", ""defined_single_structure"", ""exact_identity_deduplicated"", ""current_strong_conflicts_excluded"", ""external_holdout_quarantined"", ""publication_dataset_oecd_405_curation""]",peer_reviewed_curated_experimental_negative,0.9,experimental,"OECD TG 405 experimental eye irritation, curated at dataset level",not irritating / not classified (curated Outcome=0),not_reported_per_record_in_public_sdf,eye:CpId:2517,03dc5888f0859ddcc1b694e186bb2137229ea571e3db56572205f482794de03d,https://github.com/joyvb/stoptox,6ba3a7f82ab9fda8534f120114a566eec296e8ae,"InChI=1S/C6H6ClN/c7-5-2-1-3-6(8)4-5/h1-4H,8H2"
COc1cc(CCC(=O)C=C(O)CCc2ccc(O)c(OC)c2)ccc1O,0,36062-04-1,PNTMRHGYQCMNCZ-UHFFFAOYSA-N,36062-04-1,STopTox peer-reviewed curated experimental irritation dataset,https://doi.org/10.1289/EHP9341,"[""eye:CpId:421""]","[""explicit_curated_experimental_outcome_0"", ""absence_of_hazard_statement_not_used"", ""defined_single_structure"", ""exact_identity_deduplicated"", ""current_strong_conflicts_excluded"", ""external_holdout_quarantined"", ""publication_dataset_oecd_405_curation""]",peer_reviewed_curated_experimental_negative,0.9,experimental,"OECD TG 405 experimental eye irritation, curated at dataset level",not irritating / not classified (curated Outcome=0),not_reported_per_record_in_public_sdf,eye:CpId:421,03dc5888f0859ddcc1b694e186bb2137229ea571e3db56572205f482794de03d,https://github.com/joyvb/stoptox,6ba3a7f82ab9fda8534f120114a566eec296e8ae,LBTVHXHERHESKG-UHFFFAOYSA-N
COc1ccc(C(CN(C)C)C2(O)CCCCC2)cc1,0,93413-69-5,PNVNVHUZROJLTJ-UHFFFAOYSA-N,93413-69-5,STopTox peer-reviewed curated experimental irritation dataset,https://doi.org/10.1289/EHP9341,"[""eye:CpId:2519""]","[""explicit_curated_experimental_outcome_0"", ""absence_of_hazard_statement_not_used"", ""defined_single_structure"", ""exact_identity_deduplicated"", ""current_strong_conflicts_excluded"", ""external_holdout_quarantined"", ""publication_dataset_oecd_405_curation""]",peer_reviewed_curated_experimental_negative,0.9,experimental,"OECD TG 405 experimental eye irritation, curated at dataset level",not irritating / not classified (curated Outcome=0),not_reported_per_record_in_public_sdf,eye:CpId:2519,03dc5888f0859ddcc1b694e186bb2137229ea571e3db56572205f482794de03d,https://github.com/joyvb/stoptox,6ba3a7f82ab9fda8534f120114a566eec296e8ae,"InChI=1S/C17H27NO2/c1-18(2)13-16(17(19)11-5-4-6-12-17)14-7-9-15(20-3)10-8-14/h7-10,16,19H,4-6,11-13H2,1-3H3"
Nc1ccc(N=Nc2ccc(S(=O)(=O)O)cc2)cc1,0,104-23-4,PPVRMPPLECDING-UHFFFAOYSA-N,104-23-4,STopTox peer-reviewed curated experimental irritation dataset,https://doi.org/10.1289/EHP9341,"[""eye:CpId:2530""]","[""explicit_curated_experimental_outcome_0"", ""absence_of_hazard_statement_not_used"", ""defined_single_structure"", ""exact_identity_deduplicated"", ""current_strong_conflicts_excluded"", ""external_holdout_quarantined"", ""publication_dataset_oecd_405_curation""]",peer_reviewed_curated_experimental_negative,0.9,experimental,"OECD TG 405 experimental eye irritation, curated at dataset level",not irritating / not classified (curated Outcome=0),not_reported_per_record_in_public_sdf,eye:CpId:2530,03dc5888f0859ddcc1b694e186bb2137229ea571e3db56572205f482794de03d,https://github.com/joyvb/stoptox,6ba3a7f82ab9fda8534f120114a566eec296e8ae,"InChI=1S/C12H11N3O3S/c13-9-1-3-10(4-2-9)14-15-11-5-7-12(8-6-11)19(16,17)18/h1-8H,13H2,(H,16,17,18)"
CCCCCCCCCCCCCCCCOP(=O)([O-])OCC[N+](C)(C)C,0,58066-85-6,PQLXHQMOHUQAKB-UHFFFAOYSA-N,58066-85-6,STopTox peer-reviewed curated experimental irritation dataset,https://doi.org/10.1289/EHP9341,"[""eye:CpId:2533""]","[""explicit_curated_experimental_outcome_0"", ""absence_of_hazard_statement_not_used"", ""defined_single_structure"", ""exact_identity_deduplicated"", ""current_strong_conflicts_excluded"", ""external_holdout_quarantined"", ""publication_dataset_oecd_405_curation""]",peer_reviewed_curated_experimental_negative,0.9,experimental,"OECD TG 405 experimental eye irritation, curated at dataset level",not irritating / not classified (curated Outcome=0),not_reported_per_record_in_public_sdf,eye:CpId:2533,03dc5888f0859ddcc1b694e186bb2137229ea571e3db56572205f482794de03d,https://github.com/joyvb/stoptox,6ba3a7f82ab9fda8534f120114a566eec296e8ae,"InChI=1S/C21H46NO4P/c1-5-6-7-8-9-10-11-12-13-14-15-16-17-18-20-25-27(23,24)26-21-19-22(2,3)4/h5-21H2,1-4H3"
C=CC(=O)O[Si](C(C)C)(C(C)C)C(C)C,0,157859-20-6,PQSIXYSSKXAOFE-UHFFFAOYSA-N,157859-20-6,STopTox peer-reviewed curated experimental irritation dataset,https://doi.org/10.1289/EHP9341,"[""eye:CpId:609""]","[""explicit_curated_experimental_outcome_0"", ""absence_of_hazard_statement_not_used"", ""defined_single_structure"", ""exact_identity_deduplicated"", ""current_strong_conflicts_excluded"", ""external_holdout_quarantined"", ""publication_dataset_oecd_405_curation""]",peer_reviewed_curated_experimental_negative,0.9,experimental,"OECD TG 405 experimental eye irritation, curated at dataset level",not irritating / not classified (curated Outcome=0),not_reported_per_record_in_public_sdf,eye:CpId:609,03dc5888f0859ddcc1b694e186bb2137229ea571e3db56572205f482794de03d,https://github.com/joyvb/stoptox,6ba3a7f82ab9fda8534f120114a566eec296e8ae,PQSIXYSSKXAOFE-UHFFFAOYSA-N
CC(c1ccccc1)c1ccc(O)cc1O,0,85-27-8,PQSXNIMHIHYFEE-UHFFFAOYSA-N,85-27-8,STopTox peer-reviewed curated experimental irritation dataset,https://doi.org/10.1289/EHP9341,"[""eye:CpId:610""]","[""explicit_curated_experimental_outcome_0"", ""absence_of_hazard_statement_not_used"", ""defined_single_structure"", ""exact_identity_deduplicated"", ""current_strong_conflicts_excluded"", ""external_holdout_quarantined"", ""publication_dataset_oecd_405_curation""]",peer_reviewed_curated_experimental_negative,0.9,experimental,"OECD TG 405 experimental eye irritation, curated at dataset level",not irritating / not classified (curated Outcome=0),not_reported_per_record_in_public_sdf,eye:CpId:610,03dc5888f0859ddcc1b694e186bb2137229ea571e3db56572205f482794de03d,https://github.com/joyvb/stoptox,6ba3a7f82ab9fda8534f120114a566eec296e8ae,PQSXNIMHIHYFEE-UHFFFAOYSA-N
Cc1ccccc1Cc1ccccc1,0,27776-01-8,PQTAUFTUHHRKSS-UHFFFAOYSA-N,27776-01-8,STopTox peer-reviewed curated experimental irritation dataset,https://doi.org/10.1289/EHP9341,"[""eye:CpId:611""]","[""explicit_curated_experimental_outcome_0"", ""absence_of_hazard_statement_not_used"", ""defined_single_structure"", ""exact_identity_deduplicated"", ""current_strong_conflicts_excluded"", ""external_holdout_quarantined"", ""publication_dataset_oecd_405_curation""]",peer_reviewed_curated_experimental_negative,0.9,experimental,"OECD TG 405 experimental eye irritation, curated at dataset level",not irritating / not classified (curated Outcome=0),not_reported_per_record_in_public_sdf,eye:CpId:611,03dc5888f0859ddcc1b694e186bb2137229ea571e3db56572205f482794de03d,https://github.com/joyvb/stoptox,6ba3a7f82ab9fda8534f120114a566eec296e8ae,PQTAUFTUHHRKSS-UHFFFAOYSA-N
CC(=O)OC1(C(C)=O)CCC2C3CC(C)C4=CC(=O)CCC4(C)C3CCC21C,0,71-58-9,PSGAAPLEWMOORI-UHFFFAOYSA-N,71-58-9,STopTox peer-reviewed curated experimental irritation dataset,https://doi.org/10.1289/EHP9341,"[""eye:CpId:2538""]","[""explicit_curated_experimental_outcome_0"", ""absence_of_hazard_statement_not_used"", ""defined_single_structure"", ""exact_identity_deduplicated"", ""current_strong_conflicts_excluded"", ""external_holdout_quarantined"", ""publication_dataset_oecd_405_curation""]",peer_reviewed_curated_experimental_negative,0.9,experimental,"OECD TG 405 experimental eye irritation, curated at dataset level",not irritating / not classified (curated Outcome=0),not_reported_per_record_in_public_sdf,eye:CpId:2538,03dc5888f0859ddcc1b694e186bb2137229ea571e3db56572205f482794de03d,https://github.com/joyvb/stoptox,6ba3a7f82ab9fda8534f120114a566eec296e8ae,"InChI=1S/C24H34O4/c1-14-12-18-19(22(4)9-6-17(27)13-21(14)22)7-10-23(5)20(18)8-11-24(23,15(2)25)28-16(3)26/h13-14,18-20H,6-12H2,1-5H3"
CC(CCc1ccccc1)NC(C)C(O)c1ccc(O)cc1,0,447-41-6,PTGXAUBQBSGPKF-UHFFFAOYSA-N,447-41-6,STopTox peer-reviewed curated experimental irritation dataset,https://doi.org/10.1289/EHP9341,"[""eye:CpId:2541""]","[""explicit_curated_experimental_outcome_0"", ""absence_of_hazard_statement_not_used"", ""defined_single_structure"", ""exact_identity_deduplicated"", ""current_strong_conflicts_excluded"", ""external_holdout_quarantined"", ""publication_dataset_oecd_405_curation""]",peer_reviewed_curated_experimental_negative,0.9,experimental,"OECD TG 405 experimental eye irritation, curated at dataset level",not irritating / not classified (curated Outcome=0),not_reported_per_record_in_public_sdf,eye:CpId:2541,03dc5888f0859ddcc1b694e186bb2137229ea571e3db56572205f482794de03d,https://github.com/joyvb/stoptox,6ba3a7f82ab9fda8534f120114a566eec296e8ae,"InChI=1S/C19H25NO2/c1-14(8-9-16-6-4-3-5-7-16)20-15(2)19(22)17-10-12-18(21)13-11-17/h3-7,10-15,19-22H,8-9H2,1-2H3"
COC(=O)CCC=C=CCC1C(=O)CC(O)C1C=CC(O)COc1ccccc1,0,73121-56-9,PTOJVMZPWPAXER-UHFFFAOYSA-N,73121-56-9,STopTox peer-reviewed curated experimental irritation dataset,https://doi.org/10.1289/EHP9341,"[""eye:CpId:2544""]","[""explicit_curated_experimental_outcome_0"", ""absence_of_hazard_statement_not_used"", ""defined_single_structure"", ""exact_identity_deduplicated"", ""current_strong_conflicts_excluded"", ""external_holdout_quarantined"", ""publication_dataset_oecd_405_curation""]",peer_reviewed_curated_experimental_negative,0.9,experimental,"OECD TG 405 experimental eye irritation, curated at dataset level",not irritating / not classified (curated Outcome=0),not_reported_per_record_in_public_sdf,eye:CpId:2544,03dc5888f0859ddcc1b694e186bb2137229ea571e3db56572205f482794de03d,https://github.com/joyvb/stoptox,6ba3a7f82ab9fda8534f120114a566eec296e8ae,"InChI=1S/C23H28O6/c1-28-23(27)12-8-3-2-7-11-19-20(22(26)15-21(19)25)14-13-17(24)16-29-18-9-5-4-6-10-18/h3-7,9-10,13-14,17,19-20,22,24,26H,8,11-12,15-16H2,1H3"
CC12CC(C=O)=C(O)CC1CCC1C2CCC2(C)C1CCC2(C)O,0,434-07-1,PUQUTIRPHMRPJS-UHFFFAOYSA-N,434-07-1,STopTox peer-reviewed curated experimental irritation dataset,https://doi.org/10.1289/EHP9341,"[""eye:CpId:1742""]","[""explicit_curated_experimental_outcome_0"", ""absence_of_hazard_statement_not_used"", ""defined_single_structure"", ""exact_identity_deduplicated"", ""current_strong_conflicts_excluded"", ""external_holdout_quarantined"", ""publication_dataset_oecd_405_curation""]",peer_reviewed_curated_experimental_negative,0.9,experimental,"OECD TG 405 experimental eye irritation, curated at dataset level",not irritating / not classified (curated Outcome=0),not_reported_per_record_in_public_sdf,eye:CpId:1742,03dc5888f0859ddcc1b694e186bb2137229ea571e3db56572205f482794de03d,https://github.com/joyvb/stoptox,6ba3a7f82ab9fda8534f120114a566eec296e8ae,"InChI=1S/C21H32O3/c1-19-11-13(12-22)18(23)10-14(19)4-5-15-16(19)6-8-20(2)17(15)7-9-21(20,3)24/h12,14-17,23-24H,4-11H2,1-3H3"
C#CC1(O)CCC2C3CCc4cc(OC5CCCC5)ccc4C3CCC21C,0,152-43-2,PWZUUYSISTUNDW-UHFFFAOYSA-N,152-43-2,STopTox peer-reviewed curated experimental irritation dataset,https://doi.org/10.1289/EHP9341,"[""eye:CpId:2555""]","[""explicit_curated_experimental_outcome_0"", ""absence_of_hazard_statement_not_used"", ""defined_single_structure"", ""exact_identity_deduplicated"", ""current_strong_conflicts_excluded"", ""external_holdout_quarantined"", ""publication_dataset_oecd_405_curation""]",peer_reviewed_curated_experimental_negative,0.9,experimental,"OECD TG 405 experimental eye irritation, curated at dataset level",not irritating / not classified (curated Outcome=0),not_reported_per_record_in_public_sdf,eye:CpId:2555,03dc5888f0859ddcc1b694e186bb2137229ea571e3db56572205f482794de03d,https://github.com/joyvb/stoptox,6ba3a7f82ab9fda8534f120114a566eec296e8ae,"InChI=1S/C25H32O2/c1-3-25(26)15-13-23-22-10-8-17-16-19(27-18-6-4-5-7-18)9-11-20(17)21(22)12-14-24(23,25)2/h1,9,11,16,18,21-23,26H,4-8,10,12-15H2,2H3"
FC(F)(Cl)Cl,0,75-71-8,PXBRQCKWGAHEHS-UHFFFAOYSA-N,75-71-8,STopTox peer-reviewed curated experimental irritation dataset,https://doi.org/10.1289/EHP9341,"[""eye:CpId:2556""]","[""explicit_curated_experimental_outcome_0"", ""absence_of_hazard_statement_not_used"", ""defined_single_structure"", ""exact_identity_deduplicated"", ""current_strong_conflicts_excluded"", ""external_holdout_quarantined"", ""publication_dataset_oecd_405_curation""]",peer_reviewed_curated_experimental_negative,0.9,experimental,"OECD TG 405 experimental eye irritation, curated at dataset level",not irritating / not classified (curated Outcome=0),not_reported_per_record_in_public_sdf,eye:CpId:2556,03dc5888f0859ddcc1b694e186bb2137229ea571e3db56572205f482794de03d,https://github.com/joyvb/stoptox,6ba3a7f82ab9fda8534f120114a566eec296e8ae,"InChI=1S/CCl2F2/c2-1(3,4)5"
CCCCCC(O)C=CC1C(O)CC(O)C1CC=CCCCC(=O)O,0,551-11-1,PXGPLTODNUVGFL-UHFFFAOYSA-N,551-11-1,STopTox peer-reviewed curated experimental irritation dataset,https://doi.org/10.1289/EHP9341,"[""eye:CpId:2557""]","[""explicit_curated_experimental_outcome_0"", ""absence_of_hazard_statement_not_used"", ""defined_single_structure"", ""exact_identity_deduplicated"", ""current_strong_conflicts_excluded"", ""external_holdout_quarantined"", ""publication_dataset_oecd_405_curation""]",peer_reviewed_curated_experimental_negative,0.9,experimental,"OECD TG 405 experimental eye irritation, curated at dataset level",not irritating / not classified (curated Outcome=0),not_reported_per_record_in_public_sdf,eye:CpId:2557,03dc5888f0859ddcc1b694e186bb2137229ea571e3db56572205f482794de03d,https://github.com/joyvb/stoptox,6ba3a7f82ab9fda8534f120114a566eec296e8ae,"InChI=1S/C20H34O5/c1-2-3-6-9-15(21)12-13-17-16(18(22)14-19(17)23)10-7-4-5-8-11-20(24)25/h4,7,12-13,15-19,21-23H,2-3,5-6,8-11,14H2,1H3,(H,24,25)"
CCCCC(CC)COC(=O)OCC(CC)CCCC,0,14858-73-2,PXTQQOLKZBLYDY-UHFFFAOYSA-N,14858-73-2,STopTox peer-reviewed curated experimental irritation dataset,https://doi.org/10.1289/EHP9341,"[""eye:CpId:619""]","[""explicit_curated_experimental_outcome_0"", ""absence_of_hazard_statement_not_used"", ""defined_single_structure"", ""exact_identity_deduplicated"", ""current_strong_conflicts_excluded"", ""external_holdout_quarantined"", ""publication_dataset_oecd_405_curation""]",peer_reviewed_curated_experimental_negative,0.9,experimental,"OECD TG 405 experimental eye irritation, curated at dataset level",not irritating / not classified (curated Outcome=0),not_reported_per_record_in_public_sdf,eye:CpId:619,03dc5888f0859ddcc1b694e186bb2137229ea571e3db56572205f482794de03d,https://github.com/joyvb/stoptox,6ba3a7f82ab9fda8534f120114a566eec296e8ae,PXTQQOLKZBLYDY-UHFFFAOYSA-N
CCCCOC(=O)CCCCCCCCC(=O)OCCCC,0,109-43-3,PYGXAGIECVVIOZ-UHFFFAOYSA-N,109-43-3,STopTox peer-reviewed curated experimental irritation dataset,https://doi.org/10.1289/EHP9341,"[""eye:CpId:622""]","[""explicit_curated_experimental_outcome_0"", ""absence_of_hazard_statement_not_used"", ""defined_single_structure"", ""exact_identity_deduplicated"", ""current_strong_conflicts_excluded"", ""external_holdout_quarantined"", ""publication_dataset_oecd_405_curation""]",peer_reviewed_curated_experimental_negative,0.9,experimental,"OECD TG 405 experimental eye irritation, curated at dataset level",not irritating / not classified (curated Outcome=0),not_reported_per_record_in_public_sdf,eye:CpId:622,03dc5888f0859ddcc1b694e186bb2137229ea571e3db56572205f482794de03d,https://github.com/joyvb/stoptox,6ba3a7f82ab9fda8534f120114a566eec296e8ae,PYGXAGIECVVIOZ-UHFFFAOYSA-N
CN(C)C(=O)C(c1ccccc1)c1ccccc1,0,957-51-7,QAHFOPIILNICLA-UHFFFAOYSA-N,957-51-7,STopTox peer-reviewed curated experimental irritation dataset,https://doi.org/10.1289/EHP9341,"[""eye:CpId:2571""]","[""explicit_curated_experimental_outcome_0"", ""absence_of_hazard_statement_not_used"", ""defined_single_structure"", ""exact_identity_deduplicated"", ""current_strong_conflicts_excluded"", ""external_holdout_quarantined"", ""publication_dataset_oecd_405_curation""]",peer_reviewed_curated_experimental_negative,0.9,experimental,"OECD TG 405 experimental eye irritation, curated at dataset level",not irritating / not classified (curated Outcome=0),not_reported_per_record_in_public_sdf,eye:CpId:2571,03dc5888f0859ddcc1b694e186bb2137229ea571e3db56572205f482794de03d,https://github.com/joyvb/stoptox,6ba3a7f82ab9fda8534f120114a566eec296e8ae,"InChI=1S/C16H17NO/c1-17(2)16(18)15(13-9-5-3-6-10-13)14-11-7-4-8-12-14/h3-12,15H,1-2H3"
Oc1c(I)cc(Cl)c2cccnc12,0,130-26-7,QCDFBFJGMNKBDO-UHFFFAOYSA-N,130-26-7,STopTox peer-reviewed curated experimental irritation dataset,https://doi.org/10.1289/EHP9341,"[""eye:CpId:2578""]","[""explicit_curated_experimental_outcome_0"", ""absence_of_hazard_statement_not_used"", ""defined_single_structure"", ""exact_identity_deduplicated"", ""current_strong_conflicts_excluded"", ""external_holdout_quarantined"", ""publication_dataset_oecd_405_curation""]",peer_reviewed_curated_experimental_negative,0.9,experimental,"OECD TG 405 experimental eye irritation, curated at dataset level",not irritating / not classified (curated Outcome=0),not_reported_per_record_in_public_sdf,eye:CpId:2578,03dc5888f0859ddcc1b694e186bb2137229ea571e3db56572205f482794de03d,https://github.com/joyvb/stoptox,6ba3a7f82ab9fda8534f120114a566eec296e8ae,"InChI=1S/C9H5ClINO/c10-6-4-7(11)9(13)8-5(6)2-1-3-12-8/h1-4,13H"
CCOCCP(CCOCC)CCP(CCOCC)CCOCC,0,127502-06-1,QCWJONLQSHEGEJ-UHFFFAOYSA-N,127502-06-1,STopTox peer-reviewed curated experimental irritation dataset,https://doi.org/10.1289/EHP9341,"[""eye:CpId:2581""]","[""explicit_curated_experimental_outcome_0"", ""absence_of_hazard_statement_not_used"", ""defined_single_structure"", ""exact_identity_deduplicated"", ""current_strong_conflicts_excluded"", ""external_holdout_quarantined"", ""publication_dataset_oecd_405_curation""]",peer_reviewed_curated_experimental_negative,0.9,experimental,"OECD TG 405 experimental eye irritation, curated at dataset level",not irritating / not classified (curated Outcome=0),not_reported_per_record_in_public_sdf,eye:CpId:2581,03dc5888f0859ddcc1b694e186bb2137229ea571e3db56572205f482794de03d,https://github.com/joyvb/stoptox,6ba3a7f82ab9fda8534f120114a566eec296e8ae,"InChI=1S/C18H40O4P2/c1-5-19-9-13-23(14-10-20-6-2)17-18-24(15-11-21-7-3)16-12-22-8-4/h5-18H2,1-4H3"
CCCCOC(=O)CSCSCC(=O)OCCCC,0,14338-82-0,QCWRDNFBMVSDEY-UHFFFAOYSA-N,14338-82-0,STopTox peer-reviewed curated experimental irritation dataset,https://doi.org/10.1289/EHP9341,"[""eye:CpId:630""]","[""explicit_curated_experimental_outcome_0"", ""absence_of_hazard_statement_not_used"", ""defined_single_structure"", ""exact_identity_deduplicated"", ""current_strong_conflicts_excluded"", ""external_holdout_quarantined"", ""publication_dataset_oecd_405_curation""]",peer_reviewed_curated_experimental_negative,0.9,experimental,"OECD TG 405 experimental eye irritation, curated at dataset level",not irritating / not classified (curated Outcome=0),not_reported_per_record_in_public_sdf,eye:CpId:630,03dc5888f0859ddcc1b694e186bb2137229ea571e3db56572205f482794de03d,https://github.com/joyvb/stoptox,6ba3a7f82ab9fda8534f120114a566eec296e8ae,QCWRDNFBMVSDEY-UHFFFAOYSA-N
Cc1cc(Nc2ccccc2C(=O)O)ccc1Cl,0,13710-19-5,QDNMBJXNLJFNHT-UHFFFAOYSA-N,13710-19-5,STopTox peer-reviewed curated experimental irritation dataset,https://doi.org/10.1289/EHP9341,"[""eye:CpId:2584""]","[""explicit_curated_experimental_outcome_0"", ""absence_of_hazard_statement_not_used"", ""defined_single_structure"", ""exact_identity_deduplicated"", ""current_strong_conflicts_excluded"", ""external_holdout_quarantined"", ""publication_dataset_oecd_405_curation""]",peer_reviewed_curated_experimental_negative,0.9,experimental,"OECD TG 405 experimental eye irritation, curated at dataset level",not irritating / not classified (curated Outcome=0),not_reported_per_record_in_public_sdf,eye:CpId:2584,03dc5888f0859ddcc1b694e186bb2137229ea571e3db56572205f482794de03d,https://github.com/joyvb/stoptox,6ba3a7f82ab9fda8534f120114a566eec296e8ae,"InChI=1S/C14H12ClNO2/c1-9-8-10(6-7-12(9)15)16-13-5-3-2-4-11(13)14(17)18/h2-8,16H,1H3,(H,17,18)"
CCCOC(=O)c1ccc(O)cc1,0,94-13-3,QELSKZZBTMNZEB-UHFFFAOYSA-N,94-13-3,STopTox peer-reviewed curated experimental irritation dataset,https://doi.org/10.1289/EHP9341,"[""eye:CpId:633""]","[""explicit_curated_experimental_outcome_0"", ""absence_of_hazard_statement_not_used"", ""defined_single_structure"", ""exact_identity_deduplicated"", ""current_strong_conflicts_excluded"", ""external_holdout_quarantined"", ""publication_dataset_oecd_405_curation""]",peer_reviewed_curated_experimental_negative,0.9,experimental,"OECD TG 405 experimental eye irritation, curated at dataset level",not irritating / not classified (curated Outcome=0),not_reported_per_record_in_public_sdf,eye:CpId:633,03dc5888f0859ddcc1b694e186bb2137229ea571e3db56572205f482794de03d,https://github.com/joyvb/stoptox,6ba3a7f82ab9fda8534f120114a566eec296e8ae,QELSKZZBTMNZEB-UHFFFAOYSA-N
C[N+](C)(C)C,0,75-57-0,QEMXHQIAXOOASZ-UHFFFAOYSA-N,75-57-0,STopTox peer-reviewed curated experimental irritation dataset,https://doi.org/10.1289/EHP9341,"[""eye:CpId:634""]","[""explicit_curated_experimental_outcome_0"", ""absence_of_hazard_statement_not_used"", ""defined_single_structure"", ""exact_identity_deduplicated"", ""current_strong_conflicts_excluded"", ""external_holdout_quarantined"", ""publication_dataset_oecd_405_curation""]",peer_reviewed_curated_experimental_negative,0.9,experimental,"OECD TG 405 experimental eye irritation, curated at dataset level",not irritating / not classified (curated Outcome=0),not_reported_per_record_in_public_sdf,eye:CpId:634,03dc5888f0859ddcc1b694e186bb2137229ea571e3db56572205f482794de03d,https://github.com/joyvb/stoptox,6ba3a7f82ab9fda8534f120114a566eec296e8ae,QEMXHQIAXOOASZ-UHFFFAOYSA-N
CCCCOC(=O)c1ccc(O)cc1,0,94-26-8,QFOHBWFCKVYLES-UHFFFAOYSA-N,94-26-8,STopTox peer-reviewed curated experimental irritation dataset,https://doi.org/10.1289/EHP9341,"[""eye:CpId:2585""]","[""explicit_curated_experimental_outcome_0"", ""absence_of_hazard_statement_not_used"", ""defined_single_structure"", ""exact_identity_deduplicated"", ""current_strong_conflicts_excluded"", ""external_holdout_quarantined"", ""publication_dataset_oecd_405_curation""]",peer_reviewed_curated_experimental_negative,0.9,experimental,"OECD TG 405 experimental eye irritation, curated at dataset level",not irritating / not classified (curated Outcome=0),not_reported_per_record_in_public_sdf,eye:CpId:2585,03dc5888f0859ddcc1b694e186bb2137229ea571e3db56572205f482794de03d,https://github.com/joyvb/stoptox,6ba3a7f82ab9fda8534f120114a566eec296e8ae,"InChI=1S/C11H14O3/c1-2-3-8-14-11(13)9-4-6-10(12)7-5-9/h4-7,12H,2-3,8H2,1H3"
C=C(C)C(=O)OCCOCCOCCCC,0,7328-22-5,QGTBRAFPWNISIJ-UHFFFAOYSA-N,7328-22-5,STopTox peer-reviewed curated experimental irritation dataset,https://doi.org/10.1289/EHP9341,"[""eye:CpId:635""]","[""explicit_curated_experimental_outcome_0"", ""absence_of_hazard_statement_not_used"", ""defined_single_structure"", ""exact_identity_deduplicated"", ""current_strong_conflicts_excluded"", ""external_holdout_quarantined"", ""publication_dataset_oecd_405_curation""]",peer_reviewed_curated_experimental_negative,0.9,experimental,"OECD TG 405 experimental eye irritation, curated at dataset level",not irritating / not classified (curated Outcome=0),not_reported_per_record_in_public_sdf,eye:CpId:635,03dc5888f0859ddcc1b694e186bb2137229ea571e3db56572205f482794de03d,https://github.com/joyvb/stoptox,6ba3a7f82ab9fda8534f120114a566eec296e8ae,QGTBRAFPWNISIJ-UHFFFAOYSA-N
CCCCCCCCCCCCCCCCCC(=O)O,0,13586-84-0,QIQXTHQIDYTFRH-UHFFFAOYSA-N,13586-84-0,STopTox peer-reviewed curated experimental irritation dataset,https://doi.org/10.1289/EHP9341,"[""eye:CpId:637""]","[""explicit_curated_experimental_outcome_0"", ""absence_of_hazard_statement_not_used"", ""defined_single_structure"", ""exact_identity_deduplicated"", ""current_strong_conflicts_excluded"", ""external_holdout_quarantined"", ""publication_dataset_oecd_405_curation""]",peer_reviewed_curated_experimental_negative,0.9,experimental,"OECD TG 405 experimental eye irritation, curated at dataset level",not irritating / not classified (curated Outcome=0),not_reported_per_record_in_public_sdf,eye:CpId:637,03dc5888f0859ddcc1b694e186bb2137229ea571e3db56572205f482794de03d,https://github.com/joyvb/stoptox,6ba3a7f82ab9fda8534f120114a566eec296e8ae,QIQXTHQIDYTFRH-UHFFFAOYSA-M
C=COCCCCCCCCCCCCCCCCCC,0,930-02-9,QJJDJWUCRAPCOL-UHFFFAOYSA-N,930-02-9,STopTox peer-reviewed curated experimental irritation dataset,https://doi.org/10.1289/EHP9341,"[""eye:CpId:639""]","[""explicit_curated_experimental_outcome_0"", ""absence_of_hazard_statement_not_used"", ""defined_single_structure"", ""exact_identity_deduplicated"", ""current_strong_conflicts_excluded"", ""external_holdout_quarantined"", ""publication_dataset_oecd_405_curation""]",peer_reviewed_curated_experimental_negative,0.9,experimental,"OECD TG 405 experimental eye irritation, curated at dataset level",not irritating / not classified (curated Outcome=0),not_reported_per_record_in_public_sdf,eye:CpId:639,03dc5888f0859ddcc1b694e186bb2137229ea571e3db56572205f482794de03d,https://github.com/joyvb/stoptox,6ba3a7f82ab9fda8534f120114a566eec296e8ae,QJJDJWUCRAPCOL-UHFFFAOYSA-N
C=C(Br)C(F)(F)F,0,1514-82-5,QKBKGNDTLQFSEU-UHFFFAOYSA-N,1514-82-5,STopTox peer-reviewed curated experimental irritation dataset,https://doi.org/10.1289/EHP9341,"[""eye:CpId:640""]","[""explicit_curated_experimental_outcome_0"", ""absence_of_hazard_statement_not_used"", ""defined_single_structure"", ""exact_identity_deduplicated"", ""current_strong_conflicts_excluded"", ""external_holdout_quarantined"", ""publication_dataset_oecd_405_curation""]",peer_reviewed_curated_experimental_negative,0.9,experimental,"OECD TG 405 experimental eye irritation, curated at dataset level",not irritating / not classified (curated Outcome=0),not_reported_per_record_in_public_sdf,eye:CpId:640,03dc5888f0859ddcc1b694e186bb2137229ea571e3db56572205f482794de03d,https://github.com/joyvb/stoptox,6ba3a7f82ab9fda8534f120114a566eec296e8ae,QKBKGNDTLQFSEU-UHFFFAOYSA-N
CCCCOCOCCCC,0,2568-90-3,QLCJOAMJPCOIDI-UHFFFAOYSA-N,2568-90-3,STopTox peer-reviewed curated experimental irritation dataset,https://doi.org/10.1289/EHP9341,"[""eye:CpId:641""]","[""explicit_curated_experimental_outcome_0"", ""absence_of_hazard_statement_not_used"", ""defined_single_structure"", ""exact_identity_deduplicated"", ""current_strong_conflicts_excluded"", ""external_holdout_quarantined"", ""publication_dataset_oecd_405_curation""]",peer_reviewed_curated_experimental_negative,0.9,experimental,"OECD TG 405 experimental eye irritation, curated at dataset level",not irritating / not classified (curated Outcome=0),not_reported_per_record_in_public_sdf,eye:CpId:641,03dc5888f0859ddcc1b694e186bb2137229ea571e3db56572205f482794de03d,https://github.com/joyvb/stoptox,6ba3a7f82ab9fda8534f120114a566eec296e8ae,QLCJOAMJPCOIDI-UHFFFAOYSA-N
CC(C)=CCCC(C)CCO,0,106-22-9,QMVPMAAFGQKVCJ-UHFFFAOYSA-N,106-22-9,STopTox peer-reviewed curated experimental irritation dataset,https://doi.org/10.1289/EHP9341,"[""eye:CpId:643""]","[""explicit_curated_experimental_outcome_0"", ""absence_of_hazard_statement_not_used"", ""defined_single_structure"", ""exact_identity_deduplicated"", ""current_strong_conflicts_excluded"", ""external_holdout_quarantined"", ""publication_dataset_oecd_405_curation""]",peer_reviewed_curated_experimental_negative,0.9,experimental,"OECD TG 405 experimental eye irritation, curated at dataset level",not irritating / not classified (curated Outcome=0),not_reported_per_record_in_public_sdf,eye:CpId:643,03dc5888f0859ddcc1b694e186bb2137229ea571e3db56572205f482794de03d,https://github.com/joyvb/stoptox,6ba3a7f82ab9fda8534f120114a566eec296e8ae,QMVPMAAFGQKVCJ-SNVBAGLBSA-N
COC(C)CCOC(C)=O,0,4435-53-4,QMYGFTJCQFEDST-UHFFFAOYSA-N,4435-53-4,STopTox peer-reviewed curated experimental irritation dataset,https://doi.org/10.1289/EHP9341,"[""eye:CpId:644""]","[""explicit_curated_experimental_outcome_0"", ""absence_of_hazard_statement_not_used"", ""defined_single_structure"", ""exact_identity_deduplicated"", ""current_strong_conflicts_excluded"", ""external_holdout_quarantined"", ""publication_dataset_oecd_405_curation""]",peer_reviewed_curated_experimental_negative,0.9,experimental,"OECD TG 405 experimental eye irritation, curated at dataset level",not irritating / not classified (curated Outcome=0),not_reported_per_record_in_public_sdf,eye:CpId:644,03dc5888f0859ddcc1b694e186bb2137229ea571e3db56572205f482794de03d,https://github.com/joyvb/stoptox,6ba3a7f82ab9fda8534f120114a566eec296e8ae,QMYGFTJCQFEDST-UHFFFAOYSA-N
O=C(c1ccccc1)C1(O)CCCCC1,0,947-19-3,QNODIIQQMGDSEF-UHFFFAOYSA-N,947-19-3,STopTox peer-reviewed curated experimental irritation dataset,https://doi.org/10.1289/EHP9341,"[""eye:CpId:646""]","[""explicit_curated_experimental_outcome_0"", ""absence_of_hazard_statement_not_used"", ""defined_single_structure"", ""exact_identity_deduplicated"", ""current_strong_conflicts_excluded"", ""external_holdout_quarantined"", ""publication_dataset_oecd_405_curation""]",peer_reviewed_curated_experimental_negative,0.9,experimental,"OECD TG 405 experimental eye irritation, curated at dataset level",not irritating / not classified (curated Outcome=0),not_reported_per_record_in_public_sdf,eye:CpId:646,03dc5888f0859ddcc1b694e186bb2137229ea571e3db56572205f482794de03d,https://github.com/joyvb/stoptox,6ba3a7f82ab9fda8534f120114a566eec296e8ae,QNODIIQQMGDSEF-UHFFFAOYSA-N
O=C(O)CN(CCN(CC(=O)O)CC(=O)O)CCN(CC(=O)O)CC(=O)O,0,140-01-2,QPCDCPDFJACHGM-UHFFFAOYSA-N,140-01-2,STopTox peer-reviewed curated experimental irritation dataset,https://doi.org/10.1289/EHP9341,"[""eye:CpId:647""]","[""explicit_curated_experimental_outcome_0"", ""absence_of_hazard_statement_not_used"", ""defined_single_structure"", ""exact_identity_deduplicated"", ""current_strong_conflicts_excluded"", ""external_holdout_quarantined"", ""publication_dataset_oecd_405_curation""]",peer_reviewed_curated_experimental_negative,0.9,experimental,"OECD TG 405 experimental eye irritation, curated at dataset level",not irritating / not classified (curated Outcome=0),not_reported_per_record_in_public_sdf,eye:CpId:647,03dc5888f0859ddcc1b694e186bb2137229ea571e3db56572205f482794de03d,https://github.com/joyvb/stoptox,6ba3a7f82ab9fda8534f120114a566eec296e8ae,QPCDCPDFJACHGM-UHFFFAOYSA-I
Nc1ccc(N=Nc2ccccc2)c(N)n1,0,94-78-0,QPFYXYFORQJZEC-UHFFFAOYSA-N,94-78-0,STopTox peer-reviewed curated experimental irritation dataset,https://doi.org/10.1289/EHP9341,"[""eye:CpId:2606""]","[""explicit_curated_experimental_outcome_0"", ""absence_of_hazard_statement_not_used"", ""defined_single_structure"", ""exact_identity_deduplicated"", ""current_strong_conflicts_excluded"", ""external_holdout_quarantined"", ""publication_dataset_oecd_405_curation""]",peer_reviewed_curated_experimental_negative,0.9,experimental,"OECD TG 405 experimental eye irritation, curated at dataset level",not irritating / not classified (curated Outcome=0),not_reported_per_record_in_public_sdf,eye:CpId:2606,03dc5888f0859ddcc1b694e186bb2137229ea571e3db56572205f482794de03d,https://github.com/joyvb/stoptox,6ba3a7f82ab9fda8534f120114a566eec296e8ae,"InChI=1S/C11H11N5/c12-10-7-6-9(11(13)14-10)16-15-8-4-2-1-3-5-8/h1-7H,(H4,12,13,14)"
CCCCC(CC)COCOCC(CC)CCCC,0,22174-70-5,QPIWJVQXEMCELO-UHFFFAOYSA-N,22174-70-5,STopTox peer-reviewed curated experimental irritation dataset,https://doi.org/10.1289/EHP9341,"[""eye:CpId:649""]","[""explicit_curated_experimental_outcome_0"", ""absence_of_hazard_statement_not_used"", ""defined_single_structure"", ""exact_identity_deduplicated"", ""current_strong_conflicts_excluded"", ""external_holdout_quarantined"", ""publication_dataset_oecd_405_curation""]",peer_reviewed_curated_experimental_negative,0.9,experimental,"OECD TG 405 experimental eye irritation, curated at dataset level",not irritating / not classified (curated Outcome=0),not_reported_per_record_in_public_sdf,eye:CpId:649,03dc5888f0859ddcc1b694e186bb2137229ea571e3db56572205f482794de03d,https://github.com/joyvb/stoptox,6ba3a7f82ab9fda8534f120114a566eec296e8ae,QPIWJVQXEMCELO-UHFFFAOYSA-N
COC(=O)c1ccccc1,0,93-58-3,QPJVMBTYPHYUOC-UHFFFAOYSA-N,93-58-3,STopTox peer-reviewed curated experimental irritation dataset,https://doi.org/10.1289/EHP9341,"[""eye:CpId:650""]","[""explicit_curated_experimental_outcome_0"", ""absence_of_hazard_statement_not_used"", ""defined_single_structure"", ""exact_identity_deduplicated"", ""current_strong_conflicts_excluded"", ""external_holdout_quarantined"", ""publication_dataset_oecd_405_curation""]",peer_reviewed_curated_experimental_negative,0.9,experimental,"OECD TG 405 experimental eye irritation, curated at dataset level",not irritating / not classified (curated Outcome=0),not_reported_per_record_in_public_sdf,eye:CpId:650,03dc5888f0859ddcc1b694e186bb2137229ea571e3db56572205f482794de03d,https://github.com/joyvb/stoptox,6ba3a7f82ab9fda8534f120114a566eec296e8ae,QPJVMBTYPHYUOC-UHFFFAOYSA-N
O=C(OCCO)c1ccc(C(=O)OCCO)cc1,0,959-26-2,QPKOBORKPHRBPS-UHFFFAOYSA-N,959-26-2,STopTox peer-reviewed curated experimental irritation dataset,https://doi.org/10.1289/EHP9341,"[""eye:CpId:2608""]","[""explicit_curated_experimental_outcome_0"", ""absence_of_hazard_statement_not_used"", ""defined_single_structure"", ""exact_identity_deduplicated"", ""current_strong_conflicts_excluded"", ""external_holdout_quarantined"", ""publication_dataset_oecd_405_curation""]",peer_reviewed_curated_experimental_negative,0.9,experimental,"OECD TG 405 experimental eye irritation, curated at dataset level",not irritating / not classified (curated Outcome=0),not_reported_per_record_in_public_sdf,eye:CpId:2608,03dc5888f0859ddcc1b694e186bb2137229ea571e3db56572205f482794de03d,https://github.com/joyvb/stoptox,6ba3a7f82ab9fda8534f120114a566eec296e8ae,"InChI=1S/C12H14O6/c13-5-7-17-11(15)9-1-2-10(4-3-9)12(16)18-8-6-14/h1-4,13-14H,5-8H2"
Nc1ccc(N=Nc2ccccc2)cc1,0,60-09-3,QPQKUYVSJWQSDY-UHFFFAOYSA-N,60-09-3,STopTox peer-reviewed curated experimental irritation dataset,https://doi.org/10.1289/EHP9341,"[""eye:CpId:2611""]","[""explicit_curated_experimental_outcome_0"", ""absence_of_hazard_statement_not_used"", ""defined_single_structure"", ""exact_identity_deduplicated"", ""current_strong_conflicts_excluded"", ""external_holdout_quarantined"", ""publication_dataset_oecd_405_curation""]",peer_reviewed_curated_experimental_negative,0.9,experimental,"OECD TG 405 experimental eye irritation, curated at dataset level",not irritating / not classified (curated Outcome=0),not_reported_per_record_in_public_sdf,eye:CpId:2611,03dc5888f0859ddcc1b694e186bb2137229ea571e3db56572205f482794de03d,https://github.com/joyvb/stoptox,6ba3a7f82ab9fda8534f120114a566eec296e8ae,"InChI=1S/C12H11N3/c13-10-6-8-12(9-7-10)15-14-11-4-2-1-3-5-11/h1-9H,13H2"
O=C(O)c1cc(N=Nc2ccc(O)c(C(=O)O)c2)ccc1O,0,15722-48-2,QQBDLJCYGRGAKP-UHFFFAOYSA-N,15722-48-2,STopTox peer-reviewed curated experimental irritation dataset,https://doi.org/10.1289/EHP9341,"[""eye:CpId:2955""]","[""explicit_curated_experimental_outcome_0"", ""absence_of_hazard_statement_not_used"", ""defined_single_structure"", ""exact_identity_deduplicated"", ""current_strong_conflicts_excluded"", ""external_holdout_quarantined"", ""publication_dataset_oecd_405_curation""]",peer_reviewed_curated_experimental_negative,0.9,experimental,"OECD TG 405 experimental eye irritation, curated at dataset level",not irritating / not classified (curated Outcome=0),not_reported_per_record_in_public_sdf,eye:CpId:2955,03dc5888f0859ddcc1b694e186bb2137229ea571e3db56572205f482794de03d,https://github.com/joyvb/stoptox,6ba3a7f82ab9fda8534f120114a566eec296e8ae,"InChI=1S/C14H10N2O6/c17-11-3-1-7(5-9(11)13(19)20)15-16-8-2-4-12(18)10(6-8)14(21)22/h1-6,17-18H,(H,19,20)(H,21,22)"
O=C(O)c1cccc(C(=O)O)c1,0,121-91-5,QQVIHTHCMHWDBS-UHFFFAOYSA-N,121-91-5,STopTox peer-reviewed curated experimental irritation dataset,https://doi.org/10.1289/EHP9341,"[""eye:CpId:652""]","[""explicit_curated_experimental_outcome_0"", ""absence_of_hazard_statement_not_used"", ""defined_single_structure"", ""exact_identity_deduplicated"", ""current_strong_conflicts_excluded"", ""external_holdout_quarantined"", ""publication_dataset_oecd_405_curation""]",peer_reviewed_curated_experimental_negative,0.9,experimental,"OECD TG 405 experimental eye irritation, curated at dataset level",not irritating / not classified (curated Outcome=0),not_reported_per_record_in_public_sdf,eye:CpId:652,03dc5888f0859ddcc1b694e186bb2137229ea571e3db56572205f482794de03d,https://github.com/joyvb/stoptox,6ba3a7f82ab9fda8534f120114a566eec296e8ae,QQVIHTHCMHWDBS-UHFFFAOYSA-N
CCCCC(C)=O,0,591-78-6,QQZOPKMRPOGIEB-UHFFFAOYSA-N,591-78-6,STopTox peer-reviewed curated experimental irritation dataset,https://doi.org/10.1289/EHP9341,"[""eye:CpId:2613""]","[""explicit_curated_experimental_outcome_0"", ""absence_of_hazard_statement_not_used"", ""defined_single_structure"", ""exact_identity_deduplicated"", ""current_strong_conflicts_excluded"", ""external_holdout_quarantined"", ""publication_dataset_oecd_405_curation""]",peer_reviewed_curated_experimental_negative,0.9,experimental,"OECD TG 405 experimental eye irritation, curated at dataset level",not irritating / not classified (curated Outcome=0),not_reported_per_record_in_public_sdf,eye:CpId:2613,03dc5888f0859ddcc1b694e186bb2137229ea571e3db56572205f482794de03d,https://github.com/joyvb/stoptox,6ba3a7f82ab9fda8534f120114a566eec296e8ae,"InChI=1S/C6H12O/c1-3-4-5-6(2)7/h3-5H2,1-2H3"
CSc1ccc(C=O)cc1,0,3446-89-7,QRVYABWJVXXOTN-UHFFFAOYSA-N,3446-89-7,STopTox peer-reviewed curated experimental irritation dataset,https://doi.org/10.1289/EHP9341,"[""eye:CpId:2616""]","[""explicit_curated_experimental_outcome_0"", ""absence_of_hazard_statement_not_used"", ""defined_single_structure"", ""exact_identity_deduplicated"", ""current_strong_conflicts_excluded"", ""external_holdout_quarantined"", ""publication_dataset_oecd_405_curation""]",peer_reviewed_curated_experimental_negative,0.9,experimental,"OECD TG 405 experimental eye irritation, curated at dataset level",not irritating / not classified (curated Outcome=0),not_reported_per_record_in_public_sdf,eye:CpId:2616,03dc5888f0859ddcc1b694e186bb2137229ea571e3db56572205f482794de03d,https://github.com/joyvb/stoptox,6ba3a7f82ab9fda8534f120114a566eec296e8ae,"InChI=1S/C8H8OS/c1-10-8-4-2-7(6-9)3-5-8/h2-6H,1H3"
NNC(=O)c1ccncc1,0,54-85-3,QRXWMOHMRWLFEY-UHFFFAOYSA-N,54-85-3,STopTox peer-reviewed curated experimental irritation dataset,https://doi.org/10.1289/EHP9341,"[""eye:CpId:2617""]","[""explicit_curated_experimental_outcome_0"", ""absence_of_hazard_statement_not_used"", ""defined_single_structure"", ""exact_identity_deduplicated"", ""current_strong_conflicts_excluded"", ""external_holdout_quarantined"", ""publication_dataset_oecd_405_curation""]",peer_reviewed_curated_experimental_negative,0.9,experimental,"OECD TG 405 experimental eye irritation, curated at dataset level",not irritating / not classified (curated Outcome=0),not_reported_per_record_in_public_sdf,eye:CpId:2617,03dc5888f0859ddcc1b694e186bb2137229ea571e3db56572205f482794de03d,https://github.com/joyvb/stoptox,6ba3a7f82ab9fda8534f120114a566eec296e8ae,"InChI=1S/C6H7N3O/c7-9-6(10)5-1-3-8-4-2-5/h1-4H,7H2,(H,9,10)"
O=C(O)Cc1ccc(-c2ccccc2)cc1,0,5728-52-9,QRZAKQDHEVVFRX-UHFFFAOYSA-N,5728-52-9,STopTox peer-reviewed curated experimental irritation dataset,https://doi.org/10.1289/EHP9341,"[""eye:CpId:2619""]","[""explicit_curated_experimental_outcome_0"", ""absence_of_hazard_statement_not_used"", ""defined_single_structure"", ""exact_identity_deduplicated"", ""current_strong_conflicts_excluded"", ""external_holdout_quarantined"", ""publication_dataset_oecd_405_curation""]",peer_reviewed_curated_experimental_negative,0.9,experimental,"OECD TG 405 experimental eye irritation, curated at dataset level",not irritating / not classified (curated Outcome=0),not_reported_per_record_in_public_sdf,eye:CpId:2619,03dc5888f0859ddcc1b694e186bb2137229ea571e3db56572205f482794de03d,https://github.com/joyvb/stoptox,6ba3a7f82ab9fda8534f120114a566eec296e8ae,"InChI=1S/C14H12O2/c15-14(16)10-11-6-8-13(9-7-11)12-4-2-1-3-5-12/h1-9H,10H2,(H,15,16)"
CC12COC(=O)CC1CCC1C2CCC2(C)C1CCC2(C)O,0,53-39-4,QSLJIVKCVHQPLV-UHFFFAOYSA-N,53-39-4,STopTox peer-reviewed curated experimental irritation dataset,https://doi.org/10.1289/EHP9341,"[""eye:CpId:2622""]","[""explicit_curated_experimental_outcome_0"", ""absence_of_hazard_statement_not_used"", ""defined_single_structure"", ""exact_identity_deduplicated"", ""current_strong_conflicts_excluded"", ""external_holdout_quarantined"", ""publication_dataset_oecd_405_curation""]",peer_reviewed_curated_experimental_negative,0.9,experimental,"OECD TG 405 experimental eye irritation, curated at dataset level",not irritating / not classified (curated Outcome=0),not_reported_per_record_in_public_sdf,eye:CpId:2622,03dc5888f0859ddcc1b694e186bb2137229ea571e3db56572205f482794de03d,https://github.com/joyvb/stoptox,6ba3a7f82ab9fda8534f120114a566eec296e8ae,"InChI=1S/C19H30O3/c1-17-11-22-16(20)10-12(17)4-5-13-14(17)6-8-18(2)15(13)7-9-19(18,3)21/h12-15,21H,4-11H2,1-3H3"
CNCCCC12CCC(c3ccccc31)c1ccccc12,0,10262-69-8,QSLMDECMDJKHMQ-UHFFFAOYSA-N,10262-69-8,STopTox peer-reviewed curated experimental irritation dataset,https://doi.org/10.1289/EHP9341,"[""eye:CpId:2623""]","[""explicit_curated_experimental_outcome_0"", ""absence_of_hazard_statement_not_used"", ""defined_single_structure"", ""exact_identity_deduplicated"", ""current_strong_conflicts_excluded"", ""external_holdout_quarantined"", ""publication_dataset_oecd_405_curation""]",peer_reviewed_curated_experimental_negative,0.9,experimental,"OECD TG 405 experimental eye irritation, curated at dataset level",not irritating / not classified (curated Outcome=0),not_reported_per_record_in_public_sdf,eye:CpId:2623,03dc5888f0859ddcc1b694e186bb2137229ea571e3db56572205f482794de03d,https://github.com/joyvb/stoptox,6ba3a7f82ab9fda8534f120114a566eec296e8ae,"InChI=1S/C20H23N/c1-21-14-6-12-20-13-11-15(16-7-2-4-9-18(16)20)17-8-3-5-10-19(17)20/h2-5,7-10,15,21H,6,11-14H2,1H3"
C=C(C)C(=O)OCC(F)(F)F,0,QTKPMCIBUROOGY-UHFFFAOYSA-N,QTKPMCIBUROOGY-UHFFFAOYSA-N,,STopTox peer-reviewed curated experimental irritation dataset,https://doi.org/10.1289/EHP9341,"[""eye:CpId:2627""]","[""explicit_curated_experimental_outcome_0"", ""absence_of_hazard_statement_not_used"", ""defined_single_structure"", ""exact_identity_deduplicated"", ""current_strong_conflicts_excluded"", ""external_holdout_quarantined"", ""publication_dataset_oecd_405_curation""]",peer_reviewed_curated_experimental_negative,0.9,experimental,"OECD TG 405 experimental eye irritation, curated at dataset level",not irritating / not classified (curated Outcome=0),not_reported_per_record_in_public_sdf,eye:CpId:2627,03dc5888f0859ddcc1b694e186bb2137229ea571e3db56572205f482794de03d,https://github.com/joyvb/stoptox,6ba3a7f82ab9fda8534f120114a566eec296e8ae,"InChI=1S/C6H7F3O2/c1-4(2)5(10)11-3-6(7,8)9/h1,3H2,2H3"
CCCCCCCCCC(=O)Oc1ccc(C(=O)O)cc1,0,86960-46-5,QTMHHQFADWIZCP-UHFFFAOYSA-N,86960-46-5,STopTox peer-reviewed curated experimental irritation dataset,https://doi.org/10.1289/EHP9341,"[""eye:CpId:656""]","[""explicit_curated_experimental_outcome_0"", ""absence_of_hazard_statement_not_used"", ""defined_single_structure"", ""exact_identity_deduplicated"", ""current_strong_conflicts_excluded"", ""external_holdout_quarantined"", ""publication_dataset_oecd_405_curation""]",peer_reviewed_curated_experimental_negative,0.9,experimental,"OECD TG 405 experimental eye irritation, curated at dataset level",not irritating / not classified (curated Outcome=0),not_reported_per_record_in_public_sdf,eye:CpId:656,03dc5888f0859ddcc1b694e186bb2137229ea571e3db56572205f482794de03d,https://github.com/joyvb/stoptox,6ba3a7f82ab9fda8534f120114a566eec296e8ae,QTMHHQFADWIZCP-UHFFFAOYSA-N
CCCCCCCCOc1ccc(C(=O)c2ccccc2)c(O)c1,0,1843-05-6,QUAMTGJKVDWJEQ-UHFFFAOYSA-N,1843-05-6,STopTox peer-reviewed curated experimental irritation dataset,https://doi.org/10.1289/EHP9341,"[""eye:CpId:657""]","[""explicit_curated_experimental_outcome_0"", ""absence_of_hazard_statement_not_used"", ""defined_single_structure"", ""exact_identity_deduplicated"", ""current_strong_conflicts_excluded"", ""external_holdout_quarantined"", ""publication_dataset_oecd_405_curation""]",peer_reviewed_curated_experimental_negative,0.9,experimental,"OECD TG 405 experimental eye irritation, curated at dataset level",not irritating / not classified (curated Outcome=0),not_reported_per_record_in_public_sdf,eye:CpId:657,03dc5888f0859ddcc1b694e186bb2137229ea571e3db56572205f482794de03d,https://github.com/joyvb/stoptox,6ba3a7f82ab9fda8534f120114a566eec296e8ae,QUAMTGJKVDWJEQ-UHFFFAOYSA-N
Cc1c(O)cc2c(c1C)OC(C)(CCCC(C)CCCC(C)CCCC(C)C)CC2,0,1406-66-2,QUEDXNHFTDJVIY-UHFFFAOYSA-N,1406-66-2,STopTox peer-reviewed curated experimental irritation dataset,https://doi.org/10.1289/EHP9341,"[""eye:CpId:2629""]","[""explicit_curated_experimental_outcome_0"", ""absence_of_hazard_statement_not_used"", ""defined_single_structure"", ""exact_identity_deduplicated"", ""current_strong_conflicts_excluded"", ""external_holdout_quarantined"", ""publication_dataset_oecd_405_curation""]",peer_reviewed_curated_experimental_negative,0.9,experimental,"OECD TG 405 experimental eye irritation, curated at dataset level",not irritating / not classified (curated Outcome=0),not_reported_per_record_in_public_sdf,eye:CpId:2629,03dc5888f0859ddcc1b694e186bb2137229ea571e3db56572205f482794de03d,https://github.com/joyvb/stoptox,6ba3a7f82ab9fda8534f120114a566eec296e8ae,"InChI=1S/C28H48O2/c1-20(2)11-8-12-21(3)13-9-14-22(4)15-10-17-28(7)18-16-25-19-26(29)23(5)24(6)27(25)30-28/h19-22,29H,8-18H2,1-7H3"
CC(C)COC(=O)C1CCCCC1C(=O)OCC(C)C,0,70969-58-3,QUKHPBOCBWDYMW-UHFFFAOYSA-N,70969-58-3,STopTox peer-reviewed curated experimental irritation dataset,https://doi.org/10.1289/EHP9341,"[""eye:CpId:659""]","[""explicit_curated_experimental_outcome_0"", ""absence_of_hazard_statement_not_used"", ""defined_single_structure"", ""exact_identity_deduplicated"", ""current_strong_conflicts_excluded"", ""external_holdout_quarantined"", ""publication_dataset_oecd_405_curation""]",peer_reviewed_curated_experimental_negative,0.9,experimental,"OECD TG 405 experimental eye irritation, curated at dataset level",not irritating / not classified (curated Outcome=0),not_reported_per_record_in_public_sdf,eye:CpId:659,03dc5888f0859ddcc1b694e186bb2137229ea571e3db56572205f482794de03d,https://github.com/joyvb/stoptox,6ba3a7f82ab9fda8534f120114a566eec296e8ae,QUKHPBOCBWDYMW-UHFFFAOYSA-N
CCOCCCC(C)OCCOCC(C)CO,0,55934-93-5,QVIFIIFBFORLSL-UHFFFAOYSA-N,55934-93-5,STopTox peer-reviewed curated experimental irritation dataset,https://doi.org/10.1289/EHP9341,"[""eye:CpId:662""]","[""explicit_curated_experimental_outcome_0"", ""absence_of_hazard_statement_not_used"", ""defined_single_structure"", ""exact_identity_deduplicated"", ""current_strong_conflicts_excluded"", ""external_holdout_quarantined"", ""publication_dataset_oecd_405_curation""]",peer_reviewed_curated_experimental_negative,0.9,experimental,"OECD TG 405 experimental eye irritation, curated at dataset level",not irritating / not classified (curated Outcome=0),not_reported_per_record_in_public_sdf,eye:CpId:662,03dc5888f0859ddcc1b694e186bb2137229ea571e3db56572205f482794de03d,https://github.com/joyvb/stoptox,6ba3a7f82ab9fda8534f120114a566eec296e8ae,QVIFIIFBFORLSL-UHFFFAOYSA-N
CC1C=CC=C1,0,12108-13-3,QVRBGKYLLCLCHL-UHFFFAOYSA-N,12108-13-3,STopTox peer-reviewed curated experimental irritation dataset,https://doi.org/10.1289/EHP9341,"[""eye:CpId:990""]","[""explicit_curated_experimental_outcome_0"", ""absence_of_hazard_statement_not_used"", ""defined_single_structure"", ""exact_identity_deduplicated"", ""current_strong_conflicts_excluded"", ""external_holdout_quarantined"", ""publication_dataset_oecd_405_curation""]",peer_reviewed_curated_experimental_negative,0.9,experimental,"OECD TG 405 experimental eye irritation, curated at dataset level",not irritating / not classified (curated Outcome=0),not_reported_per_record_in_public_sdf,eye:CpId:990,03dc5888f0859ddcc1b694e186bb2137229ea571e3db56572205f482794de03d,https://github.com/joyvb/stoptox,6ba3a7f82ab9fda8534f120114a566eec296e8ae,ZAKSCXKVYUNNHM-UHFFFAOYSA-N
Cc1ccccc1C(OCCN(C)C)c1ccccc1,0,83-98-7,QVYRGXJJSLMXQH-UHFFFAOYSA-N,83-98-7,STopTox peer-reviewed curated experimental irritation dataset,https://doi.org/10.1289/EHP9341,"[""eye:CpId:2634""]","[""explicit_curated_experimental_outcome_0"", ""absence_of_hazard_statement_not_used"", ""defined_single_structure"", ""exact_identity_deduplicated"", ""current_strong_conflicts_excluded"", ""external_holdout_quarantined"", ""publication_dataset_oecd_405_curation""]",peer_reviewed_curated_experimental_negative,0.9,experimental,"OECD TG 405 experimental eye irritation, curated at dataset level",not irritating / not classified (curated Outcome=0),not_reported_per_record_in_public_sdf,eye:CpId:2634,03dc5888f0859ddcc1b694e186bb2137229ea571e3db56572205f482794de03d,https://github.com/joyvb/stoptox,6ba3a7f82ab9fda8534f120114a566eec296e8ae,"InChI=1S/C18H23NO/c1-15-9-7-8-12-17(15)18(20-14-13-19(2)3)16-10-5-4-6-11-16/h4-12,18H,13-14H2,1-3H3"
CCCCCCCCCCCCCCCCCCN=C=O,0,112-96-9,QWDQYHPOSSHSAW-UHFFFAOYSA-N,112-96-9,STopTox peer-reviewed curated experimental irritation dataset,https://doi.org/10.1289/EHP9341,"[""eye:CpId:2636""]","[""explicit_curated_experimental_outcome_0"", ""absence_of_hazard_statement_not_used"", ""defined_single_structure"", ""exact_identity_deduplicated"", ""current_strong_conflicts_excluded"", ""external_holdout_quarantined"", ""publication_dataset_oecd_405_curation""]",peer_reviewed_curated_experimental_negative,0.9,experimental,"OECD TG 405 experimental eye irritation, curated at dataset level",not irritating / not classified (curated Outcome=0),not_reported_per_record_in_public_sdf,eye:CpId:2636,03dc5888f0859ddcc1b694e186bb2137229ea571e3db56572205f482794de03d,https://github.com/joyvb/stoptox,6ba3a7f82ab9fda8534f120114a566eec296e8ae,"InChI=1S/C19H37NO/c1-2-3-4-5-6-7-8-9-10-11-12-13-14-15-16-17-18-20-19-21/h2-18H2,1H3"
Cc1ccc(N=CN(C)C=Nc2ccc(C)cc2C)c(C)c1,0,33089-61-1,QXAITBQSYVNQDR-UHFFFAOYSA-N,33089-61-1,STopTox peer-reviewed curated experimental irritation dataset,https://doi.org/10.1289/EHP9341,"[""eye:CpId:2641""]","[""explicit_curated_experimental_outcome_0"", ""absence_of_hazard_statement_not_used"", ""defined_single_structure"", ""exact_identity_deduplicated"", ""current_strong_conflicts_excluded"", ""external_holdout_quarantined"", ""publication_dataset_oecd_405_curation""]",peer_reviewed_curated_experimental_negative,0.9,experimental,"OECD TG 405 experimental eye irritation, curated at dataset level",not irritating / not classified (curated Outcome=0),not_reported_per_record_in_public_sdf,eye:CpId:2641,03dc5888f0859ddcc1b694e186bb2137229ea571e3db56572205f482794de03d,https://github.com/joyvb/stoptox,6ba3a7f82ab9fda8534f120114a566eec296e8ae,"InChI=1S/C19H23N3/c1-14-6-8-18(16(3)10-14)20-12-22(5)13-21-19-9-7-15(2)11-17(19)4/h6-13H,1-5H3"
COc1c2occc2cc2ccc(=O)oc12,0,298-81-7,QXKHYNVANLEOEG-UHFFFAOYSA-N,298-81-7,STopTox peer-reviewed curated experimental irritation dataset,https://doi.org/10.1289/EHP9341,"[""eye:CpId:2643""]","[""explicit_curated_experimental_outcome_0"", ""absence_of_hazard_statement_not_used"", ""defined_single_structure"", ""exact_identity_deduplicated"", ""current_strong_conflicts_excluded"", ""external_holdout_quarantined"", ""publication_dataset_oecd_405_curation""]",peer_reviewed_curated_experimental_negative,0.9,experimental,"OECD TG 405 experimental eye irritation, curated at dataset level",not irritating / not classified (curated Outcome=0),not_reported_per_record_in_public_sdf,eye:CpId:2643,03dc5888f0859ddcc1b694e186bb2137229ea571e3db56572205f482794de03d,https://github.com/joyvb/stoptox,6ba3a7f82ab9fda8534f120114a566eec296e8ae,"InChI=1S/C12H8O4/c1-14-12-10-8(4-5-15-10)6-7-2-3-9(13)16-11(7)12/h2-6H,1H3"
CCCCCCCCC=CCCCCCCCC(=O)OC,0,112-62-9,QYDYPVFESGNLHU-UHFFFAOYSA-N,112-62-9,STopTox peer-reviewed curated experimental irritation dataset,https://doi.org/10.1289/EHP9341,"[""eye:CpId:2645""]","[""explicit_curated_experimental_outcome_0"", ""absence_of_hazard_statement_not_used"", ""defined_single_structure"", ""exact_identity_deduplicated"", ""current_strong_conflicts_excluded"", ""external_holdout_quarantined"", ""publication_dataset_oecd_405_curation""]",peer_reviewed_curated_experimental_negative,0.9,experimental,"OECD TG 405 experimental eye irritation, curated at dataset level",not irritating / not classified (curated Outcome=0),not_reported_per_record_in_public_sdf,eye:CpId:2645,03dc5888f0859ddcc1b694e186bb2137229ea571e3db56572205f482794de03d,https://github.com/joyvb/stoptox,6ba3a7f82ab9fda8534f120114a566eec296e8ae,"InChI=1S/C19H36O2/c1-3-4-5-6-7-8-9-10-11-12-13-14-15-16-17-18-19(20)21-2/h10-11H,3-9,12-18H2,1-2H3"
FC(F)(F)C(F)(F)C(F)(F)F,0,218599-63-4,QYSGYZVSCZSLHT-UHFFFAOYSA-N,218599-63-4,STopTox peer-reviewed curated experimental irritation dataset,https://doi.org/10.1289/EHP9341,"[""eye:CpId:2648""]","[""explicit_curated_experimental_outcome_0"", ""absence_of_hazard_statement_not_used"", ""defined_single_structure"", ""exact_identity_deduplicated"", ""current_strong_conflicts_excluded"", ""external_holdout_quarantined"", ""publication_dataset_oecd_405_curation""]",peer_reviewed_curated_experimental_negative,0.9,experimental,"OECD TG 405 experimental eye irritation, curated at dataset level",not irritating / not classified (curated Outcome=0),not_reported_per_record_in_public_sdf,eye:CpId:2648,03dc5888f0859ddcc1b694e186bb2137229ea571e3db56572205f482794de03d,https://github.com/joyvb/stoptox,6ba3a7f82ab9fda8534f120114a566eec296e8ae,"InChI=1S/C3F8/c4-1(5,2(6,7)8)3(9,10)11"
C=C1CCC(O)CC1=CC=C1CCCC2(C)C1CCC2C(C)CCCC(C)C,0,67-97-0 1406-16-2,QYSXJUFSXHHAJI-UHFFFAOYSA-N,67-97-0 1406-16-2,STopTox peer-reviewed curated experimental irritation dataset,https://doi.org/10.1289/EHP9341,"[""eye:CpId:2649""]","[""explicit_curated_experimental_outcome_0"", ""absence_of_hazard_statement_not_used"", ""defined_single_structure"", ""exact_identity_deduplicated"", ""current_strong_conflicts_excluded"", ""external_holdout_quarantined"", ""publication_dataset_oecd_405_curation""]",peer_reviewed_curated_experimental_negative,0.9,experimental,"OECD TG 405 experimental eye irritation, curated at dataset level",not irritating / not classified (curated Outcome=0),not_reported_per_record_in_public_sdf,eye:CpId:2649,03dc5888f0859ddcc1b694e186bb2137229ea571e3db56572205f482794de03d,https://github.com/joyvb/stoptox,6ba3a7f82ab9fda8534f120114a566eec296e8ae,"InChI=1S/C27H44O/c1-19(2)8-6-9-21(4)25-15-16-26-22(10-7-17-27(25,26)5)12-13-23-18-24(28)14-11-20(23)3/h12-13,19,21,24-26,28H,3,6-11,14-18H2,1-2,4-5H3"
CCC(O)OC(O)CC,0,25265-71-8,QYSXYAURTRCDJU-UHFFFAOYSA-N,25265-71-8,STopTox peer-reviewed curated experimental irritation dataset,https://doi.org/10.1289/EHP9341,"[""eye:CpId:2650""]","[""explicit_curated_experimental_outcome_0"", ""absence_of_hazard_statement_not_used"", ""defined_single_structure"", ""exact_identity_deduplicated"", ""current_strong_conflicts_excluded"", ""external_holdout_quarantined"", ""publication_dataset_oecd_405_curation""]",peer_reviewed_curated_experimental_negative,0.9,experimental,"OECD TG 405 experimental eye irritation, curated at dataset level",not irritating / not classified (curated Outcome=0),not_reported_per_record_in_public_sdf,eye:CpId:2650,03dc5888f0859ddcc1b694e186bb2137229ea571e3db56572205f482794de03d,https://github.com/joyvb/stoptox,6ba3a7f82ab9fda8534f120114a566eec296e8ae,"InChI=1S/C6H14O3/c1-3-5(7)9-6(8)4-2/h5-8H,3-4H2,1-2H3"
CCCCOC(=O)CC(CC(=O)OCCCC)(OC(C)=O)C(=O)OCCCC,0,77-90-7,QZCLKYGREBVARF-UHFFFAOYSA-N,77-90-7,STopTox peer-reviewed curated experimental irritation dataset,https://doi.org/10.1289/EHP9341,"[""eye:CpId:2651""]","[""explicit_curated_experimental_outcome_0"", ""absence_of_hazard_statement_not_used"", ""defined_single_structure"", ""exact_identity_deduplicated"", ""current_strong_conflicts_excluded"", ""external_holdout_quarantined"", ""publication_dataset_oecd_405_curation""]",peer_reviewed_curated_experimental_negative,0.9,experimental,"OECD TG 405 experimental eye irritation, curated at dataset level",not irritating / not classified (curated Outcome=0),not_reported_per_record_in_public_sdf,eye:CpId:2651,03dc5888f0859ddcc1b694e186bb2137229ea571e3db56572205f482794de03d,https://github.com/joyvb/stoptox,6ba3a7f82ab9fda8534f120114a566eec296e8ae,"InChI=1S/C20H34O8/c1-5-8-11-25-17(22)14-20(28-16(4)21,19(24)27-13-10-7-3)15-18(23)26-12-9-6-2/h5-15H2,1-4H3"
CCOC(=O)C(O)(c1ccc(Cl)cc1)c1ccc(Cl)cc1,0,510-15-6,RAPBNVDSDCTNRC-UHFFFAOYSA-N,510-15-6,STopTox peer-reviewed curated experimental irritation dataset,https://doi.org/10.1289/EHP9341,"[""eye:CpId:2657""]","[""explicit_curated_experimental_outcome_0"", ""absence_of_hazard_statement_not_used"", ""defined_single_structure"", ""exact_identity_deduplicated"", ""current_strong_conflicts_excluded"", ""external_holdout_quarantined"", ""publication_dataset_oecd_405_curation""]",peer_reviewed_curated_experimental_negative,0.9,experimental,"OECD TG 405 experimental eye irritation, curated at dataset level",not irritating / not classified (curated Outcome=0),not_reported_per_record_in_public_sdf,eye:CpId:2657,03dc5888f0859ddcc1b694e186bb2137229ea571e3db56572205f482794de03d,https://github.com/joyvb/stoptox,6ba3a7f82ab9fda8534f120114a566eec296e8ae,"InChI=1S/C16H14Cl2O3/c1-2-21-15(19)16(20,11-3-7-13(17)8-4-11)12-5-9-14(18)10-6-12/h3-10,20H,2H2,1H3"
CC(C)(Oc1ccc(Cl)cc1)C(=O)OCc1cccnc1,0,31980-29-7,RARQHAFNGNPQCZ-UHFFFAOYSA-N,31980-29-7,STopTox peer-reviewed curated experimental irritation dataset,https://doi.org/10.1289/EHP9341,"[""eye:CpId:2659""]","[""explicit_curated_experimental_outcome_0"", ""absence_of_hazard_statement_not_used"", ""defined_single_structure"", ""exact_identity_deduplicated"", ""current_strong_conflicts_excluded"", ""external_holdout_quarantined"", ""publication_dataset_oecd_405_curation""]",peer_reviewed_curated_experimental_negative,0.9,experimental,"OECD TG 405 experimental eye irritation, curated at dataset level",not irritating / not classified (curated Outcome=0),not_reported_per_record_in_public_sdf,eye:CpId:2659,03dc5888f0859ddcc1b694e186bb2137229ea571e3db56572205f482794de03d,https://github.com/joyvb/stoptox,6ba3a7f82ab9fda8534f120114a566eec296e8ae,"InChI=1S/C16H16ClNO3/c1-16(2,21-14-7-5-13(17)6-8-14)15(19)20-11-12-4-3-9-18-10-12/h3-10H,11H2,1-2H3"
CCN(CC)C(=O)N1CCN(C)CC1,0,90-89-1,RCKMWOKWVGPNJF-UHFFFAOYSA-N,90-89-1,STopTox peer-reviewed curated experimental irritation dataset,https://doi.org/10.1289/EHP9341,"[""eye:CpId:2666""]","[""explicit_curated_experimental_outcome_0"", ""absence_of_hazard_statement_not_used"", ""defined_single_structure"", ""exact_identity_deduplicated"", ""current_strong_conflicts_excluded"", ""external_holdout_quarantined"", ""publication_dataset_oecd_405_curation""]",peer_reviewed_curated_experimental_negative,0.9,experimental,"OECD TG 405 experimental eye irritation, curated at dataset level",not irritating / not classified (curated Outcome=0),not_reported_per_record_in_public_sdf,eye:CpId:2666,03dc5888f0859ddcc1b694e186bb2137229ea571e3db56572205f482794de03d,https://github.com/joyvb/stoptox,6ba3a7f82ab9fda8534f120114a566eec296e8ae,"InChI=1S/C10H21N3O/c1-4-12(5-2)10(14)13-8-6-11(3)7-9-13/h4-9H2,1-3H3"
C=CCOC(=O)CCCCC,0,123-68-2,RCSBILYQLVXLJG-UHFFFAOYSA-N,123-68-2,STopTox peer-reviewed curated experimental irritation dataset,https://doi.org/10.1289/EHP9341,"[""eye:CpId:669""]","[""explicit_curated_experimental_outcome_0"", ""absence_of_hazard_statement_not_used"", ""defined_single_structure"", ""exact_identity_deduplicated"", ""current_strong_conflicts_excluded"", ""external_holdout_quarantined"", ""publication_dataset_oecd_405_curation""]",peer_reviewed_curated_experimental_negative,0.9,experimental,"OECD TG 405 experimental eye irritation, curated at dataset level",not irritating / not classified (curated Outcome=0),not_reported_per_record_in_public_sdf,eye:CpId:669,03dc5888f0859ddcc1b694e186bb2137229ea571e3db56572205f482794de03d,https://github.com/joyvb/stoptox,6ba3a7f82ab9fda8534f120114a566eec296e8ae,RCSBILYQLVXLJG-UHFFFAOYSA-N
CC(C(=O)O)c1cccc(Oc2ccccc2)c1,0,31879-05-7,RDJGLLICXDHJDY-UHFFFAOYSA-N,31879-05-7,STopTox peer-reviewed curated experimental irritation dataset,https://doi.org/10.1289/EHP9341,"[""eye:CpId:2668""]","[""explicit_curated_experimental_outcome_0"", ""absence_of_hazard_statement_not_used"", ""defined_single_structure"", ""exact_identity_deduplicated"", ""current_strong_conflicts_excluded"", ""external_holdout_quarantined"", ""publication_dataset_oecd_405_curation""]",peer_reviewed_curated_experimental_negative,0.9,experimental,"OECD TG 405 experimental eye irritation, curated at dataset level",not irritating / not classified (curated Outcome=0),not_reported_per_record_in_public_sdf,eye:CpId:2668,03dc5888f0859ddcc1b694e186bb2137229ea571e3db56572205f482794de03d,https://github.com/joyvb/stoptox,6ba3a7f82ab9fda8534f120114a566eec296e8ae,"InChI=1S/C15H14O3/c1-11(15(16)17)12-6-5-9-14(10-12)18-13-7-3-2-4-8-13/h2-11H,1H3,(H,16,17)"
CC(C)COC(=O)CCCCC(=O)OCC(C)C,0,141-04-8,RDOFJDLLWVCMRU-UHFFFAOYSA-N,141-04-8,STopTox peer-reviewed curated experimental irritation dataset,https://doi.org/10.1289/EHP9341,"[""eye:CpId:2670""]","[""explicit_curated_experimental_outcome_0"", ""absence_of_hazard_statement_not_used"", ""defined_single_structure"", ""exact_identity_deduplicated"", ""current_strong_conflicts_excluded"", ""external_holdout_quarantined"", ""publication_dataset_oecd_405_curation""]",peer_reviewed_curated_experimental_negative,0.9,experimental,"OECD TG 405 experimental eye irritation, curated at dataset level",not irritating / not classified (curated Outcome=0),not_reported_per_record_in_public_sdf,eye:CpId:2670,03dc5888f0859ddcc1b694e186bb2137229ea571e3db56572205f482794de03d,https://github.com/joyvb/stoptox,6ba3a7f82ab9fda8534f120114a566eec296e8ae,"InChI=1S/C14H26O4/c1-11(2)9-17-13(15)7-5-6-8-14(16)18-10-12(3)4/h11-12H,5-10H2,1-4H3"
COc1ccccc1,0,100-66-3,RDOXTESZEPMUJZ-UHFFFAOYSA-N,100-66-3,STopTox peer-reviewed curated experimental irritation dataset,https://doi.org/10.1289/EHP9341,"[""eye:CpId:670""]","[""explicit_curated_experimental_outcome_0"", ""absence_of_hazard_statement_not_used"", ""defined_single_structure"", ""exact_identity_deduplicated"", ""current_strong_conflicts_excluded"", ""external_holdout_quarantined"", ""publication_dataset_oecd_405_curation""]",peer_reviewed_curated_experimental_negative,0.9,experimental,"OECD TG 405 experimental eye irritation, curated at dataset level",not irritating / not classified (curated Outcome=0),not_reported_per_record_in_public_sdf,eye:CpId:670,03dc5888f0859ddcc1b694e186bb2137229ea571e3db56572205f482794de03d,https://github.com/joyvb/stoptox,6ba3a7f82ab9fda8534f120114a566eec296e8ae,RDOXTESZEPMUJZ-UHFFFAOYSA-N
COC(F)(F)C(Cl)Cl,0,76-38-0,RFKMCNOHBTXSMU-UHFFFAOYSA-N,76-38-0,STopTox peer-reviewed curated experimental irritation dataset,https://doi.org/10.1289/EHP9341,"[""eye:CpId:2681""]","[""explicit_curated_experimental_outcome_0"", ""absence_of_hazard_statement_not_used"", ""defined_single_structure"", ""exact_identity_deduplicated"", ""current_strong_conflicts_excluded"", ""external_holdout_quarantined"", ""publication_dataset_oecd_405_curation""]",peer_reviewed_curated_experimental_negative,0.9,experimental,"OECD TG 405 experimental eye irritation, curated at dataset level",not irritating / not classified (curated Outcome=0),not_reported_per_record_in_public_sdf,eye:CpId:2681,03dc5888f0859ddcc1b694e186bb2137229ea571e3db56572205f482794de03d,https://github.com/joyvb/stoptox,6ba3a7f82ab9fda8534f120114a566eec296e8ae,"InChI=1S/C3H4Cl2F2O/c1-8-3(6,7)2(4)5/h2H,1H3"
CC1(C)C(=O)C(C)(C)C1=O,0,933-52-8,RGCDVHNITQEYPO-UHFFFAOYSA-N,933-52-8,STopTox peer-reviewed curated experimental irritation dataset,https://doi.org/10.1289/EHP9341,"[""eye:CpId:2683""]","[""explicit_curated_experimental_outcome_0"", ""absence_of_hazard_statement_not_used"", ""defined_single_structure"", ""exact_identity_deduplicated"", ""current_strong_conflicts_excluded"", ""external_holdout_quarantined"", ""publication_dataset_oecd_405_curation""]",peer_reviewed_curated_experimental_negative,0.9,experimental,"OECD TG 405 experimental eye irritation, curated at dataset level",not irritating / not classified (curated Outcome=0),not_reported_per_record_in_public_sdf,eye:CpId:2683,03dc5888f0859ddcc1b694e186bb2137229ea571e3db56572205f482794de03d,https://github.com/joyvb/stoptox,6ba3a7f82ab9fda8534f120114a566eec296e8ae,"InChI=1S/C8H12O2/c1-7(2)5(9)8(3,4)6(7)10/h1-4H3"
O=C(O)C(O)C(O)C(O)C(O)CO,0,133-42-6,RGHNJXZEOKUKBD-UHFFFAOYSA-N,133-42-6,STopTox peer-reviewed curated experimental irritation dataset,https://doi.org/10.1289/EHP9341,"[""eye:CpId:2685""]","[""explicit_curated_experimental_outcome_0"", ""absence_of_hazard_statement_not_used"", ""defined_single_structure"", ""exact_identity_deduplicated"", ""current_strong_conflicts_excluded"", ""external_holdout_quarantined"", ""publication_dataset_oecd_405_curation""]",peer_reviewed_curated_experimental_negative,0.9,experimental,"OECD TG 405 experimental eye irritation, curated at dataset level",not irritating / not classified (curated Outcome=0),not_reported_per_record_in_public_sdf,eye:CpId:2685,03dc5888f0859ddcc1b694e186bb2137229ea571e3db56572205f482794de03d,https://github.com/joyvb/stoptox,6ba3a7f82ab9fda8534f120114a566eec296e8ae,"InChI=1S/C6H12O7/c7-1-2(8)3(9)4(10)5(11)6(12)13/h2-5,7-11H,1H2,(H,12,13)"
CCC(=C(CC)c1ccc(O)cc1)c1ccc(O)cc1,0,56-53-1,RGLYKWWBQGJZGM-UHFFFAOYSA-N,56-53-1,STopTox peer-reviewed curated experimental irritation dataset,https://doi.org/10.1289/EHP9341,"[""eye:CpId:2686""]","[""explicit_curated_experimental_outcome_0"", ""absence_of_hazard_statement_not_used"", ""defined_single_structure"", ""exact_identity_deduplicated"", ""current_strong_conflicts_excluded"", ""external_holdout_quarantined"", ""publication_dataset_oecd_405_curation""]",peer_reviewed_curated_experimental_negative,0.9,experimental,"OECD TG 405 experimental eye irritation, curated at dataset level",not irritating / not classified (curated Outcome=0),not_reported_per_record_in_public_sdf,eye:CpId:2686,03dc5888f0859ddcc1b694e186bb2137229ea571e3db56572205f482794de03d,https://github.com/joyvb/stoptox,6ba3a7f82ab9fda8534f120114a566eec296e8ae,"InChI=1S/C18H20O2/c1-3-17(13-5-9-15(19)10-6-13)18(4-2)14-7-11-16(20)12-8-14/h5-12,19-20H,3-4H2,1-2H3"
CN(C)N,0,57-14-7,RHUYHJGZWVXEHW-UHFFFAOYSA-N,57-14-7,STopTox peer-reviewed curated experimental irritation dataset,https://doi.org/10.1289/EHP9341,"[""eye:CpId:2689""]","[""explicit_curated_experimental_outcome_0"", ""absence_of_hazard_statement_not_used"", ""defined_single_structure"", ""exact_identity_deduplicated"", ""current_strong_conflicts_excluded"", ""external_holdout_quarantined"", ""publication_dataset_oecd_405_curation""]",peer_reviewed_curated_experimental_negative,0.9,experimental,"OECD TG 405 experimental eye irritation, curated at dataset level",not irritating / not classified (curated Outcome=0),not_reported_per_record_in_public_sdf,eye:CpId:2689,03dc5888f0859ddcc1b694e186bb2137229ea571e3db56572205f482794de03d,https://github.com/joyvb/stoptox,6ba3a7f82ab9fda8534f120114a566eec296e8ae,"InChI=1S/C2H8N2/c1-4(2)3/h3H2,1-2H3"
CC(=O)C1CCC2C3CCC4=CC(=O)CCC4(C)C3CCC12C,0,57-83-0,RJKFOVLPORLFTN-UHFFFAOYSA-N,57-83-0,STopTox peer-reviewed curated experimental irritation dataset,https://doi.org/10.1289/EHP9341,"[""eye:CpId:2695""]","[""explicit_curated_experimental_outcome_0"", ""absence_of_hazard_statement_not_used"", ""defined_single_structure"", ""exact_identity_deduplicated"", ""current_strong_conflicts_excluded"", ""external_holdout_quarantined"", ""publication_dataset_oecd_405_curation""]",peer_reviewed_curated_experimental_negative,0.9,experimental,"OECD TG 405 experimental eye irritation, curated at dataset level",not irritating / not classified (curated Outcome=0),not_reported_per_record_in_public_sdf,eye:CpId:2695,03dc5888f0859ddcc1b694e186bb2137229ea571e3db56572205f482794de03d,https://github.com/joyvb/stoptox,6ba3a7f82ab9fda8534f120114a566eec296e8ae,"InChI=1S/C21H30O2/c1-13(22)17-6-7-18-16-5-4-14-12-15(23)8-10-20(14,2)19(16)9-11-21(17,18)3/h12,16-19H,4-11H2,1-3H3"
O=C(Nc1ccc([N+](=O)[O-])cc1Cl)c1cc(Cl)ccc1O,0,50-65-7,RJMUSRYZPJIFPJ-UHFFFAOYSA-N,50-65-7,STopTox peer-reviewed curated experimental irritation dataset,https://doi.org/10.1289/EHP9341,"[""eye:CpId:2697""]","[""explicit_curated_experimental_outcome_0"", ""absence_of_hazard_statement_not_used"", ""defined_single_structure"", ""exact_identity_deduplicated"", ""current_strong_conflicts_excluded"", ""external_holdout_quarantined"", ""publication_dataset_oecd_405_curation""]",peer_reviewed_curated_experimental_negative,0.9,experimental,"OECD TG 405 experimental eye irritation, curated at dataset level",not irritating / not classified (curated Outcome=0),not_reported_per_record_in_public_sdf,eye:CpId:2697,03dc5888f0859ddcc1b694e186bb2137229ea571e3db56572205f482794de03d,https://github.com/joyvb/stoptox,6ba3a7f82ab9fda8534f120114a566eec296e8ae,"InChI=1S/C13H8Cl2N2O4/c14-7-1-4-12(18)9(5-7)13(19)16-11-3-2-8(17(20)21)6-10(11)15/h1-6,18H,(H,16,19)"
Cc1c(N)cccc1N,0,823-40-5,RLYCRLGLCUXUPO-UHFFFAOYSA-N,823-40-5,STopTox peer-reviewed curated experimental irritation dataset,https://doi.org/10.1289/EHP9341,"[""eye:CpId:2709""]","[""explicit_curated_experimental_outcome_0"", ""absence_of_hazard_statement_not_used"", ""defined_single_structure"", ""exact_identity_deduplicated"", ""current_strong_conflicts_excluded"", ""external_holdout_quarantined"", ""publication_dataset_oecd_405_curation""]",peer_reviewed_curated_experimental_negative,0.9,experimental,"OECD TG 405 experimental eye irritation, curated at dataset level",not irritating / not classified (curated Outcome=0),not_reported_per_record_in_public_sdf,eye:CpId:2709,03dc5888f0859ddcc1b694e186bb2137229ea571e3db56572205f482794de03d,https://github.com/joyvb/stoptox,6ba3a7f82ab9fda8534f120114a566eec296e8ae,"InChI=1S/C7H10N2/c1-5-6(8)3-2-4-7(5)9/h2-4H,8-9H2,1H3"
O=C(C(F)(F)C(F)(F)F)C(F)(C(F)(F)F)C(F)(F)F,0,756-13-8,RMLFHPWPTXWZNJ-UHFFFAOYSA-N,756-13-8,STopTox peer-reviewed curated experimental irritation dataset,https://doi.org/10.1289/EHP9341,"[""eye:CpId:676""]","[""explicit_curated_experimental_outcome_0"", ""absence_of_hazard_statement_not_used"", ""defined_single_structure"", ""exact_identity_deduplicated"", ""current_strong_conflicts_excluded"", ""external_holdout_quarantined"", ""publication_dataset_oecd_405_curation""]",peer_reviewed_curated_experimental_negative,0.9,experimental,"OECD TG 405 experimental eye irritation, curated at dataset level",not irritating / not classified (curated Outcome=0),not_reported_per_record_in_public_sdf,eye:CpId:676,03dc5888f0859ddcc1b694e186bb2137229ea571e3db56572205f482794de03d,https://github.com/joyvb/stoptox,6ba3a7f82ab9fda8534f120114a566eec296e8ae,RMLFHPWPTXWZNJ-UHFFFAOYSA-N
CCCCC=CCCC=CCCCCCC,0,93762-80-2,RMTVKKKRDAWJCP-UHFFFAOYSA-N,93762-80-2,STopTox peer-reviewed curated experimental irritation dataset,https://doi.org/10.1289/EHP9341,"[""eye:CpId:677""]","[""explicit_curated_experimental_outcome_0"", ""absence_of_hazard_statement_not_used"", ""defined_single_structure"", ""exact_identity_deduplicated"", ""current_strong_conflicts_excluded"", ""external_holdout_quarantined"", ""publication_dataset_oecd_405_curation""]",peer_reviewed_curated_experimental_negative,0.9,experimental,"OECD TG 405 experimental eye irritation, curated at dataset level",not irritating / not classified (curated Outcome=0),not_reported_per_record_in_public_sdf,eye:CpId:677,03dc5888f0859ddcc1b694e186bb2137229ea571e3db56572205f482794de03d,https://github.com/joyvb/stoptox,6ba3a7f82ab9fda8534f120114a566eec296e8ae,RMTVKKKRDAWJCP-RHYUXORRSA-N
OC(O)C(Cl)(Cl)Cl,0,302-17-0,RNFNDJAIBTYOQL-UHFFFAOYSA-N,302-17-0,STopTox peer-reviewed curated experimental irritation dataset,https://doi.org/10.1289/EHP9341,"[""eye:CpId:2718""]","[""explicit_curated_experimental_outcome_0"", ""absence_of_hazard_statement_not_used"", ""defined_single_structure"", ""exact_identity_deduplicated"", ""current_strong_conflicts_excluded"", ""external_holdout_quarantined"", ""publication_dataset_oecd_405_curation""]",peer_reviewed_curated_experimental_negative,0.9,experimental,"OECD TG 405 experimental eye irritation, curated at dataset level",not irritating / not classified (curated Outcome=0),not_reported_per_record_in_public_sdf,eye:CpId:2718,03dc5888f0859ddcc1b694e186bb2137229ea571e3db56572205f482794de03d,https://github.com/joyvb/stoptox,6ba3a7f82ab9fda8534f120114a566eec296e8ae,"InChI=1S/C2H3Cl3O2/c3-2(4,5)1(6)7/h1,6-7H"
O=C(Oc1ccccc1)Oc1ccccc1,0,102-09-0,ROORDVPLFPIABK-UHFFFAOYSA-N,102-09-0,STopTox peer-reviewed curated experimental irritation dataset,https://doi.org/10.1289/EHP9341,"[""eye:CpId:681""]","[""explicit_curated_experimental_outcome_0"", ""absence_of_hazard_statement_not_used"", ""defined_single_structure"", ""exact_identity_deduplicated"", ""current_strong_conflicts_excluded"", ""external_holdout_quarantined"", ""publication_dataset_oecd_405_curation""]",peer_reviewed_curated_experimental_negative,0.9,experimental,"OECD TG 405 experimental eye irritation, curated at dataset level",not irritating / not classified (curated Outcome=0),not_reported_per_record_in_public_sdf,eye:CpId:681,03dc5888f0859ddcc1b694e186bb2137229ea571e3db56572205f482794de03d,https://github.com/joyvb/stoptox,6ba3a7f82ab9fda8534f120114a566eec296e8ae,ROORDVPLFPIABK-UHFFFAOYSA-N
CCCCC(CC)COC(=O)C=CC(=O)OCC(CC)CCCC,0,142-16-5,ROPXFXOUUANXRR-UHFFFAOYSA-N,142-16-5,STopTox peer-reviewed curated experimental irritation dataset,https://doi.org/10.1289/EHP9341,"[""eye:CpId:682""]","[""explicit_curated_experimental_outcome_0"", ""absence_of_hazard_statement_not_used"", ""defined_single_structure"", ""exact_identity_deduplicated"", ""current_strong_conflicts_excluded"", ""external_holdout_quarantined"", ""publication_dataset_oecd_405_curation""]",peer_reviewed_curated_experimental_negative,0.9,experimental,"OECD TG 405 experimental eye irritation, curated at dataset level",not irritating / not classified (curated Outcome=0),not_reported_per_record_in_public_sdf,eye:CpId:682,03dc5888f0859ddcc1b694e186bb2137229ea571e3db56572205f482794de03d,https://github.com/joyvb/stoptox,6ba3a7f82ab9fda8534f120114a566eec296e8ae,ROPXFXOUUANXRR-UHFFFAOYSA-N
C#CC1(O)CCC2C3CCC4=CCCCC4C3C(=C)CC21CC,0,54024-22-5,RPLCPCMSCLEKRS-UHFFFAOYSA-N,54024-22-5,STopTox peer-reviewed curated experimental irritation dataset,https://doi.org/10.1289/EHP9341,"[""eye:CpId:2725""]","[""explicit_curated_experimental_outcome_0"", ""absence_of_hazard_statement_not_used"", ""defined_single_structure"", ""exact_identity_deduplicated"", ""current_strong_conflicts_excluded"", ""external_holdout_quarantined"", ""publication_dataset_oecd_405_curation""]",peer_reviewed_curated_experimental_negative,0.9,experimental,"OECD TG 405 experimental eye irritation, curated at dataset level",not irritating / not classified (curated Outcome=0),not_reported_per_record_in_public_sdf,eye:CpId:2725,03dc5888f0859ddcc1b694e186bb2137229ea571e3db56572205f482794de03d,https://github.com/joyvb/stoptox,6ba3a7f82ab9fda8534f120114a566eec296e8ae,"InChI=1S/C22H30O/c1-4-21-14-15(3)20-17-9-7-6-8-16(17)10-11-18(20)19(21)12-13-22(21,23)5-2/h2,8,17-20,23H,3-4,6-7,9-14H2,1H3"
COc1ccc(C(=O)c2cc(S(=O)(=O)O)c(OC)cc2O)c(O)c1,0,3121-60-6,RPPHWBSWFASQRA-UHFFFAOYSA-N,3121-60-6,STopTox peer-reviewed curated experimental irritation dataset,https://doi.org/10.1289/EHP9341,"[""eye:CpId:2727""]","[""explicit_curated_experimental_outcome_0"", ""absence_of_hazard_statement_not_used"", ""defined_single_structure"", ""exact_identity_deduplicated"", ""current_strong_conflicts_excluded"", ""external_holdout_quarantined"", ""publication_dataset_oecd_405_curation""]",peer_reviewed_curated_experimental_negative,0.9,experimental,"OECD TG 405 experimental eye irritation, curated at dataset level",not irritating / not classified (curated Outcome=0),not_reported_per_record_in_public_sdf,eye:CpId:2727,03dc5888f0859ddcc1b694e186bb2137229ea571e3db56572205f482794de03d,https://github.com/joyvb/stoptox,6ba3a7f82ab9fda8534f120114a566eec296e8ae,"InChI=1S/C15H14O8S/c1-22-8-3-4-9(11(16)5-8)15(18)10-6-14(24(19,20)21)13(23-2)7-12(10)17/h3-7,16-17H,1-2H3,(H,19,20,21)"
CC(=O)OC1(C(C)=O)CCC2C3C=C(C)C4=CC(=O)CCC4(C)C3CCC21C,0,595-33-5,RQZAXGRLVPAYTJ-UHFFFAOYSA-N,595-33-5,STopTox peer-reviewed curated experimental irritation dataset,https://doi.org/10.1289/EHP9341,"[""eye:CpId:2729""]","[""explicit_curated_experimental_outcome_0"", ""absence_of_hazard_statement_not_used"", ""defined_single_structure"", ""exact_identity_deduplicated"", ""current_strong_conflicts_excluded"", ""external_holdout_quarantined"", ""publication_dataset_oecd_405_curation""]",peer_reviewed_curated_experimental_negative,0.9,experimental,"OECD TG 405 experimental eye irritation, curated at dataset level",not irritating / not classified (curated Outcome=0),not_reported_per_record_in_public_sdf,eye:CpId:2729,03dc5888f0859ddcc1b694e186bb2137229ea571e3db56572205f482794de03d,https://github.com/joyvb/stoptox,6ba3a7f82ab9fda8534f120114a566eec296e8ae,"InChI=1S/C24H32O4/c1-14-12-18-19(22(4)9-6-17(27)13-21(14)22)7-10-23(5)20(18)8-11-24(23,15(2)25)28-16(3)26/h12-13,18-20H,6-11H2,1-5H3"
CCOCCOCCOCC,0,112-36-7,RRQYJINTUHWNHW-UHFFFAOYSA-N,112-36-7,STopTox peer-reviewed curated experimental irritation dataset,https://doi.org/10.1289/EHP9341,"[""eye:CpId:685""]","[""explicit_curated_experimental_outcome_0"", ""absence_of_hazard_statement_not_used"", ""defined_single_structure"", ""exact_identity_deduplicated"", ""current_strong_conflicts_excluded"", ""external_holdout_quarantined"", ""publication_dataset_oecd_405_curation""]",peer_reviewed_curated_experimental_negative,0.9,experimental,"OECD TG 405 experimental eye irritation, curated at dataset level",not irritating / not classified (curated Outcome=0),not_reported_per_record_in_public_sdf,eye:CpId:685,03dc5888f0859ddcc1b694e186bb2137229ea571e3db56572205f482794de03d,https://github.com/joyvb/stoptox,6ba3a7f82ab9fda8534f120114a566eec296e8ae,RRQYJINTUHWNHW-UHFFFAOYSA-N
CC(=O)NO,0,546-88-3,RRUDCFGSUDOHDG-UHFFFAOYSA-N,546-88-3,STopTox peer-reviewed curated experimental irritation dataset,https://doi.org/10.1289/EHP9341,"[""eye:CpId:2737""]","[""explicit_curated_experimental_outcome_0"", ""absence_of_hazard_statement_not_used"", ""defined_single_structure"", ""exact_identity_deduplicated"", ""current_strong_conflicts_excluded"", ""external_holdout_quarantined"", ""publication_dataset_oecd_405_curation""]",peer_reviewed_curated_experimental_negative,0.9,experimental,"OECD TG 405 experimental eye irritation, curated at dataset level",not irritating / not classified (curated Outcome=0),not_reported_per_record_in_public_sdf,eye:CpId:2737,03dc5888f0859ddcc1b694e186bb2137229ea571e3db56572205f482794de03d,https://github.com/joyvb/stoptox,6ba3a7f82ab9fda8534f120114a566eec296e8ae,"InChI=1S/C2H5NO2/c1-2(4)3-5/h5H,1H3,(H,3,4)"
CCCCC(=O)OC1CCC2C3CCc4cc(O)ccc4C3CCC12C,0,979-32-8,RSEPBGGWRJCQGY-UHFFFAOYSA-N,979-32-8,STopTox peer-reviewed curated experimental irritation dataset,https://doi.org/10.1289/EHP9341,"[""eye:CpId:2738""]","[""explicit_curated_experimental_outcome_0"", ""absence_of_hazard_statement_not_used"", ""defined_single_structure"", ""exact_identity_deduplicated"", ""current_strong_conflicts_excluded"", ""external_holdout_quarantined"", ""publication_dataset_oecd_405_curation""]",peer_reviewed_curated_experimental_negative,0.9,experimental,"OECD TG 405 experimental eye irritation, curated at dataset level",not irritating / not classified (curated Outcome=0),not_reported_per_record_in_public_sdf,eye:CpId:2738,03dc5888f0859ddcc1b694e186bb2137229ea571e3db56572205f482794de03d,https://github.com/joyvb/stoptox,6ba3a7f82ab9fda8534f120114a566eec296e8ae,"InChI=1S/C23H32O3/c1-3-4-5-22(25)26-21-11-10-20-19-8-6-15-14-16(24)7-9-17(15)18(19)12-13-23(20,21)2/h7,9,14,18-21,24H,3-6,8,10-13H2,1-2H3"
CCCCCCCCCCC,0,1120-21-4,RSJKGSCJYJTIGS-UHFFFAOYSA-N,1120-21-4,STopTox peer-reviewed curated experimental irritation dataset,https://doi.org/10.1289/EHP9341,"[""eye:CpId:686""]","[""explicit_curated_experimental_outcome_0"", ""absence_of_hazard_statement_not_used"", ""defined_single_structure"", ""exact_identity_deduplicated"", ""current_strong_conflicts_excluded"", ""external_holdout_quarantined"", ""publication_dataset_oecd_405_curation""]",peer_reviewed_curated_experimental_negative,0.9,experimental,"OECD TG 405 experimental eye irritation, curated at dataset level",not irritating / not classified (curated Outcome=0),not_reported_per_record_in_public_sdf,eye:CpId:686,03dc5888f0859ddcc1b694e186bb2137229ea571e3db56572205f482794de03d,https://github.com/joyvb/stoptox,6ba3a7f82ab9fda8534f120114a566eec296e8ae,RSJKGSCJYJTIGS-UHFFFAOYSA-N
CCCCCCCCCCCCCCCC[Si](OC)(OC)OC,0,16415-12-6,RSKGMYDENCAJEN-UHFFFAOYSA-N,16415-12-6,STopTox peer-reviewed curated experimental irritation dataset,https://doi.org/10.1289/EHP9341,"[""eye:CpId:687""]","[""explicit_curated_experimental_outcome_0"", ""absence_of_hazard_statement_not_used"", ""defined_single_structure"", ""exact_identity_deduplicated"", ""current_strong_conflicts_excluded"", ""external_holdout_quarantined"", ""publication_dataset_oecd_405_curation""]",peer_reviewed_curated_experimental_negative,0.9,experimental,"OECD TG 405 experimental eye irritation, curated at dataset level",not irritating / not classified (curated Outcome=0),not_reported_per_record_in_public_sdf,eye:CpId:687,03dc5888f0859ddcc1b694e186bb2137229ea571e3db56572205f482794de03d,https://github.com/joyvb/stoptox,6ba3a7f82ab9fda8534f120114a566eec296e8ae,RSKGMYDENCAJEN-UHFFFAOYSA-N
CC(C)C1=CC2=CCC3C(C)(C(=O)O)CCCC3(C)C2CC1,0,8050-09-07,RSWGJHLUYNHPMX-UHFFFAOYSA-N,8050-09-07,STopTox peer-reviewed curated experimental irritation dataset,https://doi.org/10.1289/EHP9341,"[""eye:CpId:688""]","[""explicit_curated_experimental_outcome_0"", ""absence_of_hazard_statement_not_used"", ""defined_single_structure"", ""exact_identity_deduplicated"", ""current_strong_conflicts_excluded"", ""external_holdout_quarantined"", ""publication_dataset_oecd_405_curation""]",peer_reviewed_curated_experimental_negative,0.9,experimental,"OECD TG 405 experimental eye irritation, curated at dataset level",not irritating / not classified (curated Outcome=0),not_reported_per_record_in_public_sdf,eye:CpId:688,03dc5888f0859ddcc1b694e186bb2137229ea571e3db56572205f482794de03d,https://github.com/joyvb/stoptox,6ba3a7f82ab9fda8534f120114a566eec296e8ae,RSWGJHLUYNHPMX-SAOIUIGASA-N
CCCCC(CC)COC(=O)Cl,0,24468-13-1,RTGLJCSUKOLTEM-UHFFFAOYSA-N,24468-13-1,STopTox peer-reviewed curated experimental irritation dataset,https://doi.org/10.1289/EHP9341,"[""eye:CpId:689""]","[""explicit_curated_experimental_outcome_0"", ""absence_of_hazard_statement_not_used"", ""defined_single_structure"", ""exact_identity_deduplicated"", ""current_strong_conflicts_excluded"", ""external_holdout_quarantined"", ""publication_dataset_oecd_405_curation""]",peer_reviewed_curated_experimental_negative,0.9,experimental,"OECD TG 405 experimental eye irritation, curated at dataset level",not irritating / not classified (curated Outcome=0),not_reported_per_record_in_public_sdf,eye:CpId:689,03dc5888f0859ddcc1b694e186bb2137229ea571e3db56572205f482794de03d,https://github.com/joyvb/stoptox,6ba3a7f82ab9fda8534f120114a566eec296e8ae,RTGLJCSUKOLTEM-UHFFFAOYSA-N
CC(CCC(=O)O)C1CCC2C3C(O)CC4CC(O)CCC4(C)C3CCC12C,0,474-25-9 128-13-2,RUDATBOHQWOJDD-UHFFFAOYSA-N,474-25-9 128-13-2,STopTox peer-reviewed curated experimental irritation dataset,https://doi.org/10.1289/EHP9341,"[""eye:CpId:2746""]","[""explicit_curated_experimental_outcome_0"", ""absence_of_hazard_statement_not_used"", ""defined_single_structure"", ""exact_identity_deduplicated"", ""current_strong_conflicts_excluded"", ""external_holdout_quarantined"", ""publication_dataset_oecd_405_curation""]",peer_reviewed_curated_experimental_negative,0.9,experimental,"OECD TG 405 experimental eye irritation, curated at dataset level",not irritating / not classified (curated Outcome=0),not_reported_per_record_in_public_sdf,eye:CpId:2746,03dc5888f0859ddcc1b694e186bb2137229ea571e3db56572205f482794de03d,https://github.com/joyvb/stoptox,6ba3a7f82ab9fda8534f120114a566eec296e8ae,"InChI=1S/C24H40O4/c1-14(4-7-21(27)28)17-5-6-18-22-19(9-11-24(17,18)3)23(2)10-8-16(25)12-15(23)13-20(22)26/h14-20,22,25-26H,4-13H2,1-3H3,(H,27,28)"
Nc1cccc2ccccc12,0,134-32-7,RUFPHBVGCFYCNW-UHFFFAOYSA-N,134-32-7,STopTox peer-reviewed curated experimental irritation dataset,https://doi.org/10.1289/EHP9341,"[""eye:CpId:2747""]","[""explicit_curated_experimental_outcome_0"", ""absence_of_hazard_statement_not_used"", ""defined_single_structure"", ""exact_identity_deduplicated"", ""current_strong_conflicts_excluded"", ""external_holdout_quarantined"", ""publication_dataset_oecd_405_curation""]",peer_reviewed_curated_experimental_negative,0.9,experimental,"OECD TG 405 experimental eye irritation, curated at dataset level",not irritating / not classified (curated Outcome=0),not_reported_per_record_in_public_sdf,eye:CpId:2747,03dc5888f0859ddcc1b694e186bb2137229ea571e3db56572205f482794de03d,https://github.com/joyvb/stoptox,6ba3a7f82ab9fda8534f120114a566eec296e8ae,"InChI=1S/C10H9N/c11-10-7-3-5-8-4-1-2-6-9(8)10/h1-7H,11H2"
C=C(C)C(=O)OCC(C)C,0,97-86-9,RUMACXVDVNRZJZ-UHFFFAOYSA-N,97-86-9,STopTox peer-reviewed curated experimental irritation dataset,https://doi.org/10.1289/EHP9341,"[""eye:CpId:693""]","[""explicit_curated_experimental_outcome_0"", ""absence_of_hazard_statement_not_used"", ""defined_single_structure"", ""exact_identity_deduplicated"", ""current_strong_conflicts_excluded"", ""external_holdout_quarantined"", ""publication_dataset_oecd_405_curation""]",peer_reviewed_curated_experimental_negative,0.9,experimental,"OECD TG 405 experimental eye irritation, curated at dataset level",not irritating / not classified (curated Outcome=0),not_reported_per_record_in_public_sdf,eye:CpId:693,03dc5888f0859ddcc1b694e186bb2137229ea571e3db56572205f482794de03d,https://github.com/joyvb/stoptox,6ba3a7f82ab9fda8534f120114a566eec296e8ae,RUMACXVDVNRZJZ-UHFFFAOYSA-N
CC1COC(=O)O1,0,108-32-7,RUOJZAUFBMNUDX-UHFFFAOYSA-N,108-32-7,STopTox peer-reviewed curated experimental irritation dataset,https://doi.org/10.1289/EHP9341,"[""eye:CpId:694""]","[""explicit_curated_experimental_outcome_0"", ""absence_of_hazard_statement_not_used"", ""defined_single_structure"", ""exact_identity_deduplicated"", ""current_strong_conflicts_excluded"", ""external_holdout_quarantined"", ""publication_dataset_oecd_405_curation""]",peer_reviewed_curated_experimental_negative,0.9,experimental,"OECD TG 405 experimental eye irritation, curated at dataset level",not irritating / not classified (curated Outcome=0),not_reported_per_record_in_public_sdf,eye:CpId:694,03dc5888f0859ddcc1b694e186bb2137229ea571e3db56572205f482794de03d,https://github.com/joyvb/stoptox,6ba3a7f82ab9fda8534f120114a566eec296e8ae,RUOJZAUFBMNUDX-UHFFFAOYSA-N
C#CCNC1CCc2ccccc21,0,136236-51-6,RUOKEQAAGRXIBM-UHFFFAOYSA-N,136236-51-6,STopTox peer-reviewed curated experimental irritation dataset,https://doi.org/10.1289/EHP9341,"[""eye:CpId:2748""]","[""explicit_curated_experimental_outcome_0"", ""absence_of_hazard_statement_not_used"", ""defined_single_structure"", ""exact_identity_deduplicated"", ""current_strong_conflicts_excluded"", ""external_holdout_quarantined"", ""publication_dataset_oecd_405_curation""]",peer_reviewed_curated_experimental_negative,0.9,experimental,"OECD TG 405 experimental eye irritation, curated at dataset level",not irritating / not classified (curated Outcome=0),not_reported_per_record_in_public_sdf,eye:CpId:2748,03dc5888f0859ddcc1b694e186bb2137229ea571e3db56572205f482794de03d,https://github.com/joyvb/stoptox,6ba3a7f82ab9fda8534f120114a566eec296e8ae,"InChI=1S/C12H13N/c1-2-9-13-12-8-7-10-5-3-4-6-11(10)12/h1,3-6,12-13H,7-9H2"
CC=Cc1ccc(OC)cc1,0,4180-23-8,RUVINXPYWBROJD-UHFFFAOYSA-N,4180-23-8,STopTox peer-reviewed curated experimental irritation dataset,https://doi.org/10.1289/EHP9341,"[""eye:CpId:695""]","[""explicit_curated_experimental_outcome_0"", ""absence_of_hazard_statement_not_used"", ""defined_single_structure"", ""exact_identity_deduplicated"", ""current_strong_conflicts_excluded"", ""external_holdout_quarantined"", ""publication_dataset_oecd_405_curation""]",peer_reviewed_curated_experimental_negative,0.9,experimental,"OECD TG 405 experimental eye irritation, curated at dataset level",not irritating / not classified (curated Outcome=0),not_reported_per_record_in_public_sdf,eye:CpId:695,03dc5888f0859ddcc1b694e186bb2137229ea571e3db56572205f482794de03d,https://github.com/joyvb/stoptox,6ba3a7f82ab9fda8534f120114a566eec296e8ae,RUVINXPYWBROJD-ONEGZZNKSA-N
O=C(c1ccccc1)c1ccccc1,0,119-61-9,RWCCWEUUXYIKHB-UHFFFAOYSA-N,119-61-9,STopTox peer-reviewed curated experimental irritation dataset,https://doi.org/10.1289/EHP9341,"[""eye:CpId:2751""]","[""explicit_curated_experimental_outcome_0"", ""absence_of_hazard_statement_not_used"", ""defined_single_structure"", ""exact_identity_deduplicated"", ""current_strong_conflicts_excluded"", ""external_holdout_quarantined"", ""publication_dataset_oecd_405_curation""]",peer_reviewed_curated_experimental_negative,0.9,experimental,"OECD TG 405 experimental eye irritation, curated at dataset level",not irritating / not classified (curated Outcome=0),not_reported_per_record_in_public_sdf,eye:CpId:2751,03dc5888f0859ddcc1b694e186bb2137229ea571e3db56572205f482794de03d,https://github.com/joyvb/stoptox,6ba3a7f82ab9fda8534f120114a566eec296e8ae,InChI=1S/C13H10O/c14-13(11-7-3-1-4-8-11)12-9-5-2-6-10-12/h1-10H
CC(C)c1ccccc1,0,98-82-8,RWGFKTVRMDUZSP-UHFFFAOYSA-N,98-82-8,STopTox peer-reviewed curated experimental irritation dataset,https://doi.org/10.1289/EHP9341,"[""eye:CpId:696""]","[""explicit_curated_experimental_outcome_0"", ""absence_of_hazard_statement_not_used"", ""defined_single_structure"", ""exact_identity_deduplicated"", ""current_strong_conflicts_excluded"", ""external_holdout_quarantined"", ""publication_dataset_oecd_405_curation""]",peer_reviewed_curated_experimental_negative,0.9,experimental,"OECD TG 405 experimental eye irritation, curated at dataset level",not irritating / not classified (curated Outcome=0),not_reported_per_record_in_public_sdf,eye:CpId:696,03dc5888f0859ddcc1b694e186bb2137229ea571e3db56572205f482794de03d,https://github.com/joyvb/stoptox,6ba3a7f82ab9fda8534f120114a566eec296e8ae,RWGFKTVRMDUZSP-UHFFFAOYSA-N
CCCCOCC(C)O,0,5131-66-8,RWNUSVWFHDHRCJ-UHFFFAOYSA-N,5131-66-8,STopTox peer-reviewed curated experimental irritation dataset,https://doi.org/10.1289/EHP9341,"[""eye:CpId:698""]","[""explicit_curated_experimental_outcome_0"", ""absence_of_hazard_statement_not_used"", ""defined_single_structure"", ""exact_identity_deduplicated"", ""current_strong_conflicts_excluded"", ""external_holdout_quarantined"", ""publication_dataset_oecd_405_curation""]",peer_reviewed_curated_experimental_negative,0.9,experimental,"OECD TG 405 experimental eye irritation, curated at dataset level",not irritating / not classified (curated Outcome=0),not_reported_per_record_in_public_sdf,eye:CpId:698,03dc5888f0859ddcc1b694e186bb2137229ea571e3db56572205f482794de03d,https://github.com/joyvb/stoptox,6ba3a7f82ab9fda8534f120114a566eec296e8ae,RWNUSVWFHDHRCJ-UHFFFAOYSA-N
C=CC(=O)OCC(CCC)CCCCC,0,149021-58-9,RXBOCDZLKBPILN-UHFFFAOYSA-N,149021-58-9,STopTox peer-reviewed curated experimental irritation dataset,https://doi.org/10.1289/EHP9341,"[""eye:CpId:701""]","[""explicit_curated_experimental_outcome_0"", ""absence_of_hazard_statement_not_used"", ""defined_single_structure"", ""exact_identity_deduplicated"", ""current_strong_conflicts_excluded"", ""external_holdout_quarantined"", ""publication_dataset_oecd_405_curation""]",peer_reviewed_curated_experimental_negative,0.9,experimental,"OECD TG 405 experimental eye irritation, curated at dataset level",not irritating / not classified (curated Outcome=0),not_reported_per_record_in_public_sdf,eye:CpId:701,03dc5888f0859ddcc1b694e186bb2137229ea571e3db56572205f482794de03d,https://github.com/joyvb/stoptox,6ba3a7f82ab9fda8534f120114a566eec296e8ae,RXBOCDZLKBPILN-UHFFFAOYSA-N
O=C(CO)CO,0,96-26-4,RXKJFZQQPQGTFL-UHFFFAOYSA-N,96-26-4,STopTox peer-reviewed curated experimental irritation dataset,https://doi.org/10.1289/EHP9341,"[""eye:CpId:703""]","[""explicit_curated_experimental_outcome_0"", ""absence_of_hazard_statement_not_used"", ""defined_single_structure"", ""exact_identity_deduplicated"", ""current_strong_conflicts_excluded"", ""external_holdout_quarantined"", ""publication_dataset_oecd_405_curation""]",peer_reviewed_curated_experimental_negative,0.9,experimental,"OECD TG 405 experimental eye irritation, curated at dataset level",not irritating / not classified (curated Outcome=0),not_reported_per_record_in_public_sdf,eye:CpId:703,03dc5888f0859ddcc1b694e186bb2137229ea571e3db56572205f482794de03d,https://github.com/joyvb/stoptox,6ba3a7f82ab9fda8534f120114a566eec296e8ae,RXKJFZQQPQGTFL-UHFFFAOYSA-N
CNC(C)(C)Cc1ccccc1,0,100-92-5,RXQCGGRTAILOIN-UHFFFAOYSA-N,100-92-5,STopTox peer-reviewed curated experimental irritation dataset,https://doi.org/10.1289/EHP9341,"[""eye:CpId:2757""]","[""explicit_curated_experimental_outcome_0"", ""absence_of_hazard_statement_not_used"", ""defined_single_structure"", ""exact_identity_deduplicated"", ""current_strong_conflicts_excluded"", ""external_holdout_quarantined"", ""publication_dataset_oecd_405_curation""]",peer_reviewed_curated_experimental_negative,0.9,experimental,"OECD TG 405 experimental eye irritation, curated at dataset level",not irritating / not classified (curated Outcome=0),not_reported_per_record_in_public_sdf,eye:CpId:2757,03dc5888f0859ddcc1b694e186bb2137229ea571e3db56572205f482794de03d,https://github.com/joyvb/stoptox,6ba3a7f82ab9fda8534f120114a566eec296e8ae,"InChI=1S/C11H17N/c1-11(2,12-3)9-10-7-5-4-6-8-10/h4-8,12H,9H2,1-3H3"
CCC(C)(C)C(=O)OC1CC(C)C=C2C=CC(C)C(CCC3CC(O)CC(=O)O3)C21,0,79902-63-9,RYMZZMVNJRMUDD-UHFFFAOYSA-N,79902-63-9,STopTox peer-reviewed curated experimental irritation dataset,https://doi.org/10.1289/EHP9341,"[""eye:CpId:2762""]","[""explicit_curated_experimental_outcome_0"", ""absence_of_hazard_statement_not_used"", ""defined_single_structure"", ""exact_identity_deduplicated"", ""current_strong_conflicts_excluded"", ""external_holdout_quarantined"", ""publication_dataset_oecd_405_curation""]",peer_reviewed_curated_experimental_negative,0.9,experimental,"OECD TG 405 experimental eye irritation, curated at dataset level",not irritating / not classified (curated Outcome=0),not_reported_per_record_in_public_sdf,eye:CpId:2762,03dc5888f0859ddcc1b694e186bb2137229ea571e3db56572205f482794de03d,https://github.com/joyvb/stoptox,6ba3a7f82ab9fda8534f120114a566eec296e8ae,"InChI=1S/C25H38O5/c1-6-25(4,5)24(28)30-21-12-15(2)11-17-8-7-16(3)20(23(17)21)10-9-19-13-18(26)14-22(27)29-19/h7-8,11,15-16,18-21,23,26H,6,9-10,12-14H2,1-5H3"
COC(C)(C)CCOC(C)=O,0,103429-90-9,RYNQKSJRFHJZTK-UHFFFAOYSA-N,103429-90-9,STopTox peer-reviewed curated experimental irritation dataset,https://doi.org/10.1289/EHP9341,"[""eye:CpId:705""]","[""explicit_curated_experimental_outcome_0"", ""absence_of_hazard_statement_not_used"", ""defined_single_structure"", ""exact_identity_deduplicated"", ""current_strong_conflicts_excluded"", ""external_holdout_quarantined"", ""publication_dataset_oecd_405_curation""]",peer_reviewed_curated_experimental_negative,0.9,experimental,"OECD TG 405 experimental eye irritation, curated at dataset level",not irritating / not classified (curated Outcome=0),not_reported_per_record_in_public_sdf,eye:CpId:705,03dc5888f0859ddcc1b694e186bb2137229ea571e3db56572205f482794de03d,https://github.com/joyvb/stoptox,6ba3a7f82ab9fda8534f120114a566eec296e8ae,RYNQKSJRFHJZTK-UHFFFAOYSA-N
CC1=CCCC(C)=CCC1,0,3760-14-3,RYOGZVTWMZNTGL-UHFFFAOYSA-N,3760-14-3,STopTox peer-reviewed curated experimental irritation dataset,https://doi.org/10.1289/EHP9341,"[""eye:CpId:2763""]","[""explicit_curated_experimental_outcome_0"", ""absence_of_hazard_statement_not_used"", ""defined_single_structure"", ""exact_identity_deduplicated"", ""current_strong_conflicts_excluded"", ""external_holdout_quarantined"", ""publication_dataset_oecd_405_curation""]",peer_reviewed_curated_experimental_negative,0.9,experimental,"OECD TG 405 experimental eye irritation, curated at dataset level",not irritating / not classified (curated Outcome=0),not_reported_per_record_in_public_sdf,eye:CpId:2763,03dc5888f0859ddcc1b694e186bb2137229ea571e3db56572205f482794de03d,https://github.com/joyvb/stoptox,6ba3a7f82ab9fda8534f120114a566eec296e8ae,"InChI=1S/C10H16/c1-9-5-3-7-10(2)8-4-6-9/h5,8H,3-4,6-7H2,1-2H3"
CN(C)CCCN1c2ccccc2C(C)(C)c2ccccc21,0,4757-55-5,RYQOGSFEJBUZBX-UHFFFAOYSA-N,4757-55-5,STopTox peer-reviewed curated experimental irritation dataset,https://doi.org/10.1289/EHP9341,"[""eye:CpId:2764""]","[""explicit_curated_experimental_outcome_0"", ""absence_of_hazard_statement_not_used"", ""defined_single_structure"", ""exact_identity_deduplicated"", ""current_strong_conflicts_excluded"", ""external_holdout_quarantined"", ""publication_dataset_oecd_405_curation""]",peer_reviewed_curated_experimental_negative,0.9,experimental,"OECD TG 405 experimental eye irritation, curated at dataset level",not irritating / not classified (curated Outcome=0),not_reported_per_record_in_public_sdf,eye:CpId:2764,03dc5888f0859ddcc1b694e186bb2137229ea571e3db56572205f482794de03d,https://github.com/joyvb/stoptox,6ba3a7f82ab9fda8534f120114a566eec296e8ae,"InChI=1S/C20H26N2/c1-20(2)16-10-5-7-12-18(16)22(15-9-14-21(3)4)19-13-8-6-11-17(19)20/h5-8,10-13H,9,14-15H2,1-4H3"
CCCCCCOC(=O)CCC(=O)CN,0,140898-91-5,RYQOILLJDKPETL-UHFFFAOYSA-N,140898-91-5,STopTox peer-reviewed curated experimental irritation dataset,https://doi.org/10.1289/EHP9341,"[""eye:CpId:2765""]","[""explicit_curated_experimental_outcome_0"", ""absence_of_hazard_statement_not_used"", ""defined_single_structure"", ""exact_identity_deduplicated"", ""current_strong_conflicts_excluded"", ""external_holdout_quarantined"", ""publication_dataset_oecd_405_curation""]",peer_reviewed_curated_experimental_negative,0.9,experimental,"OECD TG 405 experimental eye irritation, curated at dataset level",not irritating / not classified (curated Outcome=0),not_reported_per_record_in_public_sdf,eye:CpId:2765,03dc5888f0859ddcc1b694e186bb2137229ea571e3db56572205f482794de03d,https://github.com/joyvb/stoptox,6ba3a7f82ab9fda8534f120114a566eec296e8ae,"InChI=1S/C11H21NO3/c1-2-3-4-5-8-15-11(14)7-6-10(13)9-12/h2-9,12H2,1H3"
CC(C)CCCCCCCOP(=O)(Oc1ccccc1)Oc1ccccc1,0,29761-21-5,RYUJRXVZSJCHDZ-UHFFFAOYSA-N,29761-21-5,STopTox peer-reviewed curated experimental irritation dataset,https://doi.org/10.1289/EHP9341,"[""eye:CpId:706""]","[""explicit_curated_experimental_outcome_0"", ""absence_of_hazard_statement_not_used"", ""defined_single_structure"", ""exact_identity_deduplicated"", ""current_strong_conflicts_excluded"", ""external_holdout_quarantined"", ""publication_dataset_oecd_405_curation""]",peer_reviewed_curated_experimental_negative,0.9,experimental,"OECD TG 405 experimental eye irritation, curated at dataset level",not irritating / not classified (curated Outcome=0),not_reported_per_record_in_public_sdf,eye:CpId:706,03dc5888f0859ddcc1b694e186bb2137229ea571e3db56572205f482794de03d,https://github.com/joyvb/stoptox,6ba3a7f82ab9fda8534f120114a566eec296e8ae,RYUJRXVZSJCHDZ-UHFFFAOYSA-N
CC(C)CCCCCOC(=O)CS,0,25103-09-7,RZBBHEJLECUBJT-UHFFFAOYSA-N,25103-09-7,STopTox peer-reviewed curated experimental irritation dataset,https://doi.org/10.1289/EHP9341,"[""eye:CpId:2767""]","[""explicit_curated_experimental_outcome_0"", ""absence_of_hazard_statement_not_used"", ""defined_single_structure"", ""exact_identity_deduplicated"", ""current_strong_conflicts_excluded"", ""external_holdout_quarantined"", ""publication_dataset_oecd_405_curation""]",peer_reviewed_curated_experimental_negative,0.9,experimental,"OECD TG 405 experimental eye irritation, curated at dataset level",not irritating / not classified (curated Outcome=0),not_reported_per_record_in_public_sdf,eye:CpId:2767,03dc5888f0859ddcc1b694e186bb2137229ea571e3db56572205f482794de03d,https://github.com/joyvb/stoptox,6ba3a7f82ab9fda8534f120114a566eec296e8ae,"InChI=1S/C10H20O2S/c1-9(2)6-4-3-5-7-12-10(11)8-13/h9,13H,3-8H2,1-2H3"
CN(C)C(=O)Nc1cccc(C(F)(F)F)c1,0,2164-17-2,RZILCCPWPBTYDO-UHFFFAOYSA-N,2164-17-2,STopTox peer-reviewed curated experimental irritation dataset,https://doi.org/10.1289/EHP9341,"[""eye:CpId:2769""]","[""explicit_curated_experimental_outcome_0"", ""absence_of_hazard_statement_not_used"", ""defined_single_structure"", ""exact_identity_deduplicated"", ""current_strong_conflicts_excluded"", ""external_holdout_quarantined"", ""publication_dataset_oecd_405_curation""]",peer_reviewed_curated_experimental_negative,0.9,experimental,"OECD TG 405 experimental eye irritation, curated at dataset level",not irritating / not classified (curated Outcome=0),not_reported_per_record_in_public_sdf,eye:CpId:2769,03dc5888f0859ddcc1b694e186bb2137229ea571e3db56572205f482794de03d,https://github.com/joyvb/stoptox,6ba3a7f82ab9fda8534f120114a566eec296e8ae,"InChI=1S/C10H11F3N2O/c1-15(2)9(16)14-8-5-3-4-7(6-8)10(11,12)13/h3-6H,1-2H3,(H,14,16)"
CCCCCCCCCCCCCCCCCC,0,593-45-3,RZJRJXONCZWCBN-UHFFFAOYSA-N,593-45-3,STopTox peer-reviewed curated experimental irritation dataset,https://doi.org/10.1289/EHP9341,"[""eye:CpId:708""]","[""explicit_curated_experimental_outcome_0"", ""absence_of_hazard_statement_not_used"", ""defined_single_structure"", ""exact_identity_deduplicated"", ""current_strong_conflicts_excluded"", ""external_holdout_quarantined"", ""publication_dataset_oecd_405_curation""]",peer_reviewed_curated_experimental_negative,0.9,experimental,"OECD TG 405 experimental eye irritation, curated at dataset level",not irritating / not classified (curated Outcome=0),not_reported_per_record_in_public_sdf,eye:CpId:708,03dc5888f0859ddcc1b694e186bb2137229ea571e3db56572205f482794de03d,https://github.com/joyvb/stoptox,6ba3a7f82ab9fda8534f120114a566eec296e8ae,RZJRJXONCZWCBN-UHFFFAOYSA-N
CCCCCCCCC=CCCCCCCCC(=O)OCC(O)CO,0,25496-72-4,RZRNAYUHWVFMIP-UHFFFAOYSA-N,25496-72-4,STopTox peer-reviewed curated experimental irritation dataset,https://doi.org/10.1289/EHP9341,"[""eye:CpId:2772""]","[""explicit_curated_experimental_outcome_0"", ""absence_of_hazard_statement_not_used"", ""defined_single_structure"", ""exact_identity_deduplicated"", ""current_strong_conflicts_excluded"", ""external_holdout_quarantined"", ""publication_dataset_oecd_405_curation""]",peer_reviewed_curated_experimental_negative,0.9,experimental,"OECD TG 405 experimental eye irritation, curated at dataset level",not irritating / not classified (curated Outcome=0),not_reported_per_record_in_public_sdf,eye:CpId:2772,03dc5888f0859ddcc1b694e186bb2137229ea571e3db56572205f482794de03d,https://github.com/joyvb/stoptox,6ba3a7f82ab9fda8534f120114a566eec296e8ae,"InChI=1S/C21H40O4/c1-2-3-4-5-6-7-8-9-10-11-12-13-14-15-16-17-21(24)25-19-20(23)18-22/h9-10,20,22-23H,2-8,11-19H2,1H3"
CC(=O)Nc1ccc(O)cc1,0,103-90-2,RZVAJINKPMORJF-UHFFFAOYSA-N,103-90-2,STopTox peer-reviewed curated experimental irritation dataset,https://doi.org/10.1289/EHP9341,"[""eye:CpId:2774""]","[""explicit_curated_experimental_outcome_0"", ""absence_of_hazard_statement_not_used"", ""defined_single_structure"", ""exact_identity_deduplicated"", ""current_strong_conflicts_excluded"", ""external_holdout_quarantined"", ""publication_dataset_oecd_405_curation""]",peer_reviewed_curated_experimental_negative,0.9,experimental,"OECD TG 405 experimental eye irritation, curated at dataset level",not irritating / not classified (curated Outcome=0),not_reported_per_record_in_public_sdf,eye:CpId:2774,03dc5888f0859ddcc1b694e186bb2137229ea571e3db56572205f482794de03d,https://github.com/joyvb/stoptox,6ba3a7f82ab9fda8534f120114a566eec296e8ae,"InChI=1S/C8H9NO2/c1-6(10)9-7-2-4-8(11)5-3-7/h2-5,11H,1H3,(H,9,10)"
Cc1ccc(N)cc1,0,106-49-0,RZXMPPFPUUCRFN-UHFFFAOYSA-N,106-49-0,STopTox peer-reviewed curated experimental irritation dataset,https://doi.org/10.1289/EHP9341,"[""eye:CpId:710""]","[""explicit_curated_experimental_outcome_0"", ""absence_of_hazard_statement_not_used"", ""defined_single_structure"", ""exact_identity_deduplicated"", ""current_strong_conflicts_excluded"", ""external_holdout_quarantined"", ""publication_dataset_oecd_405_curation""]",peer_reviewed_curated_experimental_negative,0.9,experimental,"OECD TG 405 experimental eye irritation, curated at dataset level",not irritating / not classified (curated Outcome=0),not_reported_per_record_in_public_sdf,eye:CpId:710,03dc5888f0859ddcc1b694e186bb2137229ea571e3db56572205f482794de03d,https://github.com/joyvb/stoptox,6ba3a7f82ab9fda8534f120114a566eec296e8ae,RZXMPPFPUUCRFN-UHFFFAOYSA-N
C=COCCOCCOC=C,0,764-99-8,SAMJGBVVQUEMGC-UHFFFAOYSA-N,764-99-8,STopTox peer-reviewed curated experimental irritation dataset,https://doi.org/10.1289/EHP9341,"[""eye:CpId:711""]","[""explicit_curated_experimental_outcome_0"", ""absence_of_hazard_statement_not_used"", ""defined_single_structure"", ""exact_identity_deduplicated"", ""current_strong_conflicts_excluded"", ""external_holdout_quarantined"", ""publication_dataset_oecd_405_curation""]",peer_reviewed_curated_experimental_negative,0.9,experimental,"OECD TG 405 experimental eye irritation, curated at dataset level",not irritating / not classified (curated Outcome=0),not_reported_per_record_in_public_sdf,eye:CpId:711,03dc5888f0859ddcc1b694e186bb2137229ea571e3db56572205f482794de03d,https://github.com/joyvb/stoptox,6ba3a7f82ab9fda8534f120114a566eec296e8ae,SAMJGBVVQUEMGC-UHFFFAOYSA-N
CCCCCCCCC=CCCCCCCCC(=O)OCCCCCCCCCC,0,3687-46-5,SASYSVUEVMOWPL-UHFFFAOYSA-N,3687-46-5,STopTox peer-reviewed curated experimental irritation dataset,https://doi.org/10.1289/EHP9341,"[""eye:CpId:2781""]","[""explicit_curated_experimental_outcome_0"", ""absence_of_hazard_statement_not_used"", ""defined_single_structure"", ""exact_identity_deduplicated"", ""current_strong_conflicts_excluded"", ""external_holdout_quarantined"", ""publication_dataset_oecd_405_curation""]",peer_reviewed_curated_experimental_negative,0.9,experimental,"OECD TG 405 experimental eye irritation, curated at dataset level",not irritating / not classified (curated Outcome=0),not_reported_per_record_in_public_sdf,eye:CpId:2781,03dc5888f0859ddcc1b694e186bb2137229ea571e3db56572205f482794de03d,https://github.com/joyvb/stoptox,6ba3a7f82ab9fda8534f120114a566eec296e8ae,"InChI=1S/C28H54O2/c1-3-5-7-9-11-13-14-15-16-17-18-19-20-22-24-26-28(29)30-27-25-23-21-12-10-8-6-4-2/h15-16H,3-14,17-27H2,1-2H3"
O=Cc1ccc2c(c1)OCO2,0,120-57-0,SATCULPHIDQDRE-UHFFFAOYSA-N,120-57-0,STopTox peer-reviewed curated experimental irritation dataset,https://doi.org/10.1289/EHP9341,"[""eye:CpId:713""]","[""explicit_curated_experimental_outcome_0"", ""absence_of_hazard_statement_not_used"", ""defined_single_structure"", ""exact_identity_deduplicated"", ""current_strong_conflicts_excluded"", ""external_holdout_quarantined"", ""publication_dataset_oecd_405_curation""]",peer_reviewed_curated_experimental_negative,0.9,experimental,"OECD TG 405 experimental eye irritation, curated at dataset level",not irritating / not classified (curated Outcome=0),not_reported_per_record_in_public_sdf,eye:CpId:713,03dc5888f0859ddcc1b694e186bb2137229ea571e3db56572205f482794de03d,https://github.com/joyvb/stoptox,6ba3a7f82ab9fda8534f120114a566eec296e8ae,SATCULPHIDQDRE-UHFFFAOYSA-N
COCCOCCO,0,111-77-3,SBASXUCJHJRPEV-UHFFFAOYSA-N,111-77-3,STopTox peer-reviewed curated experimental irritation dataset,https://doi.org/10.1289/EHP9341,"[""eye:CpId:715""]","[""explicit_curated_experimental_outcome_0"", ""absence_of_hazard_statement_not_used"", ""defined_single_structure"", ""exact_identity_deduplicated"", ""current_strong_conflicts_excluded"", ""external_holdout_quarantined"", ""publication_dataset_oecd_405_curation""]",peer_reviewed_curated_experimental_negative,0.9,experimental,"OECD TG 405 experimental eye irritation, curated at dataset level",not irritating / not classified (curated Outcome=0),not_reported_per_record_in_public_sdf,eye:CpId:715,03dc5888f0859ddcc1b694e186bb2137229ea571e3db56572205f482794de03d,https://github.com/joyvb/stoptox,6ba3a7f82ab9fda8534f120114a566eec296e8ae,SBASXUCJHJRPEV-UHFFFAOYSA-N
Cc1ccc(Cl)c(Nc2ccccc2C(=O)O)c1Cl,0,644-62-2,SBDNJUWAMKYJOX-UHFFFAOYSA-N,644-62-2,STopTox peer-reviewed curated experimental irritation dataset,https://doi.org/10.1289/EHP9341,"[""eye:CpId:2783""]","[""explicit_curated_experimental_outcome_0"", ""absence_of_hazard_statement_not_used"", ""defined_single_structure"", ""exact_identity_deduplicated"", ""current_strong_conflicts_excluded"", ""external_holdout_quarantined"", ""publication_dataset_oecd_405_curation""]",peer_reviewed_curated_experimental_negative,0.9,experimental,"OECD TG 405 experimental eye irritation, curated at dataset level",not irritating / not classified (curated Outcome=0),not_reported_per_record_in_public_sdf,eye:CpId:2783,03dc5888f0859ddcc1b694e186bb2137229ea571e3db56572205f482794de03d,https://github.com/joyvb/stoptox,6ba3a7f82ab9fda8534f120114a566eec296e8ae,"InChI=1S/C14H11Cl2NO2/c1-8-6-7-10(15)13(12(8)16)17-11-5-3-2-4-9(11)14(18)19/h2-7,17H,1H3,(H,18,19)"
C=CCCCCCCCC(=O)OC,0,25601-41-6,SBIGSHCJXYGFMX-UHFFFAOYSA-N,25601-41-6,STopTox peer-reviewed curated experimental irritation dataset,https://doi.org/10.1289/EHP9341,"[""eye:CpId:717""]","[""explicit_curated_experimental_outcome_0"", ""absence_of_hazard_statement_not_used"", ""defined_single_structure"", ""exact_identity_deduplicated"", ""current_strong_conflicts_excluded"", ""external_holdout_quarantined"", ""publication_dataset_oecd_405_curation""]",peer_reviewed_curated_experimental_negative,0.9,experimental,"OECD TG 405 experimental eye irritation, curated at dataset level",not irritating / not classified (curated Outcome=0),not_reported_per_record_in_public_sdf,eye:CpId:717,03dc5888f0859ddcc1b694e186bb2137229ea571e3db56572205f482794de03d,https://github.com/joyvb/stoptox,6ba3a7f82ab9fda8534f120114a566eec296e8ae,SBIGSHCJXYGFMX-UHFFFAOYSA-N
COCCOCCOC,0,111-96-6,SBZXBUIDTXKZTM-UHFFFAOYSA-N,111-96-6,STopTox peer-reviewed curated experimental irritation dataset,https://doi.org/10.1289/EHP9341,"[""eye:CpId:719""]","[""explicit_curated_experimental_outcome_0"", ""absence_of_hazard_statement_not_used"", ""defined_single_structure"", ""exact_identity_deduplicated"", ""current_strong_conflicts_excluded"", ""external_holdout_quarantined"", ""publication_dataset_oecd_405_curation""]",peer_reviewed_curated_experimental_negative,0.9,experimental,"OECD TG 405 experimental eye irritation, curated at dataset level",not irritating / not classified (curated Outcome=0),not_reported_per_record_in_public_sdf,eye:CpId:719,03dc5888f0859ddcc1b694e186bb2137229ea571e3db56572205f482794de03d,https://github.com/joyvb/stoptox,6ba3a7f82ab9fda8534f120114a566eec296e8ae,SBZXBUIDTXKZTM-UHFFFAOYSA-N
CCCCN(CCCC)C(=O)OCC[N+](C)(C)CC,0,21962-82-3,SDEXVKFYBBHUKN-UHFFFAOYSA-N,21962-82-3,STopTox peer-reviewed curated experimental irritation dataset,https://doi.org/10.1289/EHP9341,"[""eye:CpId:2792""]","[""explicit_curated_experimental_outcome_0"", ""absence_of_hazard_statement_not_used"", ""defined_single_structure"", ""exact_identity_deduplicated"", ""current_strong_conflicts_excluded"", ""external_holdout_quarantined"", ""publication_dataset_oecd_405_curation""]",peer_reviewed_curated_experimental_negative,0.9,experimental,"OECD TG 405 experimental eye irritation, curated at dataset level",not irritating / not classified (curated Outcome=0),not_reported_per_record_in_public_sdf,eye:CpId:2792,03dc5888f0859ddcc1b694e186bb2137229ea571e3db56572205f482794de03d,https://github.com/joyvb/stoptox,6ba3a7f82ab9fda8534f120114a566eec296e8ae,"InChI=1S/C15H33N2O2/c1-6-9-11-16(12-10-7-2)15(18)19-14-13-17(4,5)8-3/h6-14H2,1-5H3/q+1"
CCCCCCC(O)CC=CCCCCCCCC(=O)OC(C)C,0,71685-99-9,SDYPTODXHIAHDF-UHFFFAOYSA-N,71685-99-9,STopTox peer-reviewed curated experimental irritation dataset,https://doi.org/10.1289/EHP9341,"[""eye:CpId:2795""]","[""explicit_curated_experimental_outcome_0"", ""absence_of_hazard_statement_not_used"", ""defined_single_structure"", ""exact_identity_deduplicated"", ""current_strong_conflicts_excluded"", ""external_holdout_quarantined"", ""publication_dataset_oecd_405_curation""]",peer_reviewed_curated_experimental_negative,0.9,experimental,"OECD TG 405 experimental eye irritation, curated at dataset level",not irritating / not classified (curated Outcome=0),not_reported_per_record_in_public_sdf,eye:CpId:2795,03dc5888f0859ddcc1b694e186bb2137229ea571e3db56572205f482794de03d,https://github.com/joyvb/stoptox,6ba3a7f82ab9fda8534f120114a566eec296e8ae,"InChI=1S/C21H40O3/c1-4-5-6-13-16-20(22)17-14-11-9-7-8-10-12-15-18-21(23)24-19(2)3/h11,14,19-20,22H,4-10,12-13,15-18H2,1-3H3"
O=C(OCc1ccccc1)c1ccccc1,0,120-51-4,SESFRYSPDFLNCH-UHFFFAOYSA-N,120-51-4,STopTox peer-reviewed curated experimental irritation dataset,https://doi.org/10.1289/EHP9341,"[""eye:CpId:721""]","[""explicit_curated_experimental_outcome_0"", ""absence_of_hazard_statement_not_used"", ""defined_single_structure"", ""exact_identity_deduplicated"", ""current_strong_conflicts_excluded"", ""external_holdout_quarantined"", ""publication_dataset_oecd_405_curation""]",peer_reviewed_curated_experimental_negative,0.9,experimental,"OECD TG 405 experimental eye irritation, curated at dataset level",not irritating / not classified (curated Outcome=0),not_reported_per_record_in_public_sdf,eye:CpId:721,03dc5888f0859ddcc1b694e186bb2137229ea571e3db56572205f482794de03d,https://github.com/joyvb/stoptox,6ba3a7f82ab9fda8534f120114a566eec296e8ae,SESFRYSPDFLNCH-UHFFFAOYSA-N
CCCCCCCCCCCCCCCC(=O)OCC(CC)CCCC,0,29806-73-3,SFAAOBGYWOUHLU-UHFFFAOYSA-N,29806-73-3,STopTox peer-reviewed curated experimental irritation dataset,https://doi.org/10.1289/EHP9341,"[""eye:CpId:723""]","[""explicit_curated_experimental_outcome_0"", ""absence_of_hazard_statement_not_used"", ""defined_single_structure"", ""exact_identity_deduplicated"", ""current_strong_conflicts_excluded"", ""external_holdout_quarantined"", ""publication_dataset_oecd_405_curation""]",peer_reviewed_curated_experimental_negative,0.9,experimental,"OECD TG 405 experimental eye irritation, curated at dataset level",not irritating / not classified (curated Outcome=0),not_reported_per_record_in_public_sdf,eye:CpId:723,03dc5888f0859ddcc1b694e186bb2137229ea571e3db56572205f482794de03d,https://github.com/joyvb/stoptox,6ba3a7f82ab9fda8534f120114a566eec296e8ae,SFAAOBGYWOUHLU-UHFFFAOYSA-N
CCCCCCCCCCCCOCCO,0,9002-92-0,SFNALCNOMXIBKG-UHFFFAOYSA-N,9002-92-0,STopTox peer-reviewed curated experimental irritation dataset,https://doi.org/10.1289/EHP9341,"[""eye:CpId:2801""]","[""explicit_curated_experimental_outcome_0"", ""absence_of_hazard_statement_not_used"", ""defined_single_structure"", ""exact_identity_deduplicated"", ""current_strong_conflicts_excluded"", ""external_holdout_quarantined"", ""publication_dataset_oecd_405_curation""]",peer_reviewed_curated_experimental_negative,0.9,experimental,"OECD TG 405 experimental eye irritation, curated at dataset level",not irritating / not classified (curated Outcome=0),not_reported_per_record_in_public_sdf,eye:CpId:2801,03dc5888f0859ddcc1b694e186bb2137229ea571e3db56572205f482794de03d,https://github.com/joyvb/stoptox,6ba3a7f82ab9fda8534f120114a566eec296e8ae,"InChI=1S/C14H30O2/c1-2-3-4-5-6-7-8-9-10-11-13-16-14-12-15/h15H,2-14H2,1H3"
C=C(C)C(=O)OCCOCC,0,2370-63-0  2370-63-0,SFPNZPQIIAJXGL-UHFFFAOYSA-N,2370-63-0  2370-63-0,STopTox peer-reviewed curated experimental irritation dataset,https://doi.org/10.1289/EHP9341,"[""eye:CpId:2803""]","[""explicit_curated_experimental_outcome_0"", ""absence_of_hazard_statement_not_used"", ""defined_single_structure"", ""exact_identity_deduplicated"", ""current_strong_conflicts_excluded"", ""external_holdout_quarantined"", ""publication_dataset_oecd_405_curation""]",peer_reviewed_curated_experimental_negative,0.9,experimental,"OECD TG 405 experimental eye irritation, curated at dataset level",not irritating / not classified (curated Outcome=0),not_reported_per_record_in_public_sdf,eye:CpId:2803,03dc5888f0859ddcc1b694e186bb2137229ea571e3db56572205f482794de03d,https://github.com/joyvb/stoptox,6ba3a7f82ab9fda8534f120114a566eec296e8ae,"InChI=1S/C8H14O3/c1-4-10-5-6-11-8(9)7(2)3/h2,4-6H2,1,3H3"
BrCCCCCCBr,0,629-03-8,SGRHVVLXEBNBDV-UHFFFAOYSA-N,629-03-8,STopTox peer-reviewed curated experimental irritation dataset,https://doi.org/10.1289/EHP9341,"[""eye:CpId:2807""]","[""explicit_curated_experimental_outcome_0"", ""absence_of_hazard_statement_not_used"", ""defined_single_structure"", ""exact_identity_deduplicated"", ""current_strong_conflicts_excluded"", ""external_holdout_quarantined"", ""publication_dataset_oecd_405_curation""]",peer_reviewed_curated_experimental_negative,0.9,experimental,"OECD TG 405 experimental eye irritation, curated at dataset level",not irritating / not classified (curated Outcome=0),not_reported_per_record_in_public_sdf,eye:CpId:2807,03dc5888f0859ddcc1b694e186bb2137229ea571e3db56572205f482794de03d,https://github.com/joyvb/stoptox,6ba3a7f82ab9fda8534f120114a566eec296e8ae,InChI=1S/C6H12Br2/c7-5-3-1-2-4-6-8/h1-6H2
CCc1ccc2c(c1)C(=O)c1ccccc1C2=O,0,84-51-5,SJEBAWHUJDUKQK-UHFFFAOYSA-N,84-51-5,STopTox peer-reviewed curated experimental irritation dataset,https://doi.org/10.1289/EHP9341,"[""eye:CpId:728""]","[""explicit_curated_experimental_outcome_0"", ""absence_of_hazard_statement_not_used"", ""defined_single_structure"", ""exact_identity_deduplicated"", ""current_strong_conflicts_excluded"", ""external_holdout_quarantined"", ""publication_dataset_oecd_405_curation""]",peer_reviewed_curated_experimental_negative,0.9,experimental,"OECD TG 405 experimental eye irritation, curated at dataset level",not irritating / not classified (curated Outcome=0),not_reported_per_record_in_public_sdf,eye:CpId:728,03dc5888f0859ddcc1b694e186bb2137229ea571e3db56572205f482794de03d,https://github.com/joyvb/stoptox,6ba3a7f82ab9fda8534f120114a566eec296e8ae,SJEBAWHUJDUKQK-UHFFFAOYSA-N
O=C(O)c1ccc2ccccc2c1O,0,86-48-6,SJJCQDRGABAVBB-UHFFFAOYSA-N,86-48-6,STopTox peer-reviewed curated experimental irritation dataset,https://doi.org/10.1289/EHP9341,"[""eye:CpId:2817""]","[""explicit_curated_experimental_outcome_0"", ""absence_of_hazard_statement_not_used"", ""defined_single_structure"", ""exact_identity_deduplicated"", ""current_strong_conflicts_excluded"", ""external_holdout_quarantined"", ""publication_dataset_oecd_405_curation""]",peer_reviewed_curated_experimental_negative,0.9,experimental,"OECD TG 405 experimental eye irritation, curated at dataset level",not irritating / not classified (curated Outcome=0),not_reported_per_record_in_public_sdf,eye:CpId:2817,03dc5888f0859ddcc1b694e186bb2137229ea571e3db56572205f482794de03d,https://github.com/joyvb/stoptox,6ba3a7f82ab9fda8534f120114a566eec296e8ae,"InChI=1S/C11H8O3/c12-10-8-4-2-1-3-7(8)5-6-9(10)11(13)14/h1-6,12H,(H,13,14)"
C=C(C)C(=O)OC(C)(C)C,0,585-07-9,SJMYWORNLPSJQO-UHFFFAOYSA-N,585-07-9,STopTox peer-reviewed curated experimental irritation dataset,https://doi.org/10.1289/EHP9341,"[""eye:CpId:729""]","[""explicit_curated_experimental_outcome_0"", ""absence_of_hazard_statement_not_used"", ""defined_single_structure"", ""exact_identity_deduplicated"", ""current_strong_conflicts_excluded"", ""external_holdout_quarantined"", ""publication_dataset_oecd_405_curation""]",peer_reviewed_curated_experimental_negative,0.9,experimental,"OECD TG 405 experimental eye irritation, curated at dataset level",not irritating / not classified (curated Outcome=0),not_reported_per_record_in_public_sdf,eye:CpId:729,03dc5888f0859ddcc1b694e186bb2137229ea571e3db56572205f482794de03d,https://github.com/joyvb/stoptox,6ba3a7f82ab9fda8534f120114a566eec296e8ae,SJMYWORNLPSJQO-UHFFFAOYSA-N
C=CCOC(=O)CCCCCC,0,142-19-8,SJWKGDGUQTWDRV-UHFFFAOYSA-N,142-19-8,STopTox peer-reviewed curated experimental irritation dataset,https://doi.org/10.1289/EHP9341,"[""eye:CpId:731""]","[""explicit_curated_experimental_outcome_0"", ""absence_of_hazard_statement_not_used"", ""defined_single_structure"", ""exact_identity_deduplicated"", ""current_strong_conflicts_excluded"", ""external_holdout_quarantined"", ""publication_dataset_oecd_405_curation""]",peer_reviewed_curated_experimental_negative,0.9,experimental,"OECD TG 405 experimental eye irritation, curated at dataset level",not irritating / not classified (curated Outcome=0),not_reported_per_record_in_public_sdf,eye:CpId:731,03dc5888f0859ddcc1b694e186bb2137229ea571e3db56572205f482794de03d,https://github.com/joyvb/stoptox,6ba3a7f82ab9fda8534f120114a566eec296e8ae,SJWKGDGUQTWDRV-UHFFFAOYSA-N
O=C(O)CCCO,0,502-85-2,SJZRECIVHVDYJC-UHFFFAOYSA-N,502-85-2,STopTox peer-reviewed curated experimental irritation dataset,https://doi.org/10.1289/EHP9341,"[""eye:CpId:2819""]","[""explicit_curated_experimental_outcome_0"", ""absence_of_hazard_statement_not_used"", ""defined_single_structure"", ""exact_identity_deduplicated"", ""current_strong_conflicts_excluded"", ""external_holdout_quarantined"", ""publication_dataset_oecd_405_curation""]",peer_reviewed_curated_experimental_negative,0.9,experimental,"OECD TG 405 experimental eye irritation, curated at dataset level",not irritating / not classified (curated Outcome=0),not_reported_per_record_in_public_sdf,eye:CpId:2819,03dc5888f0859ddcc1b694e186bb2137229ea571e3db56572205f482794de03d,https://github.com/joyvb/stoptox,6ba3a7f82ab9fda8534f120114a566eec296e8ae,"InChI=1S/C4H8O3/c5-3-1-2-4(6)7/h5H,1-3H2,(H,6,7)"
CCC(F)(F)C(F)(F)C(F)(F)C(F)(F)C(F)(F)C(F)(F)F,0,80793-17-5,SKRWRXWNQFQGRU-UHFFFAOYSA-N,80793-17-5,STopTox peer-reviewed curated experimental irritation dataset,https://doi.org/10.1289/EHP9341,"[""eye:CpId:733""]","[""explicit_curated_experimental_outcome_0"", ""absence_of_hazard_statement_not_used"", ""defined_single_structure"", ""exact_identity_deduplicated"", ""current_strong_conflicts_excluded"", ""external_holdout_quarantined"", ""publication_dataset_oecd_405_curation""]",peer_reviewed_curated_experimental_negative,0.9,experimental,"OECD TG 405 experimental eye irritation, curated at dataset level",not irritating / not classified (curated Outcome=0),not_reported_per_record_in_public_sdf,eye:CpId:733,03dc5888f0859ddcc1b694e186bb2137229ea571e3db56572205f482794de03d,https://github.com/joyvb/stoptox,6ba3a7f82ab9fda8534f120114a566eec296e8ae,SKRWRXWNQFQGRU-UHFFFAOYSA-N
CCCCCCCCCCCCCC(=O)OCC(C)C,0,25263-97-2,SKVCWXRLKHBEKW-UHFFFAOYSA-N,25263-97-2,STopTox peer-reviewed curated experimental irritation dataset,https://doi.org/10.1289/EHP9341,"[""eye:CpId:2822""]","[""explicit_curated_experimental_outcome_0"", ""absence_of_hazard_statement_not_used"", ""defined_single_structure"", ""exact_identity_deduplicated"", ""current_strong_conflicts_excluded"", ""external_holdout_quarantined"", ""publication_dataset_oecd_405_curation""]",peer_reviewed_curated_experimental_negative,0.9,experimental,"OECD TG 405 experimental eye irritation, curated at dataset level",not irritating / not classified (curated Outcome=0),not_reported_per_record_in_public_sdf,eye:CpId:2822,03dc5888f0859ddcc1b694e186bb2137229ea571e3db56572205f482794de03d,https://github.com/joyvb/stoptox,6ba3a7f82ab9fda8534f120114a566eec296e8ae,"InChI=1S/C18H36O2/c1-4-5-6-7-8-9-10-11-12-13-14-15-18(19)20-16-17(2)3/h17H,4-16H2,1-3H3"
NC(=O)c1ccccc1O,0,65-45-2,SKZKKFZAGNVIMN-UHFFFAOYSA-N,65-45-2,STopTox peer-reviewed curated experimental irritation dataset,https://doi.org/10.1289/EHP9341,"[""eye:CpId:2824""]","[""explicit_curated_experimental_outcome_0"", ""absence_of_hazard_statement_not_used"", ""defined_single_structure"", ""exact_identity_deduplicated"", ""current_strong_conflicts_excluded"", ""external_holdout_quarantined"", ""publication_dataset_oecd_405_curation""]",peer_reviewed_curated_experimental_negative,0.9,experimental,"OECD TG 405 experimental eye irritation, curated at dataset level",not irritating / not classified (curated Outcome=0),not_reported_per_record_in_public_sdf,eye:CpId:2824,03dc5888f0859ddcc1b694e186bb2137229ea571e3db56572205f482794de03d,https://github.com/joyvb/stoptox,6ba3a7f82ab9fda8534f120114a566eec296e8ae,"InChI=1S/C7H7NO2/c8-7(10)5-3-1-2-4-6(5)9/h1-4,9H,(H2,8,10)"
NCCCCCC(=O)O,0,60-32-2,SLXKOJJOQWFEFD-UHFFFAOYSA-N,60-32-2,STopTox peer-reviewed curated experimental irritation dataset,https://doi.org/10.1289/EHP9341,"[""eye:CpId:2828""]","[""explicit_curated_experimental_outcome_0"", ""absence_of_hazard_statement_not_used"", ""defined_single_structure"", ""exact_identity_deduplicated"", ""current_strong_conflicts_excluded"", ""external_holdout_quarantined"", ""publication_dataset_oecd_405_curation""]",peer_reviewed_curated_experimental_negative,0.9,experimental,"OECD TG 405 experimental eye irritation, curated at dataset level",not irritating / not classified (curated Outcome=0),not_reported_per_record_in_public_sdf,eye:CpId:2828,03dc5888f0859ddcc1b694e186bb2137229ea571e3db56572205f482794de03d,https://github.com/joyvb/stoptox,6ba3a7f82ab9fda8534f120114a566eec296e8ae,"InChI=1S/C6H13NO2/c7-5-3-1-2-4-6(8)9/h1-5,7H2,(H,8,9)"
CCCCN(CCCC)C(=O)N(CCCC)CCCC,0,4559-86-8,SNDGLCYYBKJSOT-UHFFFAOYSA-N,4559-86-8,STopTox peer-reviewed curated experimental irritation dataset,https://doi.org/10.1289/EHP9341,"[""eye:CpId:736""]","[""explicit_curated_experimental_outcome_0"", ""absence_of_hazard_statement_not_used"", ""defined_single_structure"", ""exact_identity_deduplicated"", ""current_strong_conflicts_excluded"", ""external_holdout_quarantined"", ""publication_dataset_oecd_405_curation""]",peer_reviewed_curated_experimental_negative,0.9,experimental,"OECD TG 405 experimental eye irritation, curated at dataset level",not irritating / not classified (curated Outcome=0),not_reported_per_record_in_public_sdf,eye:CpId:736,03dc5888f0859ddcc1b694e186bb2137229ea571e3db56572205f482794de03d,https://github.com/joyvb/stoptox,6ba3a7f82ab9fda8534f120114a566eec296e8ae,SNDGLCYYBKJSOT-UHFFFAOYSA-N
CN1CCCC1c1cccnc1,0,54-11-5,SNICXCGAKADSCV-UHFFFAOYSA-N,54-11-5,STopTox peer-reviewed curated experimental irritation dataset,https://doi.org/10.1289/EHP9341,"[""eye:CpId:2834""]","[""explicit_curated_experimental_outcome_0"", ""absence_of_hazard_statement_not_used"", ""defined_single_structure"", ""exact_identity_deduplicated"", ""current_strong_conflicts_excluded"", ""external_holdout_quarantined"", ""publication_dataset_oecd_405_curation""]",peer_reviewed_curated_experimental_negative,0.9,experimental,"OECD TG 405 experimental eye irritation, curated at dataset level",not irritating / not classified (curated Outcome=0),not_reported_per_record_in_public_sdf,eye:CpId:2834,03dc5888f0859ddcc1b694e186bb2137229ea571e3db56572205f482794de03d,https://github.com/joyvb/stoptox,6ba3a7f82ab9fda8534f120114a566eec296e8ae,"InChI=1S/C10H14N2/c1-12-7-3-5-10(12)9-4-2-6-11-8-9/h2,4,6,8,10H,3,5,7H2,1H3"
CC(NC(C)(C)C)C(=O)c1cccc(Cl)c1,0,34911-55-2,SNPPWIUOZRMYNY-UHFFFAOYSA-N,34911-55-2,STopTox peer-reviewed curated experimental irritation dataset,https://doi.org/10.1289/EHP9341,"[""eye:CpId:2835""]","[""explicit_curated_experimental_outcome_0"", ""absence_of_hazard_statement_not_used"", ""defined_single_structure"", ""exact_identity_deduplicated"", ""current_strong_conflicts_excluded"", ""external_holdout_quarantined"", ""publication_dataset_oecd_405_curation""]",peer_reviewed_curated_experimental_negative,0.9,experimental,"OECD TG 405 experimental eye irritation, curated at dataset level",not irritating / not classified (curated Outcome=0),not_reported_per_record_in_public_sdf,eye:CpId:2835,03dc5888f0859ddcc1b694e186bb2137229ea571e3db56572205f482794de03d,https://github.com/joyvb/stoptox,6ba3a7f82ab9fda8534f120114a566eec296e8ae,"InChI=1S/C13H18ClNO/c1-9(15-13(2,3)4)12(16)10-6-5-7-11(14)8-10/h5-9,15H,1-4H3"
COc1cc(S(=O)(=O)O)c(C)cc1NN=C1C(=O)C=Cc2cc(S(=O)(=O)O)ccc21,0,25956-17-6,SNPXTALWZJMVRO-UHFFFAOYSA-N,25956-17-6,STopTox peer-reviewed curated experimental irritation dataset,https://doi.org/10.1289/EHP9341,"[""eye:CpId:2836""]","[""explicit_curated_experimental_outcome_0"", ""absence_of_hazard_statement_not_used"", ""defined_single_structure"", ""exact_identity_deduplicated"", ""current_strong_conflicts_excluded"", ""external_holdout_quarantined"", ""publication_dataset_oecd_405_curation""]",peer_reviewed_curated_experimental_negative,0.9,experimental,"OECD TG 405 experimental eye irritation, curated at dataset level",not irritating / not classified (curated Outcome=0),not_reported_per_record_in_public_sdf,eye:CpId:2836,03dc5888f0859ddcc1b694e186bb2137229ea571e3db56572205f482794de03d,https://github.com/joyvb/stoptox,6ba3a7f82ab9fda8534f120114a566eec296e8ae,"InChI=1S/C18H16N2O8S2/c1-10-7-14(16(28-2)9-17(10)30(25,26)27)19-20-18-13-5-4-12(29(22,23)24)8-11(13)3-6-15(18)21/h3-9,19H,1-2H3,(H,22,23,24)(H,25,26,27)"
CCCCCCCCCCCC,0,112-40-3  112-40-3,SNRUBQQJIBEYMU-UHFFFAOYSA-N,112-40-3  112-40-3,STopTox peer-reviewed curated experimental irritation dataset,https://doi.org/10.1289/EHP9341,"[""eye:CpId:2837""]","[""explicit_curated_experimental_outcome_0"", ""absence_of_hazard_statement_not_used"", ""defined_single_structure"", ""exact_identity_deduplicated"", ""current_strong_conflicts_excluded"", ""external_holdout_quarantined"", ""publication_dataset_oecd_405_curation""]",peer_reviewed_curated_experimental_negative,0.9,experimental,"OECD TG 405 experimental eye irritation, curated at dataset level",not irritating / not classified (curated Outcome=0),not_reported_per_record_in_public_sdf,eye:CpId:2837,03dc5888f0859ddcc1b694e186bb2137229ea571e3db56572205f482794de03d,https://github.com/joyvb/stoptox,6ba3a7f82ab9fda8534f120114a566eec296e8ae,"InChI=1S/C12H26/c1-3-5-7-9-11-12-10-8-6-4-2/h3-12H2,1-2H3"
COc1ccc(C(=O)c2ccc(OC)cc2O)c(O)c1,0,131-54-4,SODJJEXAWOSSON-UHFFFAOYSA-N,131-54-4,STopTox peer-reviewed curated experimental irritation dataset,https://doi.org/10.1289/EHP9341,"[""eye:CpId:2838""]","[""explicit_curated_experimental_outcome_0"", ""absence_of_hazard_statement_not_used"", ""defined_single_structure"", ""exact_identity_deduplicated"", ""current_strong_conflicts_excluded"", ""external_holdout_quarantined"", ""publication_dataset_oecd_405_curation""]",peer_reviewed_curated_experimental_negative,0.9,experimental,"OECD TG 405 experimental eye irritation, curated at dataset level",not irritating / not classified (curated Outcome=0),not_reported_per_record_in_public_sdf,eye:CpId:2838,03dc5888f0859ddcc1b694e186bb2137229ea571e3db56572205f482794de03d,https://github.com/joyvb/stoptox,6ba3a7f82ab9fda8534f120114a566eec296e8ae,"InChI=1S/C15H14O5/c1-19-9-3-5-11(13(16)7-9)15(18)12-6-4-10(20-2)8-14(12)17/h3-8,16-17H,1-2H3"
CNCC(O)c1cccc(O)c1,0,59-42-7,SONNWYBIRXJNDC-UHFFFAOYSA-N,59-42-7,STopTox peer-reviewed curated experimental irritation dataset,https://doi.org/10.1289/EHP9341,"[""eye:CpId:2839""]","[""explicit_curated_experimental_outcome_0"", ""absence_of_hazard_statement_not_used"", ""defined_single_structure"", ""exact_identity_deduplicated"", ""current_strong_conflicts_excluded"", ""external_holdout_quarantined"", ""publication_dataset_oecd_405_curation""]",peer_reviewed_curated_experimental_negative,0.9,experimental,"OECD TG 405 experimental eye irritation, curated at dataset level",not irritating / not classified (curated Outcome=0),not_reported_per_record_in_public_sdf,eye:CpId:2839,03dc5888f0859ddcc1b694e186bb2137229ea571e3db56572205f482794de03d,https://github.com/joyvb/stoptox,6ba3a7f82ab9fda8534f120114a566eec296e8ae,"InChI=1S/C9H13NO2/c1-10-6-9(12)7-3-2-4-8(11)5-7/h2-5,9-12H,6H2,1H3"
CC(C)N(C(=O)SCC(Cl)=CCl)C(C)C,0,2303-16-4,SPANOECCGNXGNR-UHFFFAOYSA-N,2303-16-4,STopTox peer-reviewed curated experimental irritation dataset,https://doi.org/10.1289/EHP9341,"[""eye:CpId:2842""]","[""explicit_curated_experimental_outcome_0"", ""absence_of_hazard_statement_not_used"", ""defined_single_structure"", ""exact_identity_deduplicated"", ""current_strong_conflicts_excluded"", ""external_holdout_quarantined"", ""publication_dataset_oecd_405_curation""]",peer_reviewed_curated_experimental_negative,0.9,experimental,"OECD TG 405 experimental eye irritation, curated at dataset level",not irritating / not classified (curated Outcome=0),not_reported_per_record_in_public_sdf,eye:CpId:2842,03dc5888f0859ddcc1b694e186bb2137229ea571e3db56572205f482794de03d,https://github.com/joyvb/stoptox,6ba3a7f82ab9fda8534f120114a566eec296e8ae,"InChI=1S/C10H17Cl2NOS/c1-7(2)13(8(3)4)10(14)15-6-9(12)5-11/h5,7-8H,6H2,1-4H3"
CCCCC(C)(O)CC=CC1C(O)CC(=O)C1CCCCCCCO,0,77287-05-9,SPOAFZKFCYREMW-UHFFFAOYSA-N,77287-05-9,STopTox peer-reviewed curated experimental irritation dataset,https://doi.org/10.1289/EHP9341,"[""eye:CpId:2846""]","[""explicit_curated_experimental_outcome_0"", ""absence_of_hazard_statement_not_used"", ""defined_single_structure"", ""exact_identity_deduplicated"", ""current_strong_conflicts_excluded"", ""external_holdout_quarantined"", ""publication_dataset_oecd_405_curation""]",peer_reviewed_curated_experimental_negative,0.9,experimental,"OECD TG 405 experimental eye irritation, curated at dataset level",not irritating / not classified (curated Outcome=0),not_reported_per_record_in_public_sdf,eye:CpId:2846,03dc5888f0859ddcc1b694e186bb2137229ea571e3db56572205f482794de03d,https://github.com/joyvb/stoptox,6ba3a7f82ab9fda8534f120114a566eec296e8ae,"InChI=1S/C21H38O4/c1-3-4-13-21(2,25)14-10-12-18-17(19(23)16-20(18)24)11-8-6-5-7-9-15-22/h10,12,17-18,20,22,24-25H,3-9,11,13-16H2,1-2H3"
C=CCCCCCCCCCCCCCCCCCCCC,0,93924-10-8,SPURMHFLEKVAAS-UHFFFAOYSA-N,93924-10-8,STopTox peer-reviewed curated experimental irritation dataset,https://doi.org/10.1289/EHP9341,"[""eye:CpId:742""]","[""explicit_curated_experimental_outcome_0"", ""absence_of_hazard_statement_not_used"", ""defined_single_structure"", ""exact_identity_deduplicated"", ""current_strong_conflicts_excluded"", ""external_holdout_quarantined"", ""publication_dataset_oecd_405_curation""]",peer_reviewed_curated_experimental_negative,0.9,experimental,"OECD TG 405 experimental eye irritation, curated at dataset level",not irritating / not classified (curated Outcome=0),not_reported_per_record_in_public_sdf,eye:CpId:742,03dc5888f0859ddcc1b694e186bb2137229ea571e3db56572205f482794de03d,https://github.com/joyvb/stoptox,6ba3a7f82ab9fda8534f120114a566eec296e8ae,SPURMHFLEKVAAS-UHFFFAOYSA-N
OC1COC(O)C(O)C1O,0,58-86-6,SRBFZHDQGSBBOR-UHFFFAOYSA-N,58-86-6,STopTox peer-reviewed curated experimental irritation dataset,https://doi.org/10.1289/EHP9341,"[""eye:CpId:2851""]","[""explicit_curated_experimental_outcome_0"", ""absence_of_hazard_statement_not_used"", ""defined_single_structure"", ""exact_identity_deduplicated"", ""current_strong_conflicts_excluded"", ""external_holdout_quarantined"", ""publication_dataset_oecd_405_curation""]",peer_reviewed_curated_experimental_negative,0.9,experimental,"OECD TG 405 experimental eye irritation, curated at dataset level",not irritating / not classified (curated Outcome=0),not_reported_per_record_in_public_sdf,eye:CpId:2851,03dc5888f0859ddcc1b694e186bb2137229ea571e3db56572205f482794de03d,https://github.com/joyvb/stoptox,6ba3a7f82ab9fda8534f120114a566eec296e8ae,"InChI=1S/C5H10O5/c6-2-1-10-5(9)4(8)3(2)7/h2-9H,1H2"
CCCC(=O)c1cc(O)c(O)cc1O,0,1421-63-2,SRUQARLMFOLRDN-UHFFFAOYSA-N,1421-63-2,STopTox peer-reviewed curated experimental irritation dataset,https://doi.org/10.1289/EHP9341,"[""eye:CpId:2854""]","[""explicit_curated_experimental_outcome_0"", ""absence_of_hazard_statement_not_used"", ""defined_single_structure"", ""exact_identity_deduplicated"", ""current_strong_conflicts_excluded"", ""external_holdout_quarantined"", ""publication_dataset_oecd_405_curation""]",peer_reviewed_curated_experimental_negative,0.9,experimental,"OECD TG 405 experimental eye irritation, curated at dataset level",not irritating / not classified (curated Outcome=0),not_reported_per_record_in_public_sdf,eye:CpId:2854,03dc5888f0859ddcc1b694e186bb2137229ea571e3db56572205f482794de03d,https://github.com/joyvb/stoptox,6ba3a7f82ab9fda8534f120114a566eec296e8ae,"InChI=1S/C10H12O4/c1-2-3-7(11)6-4-9(13)10(14)5-8(6)12/h4-5,12-14H,2-3H2,1H3"
[H]/N=C(\N/C(=N\[H])NC(C)C)Nc1ccc(Cl)cc1,0,500-92-5,SSOLNOMRVKKSON-UHFFFAOYSA-N,500-92-5,STopTox peer-reviewed curated experimental irritation dataset,https://doi.org/10.1289/EHP9341,"[""eye:CpId:2857""]","[""explicit_curated_experimental_outcome_0"", ""absence_of_hazard_statement_not_used"", ""defined_single_structure"", ""exact_identity_deduplicated"", ""current_strong_conflicts_excluded"", ""external_holdout_quarantined"", ""publication_dataset_oecd_405_curation""]",peer_reviewed_curated_experimental_negative,0.9,experimental,"OECD TG 405 experimental eye irritation, curated at dataset level",not irritating / not classified (curated Outcome=0),not_reported_per_record_in_public_sdf,eye:CpId:2857,03dc5888f0859ddcc1b694e186bb2137229ea571e3db56572205f482794de03d,https://github.com/joyvb/stoptox,6ba3a7f82ab9fda8534f120114a566eec296e8ae,"InChI=1S/C11H16ClN5/c1-7(2)15-10(13)17-11(14)16-9-5-3-8(12)4-6-9/h3-7H,1-2H3,(H5,13,14,15,16,17)"
CCOC(=O)NC,0,105-40-8,SURZCVYFPAXNGN-UHFFFAOYSA-N,105-40-8,STopTox peer-reviewed curated experimental irritation dataset,https://doi.org/10.1289/EHP9341,"[""eye:CpId:2863""]","[""explicit_curated_experimental_outcome_0"", ""absence_of_hazard_statement_not_used"", ""defined_single_structure"", ""exact_identity_deduplicated"", ""current_strong_conflicts_excluded"", ""external_holdout_quarantined"", ""publication_dataset_oecd_405_curation""]",peer_reviewed_curated_experimental_negative,0.9,experimental,"OECD TG 405 experimental eye irritation, curated at dataset level",not irritating / not classified (curated Outcome=0),not_reported_per_record_in_public_sdf,eye:CpId:2863,03dc5888f0859ddcc1b694e186bb2137229ea571e3db56572205f482794de03d,https://github.com/joyvb/stoptox,6ba3a7f82ab9fda8534f120114a566eec296e8ae,"InChI=1S/C4H9NO2/c1-3-7-4(6)5-2/h3H2,1-2H3,(H,5,6)"
Cc1cc(C2(c3ccc(O)c(C)c3)CCCCC2)ccc1O,0,2362-14-3,SVOBELCYOCEECO-UHFFFAOYSA-N,2362-14-3,STopTox peer-reviewed curated experimental irritation dataset,https://doi.org/10.1289/EHP9341,"[""eye:CpId:750""]","[""explicit_curated_experimental_outcome_0"", ""absence_of_hazard_statement_not_used"", ""defined_single_structure"", ""exact_identity_deduplicated"", ""current_strong_conflicts_excluded"", ""external_holdout_quarantined"", ""publication_dataset_oecd_405_curation""]",peer_reviewed_curated_experimental_negative,0.9,experimental,"OECD TG 405 experimental eye irritation, curated at dataset level",not irritating / not classified (curated Outcome=0),not_reported_per_record_in_public_sdf,eye:CpId:750,03dc5888f0859ddcc1b694e186bb2137229ea571e3db56572205f482794de03d,https://github.com/joyvb/stoptox,6ba3a7f82ab9fda8534f120114a566eec296e8ae,SVOBELCYOCEECO-UHFFFAOYSA-N
CC(CCO)CCO,0,4457-71-0,SXFJDZNJHVPHPH-UHFFFAOYSA-N,4457-71-0,STopTox peer-reviewed curated experimental irritation dataset,https://doi.org/10.1289/EHP9341,"[""eye:CpId:753""]","[""explicit_curated_experimental_outcome_0"", ""absence_of_hazard_statement_not_used"", ""defined_single_structure"", ""exact_identity_deduplicated"", ""current_strong_conflicts_excluded"", ""external_holdout_quarantined"", ""publication_dataset_oecd_405_curation""]",peer_reviewed_curated_experimental_negative,0.9,experimental,"OECD TG 405 experimental eye irritation, curated at dataset level",not irritating / not classified (curated Outcome=0),not_reported_per_record_in_public_sdf,eye:CpId:753,03dc5888f0859ddcc1b694e186bb2137229ea571e3db56572205f482794de03d,https://github.com/joyvb/stoptox,6ba3a7f82ab9fda8534f120114a566eec296e8ae,SXFJDZNJHVPHPH-UHFFFAOYSA-N
CC(C)CCCCCCCCCCCCCCC=C1CC(=O)OC1=O,0,68784-12-3,SYPLOIRXGVKHNT-UHFFFAOYSA-N,68784-12-3,STopTox peer-reviewed curated experimental irritation dataset,https://doi.org/10.1289/EHP9341,"[""eye:CpId:232""]","[""explicit_curated_experimental_outcome_0"", ""absence_of_hazard_statement_not_used"", ""defined_single_structure"", ""exact_identity_deduplicated"", ""current_strong_conflicts_excluded"", ""external_holdout_quarantined"", ""publication_dataset_oecd_405_curation""]",peer_reviewed_curated_experimental_negative,0.9,experimental,"OECD TG 405 experimental eye irritation, curated at dataset level",not irritating / not classified (curated Outcome=0),not_reported_per_record_in_public_sdf,eye:CpId:232,03dc5888f0859ddcc1b694e186bb2137229ea571e3db56572205f482794de03d,https://github.com/joyvb/stoptox,6ba3a7f82ab9fda8534f120114a566eec296e8ae,GPFVWKXABQQNEM-UHFFFAOYSA-N
OCCCl,0,107-07-3,SZIFAVKTNFCBPC-UHFFFAOYSA-N,107-07-3,STopTox peer-reviewed curated experimental irritation dataset,https://doi.org/10.1289/EHP9341,"[""eye:CpId:2880""]","[""explicit_curated_experimental_outcome_0"", ""absence_of_hazard_statement_not_used"", ""defined_single_structure"", ""exact_identity_deduplicated"", ""current_strong_conflicts_excluded"", ""external_holdout_quarantined"", ""publication_dataset_oecd_405_curation""]",peer_reviewed_curated_experimental_negative,0.9,experimental,"OECD TG 405 experimental eye irritation, curated at dataset level",not irritating / not classified (curated Outcome=0),not_reported_per_record_in_public_sdf,eye:CpId:2880,03dc5888f0859ddcc1b694e186bb2137229ea571e3db56572205f482794de03d,https://github.com/joyvb/stoptox,6ba3a7f82ab9fda8534f120114a566eec296e8ae,"InChI=1S/C2H5ClO/c3-1-2-4/h4H,1-2H2"
CCCCCCCCCCCCCC(=O)O,0,544-63-8,TUNFSRHWOTWDNC-UHFFFAOYSA-N,544-63-8,STopTox peer-reviewed curated experimental irritation dataset,https://doi.org/10.1289/EHP9341,"[""eye:CpId:2886""]","[""explicit_curated_experimental_outcome_0"", ""absence_of_hazard_statement_not_used"", ""defined_single_structure"", ""exact_identity_deduplicated"", ""current_strong_conflicts_excluded"", ""external_holdout_quarantined"", ""publication_dataset_oecd_405_curation""]",peer_reviewed_curated_experimental_negative,0.9,experimental,"OECD TG 405 experimental eye irritation, curated at dataset level",not irritating / not classified (curated Outcome=0),not_reported_per_record_in_public_sdf,eye:CpId:2886,03dc5888f0859ddcc1b694e186bb2137229ea571e3db56572205f482794de03d,https://github.com/joyvb/stoptox,6ba3a7f82ab9fda8534f120114a566eec296e8ae,"InChI=1S/C14H28O2/c1-2-3-4-5-6-7-8-9-10-11-12-13-14(15)16/h2-13H2,1H3,(H,15,16)"
CC(=O)O[Si](C)(OC(C)=O)OC(C)=O,0,4253-34-3,TVJPBVNWVPUZBM-UHFFFAOYSA-N,4253-34-3,STopTox peer-reviewed curated experimental irritation dataset,https://doi.org/10.1289/EHP9341,"[""eye:CpId:762""]","[""explicit_curated_experimental_outcome_0"", ""absence_of_hazard_statement_not_used"", ""defined_single_structure"", ""exact_identity_deduplicated"", ""current_strong_conflicts_excluded"", ""external_holdout_quarantined"", ""publication_dataset_oecd_405_curation""]",peer_reviewed_curated_experimental_negative,0.9,experimental,"OECD TG 405 experimental eye irritation, curated at dataset level",not irritating / not classified (curated Outcome=0),not_reported_per_record_in_public_sdf,eye:CpId:762,03dc5888f0859ddcc1b694e186bb2137229ea571e3db56572205f482794de03d,https://github.com/joyvb/stoptox,6ba3a7f82ab9fda8534f120114a566eec296e8ae,TVJPBVNWVPUZBM-UHFFFAOYSA-N
CCCCCCCCCCCCCCC(C)c1cc(C)cc(C)c1O,0,134701-20-5,TVWGHFVGFWIHFN-UHFFFAOYSA-N,134701-20-5,STopTox peer-reviewed curated experimental irritation dataset,https://doi.org/10.1289/EHP9341,"[""eye:CpId:763""]","[""explicit_curated_experimental_outcome_0"", ""absence_of_hazard_statement_not_used"", ""defined_single_structure"", ""exact_identity_deduplicated"", ""current_strong_conflicts_excluded"", ""external_holdout_quarantined"", ""publication_dataset_oecd_405_curation""]",peer_reviewed_curated_experimental_negative,0.9,experimental,"OECD TG 405 experimental eye irritation, curated at dataset level",not irritating / not classified (curated Outcome=0),not_reported_per_record_in_public_sdf,eye:CpId:763,03dc5888f0859ddcc1b694e186bb2137229ea571e3db56572205f482794de03d,https://github.com/joyvb/stoptox,6ba3a7f82ab9fda8534f120114a566eec296e8ae,TVWGHFVGFWIHFN-UHFFFAOYSA-N
C=CC(O)(CC=CC1C(O)CC(=O)C1CC=CCCCC(=O)OC)CCCC,0,73647-73-1,TWCQWABAGCMHLL-UHFFFAOYSA-N,73647-73-1,STopTox peer-reviewed curated experimental irritation dataset,https://doi.org/10.1289/EHP9341,"[""eye:CpId:2892""]","[""explicit_curated_experimental_outcome_0"", ""absence_of_hazard_statement_not_used"", ""defined_single_structure"", ""exact_identity_deduplicated"", ""current_strong_conflicts_excluded"", ""external_holdout_quarantined"", ""publication_dataset_oecd_405_curation""]",peer_reviewed_curated_experimental_negative,0.9,experimental,"OECD TG 405 experimental eye irritation, curated at dataset level",not irritating / not classified (curated Outcome=0),not_reported_per_record_in_public_sdf,eye:CpId:2892,03dc5888f0859ddcc1b694e186bb2137229ea571e3db56572205f482794de03d,https://github.com/joyvb/stoptox,6ba3a7f82ab9fda8534f120114a566eec296e8ae,"InChI=1S/C23H36O5/c1-4-6-15-23(27,5-2)16-11-13-19-18(20(24)17-21(19)25)12-9-7-8-10-14-22(26)28-3/h5,7,9,11,13,18-19,21,25,27H,2,4,6,8,10,12,14-17H2,1,3H3"
C=CCOC(=O)CCC1CCCCC1,0,2705-87-5,TWXUTZNBHUWMKJ-UHFFFAOYSA-N,2705-87-5,STopTox peer-reviewed curated experimental irritation dataset,https://doi.org/10.1289/EHP9341,"[""eye:CpId:764""]","[""explicit_curated_experimental_outcome_0"", ""absence_of_hazard_statement_not_used"", ""defined_single_structure"", ""exact_identity_deduplicated"", ""current_strong_conflicts_excluded"", ""external_holdout_quarantined"", ""publication_dataset_oecd_405_curation""]",peer_reviewed_curated_experimental_negative,0.9,experimental,"OECD TG 405 experimental eye irritation, curated at dataset level",not irritating / not classified (curated Outcome=0),not_reported_per_record_in_public_sdf,eye:CpId:764,03dc5888f0859ddcc1b694e186bb2137229ea571e3db56572205f482794de03d,https://github.com/joyvb/stoptox,6ba3a7f82ab9fda8534f120114a566eec296e8ae,TWXUTZNBHUWMKJ-UHFFFAOYSA-N
OCC(CO)(CO)COCC(CO)(CO)CO,0,126-58-9,TXBCBTDQIULDIA-UHFFFAOYSA-N,126-58-9,STopTox peer-reviewed curated experimental irritation dataset,https://doi.org/10.1289/EHP9341,"[""eye:CpId:2893""]","[""explicit_curated_experimental_outcome_0"", ""absence_of_hazard_statement_not_used"", ""defined_single_structure"", ""exact_identity_deduplicated"", ""current_strong_conflicts_excluded"", ""external_holdout_quarantined"", ""publication_dataset_oecd_405_curation""]",peer_reviewed_curated_experimental_negative,0.9,experimental,"OECD TG 405 experimental eye irritation, curated at dataset level",not irritating / not classified (curated Outcome=0),not_reported_per_record_in_public_sdf,eye:CpId:2893,03dc5888f0859ddcc1b694e186bb2137229ea571e3db56572205f482794de03d,https://github.com/joyvb/stoptox,6ba3a7f82ab9fda8534f120114a566eec296e8ae,"InChI=1S/C10H22O7/c11-1-9(2-12,3-13)7-17-8-10(4-14,5-15)6-16/h11-16H,1-8H2"
CSc1cc(SC)c(N)c(C)c1N,0,106264-79-3,TXDBDYPHJXUHEO-UHFFFAOYSA-N,106264-79-3,STopTox peer-reviewed curated experimental irritation dataset,https://doi.org/10.1289/EHP9341,"[""eye:CpId:765""]","[""explicit_curated_experimental_outcome_0"", ""absence_of_hazard_statement_not_used"", ""defined_single_structure"", ""exact_identity_deduplicated"", ""current_strong_conflicts_excluded"", ""external_holdout_quarantined"", ""publication_dataset_oecd_405_curation""]",peer_reviewed_curated_experimental_negative,0.9,experimental,"OECD TG 405 experimental eye irritation, curated at dataset level",not irritating / not classified (curated Outcome=0),not_reported_per_record_in_public_sdf,eye:CpId:765,03dc5888f0859ddcc1b694e186bb2137229ea571e3db56572205f482794de03d,https://github.com/joyvb/stoptox,6ba3a7f82ab9fda8534f120114a566eec296e8ae,TXDBDYPHJXUHEO-UHFFFAOYSA-N
Cc1ccc2nc3cc4c(O)c5cc(C)ccc5nc4cc3c(O)c2c1,0,980-26-7,TXWSZJSDZKWQAU-UHFFFAOYSA-N,980-26-7,STopTox peer-reviewed curated experimental irritation dataset,https://doi.org/10.1289/EHP9341,"[""eye:CpId:766""]","[""explicit_curated_experimental_outcome_0"", ""absence_of_hazard_statement_not_used"", ""defined_single_structure"", ""exact_identity_deduplicated"", ""current_strong_conflicts_excluded"", ""external_holdout_quarantined"", ""publication_dataset_oecd_405_curation""]",peer_reviewed_curated_experimental_negative,0.9,experimental,"OECD TG 405 experimental eye irritation, curated at dataset level",not irritating / not classified (curated Outcome=0),not_reported_per_record_in_public_sdf,eye:CpId:766,03dc5888f0859ddcc1b694e186bb2137229ea571e3db56572205f482794de03d,https://github.com/joyvb/stoptox,6ba3a7f82ab9fda8534f120114a566eec296e8ae,TXWSZJSDZKWQAU-UHFFFAOYSA-N
CC(=O)Oc1cccc2c1C(=O)c1c(OC(C)=O)cc(C(=O)O)cc1C2=O,0,13739-02-1,TYNLGDBUJLVSMA-UHFFFAOYSA-N,13739-02-1,STopTox peer-reviewed curated experimental irritation dataset,https://doi.org/10.1289/EHP9341,"[""eye:CpId:2897""]","[""explicit_curated_experimental_outcome_0"", ""absence_of_hazard_statement_not_used"", ""defined_single_structure"", ""exact_identity_deduplicated"", ""current_strong_conflicts_excluded"", ""external_holdout_quarantined"", ""publication_dataset_oecd_405_curation""]",peer_reviewed_curated_experimental_negative,0.9,experimental,"OECD TG 405 experimental eye irritation, curated at dataset level",not irritating / not classified (curated Outcome=0),not_reported_per_record_in_public_sdf,eye:CpId:2897,03dc5888f0859ddcc1b694e186bb2137229ea571e3db56572205f482794de03d,https://github.com/joyvb/stoptox,6ba3a7f82ab9fda8534f120114a566eec296e8ae,"InChI=1S/C19H12O8/c1-8(20)26-13-5-3-4-11-15(13)18(23)16-12(17(11)22)6-10(19(24)25)7-14(16)27-9(2)21/h3-7H,1-2H3,(H,24,25)"
O=C(O)c1cc(F)c(Br)cc1Cl,0,64742-95-6,TZFKKLGCVKORLS-UHFFFAOYSA-N,64742-95-6,STopTox peer-reviewed curated experimental irritation dataset,https://doi.org/10.1289/EHP9341,"[""eye:CpId:767""]","[""explicit_curated_experimental_outcome_0"", ""absence_of_hazard_statement_not_used"", ""defined_single_structure"", ""exact_identity_deduplicated"", ""current_strong_conflicts_excluded"", ""external_holdout_quarantined"", ""publication_dataset_oecd_405_curation""]",peer_reviewed_curated_experimental_negative,0.9,experimental,"OECD TG 405 experimental eye irritation, curated at dataset level",not irritating / not classified (curated Outcome=0),not_reported_per_record_in_public_sdf,eye:CpId:767,03dc5888f0859ddcc1b694e186bb2137229ea571e3db56572205f482794de03d,https://github.com/joyvb/stoptox,6ba3a7f82ab9fda8534f120114a566eec296e8ae,TZFKKLGCVKORLS-UHFFFAOYSA-N
CCCCC(CC)COC(=O)c1ccccc1,0,5444-75-7,UADWUILHKRXHMM-UHFFFAOYSA-N,5444-75-7,STopTox peer-reviewed curated experimental irritation dataset,https://doi.org/10.1289/EHP9341,"[""eye:CpId:770""]","[""explicit_curated_experimental_outcome_0"", ""absence_of_hazard_statement_not_used"", ""defined_single_structure"", ""exact_identity_deduplicated"", ""current_strong_conflicts_excluded"", ""external_holdout_quarantined"", ""publication_dataset_oecd_405_curation""]",peer_reviewed_curated_experimental_negative,0.9,experimental,"OECD TG 405 experimental eye irritation, curated at dataset level",not irritating / not classified (curated Outcome=0),not_reported_per_record_in_public_sdf,eye:CpId:770,03dc5888f0859ddcc1b694e186bb2137229ea571e3db56572205f482794de03d,https://github.com/joyvb/stoptox,6ba3a7f82ab9fda8534f120114a566eec296e8ae,UADWUILHKRXHMM-UHFFFAOYSA-N
CC1CCCCC1,0,108-87-2,UAEPNZWRGJTJPN-UHFFFAOYSA-N,108-87-2,STopTox peer-reviewed curated experimental irritation dataset,https://doi.org/10.1289/EHP9341,"[""eye:CpId:771""]","[""explicit_curated_experimental_outcome_0"", ""absence_of_hazard_statement_not_used"", ""defined_single_structure"", ""exact_identity_deduplicated"", ""current_strong_conflicts_excluded"", ""external_holdout_quarantined"", ""publication_dataset_oecd_405_curation""]",peer_reviewed_curated_experimental_negative,0.9,experimental,"OECD TG 405 experimental eye irritation, curated at dataset level",not irritating / not classified (curated Outcome=0),not_reported_per_record_in_public_sdf,eye:CpId:771,03dc5888f0859ddcc1b694e186bb2137229ea571e3db56572205f482794de03d,https://github.com/joyvb/stoptox,6ba3a7f82ab9fda8534f120114a566eec296e8ae,UAEPNZWRGJTJPN-UHFFFAOYSA-N
CC(N)C12CC3CC(CC(C3)C1)C2,0,13392-28-4,UBCHPRBFMUDMNC-UHFFFAOYSA-N,13392-28-4,STopTox peer-reviewed curated experimental irritation dataset,https://doi.org/10.1289/EHP9341,"[""eye:CpId:2911""]","[""explicit_curated_experimental_outcome_0"", ""absence_of_hazard_statement_not_used"", ""defined_single_structure"", ""exact_identity_deduplicated"", ""current_strong_conflicts_excluded"", ""external_holdout_quarantined"", ""publication_dataset_oecd_405_curation""]",peer_reviewed_curated_experimental_negative,0.9,experimental,"OECD TG 405 experimental eye irritation, curated at dataset level",not irritating / not classified (curated Outcome=0),not_reported_per_record_in_public_sdf,eye:CpId:2911,03dc5888f0859ddcc1b694e186bb2137229ea571e3db56572205f482794de03d,https://github.com/joyvb/stoptox,6ba3a7f82ab9fda8534f120114a566eec296e8ae,"InChI=1S/C12H21N/c1-8(13)12-5-9-2-10(6-12)4-11(3-9)7-12/h8-11H,2-7,13H2,1H3"
CC(C)(C)OOC(C)(C)c1cccc(C(C)(C)OOC(C)(C)C)c1,0,2212-81-9,UBRWPVTUQDJKCC-UHFFFAOYSA-N,2212-81-9,STopTox peer-reviewed curated experimental irritation dataset,https://doi.org/10.1289/EHP9341,"[""eye:CpId:774""]","[""explicit_curated_experimental_outcome_0"", ""absence_of_hazard_statement_not_used"", ""defined_single_structure"", ""exact_identity_deduplicated"", ""current_strong_conflicts_excluded"", ""external_holdout_quarantined"", ""publication_dataset_oecd_405_curation""]",peer_reviewed_curated_experimental_negative,0.9,experimental,"OECD TG 405 experimental eye irritation, curated at dataset level",not irritating / not classified (curated Outcome=0),not_reported_per_record_in_public_sdf,eye:CpId:774,03dc5888f0859ddcc1b694e186bb2137229ea571e3db56572205f482794de03d,https://github.com/joyvb/stoptox,6ba3a7f82ab9fda8534f120114a566eec296e8ae,UBRWPVTUQDJKCC-UHFFFAOYSA-N
NCCC(=O)O,0,107-95-9,UCMIRNVEIXFBKS-UHFFFAOYSA-N,107-95-9,STopTox peer-reviewed curated experimental irritation dataset,https://doi.org/10.1289/EHP9341,"[""eye:CpId:776""]","[""explicit_curated_experimental_outcome_0"", ""absence_of_hazard_statement_not_used"", ""defined_single_structure"", ""exact_identity_deduplicated"", ""current_strong_conflicts_excluded"", ""external_holdout_quarantined"", ""publication_dataset_oecd_405_curation""]",peer_reviewed_curated_experimental_negative,0.9,experimental,"OECD TG 405 experimental eye irritation, curated at dataset level",not irritating / not classified (curated Outcome=0),not_reported_per_record_in_public_sdf,eye:CpId:776,03dc5888f0859ddcc1b694e186bb2137229ea571e3db56572205f482794de03d,https://github.com/joyvb/stoptox,6ba3a7f82ab9fda8534f120114a566eec296e8ae,UCMIRNVEIXFBKS-UHFFFAOYSA-N
CNCC(O)c1ccc(O)c(O)c1,0,51-43-4,UCTWMZQNUQWSLP-UHFFFAOYSA-N,51-43-4,STopTox peer-reviewed curated experimental irritation dataset,https://doi.org/10.1289/EHP9341,"[""eye:CpId:2923""]","[""explicit_curated_experimental_outcome_0"", ""absence_of_hazard_statement_not_used"", ""defined_single_structure"", ""exact_identity_deduplicated"", ""current_strong_conflicts_excluded"", ""external_holdout_quarantined"", ""publication_dataset_oecd_405_curation""]",peer_reviewed_curated_experimental_negative,0.9,experimental,"OECD TG 405 experimental eye irritation, curated at dataset level",not irritating / not classified (curated Outcome=0),not_reported_per_record_in_public_sdf,eye:CpId:2923,03dc5888f0859ddcc1b694e186bb2137229ea571e3db56572205f482794de03d,https://github.com/joyvb/stoptox,6ba3a7f82ab9fda8534f120114a566eec296e8ae,"InChI=1S/C9H13NO3/c1-10-5-9(13)6-2-3-7(11)8(12)4-6/h2-4,9-13H,5H2,1H3"
CCCCCCCCC=CCCCCCCCC(=O)NCC(C)O,0,111-05-7,UDZAXLGLNUMCRX-UHFFFAOYSA-N,111-05-7,STopTox peer-reviewed curated experimental irritation dataset,https://doi.org/10.1289/EHP9341,"[""eye:CpId:778""]","[""explicit_curated_experimental_outcome_0"", ""absence_of_hazard_statement_not_used"", ""defined_single_structure"", ""exact_identity_deduplicated"", ""current_strong_conflicts_excluded"", ""external_holdout_quarantined"", ""publication_dataset_oecd_405_curation""]",peer_reviewed_curated_experimental_negative,0.9,experimental,"OECD TG 405 experimental eye irritation, curated at dataset level",not irritating / not classified (curated Outcome=0),not_reported_per_record_in_public_sdf,eye:CpId:778,03dc5888f0859ddcc1b694e186bb2137229ea571e3db56572205f482794de03d,https://github.com/joyvb/stoptox,6ba3a7f82ab9fda8534f120114a566eec296e8ae,UDZAXLGLNUMCRX-KHPPLWFESA-N
CN(C)CCN(Cc1ccccc1)c1ccccn1,0,91-81-6,UFLGIAIHIAPJJC-UHFFFAOYSA-N,91-81-6,STopTox peer-reviewed curated experimental irritation dataset,https://doi.org/10.1289/EHP9341,"[""eye:CpId:2931""]","[""explicit_curated_experimental_outcome_0"", ""absence_of_hazard_statement_not_used"", ""defined_single_structure"", ""exact_identity_deduplicated"", ""current_strong_conflicts_excluded"", ""external_holdout_quarantined"", ""publication_dataset_oecd_405_curation""]",peer_reviewed_curated_experimental_negative,0.9,experimental,"OECD TG 405 experimental eye irritation, curated at dataset level",not irritating / not classified (curated Outcome=0),not_reported_per_record_in_public_sdf,eye:CpId:2931,03dc5888f0859ddcc1b694e186bb2137229ea571e3db56572205f482794de03d,https://github.com/joyvb/stoptox,6ba3a7f82ab9fda8534f120114a566eec296e8ae,"InChI=1S/C16H21N3/c1-18(2)12-13-19(16-10-6-7-11-17-16)14-15-8-4-3-5-9-15/h3-11H,12-14H2,1-2H3"
Oc1c2ccccc2nc2c(Cl)c3c(O)c4ccccc4nc3c(Cl)c12,0,38720-66-0,UFLLEPHODSEMJD-UHFFFAOYSA-N,38720-66-0,STopTox peer-reviewed curated experimental irritation dataset,https://doi.org/10.1289/EHP9341,"[""eye:CpId:783""]","[""explicit_curated_experimental_outcome_0"", ""absence_of_hazard_statement_not_used"", ""defined_single_structure"", ""exact_identity_deduplicated"", ""current_strong_conflicts_excluded"", ""external_holdout_quarantined"", ""publication_dataset_oecd_405_curation""]",peer_reviewed_curated_experimental_negative,0.9,experimental,"OECD TG 405 experimental eye irritation, curated at dataset level",not irritating / not classified (curated Outcome=0),not_reported_per_record_in_public_sdf,eye:CpId:783,03dc5888f0859ddcc1b694e186bb2137229ea571e3db56572205f482794de03d,https://github.com/joyvb/stoptox,6ba3a7f82ab9fda8534f120114a566eec296e8ae,UFLLEPHODSEMJD-UHFFFAOYSA-N
NCCS,0,60-23-1,UFULAYFCSOUIOV-UHFFFAOYSA-N,60-23-1,STopTox peer-reviewed curated experimental irritation dataset,https://doi.org/10.1289/EHP9341,"[""eye:CpId:2933""]","[""explicit_curated_experimental_outcome_0"", ""absence_of_hazard_statement_not_used"", ""defined_single_structure"", ""exact_identity_deduplicated"", ""current_strong_conflicts_excluded"", ""external_holdout_quarantined"", ""publication_dataset_oecd_405_curation""]",peer_reviewed_curated_experimental_negative,0.9,experimental,"OECD TG 405 experimental eye irritation, curated at dataset level",not irritating / not classified (curated Outcome=0),not_reported_per_record_in_public_sdf,eye:CpId:2933,03dc5888f0859ddcc1b694e186bb2137229ea571e3db56572205f482794de03d,https://github.com/joyvb/stoptox,6ba3a7f82ab9fda8534f120114a566eec296e8ae,"InChI=1S/C2H7NS/c3-1-2-4/h4H,1-3H2"
NCC1(CC(=O)O)CCCCC1,0,60142-96-3,UGJMXCAKCUNAIE-UHFFFAOYSA-N,60142-96-3,STopTox peer-reviewed curated experimental irritation dataset,https://doi.org/10.1289/EHP9341,"[""eye:CpId:2936""]","[""explicit_curated_experimental_outcome_0"", ""absence_of_hazard_statement_not_used"", ""defined_single_structure"", ""exact_identity_deduplicated"", ""current_strong_conflicts_excluded"", ""external_holdout_quarantined"", ""publication_dataset_oecd_405_curation""]",peer_reviewed_curated_experimental_negative,0.9,experimental,"OECD TG 405 experimental eye irritation, curated at dataset level",not irritating / not classified (curated Outcome=0),not_reported_per_record_in_public_sdf,eye:CpId:2936,03dc5888f0859ddcc1b694e186bb2137229ea571e3db56572205f482794de03d,https://github.com/joyvb/stoptox,6ba3a7f82ab9fda8534f120114a566eec296e8ae,"InChI=1S/C9H17NO2/c10-7-9(6-8(11)12)4-2-1-3-5-9/h1-7,10H2,(H,11,12)"
CC(C)(OCc1ccc(-c2ccc(Cl)cc2)cc1)C(=O)O,0,22494-47-9,UGOFYAXVVVXMQT-UHFFFAOYSA-N,22494-47-9,STopTox peer-reviewed curated experimental irritation dataset,https://doi.org/10.1289/EHP9341,"[""eye:CpId:2937""]","[""explicit_curated_experimental_outcome_0"", ""absence_of_hazard_statement_not_used"", ""defined_single_structure"", ""exact_identity_deduplicated"", ""current_strong_conflicts_excluded"", ""external_holdout_quarantined"", ""publication_dataset_oecd_405_curation""]",peer_reviewed_curated_experimental_negative,0.9,experimental,"OECD TG 405 experimental eye irritation, curated at dataset level",not irritating / not classified (curated Outcome=0),not_reported_per_record_in_public_sdf,eye:CpId:2937,03dc5888f0859ddcc1b694e186bb2137229ea571e3db56572205f482794de03d,https://github.com/joyvb/stoptox,6ba3a7f82ab9fda8534f120114a566eec296e8ae,"InChI=1S/C17H17ClO3/c1-17(2,16(19)20)21-11-12-3-5-13(6-4-12)14-7-9-15(18)10-8-14/h3-10H,11H2,1-2H3,(H,19,20)"
CC(=O)Oc1ccc(C(C)(C)CC(C)(C)C)cc1C1C(=O)Oc2ccc(C(C)(C)CC(C)(C)C)cc21,0,216698-07-6,UHPDROGOQWZCNC-UHFFFAOYSA-N,216698-07-6,STopTox peer-reviewed curated experimental irritation dataset,https://doi.org/10.1289/EHP9341,"[""eye:CpId:788""]","[""explicit_curated_experimental_outcome_0"", ""absence_of_hazard_statement_not_used"", ""defined_single_structure"", ""exact_identity_deduplicated"", ""current_strong_conflicts_excluded"", ""external_holdout_quarantined"", ""publication_dataset_oecd_405_curation""]",peer_reviewed_curated_experimental_negative,0.9,experimental,"OECD TG 405 experimental eye irritation, curated at dataset level",not irritating / not classified (curated Outcome=0),not_reported_per_record_in_public_sdf,eye:CpId:788,03dc5888f0859ddcc1b694e186bb2137229ea571e3db56572205f482794de03d,https://github.com/joyvb/stoptox,6ba3a7f82ab9fda8534f120114a566eec296e8ae,UHPDROGOQWZCNC-UHFFFAOYSA-N
CC(CC(c1ccccc1)c1ccccc1)NC(C)(C)C,0,15793-40-5,UISARWKNNNHPGI-UHFFFAOYSA-N,15793-40-5,STopTox peer-reviewed curated experimental irritation dataset,https://doi.org/10.1289/EHP9341,"[""eye:CpId:2950""]","[""explicit_curated_experimental_outcome_0"", ""absence_of_hazard_statement_not_used"", ""defined_single_structure"", ""exact_identity_deduplicated"", ""current_strong_conflicts_excluded"", ""external_holdout_quarantined"", ""publication_dataset_oecd_405_curation""]",peer_reviewed_curated_experimental_negative,0.9,experimental,"OECD TG 405 experimental eye irritation, curated at dataset level",not irritating / not classified (curated Outcome=0),not_reported_per_record_in_public_sdf,eye:CpId:2950,03dc5888f0859ddcc1b694e186bb2137229ea571e3db56572205f482794de03d,https://github.com/joyvb/stoptox,6ba3a7f82ab9fda8534f120114a566eec296e8ae,"InChI=1S/C20H27N/c1-16(21-20(2,3)4)15-19(17-11-7-5-8-12-17)18-13-9-6-10-14-18/h5-14,16,19,21H,15H2,1-4H3"
CC(CCOC(=O)CC(C)CC(C)(C)C)CC(C)(C)C,0,59219-71-5,UIVPNOBLHXUKDX-UHFFFAOYSA-N,59219-71-5,STopTox peer-reviewed curated experimental irritation dataset,https://doi.org/10.1289/EHP9341,"[""eye:CpId:2951""]","[""explicit_curated_experimental_outcome_0"", ""absence_of_hazard_statement_not_used"", ""defined_single_structure"", ""exact_identity_deduplicated"", ""current_strong_conflicts_excluded"", ""external_holdout_quarantined"", ""publication_dataset_oecd_405_curation""]",peer_reviewed_curated_experimental_negative,0.9,experimental,"OECD TG 405 experimental eye irritation, curated at dataset level",not irritating / not classified (curated Outcome=0),not_reported_per_record_in_public_sdf,eye:CpId:2951,03dc5888f0859ddcc1b694e186bb2137229ea571e3db56572205f482794de03d,https://github.com/joyvb/stoptox,6ba3a7f82ab9fda8534f120114a566eec296e8ae,"InChI=1S/C18H36O2/c1-14(12-17(3,4)5)9-10-20-16(19)11-15(2)13-18(6,7)8/h14-15H,9-13H2,1-8H3"
CCOC1OC(C(COCc2ccccc2)OCc2ccccc2)C(OCc2ccccc2)C1O,0,10310-32-4,ULLNJSBQMBKOJH-UHFFFAOYSA-N,10310-32-4,STopTox peer-reviewed curated experimental irritation dataset,https://doi.org/10.1289/EHP9341,"[""eye:CpId:2957""]","[""explicit_curated_experimental_outcome_0"", ""absence_of_hazard_statement_not_used"", ""defined_single_structure"", ""exact_identity_deduplicated"", ""current_strong_conflicts_excluded"", ""external_holdout_quarantined"", ""publication_dataset_oecd_405_curation""]",peer_reviewed_curated_experimental_negative,0.9,experimental,"OECD TG 405 experimental eye irritation, curated at dataset level",not irritating / not classified (curated Outcome=0),not_reported_per_record_in_public_sdf,eye:CpId:2957,03dc5888f0859ddcc1b694e186bb2137229ea571e3db56572205f482794de03d,https://github.com/joyvb/stoptox,6ba3a7f82ab9fda8534f120114a566eec296e8ae,"InChI=1S/C29H34O6/c1-2-32-29-26(30)28(34-20-24-16-10-5-11-17-24)27(35-29)25(33-19-23-14-8-4-9-15-23)21-31-18-22-12-6-3-7-13-22/h3-17,25-30H,2,18-21H2,1H3"
CCCCCCC(O)CCCCCCCCCCC(=O)O,0,7620-77-1,ULQISTXYYBZJSJ-UHFFFAOYSA-N,7620-77-1,STopTox peer-reviewed curated experimental irritation dataset,https://doi.org/10.1289/EHP9341,"[""eye:CpId:795""]","[""explicit_curated_experimental_outcome_0"", ""absence_of_hazard_statement_not_used"", ""defined_single_structure"", ""exact_identity_deduplicated"", ""current_strong_conflicts_excluded"", ""external_holdout_quarantined"", ""publication_dataset_oecd_405_curation""]",peer_reviewed_curated_experimental_negative,0.9,experimental,"OECD TG 405 experimental eye irritation, curated at dataset level",not irritating / not classified (curated Outcome=0),not_reported_per_record_in_public_sdf,eye:CpId:795,03dc5888f0859ddcc1b694e186bb2137229ea571e3db56572205f482794de03d,https://github.com/joyvb/stoptox,6ba3a7f82ab9fda8534f120114a566eec296e8ae,ULQISTXYYBZJSJ-UHFFFAOYSA-M
NC(=O)NNC(N)=O,0,110-21-4,ULUZGMIUTMRARO-UHFFFAOYSA-N,110-21-4,STopTox peer-reviewed curated experimental irritation dataset,https://doi.org/10.1289/EHP9341,"[""eye:CpId:2960""]","[""explicit_curated_experimental_outcome_0"", ""absence_of_hazard_statement_not_used"", ""defined_single_structure"", ""exact_identity_deduplicated"", ""current_strong_conflicts_excluded"", ""external_holdout_quarantined"", ""publication_dataset_oecd_405_curation""]",peer_reviewed_curated_experimental_negative,0.9,experimental,"OECD TG 405 experimental eye irritation, curated at dataset level",not irritating / not classified (curated Outcome=0),not_reported_per_record_in_public_sdf,eye:CpId:2960,03dc5888f0859ddcc1b694e186bb2137229ea571e3db56572205f482794de03d,https://github.com/joyvb/stoptox,6ba3a7f82ab9fda8534f120114a566eec296e8ae,"InChI=1S/C2H6N4O2/c3-1(7)5-6-2(4)8/h(H3,3,5,7)(H3,4,6,8)"
NC(N)=S,0,62-56-6,UMGDCJDMYOKAJW-UHFFFAOYSA-N,62-56-6,STopTox peer-reviewed curated experimental irritation dataset,https://doi.org/10.1289/EHP9341,"[""eye:CpId:796""]","[""explicit_curated_experimental_outcome_0"", ""absence_of_hazard_statement_not_used"", ""defined_single_structure"", ""exact_identity_deduplicated"", ""current_strong_conflicts_excluded"", ""external_holdout_quarantined"", ""publication_dataset_oecd_405_curation""]",peer_reviewed_curated_experimental_negative,0.9,experimental,"OECD TG 405 experimental eye irritation, curated at dataset level",not irritating / not classified (curated Outcome=0),not_reported_per_record_in_public_sdf,eye:CpId:796,03dc5888f0859ddcc1b694e186bb2137229ea571e3db56572205f482794de03d,https://github.com/joyvb/stoptox,6ba3a7f82ab9fda8534f120114a566eec296e8ae,UMGDCJDMYOKAJW-UHFFFAOYSA-N
CC12CCC3c4ccc(O)cc4CCC3C1CCC2OC(=O)CCC1CCCC1,0,313-06-4,UOACKFBJUYNSLK-UHFFFAOYSA-N,313-06-4,STopTox peer-reviewed curated experimental irritation dataset,https://doi.org/10.1289/EHP9341,"[""eye:CpId:2967""]","[""explicit_curated_experimental_outcome_0"", ""absence_of_hazard_statement_not_used"", ""defined_single_structure"", ""exact_identity_deduplicated"", ""current_strong_conflicts_excluded"", ""external_holdout_quarantined"", ""publication_dataset_oecd_405_curation""]",peer_reviewed_curated_experimental_negative,0.9,experimental,"OECD TG 405 experimental eye irritation, curated at dataset level",not irritating / not classified (curated Outcome=0),not_reported_per_record_in_public_sdf,eye:CpId:2967,03dc5888f0859ddcc1b694e186bb2137229ea571e3db56572205f482794de03d,https://github.com/joyvb/stoptox,6ba3a7f82ab9fda8534f120114a566eec296e8ae,"InChI=1S/C26H36O3/c1-26-15-14-21-20-10-8-19(27)16-18(20)7-9-22(21)23(26)11-12-24(26)29-25(28)13-6-17-4-2-3-5-17/h8,10,16-17,21-24,27H,2-7,9,11-15H2,1H3"
CCCCCCOCCO,0,112-25-4,UPGSWASWQBLSKZ-UHFFFAOYSA-N,112-25-4,STopTox peer-reviewed curated experimental irritation dataset,https://doi.org/10.1289/EHP9341,"[""eye:CpId:799""]","[""explicit_curated_experimental_outcome_0"", ""absence_of_hazard_statement_not_used"", ""defined_single_structure"", ""exact_identity_deduplicated"", ""current_strong_conflicts_excluded"", ""external_holdout_quarantined"", ""publication_dataset_oecd_405_curation""]",peer_reviewed_curated_experimental_negative,0.9,experimental,"OECD TG 405 experimental eye irritation, curated at dataset level",not irritating / not classified (curated Outcome=0),not_reported_per_record_in_public_sdf,eye:CpId:799,03dc5888f0859ddcc1b694e186bb2137229ea571e3db56572205f482794de03d,https://github.com/joyvb/stoptox,6ba3a7f82ab9fda8534f120114a566eec296e8ae,UPGSWASWQBLSKZ-UHFFFAOYSA-N
O=C=Nc1ccc(Cc2ccc(N=C=O)cc2)cc1,0,101-68-8,UPMLOUAZCHDJJD-UHFFFAOYSA-N,101-68-8,STopTox peer-reviewed curated experimental irritation dataset,https://doi.org/10.1289/EHP9341,"[""eye:CpId:800""]","[""explicit_curated_experimental_outcome_0"", ""absence_of_hazard_statement_not_used"", ""defined_single_structure"", ""exact_identity_deduplicated"", ""current_strong_conflicts_excluded"", ""external_holdout_quarantined"", ""publication_dataset_oecd_405_curation""]",peer_reviewed_curated_experimental_negative,0.9,experimental,"OECD TG 405 experimental eye irritation, curated at dataset level",not irritating / not classified (curated Outcome=0),not_reported_per_record_in_public_sdf,eye:CpId:800,03dc5888f0859ddcc1b694e186bb2137229ea571e3db56572205f482794de03d,https://github.com/joyvb/stoptox,6ba3a7f82ab9fda8534f120114a566eec296e8ae,UPMLOUAZCHDJJD-UHFFFAOYSA-N
Nc1nc(N)c(-c2ccccc2)s1,0,490-55-1,UPOYFZYFGWBUKL-UHFFFAOYSA-N,490-55-1,STopTox peer-reviewed curated experimental irritation dataset,https://doi.org/10.1289/EHP9341,"[""eye:CpId:2972""]","[""explicit_curated_experimental_outcome_0"", ""absence_of_hazard_statement_not_used"", ""defined_single_structure"", ""exact_identity_deduplicated"", ""current_strong_conflicts_excluded"", ""external_holdout_quarantined"", ""publication_dataset_oecd_405_curation""]",peer_reviewed_curated_experimental_negative,0.9,experimental,"OECD TG 405 experimental eye irritation, curated at dataset level",not irritating / not classified (curated Outcome=0),not_reported_per_record_in_public_sdf,eye:CpId:2972,03dc5888f0859ddcc1b694e186bb2137229ea571e3db56572205f482794de03d,https://github.com/joyvb/stoptox,6ba3a7f82ab9fda8534f120114a566eec296e8ae,"InChI=1S/C9H9N3S/c10-8-7(13-9(11)12-8)6-4-2-1-3-5-6/h1-5H,10H2,(H2,11,12)"
CCC(C)Br,0,78-76-2,UPSXAPQYNGXVBF-UHFFFAOYSA-N,78-76-2,STopTox peer-reviewed curated experimental irritation dataset,https://doi.org/10.1289/EHP9341,"[""eye:CpId:2974""]","[""explicit_curated_experimental_outcome_0"", ""absence_of_hazard_statement_not_used"", ""defined_single_structure"", ""exact_identity_deduplicated"", ""current_strong_conflicts_excluded"", ""external_holdout_quarantined"", ""publication_dataset_oecd_405_curation""]",peer_reviewed_curated_experimental_negative,0.9,experimental,"OECD TG 405 experimental eye irritation, curated at dataset level",not irritating / not classified (curated Outcome=0),not_reported_per_record_in_public_sdf,eye:CpId:2974,03dc5888f0859ddcc1b694e186bb2137229ea571e3db56572205f482794de03d,https://github.com/joyvb/stoptox,6ba3a7f82ab9fda8534f120114a566eec296e8ae,"InChI=1S/C4H9Br/c1-3-4(2)5/h4H,3H2,1-2H3"
CCCCCCCCCCCC(=O)OC,0,111-82-0,UQDUPQYQJKYHQI-UHFFFAOYSA-N,111-82-0,STopTox peer-reviewed curated experimental irritation dataset,https://doi.org/10.1289/EHP9341,"[""eye:CpId:801""]","[""explicit_curated_experimental_outcome_0"", ""absence_of_hazard_statement_not_used"", ""defined_single_structure"", ""exact_identity_deduplicated"", ""current_strong_conflicts_excluded"", ""external_holdout_quarantined"", ""publication_dataset_oecd_405_curation""]",peer_reviewed_curated_experimental_negative,0.9,experimental,"OECD TG 405 experimental eye irritation, curated at dataset level",not irritating / not classified (curated Outcome=0),not_reported_per_record_in_public_sdf,eye:CpId:801,03dc5888f0859ddcc1b694e186bb2137229ea571e3db56572205f482794de03d,https://github.com/joyvb/stoptox,6ba3a7f82ab9fda8534f120114a566eec296e8ae,UQDUPQYQJKYHQI-UHFFFAOYSA-N
C[Si](C)(C)O[Si](C)(C)C,0,107-46-0,UQEAIHBTYFGYIE-UHFFFAOYSA-N,107-46-0,STopTox peer-reviewed curated experimental irritation dataset,https://doi.org/10.1289/EHP9341,"[""eye:CpId:802""]","[""explicit_curated_experimental_outcome_0"", ""absence_of_hazard_statement_not_used"", ""defined_single_structure"", ""exact_identity_deduplicated"", ""current_strong_conflicts_excluded"", ""external_holdout_quarantined"", ""publication_dataset_oecd_405_curation""]",peer_reviewed_curated_experimental_negative,0.9,experimental,"OECD TG 405 experimental eye irritation, curated at dataset level",not irritating / not classified (curated Outcome=0),not_reported_per_record_in_public_sdf,eye:CpId:802,03dc5888f0859ddcc1b694e186bb2137229ea571e3db56572205f482794de03d,https://github.com/joyvb/stoptox,6ba3a7f82ab9fda8534f120114a566eec296e8ae,UQEAIHBTYFGYIE-UHFFFAOYSA-N
CCCCCCC(=O)OCC(CC)(COC(=O)CCCCCC)COC(=O)CCCCCC,0,78-16-0,UQJDVLPHTXQTRP-UHFFFAOYSA-N,78-16-0,STopTox peer-reviewed curated experimental irritation dataset,https://doi.org/10.1289/EHP9341,"[""eye:CpId:803""]","[""explicit_curated_experimental_outcome_0"", ""absence_of_hazard_statement_not_used"", ""defined_single_structure"", ""exact_identity_deduplicated"", ""current_strong_conflicts_excluded"", ""external_holdout_quarantined"", ""publication_dataset_oecd_405_curation""]",peer_reviewed_curated_experimental_negative,0.9,experimental,"OECD TG 405 experimental eye irritation, curated at dataset level",not irritating / not classified (curated Outcome=0),not_reported_per_record_in_public_sdf,eye:CpId:803,03dc5888f0859ddcc1b694e186bb2137229ea571e3db56572205f482794de03d,https://github.com/joyvb/stoptox,6ba3a7f82ab9fda8534f120114a566eec296e8ae,UQJDVLPHTXQTRP-UHFFFAOYSA-N
CC(=O)OCC(COC(C)=O)OC(C)=O,0,102-76-1,URAYPUMNDPQOKB-UHFFFAOYSA-N,102-76-1,STopTox peer-reviewed curated experimental irritation dataset,https://doi.org/10.1289/EHP9341,"[""eye:CpId:804""]","[""explicit_curated_experimental_outcome_0"", ""absence_of_hazard_statement_not_used"", ""defined_single_structure"", ""exact_identity_deduplicated"", ""current_strong_conflicts_excluded"", ""external_holdout_quarantined"", ""publication_dataset_oecd_405_curation""]",peer_reviewed_curated_experimental_negative,0.9,experimental,"OECD TG 405 experimental eye irritation, curated at dataset level",not irritating / not classified (curated Outcome=0),not_reported_per_record_in_public_sdf,eye:CpId:804,03dc5888f0859ddcc1b694e186bb2137229ea571e3db56572205f482794de03d,https://github.com/joyvb/stoptox,6ba3a7f82ab9fda8534f120114a566eec296e8ae,URAYPUMNDPQOKB-UHFFFAOYSA-N
CCC(=O)C(CC(C)N(C)C)(c1ccccc1)c1ccccc1,0,76-99-3,USSIQXCVUWKGNF-UHFFFAOYSA-N,76-99-3,STopTox peer-reviewed curated experimental irritation dataset,https://doi.org/10.1289/EHP9341,"[""eye:CpId:2988""]","[""explicit_curated_experimental_outcome_0"", ""absence_of_hazard_statement_not_used"", ""defined_single_structure"", ""exact_identity_deduplicated"", ""current_strong_conflicts_excluded"", ""external_holdout_quarantined"", ""publication_dataset_oecd_405_curation""]",peer_reviewed_curated_experimental_negative,0.9,experimental,"OECD TG 405 experimental eye irritation, curated at dataset level",not irritating / not classified (curated Outcome=0),not_reported_per_record_in_public_sdf,eye:CpId:2988,03dc5888f0859ddcc1b694e186bb2137229ea571e3db56572205f482794de03d,https://github.com/joyvb/stoptox,6ba3a7f82ab9fda8534f120114a566eec296e8ae,"InChI=1S/C21H27NO/c1-5-20(23)21(16-17(2)22(3)4,18-12-8-6-9-13-18)19-14-10-7-11-15-19/h6-15,17H,5,16H2,1-4H3"
CC(C)(c1ccc(OCCO)cc1)c1ccc(OCCO)cc1,0,32492-61-8,UUAGPGQUHZVJBQ-UHFFFAOYSA-N,32492-61-8,STopTox peer-reviewed curated experimental irritation dataset,https://doi.org/10.1289/EHP9341,"[""eye:CpId:807""]","[""explicit_curated_experimental_outcome_0"", ""absence_of_hazard_statement_not_used"", ""defined_single_structure"", ""exact_identity_deduplicated"", ""current_strong_conflicts_excluded"", ""external_holdout_quarantined"", ""publication_dataset_oecd_405_curation""]",peer_reviewed_curated_experimental_negative,0.9,experimental,"OECD TG 405 experimental eye irritation, curated at dataset level",not irritating / not classified (curated Outcome=0),not_reported_per_record_in_public_sdf,eye:CpId:807,03dc5888f0859ddcc1b694e186bb2137229ea571e3db56572205f482794de03d,https://github.com/joyvb/stoptox,6ba3a7f82ab9fda8534f120114a566eec296e8ae,UUAGPGQUHZVJBQ-UHFFFAOYSA-N
CO[Si](CCCS)(OC)OC,0,4420-74-0,UUEWCQRISZBELL-UHFFFAOYSA-N,4420-74-0,STopTox peer-reviewed curated experimental irritation dataset,https://doi.org/10.1289/EHP9341,"[""eye:CpId:2990""]","[""explicit_curated_experimental_outcome_0"", ""absence_of_hazard_statement_not_used"", ""defined_single_structure"", ""exact_identity_deduplicated"", ""current_strong_conflicts_excluded"", ""external_holdout_quarantined"", ""publication_dataset_oecd_405_curation""]",peer_reviewed_curated_experimental_negative,0.9,experimental,"OECD TG 405 experimental eye irritation, curated at dataset level",not irritating / not classified (curated Outcome=0),not_reported_per_record_in_public_sdf,eye:CpId:2990,03dc5888f0859ddcc1b694e186bb2137229ea571e3db56572205f482794de03d,https://github.com/joyvb/stoptox,6ba3a7f82ab9fda8534f120114a566eec296e8ae,"InChI=1S/C6H16O3SSi/c1-7-11(8-2,9-3)6-4-5-10/h10H,4-6H2,1-3H3"
CCC(C(=O)O)c1ccc(CC(C)C)cc1,0,55837-18-8,UULSXYSSHHRCQK-UHFFFAOYSA-N,55837-18-8,STopTox peer-reviewed curated experimental irritation dataset,https://doi.org/10.1289/EHP9341,"[""eye:CpId:2991""]","[""explicit_curated_experimental_outcome_0"", ""absence_of_hazard_statement_not_used"", ""defined_single_structure"", ""exact_identity_deduplicated"", ""current_strong_conflicts_excluded"", ""external_holdout_quarantined"", ""publication_dataset_oecd_405_curation""]",peer_reviewed_curated_experimental_negative,0.9,experimental,"OECD TG 405 experimental eye irritation, curated at dataset level",not irritating / not classified (curated Outcome=0),not_reported_per_record_in_public_sdf,eye:CpId:2991,03dc5888f0859ddcc1b694e186bb2137229ea571e3db56572205f482794de03d,https://github.com/joyvb/stoptox,6ba3a7f82ab9fda8534f120114a566eec296e8ae,"InChI=1S/C14H20O2/c1-4-13(14(15)16)12-7-5-11(6-8-12)9-10(2)3/h5-8,10,13H,4,9H2,1-3H3,(H,15,16)"
CNCCc1ccccn1,0,5638-76-6,UUQMNUMQCIQDMZ-UHFFFAOYSA-N,5638-76-6,STopTox peer-reviewed curated experimental irritation dataset,https://doi.org/10.1289/EHP9341,"[""eye:CpId:2993""]","[""explicit_curated_experimental_outcome_0"", ""absence_of_hazard_statement_not_used"", ""defined_single_structure"", ""exact_identity_deduplicated"", ""current_strong_conflicts_excluded"", ""external_holdout_quarantined"", ""publication_dataset_oecd_405_curation""]",peer_reviewed_curated_experimental_negative,0.9,experimental,"OECD TG 405 experimental eye irritation, curated at dataset level",not irritating / not classified (curated Outcome=0),not_reported_per_record_in_public_sdf,eye:CpId:2993,03dc5888f0859ddcc1b694e186bb2137229ea571e3db56572205f482794de03d,https://github.com/joyvb/stoptox,6ba3a7f82ab9fda8534f120114a566eec296e8ae,"InChI=1S/C8H12N2/c1-9-7-5-8-4-2-3-6-10-8/h2-4,6,9H,5,7H2,1H3"
CN(C)c1nc(N(C)C)nc(N(C)C)n1,0,645-05-6,UUVWYPNAQBNQJQ-UHFFFAOYSA-N,645-05-6,STopTox peer-reviewed curated experimental irritation dataset,https://doi.org/10.1289/EHP9341,"[""eye:CpId:2994""]","[""explicit_curated_experimental_outcome_0"", ""absence_of_hazard_statement_not_used"", ""defined_single_structure"", ""exact_identity_deduplicated"", ""current_strong_conflicts_excluded"", ""external_holdout_quarantined"", ""publication_dataset_oecd_405_curation""]",peer_reviewed_curated_experimental_negative,0.9,experimental,"OECD TG 405 experimental eye irritation, curated at dataset level",not irritating / not classified (curated Outcome=0),not_reported_per_record_in_public_sdf,eye:CpId:2994,03dc5888f0859ddcc1b694e186bb2137229ea571e3db56572205f482794de03d,https://github.com/joyvb/stoptox,6ba3a7f82ab9fda8534f120114a566eec296e8ae,InChI=1S/C9H18N6/c1-13(2)7-10-8(14(3)4)12-9(11-7)15(5)6/h1-6H3
CN1CCN(C(c2ccccc2)c2ccccc2)CC1,0,82-92-8,UVKZSORBKUEBAZ-UHFFFAOYSA-N,82-92-8,STopTox peer-reviewed curated experimental irritation dataset,https://doi.org/10.1289/EHP9341,"[""eye:CpId:2997""]","[""explicit_curated_experimental_outcome_0"", ""absence_of_hazard_statement_not_used"", ""defined_single_structure"", ""exact_identity_deduplicated"", ""current_strong_conflicts_excluded"", ""external_holdout_quarantined"", ""publication_dataset_oecd_405_curation""]",peer_reviewed_curated_experimental_negative,0.9,experimental,"OECD TG 405 experimental eye irritation, curated at dataset level",not irritating / not classified (curated Outcome=0),not_reported_per_record_in_public_sdf,eye:CpId:2997,03dc5888f0859ddcc1b694e186bb2137229ea571e3db56572205f482794de03d,https://github.com/joyvb/stoptox,6ba3a7f82ab9fda8534f120114a566eec296e8ae,"InChI=1S/C18H22N2/c1-19-12-14-20(15-13-19)18(16-8-4-2-5-9-16)17-10-6-3-7-11-17/h2-11,18H,12-15H2,1H3"
OCCOCCOCCOCCO,0,112-60-7,UWHCKJMYHZGTIT-UHFFFAOYSA-N,112-60-7,STopTox peer-reviewed curated experimental irritation dataset,https://doi.org/10.1289/EHP9341,"[""eye:CpId:810""]","[""explicit_curated_experimental_outcome_0"", ""absence_of_hazard_statement_not_used"", ""defined_single_structure"", ""exact_identity_deduplicated"", ""current_strong_conflicts_excluded"", ""external_holdout_quarantined"", ""publication_dataset_oecd_405_curation""]",peer_reviewed_curated_experimental_negative,0.9,experimental,"OECD TG 405 experimental eye irritation, curated at dataset level",not irritating / not classified (curated Outcome=0),not_reported_per_record_in_public_sdf,eye:CpId:810,03dc5888f0859ddcc1b694e186bb2137229ea571e3db56572205f482794de03d,https://github.com/joyvb/stoptox,6ba3a7f82ab9fda8534f120114a566eec296e8ae,UWHCKJMYHZGTIT-UHFFFAOYSA-N
CO[Si](CC(C)CC(C)(C)C)(OC)OC,0,34396-03-7,UWSYCPWEBZRZNJ-UHFFFAOYSA-N,34396-03-7,STopTox peer-reviewed curated experimental irritation dataset,https://doi.org/10.1289/EHP9341,"[""eye:CpId:811""]","[""explicit_curated_experimental_outcome_0"", ""absence_of_hazard_statement_not_used"", ""defined_single_structure"", ""exact_identity_deduplicated"", ""current_strong_conflicts_excluded"", ""external_holdout_quarantined"", ""publication_dataset_oecd_405_curation""]",peer_reviewed_curated_experimental_negative,0.9,experimental,"OECD TG 405 experimental eye irritation, curated at dataset level",not irritating / not classified (curated Outcome=0),not_reported_per_record_in_public_sdf,eye:CpId:811,03dc5888f0859ddcc1b694e186bb2137229ea571e3db56572205f482794de03d,https://github.com/joyvb/stoptox,6ba3a7f82ab9fda8534f120114a566eec296e8ae,UWSYCPWEBZRZNJ-UHFFFAOYSA-N
Oc1c(I)cc(I)c2cccnc12,0,83-73-8,UXZFQZANDVDGMM-UHFFFAOYSA-N,83-73-8,STopTox peer-reviewed curated experimental irritation dataset,https://doi.org/10.1289/EHP9341,"[""eye:CpId:812""]","[""explicit_curated_experimental_outcome_0"", ""absence_of_hazard_statement_not_used"", ""defined_single_structure"", ""exact_identity_deduplicated"", ""current_strong_conflicts_excluded"", ""external_holdout_quarantined"", ""publication_dataset_oecd_405_curation""]",peer_reviewed_curated_experimental_negative,0.9,experimental,"OECD TG 405 experimental eye irritation, curated at dataset level",not irritating / not classified (curated Outcome=0),not_reported_per_record_in_public_sdf,eye:CpId:812,03dc5888f0859ddcc1b694e186bb2137229ea571e3db56572205f482794de03d,https://github.com/joyvb/stoptox,6ba3a7f82ab9fda8534f120114a566eec296e8ae,UXZFQZANDVDGMM-UHFFFAOYSA-N
CCCCCCCCOS(=O)(=O)O,0,142-31-4,UZZYXUGECOQHPU-UHFFFAOYSA-N,142-31-4,STopTox peer-reviewed curated experimental irritation dataset,https://doi.org/10.1289/EHP9341,"[""eye:CpId:814""]","[""explicit_curated_experimental_outcome_0"", ""absence_of_hazard_statement_not_used"", ""defined_single_structure"", ""exact_identity_deduplicated"", ""current_strong_conflicts_excluded"", ""external_holdout_quarantined"", ""publication_dataset_oecd_405_curation""]",peer_reviewed_curated_experimental_negative,0.9,experimental,"OECD TG 405 experimental eye irritation, curated at dataset level",not irritating / not classified (curated Outcome=0),not_reported_per_record_in_public_sdf,eye:CpId:814,03dc5888f0859ddcc1b694e186bb2137229ea571e3db56572205f482794de03d,https://github.com/joyvb/stoptox,6ba3a7f82ab9fda8534f120114a566eec296e8ae,UZZYXUGECOQHPU-UHFFFAOYSA-M
CCCCCCCCCCCCCCCCCC(=O)OCC(O)CO,0,31566-31-1,VBICKXHEKHSIBG-UHFFFAOYSA-N,31566-31-1,STopTox peer-reviewed curated experimental irritation dataset,https://doi.org/10.1289/EHP9341,"[""eye:CpId:3016""]","[""explicit_curated_experimental_outcome_0"", ""absence_of_hazard_statement_not_used"", ""defined_single_structure"", ""exact_identity_deduplicated"", ""current_strong_conflicts_excluded"", ""external_holdout_quarantined"", ""publication_dataset_oecd_405_curation""]",peer_reviewed_curated_experimental_negative,0.9,experimental,"OECD TG 405 experimental eye irritation, curated at dataset level",not irritating / not classified (curated Outcome=0),not_reported_per_record_in_public_sdf,eye:CpId:3016,03dc5888f0859ddcc1b694e186bb2137229ea571e3db56572205f482794de03d,https://github.com/joyvb/stoptox,6ba3a7f82ab9fda8534f120114a566eec296e8ae,"InChI=1S/C21H42O4/c1-2-3-4-5-6-7-8-9-10-11-12-13-14-15-16-17-21(24)25-19-20(23)18-22/h20,22-23H,2-19H2,1H3"
Oc1ccc(-c2ccc(O)cc2)cc1,0,92-88-6,VCCBEIPGXKNHFW-UHFFFAOYSA-N,92-88-6,STopTox peer-reviewed curated experimental irritation dataset,https://doi.org/10.1289/EHP9341,"[""eye:CpId:817""]","[""explicit_curated_experimental_outcome_0"", ""absence_of_hazard_statement_not_used"", ""defined_single_structure"", ""exact_identity_deduplicated"", ""current_strong_conflicts_excluded"", ""external_holdout_quarantined"", ""publication_dataset_oecd_405_curation""]",peer_reviewed_curated_experimental_negative,0.9,experimental,"OECD TG 405 experimental eye irritation, curated at dataset level",not irritating / not classified (curated Outcome=0),not_reported_per_record_in_public_sdf,eye:CpId:817,03dc5888f0859ddcc1b694e186bb2137229ea571e3db56572205f482794de03d,https://github.com/joyvb/stoptox,6ba3a7f82ab9fda8534f120114a566eec296e8ae,VCCBEIPGXKNHFW-UHFFFAOYSA-N
CC(CC(C)(C)C)CC(C)(C)CC(C)(C)C,0,93685-80-4,VCLJODPNBNEBKW-UHFFFAOYSA-N,93685-80-4,STopTox peer-reviewed curated experimental irritation dataset,https://doi.org/10.1289/EHP9341,"[""eye:CpId:818""]","[""explicit_curated_experimental_outcome_0"", ""absence_of_hazard_statement_not_used"", ""defined_single_structure"", ""exact_identity_deduplicated"", ""current_strong_conflicts_excluded"", ""external_holdout_quarantined"", ""publication_dataset_oecd_405_curation""]",peer_reviewed_curated_experimental_negative,0.9,experimental,"OECD TG 405 experimental eye irritation, curated at dataset level",not irritating / not classified (curated Outcome=0),not_reported_per_record_in_public_sdf,eye:CpId:818,03dc5888f0859ddcc1b694e186bb2137229ea571e3db56572205f482794de03d,https://github.com/joyvb/stoptox,6ba3a7f82ab9fda8534f120114a566eec296e8ae,VCLJODPNBNEBKW-UHFFFAOYSA-N
O=C(O)CCC(C(=O)O)N(CC(=O)O)CC(=O)O,0,51981-21-6,VCVKIIDXVWEWSZ-UHFFFAOYSA-N,51981-21-6,STopTox peer-reviewed curated experimental irritation dataset,https://doi.org/10.1289/EHP9341,"[""eye:CpId:819""]","[""explicit_curated_experimental_outcome_0"", ""absence_of_hazard_statement_not_used"", ""defined_single_structure"", ""exact_identity_deduplicated"", ""current_strong_conflicts_excluded"", ""external_holdout_quarantined"", ""publication_dataset_oecd_405_curation""]",peer_reviewed_curated_experimental_negative,0.9,experimental,"OECD TG 405 experimental eye irritation, curated at dataset level",not irritating / not classified (curated Outcome=0),not_reported_per_record_in_public_sdf,eye:CpId:819,03dc5888f0859ddcc1b694e186bb2137229ea571e3db56572205f482794de03d,https://github.com/joyvb/stoptox,6ba3a7f82ab9fda8534f120114a566eec296e8ae,VCVKIIDXVWEWSZ-UHFFFAOYSA-J
C=C(C)C(=O)OCCC(C)OC(=O)C(=C)C,0,1189-08-8,VDYWHVQKENANGY-UHFFFAOYSA-N,1189-08-8,STopTox peer-reviewed curated experimental irritation dataset,https://doi.org/10.1289/EHP9341,"[""eye:CpId:820""]","[""explicit_curated_experimental_outcome_0"", ""absence_of_hazard_statement_not_used"", ""defined_single_structure"", ""exact_identity_deduplicated"", ""current_strong_conflicts_excluded"", ""external_holdout_quarantined"", ""publication_dataset_oecd_405_curation""]",peer_reviewed_curated_experimental_negative,0.9,experimental,"OECD TG 405 experimental eye irritation, curated at dataset level",not irritating / not classified (curated Outcome=0),not_reported_per_record_in_public_sdf,eye:CpId:820,03dc5888f0859ddcc1b694e186bb2137229ea571e3db56572205f482794de03d,https://github.com/joyvb/stoptox,6ba3a7f82ab9fda8534f120114a566eec296e8ae,VDYWHVQKENANGY-UHFFFAOYSA-N
CC(C)=CC1C(C(=O)OCc2coc(Cc3ccccc3)c2)C1(C)C,0,10453-86-8,VEMKTZHHVJILDY-UHFFFAOYSA-N,10453-86-8,STopTox peer-reviewed curated experimental irritation dataset,https://doi.org/10.1289/EHP9341,"[""eye:CpId:3029""]","[""explicit_curated_experimental_outcome_0"", ""absence_of_hazard_statement_not_used"", ""defined_single_structure"", ""exact_identity_deduplicated"", ""current_strong_conflicts_excluded"", ""external_holdout_quarantined"", ""publication_dataset_oecd_405_curation""]",peer_reviewed_curated_experimental_negative,0.9,experimental,"OECD TG 405 experimental eye irritation, curated at dataset level",not irritating / not classified (curated Outcome=0),not_reported_per_record_in_public_sdf,eye:CpId:3029,03dc5888f0859ddcc1b694e186bb2137229ea571e3db56572205f482794de03d,https://github.com/joyvb/stoptox,6ba3a7f82ab9fda8534f120114a566eec296e8ae,"InChI=1S/C22H26O3/c1-15(2)10-19-20(22(19,3)4)21(23)25-14-17-12-18(24-13-17)11-16-8-6-5-7-9-16/h5-10,12-13,19-20H,11,14H2,1-4H3"
CO[Si](CCCSCCC[Si](OC)(OC)OC)(OC)OC,0,29055-11-6,VEOWZIOSKBEQFI-UHFFFAOYSA-N,29055-11-6,STopTox peer-reviewed curated experimental irritation dataset,https://doi.org/10.1289/EHP9341,"[""eye:CpId:3031""]","[""explicit_curated_experimental_outcome_0"", ""absence_of_hazard_statement_not_used"", ""defined_single_structure"", ""exact_identity_deduplicated"", ""current_strong_conflicts_excluded"", ""external_holdout_quarantined"", ""publication_dataset_oecd_405_curation""]",peer_reviewed_curated_experimental_negative,0.9,experimental,"OECD TG 405 experimental eye irritation, curated at dataset level",not irritating / not classified (curated Outcome=0),not_reported_per_record_in_public_sdf,eye:CpId:3031,03dc5888f0859ddcc1b694e186bb2137229ea571e3db56572205f482794de03d,https://github.com/joyvb/stoptox,6ba3a7f82ab9fda8534f120114a566eec296e8ae,"InChI=1S/C12H30O6SSi2/c1-13-20(14-2,15-3)11-7-9-19-10-8-12-21(16-4,17-5)18-6/h7-12H2,1-6H3"
CCCCCl,0,109-69-3,VFWCMGCRMGJXDK-UHFFFAOYSA-N,109-69-3,STopTox peer-reviewed curated experimental irritation dataset,https://doi.org/10.1289/EHP9341,"[""eye:CpId:825""]","[""explicit_curated_experimental_outcome_0"", ""absence_of_hazard_statement_not_used"", ""defined_single_structure"", ""exact_identity_deduplicated"", ""current_strong_conflicts_excluded"", ""external_holdout_quarantined"", ""publication_dataset_oecd_405_curation""]",peer_reviewed_curated_experimental_negative,0.9,experimental,"OECD TG 405 experimental eye irritation, curated at dataset level",not irritating / not classified (curated Outcome=0),not_reported_per_record_in_public_sdf,eye:CpId:825,03dc5888f0859ddcc1b694e186bb2137229ea571e3db56572205f482794de03d,https://github.com/joyvb/stoptox,6ba3a7f82ab9fda8534f120114a566eec296e8ae,VFWCMGCRMGJXDK-UHFFFAOYSA-N
CCC(=O)OCc1ccccc1,0,122-63-4,VHOMAPWVLKRQAZ-UHFFFAOYSA-N,122-63-4,STopTox peer-reviewed curated experimental irritation dataset,https://doi.org/10.1289/EHP9341,"[""eye:CpId:827""]","[""explicit_curated_experimental_outcome_0"", ""absence_of_hazard_statement_not_used"", ""defined_single_structure"", ""exact_identity_deduplicated"", ""current_strong_conflicts_excluded"", ""external_holdout_quarantined"", ""publication_dataset_oecd_405_curation""]",peer_reviewed_curated_experimental_negative,0.9,experimental,"OECD TG 405 experimental eye irritation, curated at dataset level",not irritating / not classified (curated Outcome=0),not_reported_per_record_in_public_sdf,eye:CpId:827,03dc5888f0859ddcc1b694e186bb2137229ea571e3db56572205f482794de03d,https://github.com/joyvb/stoptox,6ba3a7f82ab9fda8534f120114a566eec296e8ae,VHOMAPWVLKRQAZ-UHFFFAOYSA-N
C#CC1(O)CCC2C3CCC4=CC(=O)CCC4C3CCC21C,0,68-22-4,VIKNJXKGJWUCNN-UHFFFAOYSA-N,68-22-4,STopTox peer-reviewed curated experimental irritation dataset,https://doi.org/10.1289/EHP9341,"[""eye:CpId:3052""]","[""explicit_curated_experimental_outcome_0"", ""absence_of_hazard_statement_not_used"", ""defined_single_structure"", ""exact_identity_deduplicated"", ""current_strong_conflicts_excluded"", ""external_holdout_quarantined"", ""publication_dataset_oecd_405_curation""]",peer_reviewed_curated_experimental_negative,0.9,experimental,"OECD TG 405 experimental eye irritation, curated at dataset level",not irritating / not classified (curated Outcome=0),not_reported_per_record_in_public_sdf,eye:CpId:3052,03dc5888f0859ddcc1b694e186bb2137229ea571e3db56572205f482794de03d,https://github.com/joyvb/stoptox,6ba3a7f82ab9fda8534f120114a566eec296e8ae,"InChI=1S/C20H26O2/c1-3-20(22)11-9-18-17-6-4-13-12-14(21)5-7-15(13)16(17)8-10-19(18,20)2/h1,12,15-18,22H,4-11H2,2H3"
C=C(C)C(=O)OCCOc1ccc(C(C)(C)c2ccc(OCCOC(=O)C(=C)C)cc2)cc1,0,41637-38-1,VIYWVRIBDZTTMH-UHFFFAOYSA-N,41637-38-1,STopTox peer-reviewed curated experimental irritation dataset,https://doi.org/10.1289/EHP9341,"[""eye:CpId:828""]","[""explicit_curated_experimental_outcome_0"", ""absence_of_hazard_statement_not_used"", ""defined_single_structure"", ""exact_identity_deduplicated"", ""current_strong_conflicts_excluded"", ""external_holdout_quarantined"", ""publication_dataset_oecd_405_curation""]",peer_reviewed_curated_experimental_negative,0.9,experimental,"OECD TG 405 experimental eye irritation, curated at dataset level",not irritating / not classified (curated Outcome=0),not_reported_per_record_in_public_sdf,eye:CpId:828,03dc5888f0859ddcc1b694e186bb2137229ea571e3db56572205f482794de03d,https://github.com/joyvb/stoptox,6ba3a7f82ab9fda8534f120114a566eec296e8ae,VIYWVRIBDZTTMH-UHFFFAOYSA-N
CCOC(=O)CCCCC(=O)OCC,0,141-28-6,VIZORQUEIQEFRT-UHFFFAOYSA-N,141-28-6,STopTox peer-reviewed curated experimental irritation dataset,https://doi.org/10.1289/EHP9341,"[""eye:CpId:3055""]","[""explicit_curated_experimental_outcome_0"", ""absence_of_hazard_statement_not_used"", ""defined_single_structure"", ""exact_identity_deduplicated"", ""current_strong_conflicts_excluded"", ""external_holdout_quarantined"", ""publication_dataset_oecd_405_curation""]",peer_reviewed_curated_experimental_negative,0.9,experimental,"OECD TG 405 experimental eye irritation, curated at dataset level",not irritating / not classified (curated Outcome=0),not_reported_per_record_in_public_sdf,eye:CpId:3055,03dc5888f0859ddcc1b694e186bb2137229ea571e3db56572205f482794de03d,https://github.com/joyvb/stoptox,6ba3a7f82ab9fda8534f120114a566eec296e8ae,"InChI=1S/C10H18O4/c1-3-13-9(11)7-5-6-8-10(12)14-4-2/h3-8H2,1-2H3"
O=C(O)CCCC=CCC1C(O)CC(O)C1C=CC(O)COc1cccc(Cl)c1,0,40665-92-7,VJGGHXVGBSZVMZ-UHFFFAOYSA-N,40665-92-7,STopTox peer-reviewed curated experimental irritation dataset,https://doi.org/10.1289/EHP9341,"[""eye:CpId:3056""]","[""explicit_curated_experimental_outcome_0"", ""absence_of_hazard_statement_not_used"", ""defined_single_structure"", ""exact_identity_deduplicated"", ""current_strong_conflicts_excluded"", ""external_holdout_quarantined"", ""publication_dataset_oecd_405_curation""]",peer_reviewed_curated_experimental_negative,0.9,experimental,"OECD TG 405 experimental eye irritation, curated at dataset level",not irritating / not classified (curated Outcome=0),not_reported_per_record_in_public_sdf,eye:CpId:3056,03dc5888f0859ddcc1b694e186bb2137229ea571e3db56572205f482794de03d,https://github.com/joyvb/stoptox,6ba3a7f82ab9fda8534f120114a566eec296e8ae,"InChI=1S/C22H29ClO6/c23-15-6-5-7-17(12-15)29-14-16(24)10-11-19-18(20(25)13-21(19)26)8-3-1-2-4-9-22(27)28/h1,3,5-7,10-12,16,18-21,24-26H,2,4,8-9,13-14H2,(H,27,28)"
CCCCC(CC)COC(=O)CCCCCCCCC(=O)OCC(CC)CCCC,0,122-62-3,VJHINFRRDQUWOJ-UHFFFAOYSA-N,122-62-3,STopTox peer-reviewed curated experimental irritation dataset,https://doi.org/10.1289/EHP9341,"[""eye:CpId:829""]","[""explicit_curated_experimental_outcome_0"", ""absence_of_hazard_statement_not_used"", ""defined_single_structure"", ""exact_identity_deduplicated"", ""current_strong_conflicts_excluded"", ""external_holdout_quarantined"", ""publication_dataset_oecd_405_curation""]",peer_reviewed_curated_experimental_negative,0.9,experimental,"OECD TG 405 experimental eye irritation, curated at dataset level",not irritating / not classified (curated Outcome=0),not_reported_per_record_in_public_sdf,eye:CpId:829,03dc5888f0859ddcc1b694e186bb2137229ea571e3db56572205f482794de03d,https://github.com/joyvb/stoptox,6ba3a7f82ab9fda8534f120114a566eec296e8ae,VJHINFRRDQUWOJ-UHFFFAOYSA-N
CCCCCC(O)C=CC1C(O)CC2(C)CC(=CCCCC(=O)O)CC12,0,81845-44-5,VKPYUUBEDXIQIB-UHFFFAOYSA-N,81845-44-5,STopTox peer-reviewed curated experimental irritation dataset,https://doi.org/10.1289/EHP9341,"[""eye:CpId:3060""]","[""explicit_curated_experimental_outcome_0"", ""absence_of_hazard_statement_not_used"", ""defined_single_structure"", ""exact_identity_deduplicated"", ""current_strong_conflicts_excluded"", ""external_holdout_quarantined"", ""publication_dataset_oecd_405_curation""]",peer_reviewed_curated_experimental_negative,0.9,experimental,"OECD TG 405 experimental eye irritation, curated at dataset level",not irritating / not classified (curated Outcome=0),not_reported_per_record_in_public_sdf,eye:CpId:3060,03dc5888f0859ddcc1b694e186bb2137229ea571e3db56572205f482794de03d,https://github.com/joyvb/stoptox,6ba3a7f82ab9fda8534f120114a566eec296e8ae,"InChI=1S/C22H36O4/c1-3-4-5-9-17(23)11-12-18-19-13-16(8-6-7-10-21(25)26)14-22(19,2)15-20(18)24/h8,11-12,17-20,23-24H,3-7,9-10,13-15H2,1-2H3,(H,25,26)"
CCCC(C)CC,0,589-34-4  589-34-4,VLJXXKKOSFGPHI-UHFFFAOYSA-N,589-34-4  589-34-4,STopTox peer-reviewed curated experimental irritation dataset,https://doi.org/10.1289/EHP9341,"[""eye:CpId:3061""]","[""explicit_curated_experimental_outcome_0"", ""absence_of_hazard_statement_not_used"", ""defined_single_structure"", ""exact_identity_deduplicated"", ""current_strong_conflicts_excluded"", ""external_holdout_quarantined"", ""publication_dataset_oecd_405_curation""]",peer_reviewed_curated_experimental_negative,0.9,experimental,"OECD TG 405 experimental eye irritation, curated at dataset level",not irritating / not classified (curated Outcome=0),not_reported_per_record_in_public_sdf,eye:CpId:3061,03dc5888f0859ddcc1b694e186bb2137229ea571e3db56572205f482794de03d,https://github.com/joyvb/stoptox,6ba3a7f82ab9fda8534f120114a566eec296e8ae,"InChI=1S/C7H16/c1-4-6-7(3)5-2/h7H,4-6H2,1-3H3"
CCCCCCCCCCCCCOC(=O)c1ccccc1O,0,19666-16-1,VLMWBWYAHNRUGC-UHFFFAOYSA-N,19666-16-1,STopTox peer-reviewed curated experimental irritation dataset,https://doi.org/10.1289/EHP9341,"[""eye:CpId:3062""]","[""explicit_curated_experimental_outcome_0"", ""absence_of_hazard_statement_not_used"", ""defined_single_structure"", ""exact_identity_deduplicated"", ""current_strong_conflicts_excluded"", ""external_holdout_quarantined"", ""publication_dataset_oecd_405_curation""]",peer_reviewed_curated_experimental_negative,0.9,experimental,"OECD TG 405 experimental eye irritation, curated at dataset level",not irritating / not classified (curated Outcome=0),not_reported_per_record_in_public_sdf,eye:CpId:3062,03dc5888f0859ddcc1b694e186bb2137229ea571e3db56572205f482794de03d,https://github.com/joyvb/stoptox,6ba3a7f82ab9fda8534f120114a566eec296e8ae,"InChI=1S/C20H32O3/c1-2-3-4-5-6-7-8-9-10-11-14-17-23-20(22)18-15-12-13-16-19(18)21/h12-13,15-16,21H,2-11,14,17H2,1H3"
Cc1cccc(C)c1OCC(C)N,0,31828-71-4,VLPIATFUUWWMKC-UHFFFAOYSA-N,31828-71-4,STopTox peer-reviewed curated experimental irritation dataset,https://doi.org/10.1289/EHP9341,"[""eye:CpId:3063""]","[""explicit_curated_experimental_outcome_0"", ""absence_of_hazard_statement_not_used"", ""defined_single_structure"", ""exact_identity_deduplicated"", ""current_strong_conflicts_excluded"", ""external_holdout_quarantined"", ""publication_dataset_oecd_405_curation""]",peer_reviewed_curated_experimental_negative,0.9,experimental,"OECD TG 405 experimental eye irritation, curated at dataset level",not irritating / not classified (curated Outcome=0),not_reported_per_record_in_public_sdf,eye:CpId:3063,03dc5888f0859ddcc1b694e186bb2137229ea571e3db56572205f482794de03d,https://github.com/joyvb/stoptox,6ba3a7f82ab9fda8534f120114a566eec296e8ae,"InChI=1S/C11H17NO/c1-8-5-4-6-9(2)11(8)13-7-10(3)12/h4-6,10H,7,12H2,1-3H3"
CC(C=O)=Cc1ccccc1,0,101-39-3,VLUMOWNVWOXZAU-UHFFFAOYSA-N,101-39-3,STopTox peer-reviewed curated experimental irritation dataset,https://doi.org/10.1289/EHP9341,"[""eye:CpId:833""]","[""explicit_curated_experimental_outcome_0"", ""absence_of_hazard_statement_not_used"", ""defined_single_structure"", ""exact_identity_deduplicated"", ""current_strong_conflicts_excluded"", ""external_holdout_quarantined"", ""publication_dataset_oecd_405_curation""]",peer_reviewed_curated_experimental_negative,0.9,experimental,"OECD TG 405 experimental eye irritation, curated at dataset level",not irritating / not classified (curated Outcome=0),not_reported_per_record_in_public_sdf,eye:CpId:833,03dc5888f0859ddcc1b694e186bb2137229ea571e3db56572205f482794de03d,https://github.com/joyvb/stoptox,6ba3a7f82ab9fda8534f120114a566eec296e8ae,VLUMOWNVWOXZAU-CLFYSBASSA-N
C=C(C)C(=O)OCCSCC,0,14216-25-2,VMKYTTSJFPJNOS-UHFFFAOYSA-N,14216-25-2,STopTox peer-reviewed curated experimental irritation dataset,https://doi.org/10.1289/EHP9341,"[""eye:CpId:3068""]","[""explicit_curated_experimental_outcome_0"", ""absence_of_hazard_statement_not_used"", ""defined_single_structure"", ""exact_identity_deduplicated"", ""current_strong_conflicts_excluded"", ""external_holdout_quarantined"", ""publication_dataset_oecd_405_curation""]",peer_reviewed_curated_experimental_negative,0.9,experimental,"OECD TG 405 experimental eye irritation, curated at dataset level",not irritating / not classified (curated Outcome=0),not_reported_per_record_in_public_sdf,eye:CpId:3068,03dc5888f0859ddcc1b694e186bb2137229ea571e3db56572205f482794de03d,https://github.com/joyvb/stoptox,6ba3a7f82ab9fda8534f120114a566eec296e8ae,"InChI=1S/C8H14O2S/c1-4-11-6-5-10-8(9)7(2)3/h2,4-6H2,1,3H3"
CCCCCCC(=O)OC1CCC2C3CCC4=CC(=O)CCC4(C)C3CCC12C,0,315-37-7,VOCBWIIFXDYGNZ-UHFFFAOYSA-N,315-37-7,STopTox peer-reviewed curated experimental irritation dataset,https://doi.org/10.1289/EHP9341,"[""eye:CpId:3072""]","[""explicit_curated_experimental_outcome_0"", ""absence_of_hazard_statement_not_used"", ""defined_single_structure"", ""exact_identity_deduplicated"", ""current_strong_conflicts_excluded"", ""external_holdout_quarantined"", ""publication_dataset_oecd_405_curation""]",peer_reviewed_curated_experimental_negative,0.9,experimental,"OECD TG 405 experimental eye irritation, curated at dataset level",not irritating / not classified (curated Outcome=0),not_reported_per_record_in_public_sdf,eye:CpId:3072,03dc5888f0859ddcc1b694e186bb2137229ea571e3db56572205f482794de03d,https://github.com/joyvb/stoptox,6ba3a7f82ab9fda8534f120114a566eec296e8ae,"InChI=1S/C26H40O3/c1-4-5-6-7-8-24(28)29-23-12-11-21-20-10-9-18-17-19(27)13-15-25(18,2)22(20)14-16-26(21,23)3/h17,20-23H,4-16H2,1-3H3"
FC(F)Cl,0,75-45-6,VOPWNXZWBYDODV-UHFFFAOYSA-N,75-45-6,STopTox peer-reviewed curated experimental irritation dataset,https://doi.org/10.1289/EHP9341,"[""eye:CpId:3075""]","[""explicit_curated_experimental_outcome_0"", ""absence_of_hazard_statement_not_used"", ""defined_single_structure"", ""exact_identity_deduplicated"", ""current_strong_conflicts_excluded"", ""external_holdout_quarantined"", ""publication_dataset_oecd_405_curation""]",peer_reviewed_curated_experimental_negative,0.9,experimental,"OECD TG 405 experimental eye irritation, curated at dataset level",not irritating / not classified (curated Outcome=0),not_reported_per_record_in_public_sdf,eye:CpId:3075,03dc5888f0859ddcc1b694e186bb2137229ea571e3db56572205f482794de03d,https://github.com/joyvb/stoptox,6ba3a7f82ab9fda8534f120114a566eec296e8ae,InChI=1S/CHClF2/c2-1(3)4/h1H
CC12CCC3c4ccc(O)cc4CCC3C1CCC2O,0,50-28-2,VOXZDWNPVJITMN-UHFFFAOYSA-N,50-28-2,STopTox peer-reviewed curated experimental irritation dataset,https://doi.org/10.1289/EHP9341,"[""eye:CpId:3076""]","[""explicit_curated_experimental_outcome_0"", ""absence_of_hazard_statement_not_used"", ""defined_single_structure"", ""exact_identity_deduplicated"", ""current_strong_conflicts_excluded"", ""external_holdout_quarantined"", ""publication_dataset_oecd_405_curation""]",peer_reviewed_curated_experimental_negative,0.9,experimental,"OECD TG 405 experimental eye irritation, curated at dataset level",not irritating / not classified (curated Outcome=0),not_reported_per_record_in_public_sdf,eye:CpId:3076,03dc5888f0859ddcc1b694e186bb2137229ea571e3db56572205f482794de03d,https://github.com/joyvb/stoptox,6ba3a7f82ab9fda8534f120114a566eec296e8ae,"InChI=1S/C18H24O2/c1-18-9-8-14-13-5-3-12(19)10-11(13)2-4-15(14)16(18)6-7-17(18)20/h3,5,10,14-17,19-20H,2,4,6-9H2,1H3"
C=CC(=O)OCCC(F)(F)C(F)(F)C(F)(F)C(F)(F)C(F)(F)C(F)(F)F,0,17527-29-6,VPKQPPJQTZJZDB-UHFFFAOYSA-N,17527-29-6,STopTox peer-reviewed curated experimental irritation dataset,https://doi.org/10.1289/EHP9341,"[""eye:CpId:838""]","[""explicit_curated_experimental_outcome_0"", ""absence_of_hazard_statement_not_used"", ""defined_single_structure"", ""exact_identity_deduplicated"", ""current_strong_conflicts_excluded"", ""external_holdout_quarantined"", ""publication_dataset_oecd_405_curation""]",peer_reviewed_curated_experimental_negative,0.9,experimental,"OECD TG 405 experimental eye irritation, curated at dataset level",not irritating / not classified (curated Outcome=0),not_reported_per_record_in_public_sdf,eye:CpId:838,03dc5888f0859ddcc1b694e186bb2137229ea571e3db56572205f482794de03d,https://github.com/joyvb/stoptox,6ba3a7f82ab9fda8534f120114a566eec296e8ae,VPKQPPJQTZJZDB-UHFFFAOYSA-N
O=S(=O)(c1ccc(O)cc1)c1ccc(O)cc1,0,80-09-1,VPWNQTHUCYMVMZ-UHFFFAOYSA-N,80-09-1,STopTox peer-reviewed curated experimental irritation dataset,https://doi.org/10.1289/EHP9341,"[""eye:CpId:839""]","[""explicit_curated_experimental_outcome_0"", ""absence_of_hazard_statement_not_used"", ""defined_single_structure"", ""exact_identity_deduplicated"", ""current_strong_conflicts_excluded"", ""external_holdout_quarantined"", ""publication_dataset_oecd_405_curation""]",peer_reviewed_curated_experimental_negative,0.9,experimental,"OECD TG 405 experimental eye irritation, curated at dataset level",not irritating / not classified (curated Outcome=0),not_reported_per_record_in_public_sdf,eye:CpId:839,03dc5888f0859ddcc1b694e186bb2137229ea571e3db56572205f482794de03d,https://github.com/joyvb/stoptox,6ba3a7f82ab9fda8534f120114a566eec296e8ae,VPWNQTHUCYMVMZ-UHFFFAOYSA-N
CCOCOC1CCCCCCCCCCC1,0,58567-11-6,VQNUNMBDOKEZHS-UHFFFAOYSA-N,58567-11-6,STopTox peer-reviewed curated experimental irritation dataset,https://doi.org/10.1289/EHP9341,"[""eye:CpId:840""]","[""explicit_curated_experimental_outcome_0"", ""absence_of_hazard_statement_not_used"", ""defined_single_structure"", ""exact_identity_deduplicated"", ""current_strong_conflicts_excluded"", ""external_holdout_quarantined"", ""publication_dataset_oecd_405_curation""]",peer_reviewed_curated_experimental_negative,0.9,experimental,"OECD TG 405 experimental eye irritation, curated at dataset level",not irritating / not classified (curated Outcome=0),not_reported_per_record_in_public_sdf,eye:CpId:840,03dc5888f0859ddcc1b694e186bb2137229ea571e3db56572205f482794de03d,https://github.com/joyvb/stoptox,6ba3a7f82ab9fda8534f120114a566eec296e8ae,VQNUNMBDOKEZHS-UHFFFAOYSA-N
CCCc1cc(C(N)=S)ccn1,0,14222-60-7,VRDIULHPQTYCLN-UHFFFAOYSA-N,14222-60-7,STopTox peer-reviewed curated experimental irritation dataset,https://doi.org/10.1289/EHP9341,"[""eye:CpId:3087""]","[""explicit_curated_experimental_outcome_0"", ""absence_of_hazard_statement_not_used"", ""defined_single_structure"", ""exact_identity_deduplicated"", ""current_strong_conflicts_excluded"", ""external_holdout_quarantined"", ""publication_dataset_oecd_405_curation""]",peer_reviewed_curated_experimental_negative,0.9,experimental,"OECD TG 405 experimental eye irritation, curated at dataset level",not irritating / not classified (curated Outcome=0),not_reported_per_record_in_public_sdf,eye:CpId:3087,03dc5888f0859ddcc1b694e186bb2137229ea571e3db56572205f482794de03d,https://github.com/joyvb/stoptox,6ba3a7f82ab9fda8534f120114a566eec296e8ae,"InChI=1S/C9H12N2S/c1-2-3-8-6-7(9(10)12)4-5-11-8/h4-6H,2-3H2,1H3,(H2,10,12)"
CC(=O)Oc1cc(C(C)C)c(OCCN(C)C)cc1C,0,54-32-0,VRYMTAVOXVTQEF-UHFFFAOYSA-N,54-32-0,STopTox peer-reviewed curated experimental irritation dataset,https://doi.org/10.1289/EHP9341,"[""eye:CpId:3089""]","[""explicit_curated_experimental_outcome_0"", ""absence_of_hazard_statement_not_used"", ""defined_single_structure"", ""exact_identity_deduplicated"", ""current_strong_conflicts_excluded"", ""external_holdout_quarantined"", ""publication_dataset_oecd_405_curation""]",peer_reviewed_curated_experimental_negative,0.9,experimental,"OECD TG 405 experimental eye irritation, curated at dataset level",not irritating / not classified (curated Outcome=0),not_reported_per_record_in_public_sdf,eye:CpId:3089,03dc5888f0859ddcc1b694e186bb2137229ea571e3db56572205f482794de03d,https://github.com/joyvb/stoptox,6ba3a7f82ab9fda8534f120114a566eec296e8ae,"InChI=1S/C16H25NO3/c1-11(2)14-10-15(20-13(4)18)12(3)9-16(14)19-8-7-17(5)6/h9-11H,7-8H2,1-6H3"
CC(CC(=O)OOC(C)(C)C)CC(C)(C)C,0,13122-18-4,VSJBBIJIXZVVLQ-UHFFFAOYSA-N,13122-18-4,STopTox peer-reviewed curated experimental irritation dataset,https://doi.org/10.1289/EHP9341,"[""eye:CpId:841""]","[""explicit_curated_experimental_outcome_0"", ""absence_of_hazard_statement_not_used"", ""defined_single_structure"", ""exact_identity_deduplicated"", ""current_strong_conflicts_excluded"", ""external_holdout_quarantined"", ""publication_dataset_oecd_405_curation""]",peer_reviewed_curated_experimental_negative,0.9,experimental,"OECD TG 405 experimental eye irritation, curated at dataset level",not irritating / not classified (curated Outcome=0),not_reported_per_record_in_public_sdf,eye:CpId:841,03dc5888f0859ddcc1b694e186bb2137229ea571e3db56572205f482794de03d,https://github.com/joyvb/stoptox,6ba3a7f82ab9fda8534f120114a566eec296e8ae,VSJBBIJIXZVVLQ-UHFFFAOYSA-N
CCCCCC(C)N,0,123-82-0,VSRBKQFNFZQRBM-UHFFFAOYSA-N,123-82-0,STopTox peer-reviewed curated experimental irritation dataset,https://doi.org/10.1289/EHP9341,"[""eye:CpId:3093""]","[""explicit_curated_experimental_outcome_0"", ""absence_of_hazard_statement_not_used"", ""defined_single_structure"", ""exact_identity_deduplicated"", ""current_strong_conflicts_excluded"", ""external_holdout_quarantined"", ""publication_dataset_oecd_405_curation""]",peer_reviewed_curated_experimental_negative,0.9,experimental,"OECD TG 405 experimental eye irritation, curated at dataset level",not irritating / not classified (curated Outcome=0),not_reported_per_record_in_public_sdf,eye:CpId:3093,03dc5888f0859ddcc1b694e186bb2137229ea571e3db56572205f482794de03d,https://github.com/joyvb/stoptox,6ba3a7f82ab9fda8534f120114a566eec296e8ae,"InChI=1S/C7H17N/c1-3-4-5-6-7(2)8/h7H,3-6,8H2,1-2H3"
CCCN(CC)C(CC)C(=O)Nc1c(C)cccc1C,0,36637-18-0,VTUSIVBDOCDNHS-UHFFFAOYSA-N,36637-18-0,STopTox peer-reviewed curated experimental irritation dataset,https://doi.org/10.1289/EHP9341,"[""eye:CpId:3099""]","[""explicit_curated_experimental_outcome_0"", ""absence_of_hazard_statement_not_used"", ""defined_single_structure"", ""exact_identity_deduplicated"", ""current_strong_conflicts_excluded"", ""external_holdout_quarantined"", ""publication_dataset_oecd_405_curation""]",peer_reviewed_curated_experimental_negative,0.9,experimental,"OECD TG 405 experimental eye irritation, curated at dataset level",not irritating / not classified (curated Outcome=0),not_reported_per_record_in_public_sdf,eye:CpId:3099,03dc5888f0859ddcc1b694e186bb2137229ea571e3db56572205f482794de03d,https://github.com/joyvb/stoptox,6ba3a7f82ab9fda8534f120114a566eec296e8ae,"InChI=1S/C17H28N2O/c1-6-12-19(8-3)15(7-2)17(20)18-16-13(4)10-9-11-14(16)5/h9-11,15H,6-8,12H2,1-5H3,(H,18,20)"
CN(C)c1ccc(C(=O)c2ccc(N(C)C)cc2)cc1,0,90-94-8,VVBLNCFGVYUYGU-UHFFFAOYSA-N,90-94-8,STopTox peer-reviewed curated experimental irritation dataset,https://doi.org/10.1289/EHP9341,"[""eye:CpId:3103""]","[""explicit_curated_experimental_outcome_0"", ""absence_of_hazard_statement_not_used"", ""defined_single_structure"", ""exact_identity_deduplicated"", ""current_strong_conflicts_excluded"", ""external_holdout_quarantined"", ""publication_dataset_oecd_405_curation""]",peer_reviewed_curated_experimental_negative,0.9,experimental,"OECD TG 405 experimental eye irritation, curated at dataset level",not irritating / not classified (curated Outcome=0),not_reported_per_record_in_public_sdf,eye:CpId:3103,03dc5888f0859ddcc1b694e186bb2137229ea571e3db56572205f482794de03d,https://github.com/joyvb/stoptox,6ba3a7f82ab9fda8534f120114a566eec296e8ae,"InChI=1S/C17H20N2O/c1-18(2)15-9-5-13(6-10-15)17(20)14-7-11-16(12-8-14)19(3)4/h5-12H,1-4H3"
CC(C)(S)C(N)C(=O)O,0,52-67-5,VVNCNSJFMMFHPL-UHFFFAOYSA-N,52-67-5,STopTox peer-reviewed curated experimental irritation dataset,https://doi.org/10.1289/EHP9341,"[""eye:CpId:3106""]","[""explicit_curated_experimental_outcome_0"", ""absence_of_hazard_statement_not_used"", ""defined_single_structure"", ""exact_identity_deduplicated"", ""current_strong_conflicts_excluded"", ""external_holdout_quarantined"", ""publication_dataset_oecd_405_curation""]",peer_reviewed_curated_experimental_negative,0.9,experimental,"OECD TG 405 experimental eye irritation, curated at dataset level",not irritating / not classified (curated Outcome=0),not_reported_per_record_in_public_sdf,eye:CpId:3106,03dc5888f0859ddcc1b694e186bb2137229ea571e3db56572205f482794de03d,https://github.com/joyvb/stoptox,6ba3a7f82ab9fda8534f120114a566eec296e8ae,"InChI=1S/C5H11NO2S/c1-5(2,9)3(6)4(7)8/h3,9H,6H2,1-2H3,(H,7,8)"
CC(=O)C1(O)CCC2C3C=C(C)C4=CC(=O)CCC4(C)C3CCC21C,0,3562-63-8,VXIMPSPISRVBPZ-UHFFFAOYSA-N,3562-63-8,STopTox peer-reviewed curated experimental irritation dataset,https://doi.org/10.1289/EHP9341,"[""eye:CpId:3117""]","[""explicit_curated_experimental_outcome_0"", ""absence_of_hazard_statement_not_used"", ""defined_single_structure"", ""exact_identity_deduplicated"", ""current_strong_conflicts_excluded"", ""external_holdout_quarantined"", ""publication_dataset_oecd_405_curation""]",peer_reviewed_curated_experimental_negative,0.9,experimental,"OECD TG 405 experimental eye irritation, curated at dataset level",not irritating / not classified (curated Outcome=0),not_reported_per_record_in_public_sdf,eye:CpId:3117,03dc5888f0859ddcc1b694e186bb2137229ea571e3db56572205f482794de03d,https://github.com/joyvb/stoptox,6ba3a7f82ab9fda8534f120114a566eec296e8ae,"InChI=1S/C22H30O3/c1-13-11-16-17(20(3)8-5-15(24)12-19(13)20)6-9-21(4)18(16)7-10-22(21,25)14(2)23/h11-12,16-18,25H,5-10H2,1-4H3"
C=CCC,0,9003-29-6,VXNZUUAINFGPBY-UHFFFAOYSA-N,9003-29-6,STopTox peer-reviewed curated experimental irritation dataset,https://doi.org/10.1289/EHP9341,"[""eye:CpId:846""]","[""explicit_curated_experimental_outcome_0"", ""absence_of_hazard_statement_not_used"", ""defined_single_structure"", ""exact_identity_deduplicated"", ""current_strong_conflicts_excluded"", ""external_holdout_quarantined"", ""publication_dataset_oecd_405_curation""]",peer_reviewed_curated_experimental_negative,0.9,experimental,"OECD TG 405 experimental eye irritation, curated at dataset level",not irritating / not classified (curated Outcome=0),not_reported_per_record_in_public_sdf,eye:CpId:846,03dc5888f0859ddcc1b694e186bb2137229ea571e3db56572205f482794de03d,https://github.com/joyvb/stoptox,6ba3a7f82ab9fda8534f120114a566eec296e8ae,VXNZUUAINFGPBY-UHFFFAOYSA-N
NCCc1ccc(O)c(O)c1,0,51-61-6,VYFYYTLLBUKUHU-UHFFFAOYSA-N,51-61-6,STopTox peer-reviewed curated experimental irritation dataset,https://doi.org/10.1289/EHP9341,"[""eye:CpId:3120""]","[""explicit_curated_experimental_outcome_0"", ""absence_of_hazard_statement_not_used"", ""defined_single_structure"", ""exact_identity_deduplicated"", ""current_strong_conflicts_excluded"", ""external_holdout_quarantined"", ""publication_dataset_oecd_405_curation""]",peer_reviewed_curated_experimental_negative,0.9,experimental,"OECD TG 405 experimental eye irritation, curated at dataset level",not irritating / not classified (curated Outcome=0),not_reported_per_record_in_public_sdf,eye:CpId:3120,03dc5888f0859ddcc1b694e186bb2137229ea571e3db56572205f482794de03d,https://github.com/joyvb/stoptox,6ba3a7f82ab9fda8534f120114a566eec296e8ae,"InChI=1S/C8H11NO2/c9-4-3-6-1-2-7(10)8(11)5-6/h1-2,5,10-11H,3-4,9H2"
Oc1ccc(OCc2ccccc2)cc1,0,103-16-2,VYQNWZOUAUKGHI-UHFFFAOYSA-N,103-16-2,STopTox peer-reviewed curated experimental irritation dataset,https://doi.org/10.1289/EHP9341,"[""eye:CpId:3123""]","[""explicit_curated_experimental_outcome_0"", ""absence_of_hazard_statement_not_used"", ""defined_single_structure"", ""exact_identity_deduplicated"", ""current_strong_conflicts_excluded"", ""external_holdout_quarantined"", ""publication_dataset_oecd_405_curation""]",peer_reviewed_curated_experimental_negative,0.9,experimental,"OECD TG 405 experimental eye irritation, curated at dataset level",not irritating / not classified (curated Outcome=0),not_reported_per_record_in_public_sdf,eye:CpId:3123,03dc5888f0859ddcc1b694e186bb2137229ea571e3db56572205f482794de03d,https://github.com/joyvb/stoptox,6ba3a7f82ab9fda8534f120114a566eec296e8ae,"InChI=1S/C13H12O2/c14-12-6-8-13(9-7-12)15-10-11-4-2-1-3-5-11/h1-9,14H,10H2"
C[N+](C)(C)CCCCCC[N+](C)(C)C,0,60-26-4,VZJFGSRCJCXDSG-UHFFFAOYSA-N,60-26-4,STopTox peer-reviewed curated experimental irritation dataset,https://doi.org/10.1289/EHP9341,"[""eye:CpId:3127""]","[""explicit_curated_experimental_outcome_0"", ""absence_of_hazard_statement_not_used"", ""defined_single_structure"", ""exact_identity_deduplicated"", ""current_strong_conflicts_excluded"", ""external_holdout_quarantined"", ""publication_dataset_oecd_405_curation""]",peer_reviewed_curated_experimental_negative,0.9,experimental,"OECD TG 405 experimental eye irritation, curated at dataset level",not irritating / not classified (curated Outcome=0),not_reported_per_record_in_public_sdf,eye:CpId:3127,03dc5888f0859ddcc1b694e186bb2137229ea571e3db56572205f482794de03d,https://github.com/joyvb/stoptox,6ba3a7f82ab9fda8534f120114a566eec296e8ae,"InChI=1S/C12H30N2/c1-13(2,3)11-9-7-8-10-12-14(4,5)6/h7-12H2,1-6H3/q+2"
C=C(C)C(=O)NCCC[N+](C)(C)C,0,51410-72-1,VZTGWJFIMGVKSN-UHFFFAOYSA-O,51410-72-1,STopTox peer-reviewed curated experimental irritation dataset,https://doi.org/10.1289/EHP9341,"[""eye:CpId:848""]","[""explicit_curated_experimental_outcome_0"", ""absence_of_hazard_statement_not_used"", ""defined_single_structure"", ""exact_identity_deduplicated"", ""current_strong_conflicts_excluded"", ""external_holdout_quarantined"", ""publication_dataset_oecd_405_curation""]",peer_reviewed_curated_experimental_negative,0.9,experimental,"OECD TG 405 experimental eye irritation, curated at dataset level",not irritating / not classified (curated Outcome=0),not_reported_per_record_in_public_sdf,eye:CpId:848,03dc5888f0859ddcc1b694e186bb2137229ea571e3db56572205f482794de03d,https://github.com/joyvb/stoptox,6ba3a7f82ab9fda8534f120114a566eec296e8ae,VZTGWJFIMGVKSN-UHFFFAOYSA-O
CCC=CCCCCCCCCCCCCCCOCC,0,68920-66-1,WBCCOWHDSAVXAO-UHFFFAOYSA-N,68920-66-1,STopTox peer-reviewed curated experimental irritation dataset,https://doi.org/10.1289/EHP9341,"[""eye:CpId:850""]","[""explicit_curated_experimental_outcome_0"", ""absence_of_hazard_statement_not_used"", ""defined_single_structure"", ""exact_identity_deduplicated"", ""current_strong_conflicts_excluded"", ""external_holdout_quarantined"", ""publication_dataset_oecd_405_curation""]",peer_reviewed_curated_experimental_negative,0.9,experimental,"OECD TG 405 experimental eye irritation, curated at dataset level",not irritating / not classified (curated Outcome=0),not_reported_per_record_in_public_sdf,eye:CpId:850,03dc5888f0859ddcc1b694e186bb2137229ea571e3db56572205f482794de03d,https://github.com/joyvb/stoptox,6ba3a7f82ab9fda8534f120114a566eec296e8ae,WBCCOWHDSAVXAO-AATRIKPKSA-N
CC1(C)OC2CC3C4CCC5=CC(=O)C=CC5(C)C4C(O)CC3(C)C2(C(=O)CO)O1,0,638-94-8,WBGKWQHBNHJJPZ-UHFFFAOYSA-N,638-94-8,STopTox peer-reviewed curated experimental irritation dataset,https://doi.org/10.1289/EHP9341,"[""eye:CpId:3130""]","[""explicit_curated_experimental_outcome_0"", ""absence_of_hazard_statement_not_used"", ""defined_single_structure"", ""exact_identity_deduplicated"", ""current_strong_conflicts_excluded"", ""external_holdout_quarantined"", ""publication_dataset_oecd_405_curation""]",peer_reviewed_curated_experimental_negative,0.9,experimental,"OECD TG 405 experimental eye irritation, curated at dataset level",not irritating / not classified (curated Outcome=0),not_reported_per_record_in_public_sdf,eye:CpId:3130,03dc5888f0859ddcc1b694e186bb2137229ea571e3db56572205f482794de03d,https://github.com/joyvb/stoptox,6ba3a7f82ab9fda8534f120114a566eec296e8ae,"InChI=1S/C24H32O6/c1-21(2)29-19-10-16-15-6-5-13-9-14(26)7-8-22(13,3)20(15)17(27)11-23(16,4)24(19,30-21)18(28)12-25/h7-9,15-17,19-20,25,27H,5-6,10-12H2,1-4H3"
CCCCCCC(O)CC=CCCCCCCCC(=O)O,0,141-22-0,WBHHMMIMDMUBKC-UHFFFAOYSA-N,141-22-0,STopTox peer-reviewed curated experimental irritation dataset,https://doi.org/10.1289/EHP9341,"[""eye:CpId:3131""]","[""explicit_curated_experimental_outcome_0"", ""absence_of_hazard_statement_not_used"", ""defined_single_structure"", ""exact_identity_deduplicated"", ""current_strong_conflicts_excluded"", ""external_holdout_quarantined"", ""publication_dataset_oecd_405_curation""]",peer_reviewed_curated_experimental_negative,0.9,experimental,"OECD TG 405 experimental eye irritation, curated at dataset level",not irritating / not classified (curated Outcome=0),not_reported_per_record_in_public_sdf,eye:CpId:3131,03dc5888f0859ddcc1b694e186bb2137229ea571e3db56572205f482794de03d,https://github.com/joyvb/stoptox,6ba3a7f82ab9fda8534f120114a566eec296e8ae,"InChI=1S/C18H34O3/c1-2-3-4-11-14-17(19)15-12-9-7-5-6-8-10-13-16-18(20)21/h9,12,17,19H,2-8,10-11,13-16H2,1H3,(H,20,21)"
CCOC=O,0,109-94-4,WBJINCZRORDGAQ-UHFFFAOYSA-N,109-94-4,STopTox peer-reviewed curated experimental irritation dataset,https://doi.org/10.1289/EHP9341,"[""eye:CpId:3132""]","[""explicit_curated_experimental_outcome_0"", ""absence_of_hazard_statement_not_used"", ""defined_single_structure"", ""exact_identity_deduplicated"", ""current_strong_conflicts_excluded"", ""external_holdout_quarantined"", ""publication_dataset_oecd_405_curation""]",peer_reviewed_curated_experimental_negative,0.9,experimental,"OECD TG 405 experimental eye irritation, curated at dataset level",not irritating / not classified (curated Outcome=0),not_reported_per_record_in_public_sdf,eye:CpId:3132,03dc5888f0859ddcc1b694e186bb2137229ea571e3db56572205f482794de03d,https://github.com/joyvb/stoptox,6ba3a7f82ab9fda8534f120114a566eec296e8ae,"InChI=1S/C3H6O2/c1-2-5-3-4/h3H,2H2,1H3"
[H]/N=C(\N)NN=Cc1c(Cl)cccc1Cl,0,5051-62-7,WDZVGELJXXEGPV-UHFFFAOYSA-N,5051-62-7,STopTox peer-reviewed curated experimental irritation dataset,https://doi.org/10.1289/EHP9341,"[""eye:CpId:3145""]","[""explicit_curated_experimental_outcome_0"", ""absence_of_hazard_statement_not_used"", ""defined_single_structure"", ""exact_identity_deduplicated"", ""current_strong_conflicts_excluded"", ""external_holdout_quarantined"", ""publication_dataset_oecd_405_curation""]",peer_reviewed_curated_experimental_negative,0.9,experimental,"OECD TG 405 experimental eye irritation, curated at dataset level",not irritating / not classified (curated Outcome=0),not_reported_per_record_in_public_sdf,eye:CpId:3145,03dc5888f0859ddcc1b694e186bb2137229ea571e3db56572205f482794de03d,https://github.com/joyvb/stoptox,6ba3a7f82ab9fda8534f120114a566eec296e8ae,"InChI=1S/C8H8Cl2N4/c9-6-2-1-3-7(10)5(6)4-13-14-8(11)12/h1-4H,(H4,11,12,14)"
CN1CCN(C(c2ccccc2)c2ccc(Cl)cc2)CC1,0,82-93-9,WFNAKBGANONZEQ-UHFFFAOYSA-N,82-93-9,STopTox peer-reviewed curated experimental irritation dataset,https://doi.org/10.1289/EHP9341,"[""eye:CpId:3154""]","[""explicit_curated_experimental_outcome_0"", ""absence_of_hazard_statement_not_used"", ""defined_single_structure"", ""exact_identity_deduplicated"", ""current_strong_conflicts_excluded"", ""external_holdout_quarantined"", ""publication_dataset_oecd_405_curation""]",peer_reviewed_curated_experimental_negative,0.9,experimental,"OECD TG 405 experimental eye irritation, curated at dataset level",not irritating / not classified (curated Outcome=0),not_reported_per_record_in_public_sdf,eye:CpId:3154,03dc5888f0859ddcc1b694e186bb2137229ea571e3db56572205f482794de03d,https://github.com/joyvb/stoptox,6ba3a7f82ab9fda8534f120114a566eec296e8ae,"InChI=1S/C18H21ClN2/c1-20-11-13-21(14-12-20)18(15-5-3-2-4-6-15)16-7-9-17(19)10-8-16/h2-10,18H,11-14H2,1H3"
CCCCC(CC)C(=O)Cl,0,760-67-8,WFSGQBNCVASPMW-UHFFFAOYSA-N,760-67-8,STopTox peer-reviewed curated experimental irritation dataset,https://doi.org/10.1289/EHP9341,"[""eye:CpId:3156""]","[""explicit_curated_experimental_outcome_0"", ""absence_of_hazard_statement_not_used"", ""defined_single_structure"", ""exact_identity_deduplicated"", ""current_strong_conflicts_excluded"", ""external_holdout_quarantined"", ""publication_dataset_oecd_405_curation""]",peer_reviewed_curated_experimental_negative,0.9,experimental,"OECD TG 405 experimental eye irritation, curated at dataset level",not irritating / not classified (curated Outcome=0),not_reported_per_record_in_public_sdf,eye:CpId:3156,03dc5888f0859ddcc1b694e186bb2137229ea571e3db56572205f482794de03d,https://github.com/joyvb/stoptox,6ba3a7f82ab9fda8534f120114a566eec296e8ae,"InChI=1S/C8H15ClO/c1-3-5-6-7(4-2)8(9)10/h7H,3-6H2,1-2H3"
CCN(CC)CCSC(=O)C(c1ccccc1)c1ccccc1,0,82-99-5,WHLUQAYNVOGZST-UHFFFAOYSA-N,82-99-5,STopTox peer-reviewed curated experimental irritation dataset,https://doi.org/10.1289/EHP9341,"[""eye:CpId:3161""]","[""explicit_curated_experimental_outcome_0"", ""absence_of_hazard_statement_not_used"", ""defined_single_structure"", ""exact_identity_deduplicated"", ""current_strong_conflicts_excluded"", ""external_holdout_quarantined"", ""publication_dataset_oecd_405_curation""]",peer_reviewed_curated_experimental_negative,0.9,experimental,"OECD TG 405 experimental eye irritation, curated at dataset level",not irritating / not classified (curated Outcome=0),not_reported_per_record_in_public_sdf,eye:CpId:3161,03dc5888f0859ddcc1b694e186bb2137229ea571e3db56572205f482794de03d,https://github.com/joyvb/stoptox,6ba3a7f82ab9fda8534f120114a566eec296e8ae,"InChI=1S/C20H25NOS/c1-3-21(4-2)15-16-23-20(22)19(17-11-7-5-8-12-17)18-13-9-6-10-14-18/h5-14,19H,3-4,15-16H2,1-2H3"
C=CN1CCCC1=O,0,25655-41-8,WHNWPMSKXPGLAX-UHFFFAOYSA-N,25655-41-8,STopTox peer-reviewed curated experimental irritation dataset,https://doi.org/10.1289/EHP9341,"[""eye:CpId:3162""]","[""explicit_curated_experimental_outcome_0"", ""absence_of_hazard_statement_not_used"", ""defined_single_structure"", ""exact_identity_deduplicated"", ""current_strong_conflicts_excluded"", ""external_holdout_quarantined"", ""publication_dataset_oecd_405_curation""]",peer_reviewed_curated_experimental_negative,0.9,experimental,"OECD TG 405 experimental eye irritation, curated at dataset level",not irritating / not classified (curated Outcome=0),not_reported_per_record_in_public_sdf,eye:CpId:3162,03dc5888f0859ddcc1b694e186bb2137229ea571e3db56572205f482794de03d,https://github.com/joyvb/stoptox,6ba3a7f82ab9fda8534f120114a566eec296e8ae,"InChI=1S/C6H9NO/c1-2-7-5-3-4-6(7)8/h2H,1,3-5H2"
CCc1oc2ccccc2c1C(=O)c1cc(Br)c(O)c(Br)c1,0,3562-84-3,WHQCHUCQKNIQEC-UHFFFAOYSA-N,3562-84-3,STopTox peer-reviewed curated experimental irritation dataset,https://doi.org/10.1289/EHP9341,"[""eye:CpId:3166""]","[""explicit_curated_experimental_outcome_0"", ""absence_of_hazard_statement_not_used"", ""defined_single_structure"", ""exact_identity_deduplicated"", ""current_strong_conflicts_excluded"", ""external_holdout_quarantined"", ""publication_dataset_oecd_405_curation""]",peer_reviewed_curated_experimental_negative,0.9,experimental,"OECD TG 405 experimental eye irritation, curated at dataset level",not irritating / not classified (curated Outcome=0),not_reported_per_record_in_public_sdf,eye:CpId:3166,03dc5888f0859ddcc1b694e186bb2137229ea571e3db56572205f482794de03d,https://github.com/joyvb/stoptox,6ba3a7f82ab9fda8534f120114a566eec296e8ae,"InChI=1S/C17H12Br2O3/c1-2-13-15(10-5-3-4-6-14(10)22-13)16(20)9-7-11(18)17(21)12(19)8-9/h3-8,21H,2H2,1H3"
NC(CCC(=O)O)C(=O)O,0,56-86-0,WHUUTDBJXJRKMK-UHFFFAOYSA-N,56-86-0,STopTox peer-reviewed curated experimental irritation dataset,https://doi.org/10.1289/EHP9341,"[""eye:CpId:861""]","[""explicit_curated_experimental_outcome_0"", ""absence_of_hazard_statement_not_used"", ""defined_single_structure"", ""exact_identity_deduplicated"", ""current_strong_conflicts_excluded"", ""external_holdout_quarantined"", ""publication_dataset_oecd_405_curation""]",peer_reviewed_curated_experimental_negative,0.9,experimental,"OECD TG 405 experimental eye irritation, curated at dataset level",not irritating / not classified (curated Outcome=0),not_reported_per_record_in_public_sdf,eye:CpId:861,03dc5888f0859ddcc1b694e186bb2137229ea571e3db56572205f482794de03d,https://github.com/joyvb/stoptox,6ba3a7f82ab9fda8534f120114a566eec296e8ae,WHUUTDBJXJRKMK-UHFFFAOYSA-N
CC(=O)CCCC(C)CCCC(C)CCCC(C)C,0,502-69-2,WHWDWIHXSPCOKZ-UHFFFAOYSA-N,502-69-2,STopTox peer-reviewed curated experimental irritation dataset,https://doi.org/10.1289/EHP9341,"[""eye:CpId:3168""]","[""explicit_curated_experimental_outcome_0"", ""absence_of_hazard_statement_not_used"", ""defined_single_structure"", ""exact_identity_deduplicated"", ""current_strong_conflicts_excluded"", ""external_holdout_quarantined"", ""publication_dataset_oecd_405_curation""]",peer_reviewed_curated_experimental_negative,0.9,experimental,"OECD TG 405 experimental eye irritation, curated at dataset level",not irritating / not classified (curated Outcome=0),not_reported_per_record_in_public_sdf,eye:CpId:3168,03dc5888f0859ddcc1b694e186bb2137229ea571e3db56572205f482794de03d,https://github.com/joyvb/stoptox,6ba3a7f82ab9fda8534f120114a566eec296e8ae,"InChI=1S/C18H36O/c1-15(2)9-6-10-16(3)11-7-12-17(4)13-8-14-18(5)19/h15-17H,6-14H2,1-5H3"
COc1ccc(OC)c(C(O)C(C)N)c1,0,390-28-3,WJAJPNHVVFWKKL-UHFFFAOYSA-N,390-28-3,STopTox peer-reviewed curated experimental irritation dataset,https://doi.org/10.1289/EHP9341,"[""eye:CpId:3171""]","[""explicit_curated_experimental_outcome_0"", ""absence_of_hazard_statement_not_used"", ""defined_single_structure"", ""exact_identity_deduplicated"", ""current_strong_conflicts_excluded"", ""external_holdout_quarantined"", ""publication_dataset_oecd_405_curation""]",peer_reviewed_curated_experimental_negative,0.9,experimental,"OECD TG 405 experimental eye irritation, curated at dataset level",not irritating / not classified (curated Outcome=0),not_reported_per_record_in_public_sdf,eye:CpId:3171,03dc5888f0859ddcc1b694e186bb2137229ea571e3db56572205f482794de03d,https://github.com/joyvb/stoptox,6ba3a7f82ab9fda8534f120114a566eec296e8ae,"InChI=1S/C11H17NO3/c1-7(12)11(13)9-6-8(14-2)4-5-10(9)15-3/h4-7,11,13H,12H2,1-3H3"
c1ccc2c(c1)Nc1ccccc1S2,0,92-84-2,WJFKNYWRSNBZNX-UHFFFAOYSA-N,92-84-2,STopTox peer-reviewed curated experimental irritation dataset,https://doi.org/10.1289/EHP9341,"[""eye:CpId:863""]","[""explicit_curated_experimental_outcome_0"", ""absence_of_hazard_statement_not_used"", ""defined_single_structure"", ""exact_identity_deduplicated"", ""current_strong_conflicts_excluded"", ""external_holdout_quarantined"", ""publication_dataset_oecd_405_curation""]",peer_reviewed_curated_experimental_negative,0.9,experimental,"OECD TG 405 experimental eye irritation, curated at dataset level",not irritating / not classified (curated Outcome=0),not_reported_per_record_in_public_sdf,eye:CpId:863,03dc5888f0859ddcc1b694e186bb2137229ea571e3db56572205f482794de03d,https://github.com/joyvb/stoptox,6ba3a7f82ab9fda8534f120114a566eec296e8ae,WJFKNYWRSNBZNX-UHFFFAOYSA-N
CC(C)Nc1nc(Cl)nc(NC(C)C)n1,0,139-40-2,WJNRPILHGGKWCK-UHFFFAOYSA-N,139-40-2,STopTox peer-reviewed curated experimental irritation dataset,https://doi.org/10.1289/EHP9341,"[""eye:CpId:3173""]","[""explicit_curated_experimental_outcome_0"", ""absence_of_hazard_statement_not_used"", ""defined_single_structure"", ""exact_identity_deduplicated"", ""current_strong_conflicts_excluded"", ""external_holdout_quarantined"", ""publication_dataset_oecd_405_curation""]",peer_reviewed_curated_experimental_negative,0.9,experimental,"OECD TG 405 experimental eye irritation, curated at dataset level",not irritating / not classified (curated Outcome=0),not_reported_per_record_in_public_sdf,eye:CpId:3173,03dc5888f0859ddcc1b694e186bb2137229ea571e3db56572205f482794de03d,https://github.com/joyvb/stoptox,6ba3a7f82ab9fda8534f120114a566eec296e8ae,"InChI=1S/C9H16ClN5/c1-5(2)11-8-13-7(10)14-9(15-8)12-6(3)4/h5-6H,1-4H3,(H2,11,12,13,14,15)"
COc1ccc(C=O)cc1OC,0,120-14-9,WJUFSDZVCOTFON-UHFFFAOYSA-N,120-14-9,STopTox peer-reviewed curated experimental irritation dataset,https://doi.org/10.1289/EHP9341,"[""eye:CpId:3175""]","[""explicit_curated_experimental_outcome_0"", ""absence_of_hazard_statement_not_used"", ""defined_single_structure"", ""exact_identity_deduplicated"", ""current_strong_conflicts_excluded"", ""external_holdout_quarantined"", ""publication_dataset_oecd_405_curation""]",peer_reviewed_curated_experimental_negative,0.9,experimental,"OECD TG 405 experimental eye irritation, curated at dataset level",not irritating / not classified (curated Outcome=0),not_reported_per_record_in_public_sdf,eye:CpId:3175,03dc5888f0859ddcc1b694e186bb2137229ea571e3db56572205f482794de03d,https://github.com/joyvb/stoptox,6ba3a7f82ab9fda8534f120114a566eec296e8ae,"InChI=1S/C9H10O3/c1-11-8-4-3-7(6-10)5-9(8)12-2/h3-6H,1-2H3"
CC[Si](ON=C(C)C)(ON=C(C)C)ON=C(C)C,0,58190-57-1,WJXSOVAGEAAECT-UHFFFAOYSA-N,58190-57-1,STopTox peer-reviewed curated experimental irritation dataset,https://doi.org/10.1289/EHP9341,"[""eye:CpId:865""]","[""explicit_curated_experimental_outcome_0"", ""absence_of_hazard_statement_not_used"", ""defined_single_structure"", ""exact_identity_deduplicated"", ""current_strong_conflicts_excluded"", ""external_holdout_quarantined"", ""publication_dataset_oecd_405_curation""]",peer_reviewed_curated_experimental_negative,0.9,experimental,"OECD TG 405 experimental eye irritation, curated at dataset level",not irritating / not classified (curated Outcome=0),not_reported_per_record_in_public_sdf,eye:CpId:865,03dc5888f0859ddcc1b694e186bb2137229ea571e3db56572205f482794de03d,https://github.com/joyvb/stoptox,6ba3a7f82ab9fda8534f120114a566eec296e8ae,WJXSOVAGEAAECT-UHFFFAOYSA-N
CCCCC(CC)CCl,0,123-04-6,WLVCBAMXYMWGLJ-UHFFFAOYSA-N,123-04-6,STopTox peer-reviewed curated experimental irritation dataset,https://doi.org/10.1289/EHP9341,"[""eye:CpId:867""]","[""explicit_curated_experimental_outcome_0"", ""absence_of_hazard_statement_not_used"", ""defined_single_structure"", ""exact_identity_deduplicated"", ""current_strong_conflicts_excluded"", ""external_holdout_quarantined"", ""publication_dataset_oecd_405_curation""]",peer_reviewed_curated_experimental_negative,0.9,experimental,"OECD TG 405 experimental eye irritation, curated at dataset level",not irritating / not classified (curated Outcome=0),not_reported_per_record_in_public_sdf,eye:CpId:867,03dc5888f0859ddcc1b694e186bb2137229ea571e3db56572205f482794de03d,https://github.com/joyvb/stoptox,6ba3a7f82ab9fda8534f120114a566eec296e8ae,WLVCBAMXYMWGLJ-UHFFFAOYSA-N
C=C1CC(O)C(C=CC(O)C(C)(C)CCCC)C1CC=CCCCC(=O)O,0,61263-35-2,WMLGLMGSFIXSGO-UHFFFAOYSA-N,61263-35-2,STopTox peer-reviewed curated experimental irritation dataset,https://doi.org/10.1289/EHP9341,"[""eye:CpId:3183""]","[""explicit_curated_experimental_outcome_0"", ""absence_of_hazard_statement_not_used"", ""defined_single_structure"", ""exact_identity_deduplicated"", ""current_strong_conflicts_excluded"", ""external_holdout_quarantined"", ""publication_dataset_oecd_405_curation""]",peer_reviewed_curated_experimental_negative,0.9,experimental,"OECD TG 405 experimental eye irritation, curated at dataset level",not irritating / not classified (curated Outcome=0),not_reported_per_record_in_public_sdf,eye:CpId:3183,03dc5888f0859ddcc1b694e186bb2137229ea571e3db56572205f482794de03d,https://github.com/joyvb/stoptox,6ba3a7f82ab9fda8534f120114a566eec296e8ae,"InChI=1S/C23H38O4/c1-5-6-15-23(3,4)21(25)14-13-19-18(17(2)16-20(19)24)11-9-7-8-10-12-22(26)27/h7,9,13-14,18-21,24-25H,2,5-6,8,10-12,15-16H2,1,3-4H3,(H,26,27)"
CCCCC(CC)COC(=O)CCC(=O)OCC(CC)CCCC,0,2915-57-3,WMNULTDOANGXRT-UHFFFAOYSA-N,2915-57-3,STopTox peer-reviewed curated experimental irritation dataset,https://doi.org/10.1289/EHP9341,"[""eye:CpId:868""]","[""explicit_curated_experimental_outcome_0"", ""absence_of_hazard_statement_not_used"", ""defined_single_structure"", ""exact_identity_deduplicated"", ""current_strong_conflicts_excluded"", ""external_holdout_quarantined"", ""publication_dataset_oecd_405_curation""]",peer_reviewed_curated_experimental_negative,0.9,experimental,"OECD TG 405 experimental eye irritation, curated at dataset level",not irritating / not classified (curated Outcome=0),not_reported_per_record_in_public_sdf,eye:CpId:868,03dc5888f0859ddcc1b694e186bb2137229ea571e3db56572205f482794de03d,https://github.com/joyvb/stoptox,6ba3a7f82ab9fda8534f120114a566eec296e8ae,WMNULTDOANGXRT-UHFFFAOYSA-N
COc1cccc(C=O)c1,0,591-31-1,WMPDAIZRQDCGFH-UHFFFAOYSA-N,591-31-1,STopTox peer-reviewed curated experimental irritation dataset,https://doi.org/10.1289/EHP9341,"[""eye:CpId:3185""]","[""explicit_curated_experimental_outcome_0"", ""absence_of_hazard_statement_not_used"", ""defined_single_structure"", ""exact_identity_deduplicated"", ""current_strong_conflicts_excluded"", ""external_holdout_quarantined"", ""publication_dataset_oecd_405_curation""]",peer_reviewed_curated_experimental_negative,0.9,experimental,"OECD TG 405 experimental eye irritation, curated at dataset level",not irritating / not classified (curated Outcome=0),not_reported_per_record_in_public_sdf,eye:CpId:3185,03dc5888f0859ddcc1b694e186bb2137229ea571e3db56572205f482794de03d,https://github.com/joyvb/stoptox,6ba3a7f82ab9fda8534f120114a566eec296e8ae,"InChI=1S/C8H8O2/c1-10-8-4-2-3-7(5-8)6-9/h2-6H,1H3"
CCC(CO)(CO)COCC(CC)(CO)CO,0,23235-61-2,WMYINDVYGQKYMI-UHFFFAOYSA-N,23235-61-2,STopTox peer-reviewed curated experimental irritation dataset,https://doi.org/10.1289/EHP9341,"[""eye:CpId:869""]","[""explicit_curated_experimental_outcome_0"", ""absence_of_hazard_statement_not_used"", ""defined_single_structure"", ""exact_identity_deduplicated"", ""current_strong_conflicts_excluded"", ""external_holdout_quarantined"", ""publication_dataset_oecd_405_curation""]",peer_reviewed_curated_experimental_negative,0.9,experimental,"OECD TG 405 experimental eye irritation, curated at dataset level",not irritating / not classified (curated Outcome=0),not_reported_per_record_in_public_sdf,eye:CpId:869,03dc5888f0859ddcc1b694e186bb2137229ea571e3db56572205f482794de03d,https://github.com/joyvb/stoptox,6ba3a7f82ab9fda8534f120114a566eec296e8ae,WMYINDVYGQKYMI-UHFFFAOYSA-N
O=C(O)CCCCC(=O)O,0,3323-53-3,WNLRTRBMVRJNCN-UHFFFAOYSA-N,3323-53-3,STopTox peer-reviewed curated experimental irritation dataset,https://doi.org/10.1289/EHP9341,"[""eye:CpId:870""]","[""explicit_curated_experimental_outcome_0"", ""absence_of_hazard_statement_not_used"", ""defined_single_structure"", ""exact_identity_deduplicated"", ""current_strong_conflicts_excluded"", ""external_holdout_quarantined"", ""publication_dataset_oecd_405_curation""]",peer_reviewed_curated_experimental_negative,0.9,experimental,"OECD TG 405 experimental eye irritation, curated at dataset level",not irritating / not classified (curated Outcome=0),not_reported_per_record_in_public_sdf,eye:CpId:870,03dc5888f0859ddcc1b694e186bb2137229ea571e3db56572205f482794de03d,https://github.com/joyvb/stoptox,6ba3a7f82ab9fda8534f120114a566eec296e8ae,WNLRTRBMVRJNCN-UHFFFAOYSA-N
CC(C)CCCCCCCCCCCCCCCO,0,27458-93-1,WNWHHMBRJJOGFJ-UHFFFAOYSA-N,27458-93-1,STopTox peer-reviewed curated experimental irritation dataset,https://doi.org/10.1289/EHP9341,"[""eye:CpId:871""]","[""explicit_curated_experimental_outcome_0"", ""absence_of_hazard_statement_not_used"", ""defined_single_structure"", ""exact_identity_deduplicated"", ""current_strong_conflicts_excluded"", ""external_holdout_quarantined"", ""publication_dataset_oecd_405_curation""]",peer_reviewed_curated_experimental_negative,0.9,experimental,"OECD TG 405 experimental eye irritation, curated at dataset level",not irritating / not classified (curated Outcome=0),not_reported_per_record_in_public_sdf,eye:CpId:871,03dc5888f0859ddcc1b694e186bb2137229ea571e3db56572205f482794de03d,https://github.com/joyvb/stoptox,6ba3a7f82ab9fda8534f120114a566eec296e8ae,WNWHHMBRJJOGFJ-UHFFFAOYSA-N
C=C[Si](OCCOC)(OCCOC)OCCOC,0,1067-53-4,WOXXJEVNDJOOLV-UHFFFAOYSA-N,1067-53-4,STopTox peer-reviewed curated experimental irritation dataset,https://doi.org/10.1289/EHP9341,"[""eye:CpId:873""]","[""explicit_curated_experimental_outcome_0"", ""absence_of_hazard_statement_not_used"", ""defined_single_structure"", ""exact_identity_deduplicated"", ""current_strong_conflicts_excluded"", ""external_holdout_quarantined"", ""publication_dataset_oecd_405_curation""]",peer_reviewed_curated_experimental_negative,0.9,experimental,"OECD TG 405 experimental eye irritation, curated at dataset level",not irritating / not classified (curated Outcome=0),not_reported_per_record_in_public_sdf,eye:CpId:873,03dc5888f0859ddcc1b694e186bb2137229ea571e3db56572205f482794de03d,https://github.com/joyvb/stoptox,6ba3a7f82ab9fda8534f120114a566eec296e8ae,WOXXJEVNDJOOLV-UHFFFAOYSA-N
CCCCC(CC)COC(C)=O,0,103-09-3,WOYWLLHHWAMFCB-UHFFFAOYSA-N,103-09-3,STopTox peer-reviewed curated experimental irritation dataset,https://doi.org/10.1289/EHP9341,"[""eye:CpId:874""]","[""explicit_curated_experimental_outcome_0"", ""absence_of_hazard_statement_not_used"", ""defined_single_structure"", ""exact_identity_deduplicated"", ""current_strong_conflicts_excluded"", ""external_holdout_quarantined"", ""publication_dataset_oecd_405_curation""]",peer_reviewed_curated_experimental_negative,0.9,experimental,"OECD TG 405 experimental eye irritation, curated at dataset level",not irritating / not classified (curated Outcome=0),not_reported_per_record_in_public_sdf,eye:CpId:874,03dc5888f0859ddcc1b694e186bb2137229ea571e3db56572205f482794de03d,https://github.com/joyvb/stoptox,6ba3a7f82ab9fda8534f120114a566eec296e8ae,WOYWLLHHWAMFCB-UHFFFAOYSA-N
Nc1ccc(Oc2ccccc2)cc1,0,139-59-3,WOYZXEVUWXQVNV-UHFFFAOYSA-N,139-59-3,STopTox peer-reviewed curated experimental irritation dataset,https://doi.org/10.1289/EHP9341,"[""eye:CpId:3192""]","[""explicit_curated_experimental_outcome_0"", ""absence_of_hazard_statement_not_used"", ""defined_single_structure"", ""exact_identity_deduplicated"", ""current_strong_conflicts_excluded"", ""external_holdout_quarantined"", ""publication_dataset_oecd_405_curation""]",peer_reviewed_curated_experimental_negative,0.9,experimental,"OECD TG 405 experimental eye irritation, curated at dataset level",not irritating / not classified (curated Outcome=0),not_reported_per_record_in_public_sdf,eye:CpId:3192,03dc5888f0859ddcc1b694e186bb2137229ea571e3db56572205f482794de03d,https://github.com/joyvb/stoptox,6ba3a7f82ab9fda8534f120114a566eec296e8ae,"InChI=1S/C12H11NO/c13-10-6-8-12(9-7-10)14-11-4-2-1-3-5-11/h1-9H,13H2"
OCC1OC(O)C(O)C(O)C1O,0,50-99-7,WQZGKKKJIJFFOK-UHFFFAOYSA-N,50-99-7,STopTox peer-reviewed curated experimental irritation dataset,https://doi.org/10.1289/EHP9341,"[""eye:CpId:3198""]","[""explicit_curated_experimental_outcome_0"", ""absence_of_hazard_statement_not_used"", ""defined_single_structure"", ""exact_identity_deduplicated"", ""current_strong_conflicts_excluded"", ""external_holdout_quarantined"", ""publication_dataset_oecd_405_curation""]",peer_reviewed_curated_experimental_negative,0.9,experimental,"OECD TG 405 experimental eye irritation, curated at dataset level",not irritating / not classified (curated Outcome=0),not_reported_per_record_in_public_sdf,eye:CpId:3198,03dc5888f0859ddcc1b694e186bb2137229ea571e3db56572205f482794de03d,https://github.com/joyvb/stoptox,6ba3a7f82ab9fda8534f120114a566eec296e8ae,"InChI=1S/C6H12O6/c7-1-2-3(8)4(9)5(10)6(11)12-2/h2-11H,1H2"
CC12CCC(O)CC1=CCC1C2CCC2(C)C1CCC2(C)O,0,521-10-8,WRWBCPJQPDHXTJ-UHFFFAOYSA-N,521-10-8,STopTox peer-reviewed curated experimental irritation dataset,https://doi.org/10.1289/EHP9341,"[""eye:CpId:3201""]","[""explicit_curated_experimental_outcome_0"", ""absence_of_hazard_statement_not_used"", ""defined_single_structure"", ""exact_identity_deduplicated"", ""current_strong_conflicts_excluded"", ""external_holdout_quarantined"", ""publication_dataset_oecd_405_curation""]",peer_reviewed_curated_experimental_negative,0.9,experimental,"OECD TG 405 experimental eye irritation, curated at dataset level",not irritating / not classified (curated Outcome=0),not_reported_per_record_in_public_sdf,eye:CpId:3201,03dc5888f0859ddcc1b694e186bb2137229ea571e3db56572205f482794de03d,https://github.com/joyvb/stoptox,6ba3a7f82ab9fda8534f120114a566eec296e8ae,"InChI=1S/C20H32O2/c1-18-9-6-14(21)12-13(18)4-5-15-16(18)7-10-19(2)17(15)8-11-20(19,3)22/h4,14-17,21-22H,5-12H2,1-3H3"
CC1CC(OC(=O)c2ccccc2O)CC(C)(C)C1,0,118-56-9,WSSJONWNBBTCMG-UHFFFAOYSA-N,118-56-9,STopTox peer-reviewed curated experimental irritation dataset,https://doi.org/10.1289/EHP9341,"[""eye:CpId:3209""]","[""explicit_curated_experimental_outcome_0"", ""absence_of_hazard_statement_not_used"", ""defined_single_structure"", ""exact_identity_deduplicated"", ""current_strong_conflicts_excluded"", ""external_holdout_quarantined"", ""publication_dataset_oecd_405_curation""]",peer_reviewed_curated_experimental_negative,0.9,experimental,"OECD TG 405 experimental eye irritation, curated at dataset level",not irritating / not classified (curated Outcome=0),not_reported_per_record_in_public_sdf,eye:CpId:3209,03dc5888f0859ddcc1b694e186bb2137229ea571e3db56572205f482794de03d,https://github.com/joyvb/stoptox,6ba3a7f82ab9fda8534f120114a566eec296e8ae,"InChI=1S/C16H22O3/c1-11-8-12(10-16(2,3)9-11)19-15(18)13-6-4-5-7-14(13)17/h4-7,11-12,17H,8-10H2,1-3H3"
C=C1CCC2CC1C2(C)C,0,127-91-3,WTARULDDTDQWMU-UHFFFAOYSA-N,127-91-3,STopTox peer-reviewed curated experimental irritation dataset,https://doi.org/10.1289/EHP9341,"[""eye:CpId:881""]","[""explicit_curated_experimental_outcome_0"", ""absence_of_hazard_statement_not_used"", ""defined_single_structure"", ""exact_identity_deduplicated"", ""current_strong_conflicts_excluded"", ""external_holdout_quarantined"", ""publication_dataset_oecd_405_curation""]",peer_reviewed_curated_experimental_negative,0.9,experimental,"OECD TG 405 experimental eye irritation, curated at dataset level",not irritating / not classified (curated Outcome=0),not_reported_per_record_in_public_sdf,eye:CpId:881,03dc5888f0859ddcc1b694e186bb2137229ea571e3db56572205f482794de03d,https://github.com/joyvb/stoptox,6ba3a7f82ab9fda8534f120114a566eec296e8ae,WTARULDDTDQWMU-UHFFFAOYSA-N
NC(Cc1ccc(O)c(O)c1)C(=O)O,0,59-92-7,WTDRDQBEARUVNC-UHFFFAOYSA-N,59-92-7,STopTox peer-reviewed curated experimental irritation dataset,https://doi.org/10.1289/EHP9341,"[""eye:CpId:3211""]","[""explicit_curated_experimental_outcome_0"", ""absence_of_hazard_statement_not_used"", ""defined_single_structure"", ""exact_identity_deduplicated"", ""current_strong_conflicts_excluded"", ""external_holdout_quarantined"", ""publication_dataset_oecd_405_curation""]",peer_reviewed_curated_experimental_negative,0.9,experimental,"OECD TG 405 experimental eye irritation, curated at dataset level",not irritating / not classified (curated Outcome=0),not_reported_per_record_in_public_sdf,eye:CpId:3211,03dc5888f0859ddcc1b694e186bb2137229ea571e3db56572205f482794de03d,https://github.com/joyvb/stoptox,6ba3a7f82ab9fda8534f120114a566eec296e8ae,"InChI=1S/C9H11NO4/c10-6(9(13)14)3-5-1-2-7(11)8(12)4-5/h1-2,4,6,11-12H,3,10H2,(H,13,14)"
FC(F)(F)C(F)(F)C(F)(F)C(F)(F)C(F)(F)C(F)(F)C(F)(F)C(F)(F)Br,0,423-55-2,WTWWXOGTJWMJHI-UHFFFAOYSA-N,423-55-2,STopTox peer-reviewed curated experimental irritation dataset,https://doi.org/10.1289/EHP9341,"[""eye:CpId:3213""]","[""explicit_curated_experimental_outcome_0"", ""absence_of_hazard_statement_not_used"", ""defined_single_structure"", ""exact_identity_deduplicated"", ""current_strong_conflicts_excluded"", ""external_holdout_quarantined"", ""publication_dataset_oecd_405_curation""]",peer_reviewed_curated_experimental_negative,0.9,experimental,"OECD TG 405 experimental eye irritation, curated at dataset level",not irritating / not classified (curated Outcome=0),not_reported_per_record_in_public_sdf,eye:CpId:3213,03dc5888f0859ddcc1b694e186bb2137229ea571e3db56572205f482794de03d,https://github.com/joyvb/stoptox,6ba3a7f82ab9fda8534f120114a566eec296e8ae,"InChI=1S/C8BrF17/c9-7(22,23)5(18,19)3(14,15)1(10,11)2(12,13)4(16,17)6(20,21)8(24,25)26"
CCOc1ccc(Br)cc1,0,588-96-5,WVUYYXUATWMVIT-UHFFFAOYSA-N,588-96-5,STopTox peer-reviewed curated experimental irritation dataset,https://doi.org/10.1289/EHP9341,"[""eye:CpId:3223""]","[""explicit_curated_experimental_outcome_0"", ""absence_of_hazard_statement_not_used"", ""defined_single_structure"", ""exact_identity_deduplicated"", ""current_strong_conflicts_excluded"", ""external_holdout_quarantined"", ""publication_dataset_oecd_405_curation""]",peer_reviewed_curated_experimental_negative,0.9,experimental,"OECD TG 405 experimental eye irritation, curated at dataset level",not irritating / not classified (curated Outcome=0),not_reported_per_record_in_public_sdf,eye:CpId:3223,03dc5888f0859ddcc1b694e186bb2137229ea571e3db56572205f482794de03d,https://github.com/joyvb/stoptox,6ba3a7f82ab9fda8534f120114a566eec296e8ae,"InChI=1S/C8H9BrO/c1-2-10-8-5-3-7(9)4-6-8/h3-6H,2H2,1H3"
O=C(Oc1ccccc1C(=O)O)c1ccccc1O,0,552-94-3,WVYADZUPLLSGPU-UHFFFAOYSA-N,552-94-3,STopTox peer-reviewed curated experimental irritation dataset,https://doi.org/10.1289/EHP9341,"[""eye:CpId:3224""]","[""explicit_curated_experimental_outcome_0"", ""absence_of_hazard_statement_not_used"", ""defined_single_structure"", ""exact_identity_deduplicated"", ""current_strong_conflicts_excluded"", ""external_holdout_quarantined"", ""publication_dataset_oecd_405_curation""]",peer_reviewed_curated_experimental_negative,0.9,experimental,"OECD TG 405 experimental eye irritation, curated at dataset level",not irritating / not classified (curated Outcome=0),not_reported_per_record_in_public_sdf,eye:CpId:3224,03dc5888f0859ddcc1b694e186bb2137229ea571e3db56572205f482794de03d,https://github.com/joyvb/stoptox,6ba3a7f82ab9fda8534f120114a566eec296e8ae,"InChI=1S/C14H10O5/c15-11-7-3-1-5-9(11)14(18)19-12-8-4-2-6-10(12)13(16)17/h1-8,15H,(H,16,17)"
COP(=S)(OC)Oc1ccc(Sc2ccc(OP(=S)(OC)OC)cc2)cc1,0,3383-96-8,WWJZWCUNLNYYAU-UHFFFAOYSA-N,3383-96-8,STopTox peer-reviewed curated experimental irritation dataset,https://doi.org/10.1289/EHP9341,"[""eye:CpId:3225""]","[""explicit_curated_experimental_outcome_0"", ""absence_of_hazard_statement_not_used"", ""defined_single_structure"", ""exact_identity_deduplicated"", ""current_strong_conflicts_excluded"", ""external_holdout_quarantined"", ""publication_dataset_oecd_405_curation""]",peer_reviewed_curated_experimental_negative,0.9,experimental,"OECD TG 405 experimental eye irritation, curated at dataset level",not irritating / not classified (curated Outcome=0),not_reported_per_record_in_public_sdf,eye:CpId:3225,03dc5888f0859ddcc1b694e186bb2137229ea571e3db56572205f482794de03d,https://github.com/joyvb/stoptox,6ba3a7f82ab9fda8534f120114a566eec296e8ae,"InChI=1S/C16H20O6P2S3/c1-17-23(25,18-2)21-13-5-9-15(10-6-13)27-16-11-7-14(8-12-16)22-24(26,19-3)20-4/h5-12H,1-4H3"
O=C(O)CCCC=CCC1C(O)CC(O)C1C=CC(O)COc1cccc(C(F)(F)F)c1,0,40666-16-8,WWSWYXNVCBLWNZ-UHFFFAOYSA-N,40666-16-8,STopTox peer-reviewed curated experimental irritation dataset,https://doi.org/10.1289/EHP9341,"[""eye:CpId:3226""]","[""explicit_curated_experimental_outcome_0"", ""absence_of_hazard_statement_not_used"", ""defined_single_structure"", ""exact_identity_deduplicated"", ""current_strong_conflicts_excluded"", ""external_holdout_quarantined"", ""publication_dataset_oecd_405_curation""]",peer_reviewed_curated_experimental_negative,0.9,experimental,"OECD TG 405 experimental eye irritation, curated at dataset level",not irritating / not classified (curated Outcome=0),not_reported_per_record_in_public_sdf,eye:CpId:3226,03dc5888f0859ddcc1b694e186bb2137229ea571e3db56572205f482794de03d,https://github.com/joyvb/stoptox,6ba3a7f82ab9fda8534f120114a566eec296e8ae,"InChI=1S/C23H29F3O6/c24-23(25,26)15-6-5-7-17(12-15)32-14-16(27)10-11-19-18(20(28)13-21(19)29)8-3-1-2-4-9-22(30)31/h1,3,5-7,10-12,16,18-21,27-29H,2,4,8-9,13-14H2,(H,30,31)"
C#CC1(O)CCC2C3CCC4=CC(=O)CCC4C3CCC21CC,0,6533-00-2 797-63-7,WWYNJERNGUHSAO-UHFFFAOYSA-N,6533-00-2 797-63-7,STopTox peer-reviewed curated experimental irritation dataset,https://doi.org/10.1289/EHP9341,"[""eye:CpId:3227""]","[""explicit_curated_experimental_outcome_0"", ""absence_of_hazard_statement_not_used"", ""defined_single_structure"", ""exact_identity_deduplicated"", ""current_strong_conflicts_excluded"", ""external_holdout_quarantined"", ""publication_dataset_oecd_405_curation""]",peer_reviewed_curated_experimental_negative,0.9,experimental,"OECD TG 405 experimental eye irritation, curated at dataset level",not irritating / not classified (curated Outcome=0),not_reported_per_record_in_public_sdf,eye:CpId:3227,03dc5888f0859ddcc1b694e186bb2137229ea571e3db56572205f482794de03d,https://github.com/joyvb/stoptox,6ba3a7f82ab9fda8534f120114a566eec296e8ae,"InChI=1S/C21H28O2/c1-3-20-11-9-17-16-8-6-15(22)13-14(16)5-7-18(17)19(20)10-12-21(20,23)4-2/h2,13,16-19,23H,3,5-12H2,1H3"
CC(N)C(O)c1cccc(O)c1,0,54-49-9,WXFIGDLSSYIKKV-UHFFFAOYSA-N,54-49-9,STopTox peer-reviewed curated experimental irritation dataset,https://doi.org/10.1289/EHP9341,"[""eye:CpId:3229""]","[""explicit_curated_experimental_outcome_0"", ""absence_of_hazard_statement_not_used"", ""defined_single_structure"", ""exact_identity_deduplicated"", ""current_strong_conflicts_excluded"", ""external_holdout_quarantined"", ""publication_dataset_oecd_405_curation""]",peer_reviewed_curated_experimental_negative,0.9,experimental,"OECD TG 405 experimental eye irritation, curated at dataset level",not irritating / not classified (curated Outcome=0),not_reported_per_record_in_public_sdf,eye:CpId:3229,03dc5888f0859ddcc1b694e186bb2137229ea571e3db56572205f482794de03d,https://github.com/joyvb/stoptox,6ba3a7f82ab9fda8534f120114a566eec296e8ae,"InChI=1S/C9H13NO2/c1-6(10)9(12)7-3-2-4-8(11)5-7/h2-6,9,11-12H,10H2,1H3"
O=C(c1ccc(O)cc1O)c1ccc(O)cc1O,0,131-55-5,WXNRYSGJLQFHBR-UHFFFAOYSA-N,131-55-5,STopTox peer-reviewed curated experimental irritation dataset,https://doi.org/10.1289/EHP9341,"[""eye:CpId:3230""]","[""explicit_curated_experimental_outcome_0"", ""absence_of_hazard_statement_not_used"", ""defined_single_structure"", ""exact_identity_deduplicated"", ""current_strong_conflicts_excluded"", ""external_holdout_quarantined"", ""publication_dataset_oecd_405_curation""]",peer_reviewed_curated_experimental_negative,0.9,experimental,"OECD TG 405 experimental eye irritation, curated at dataset level",not irritating / not classified (curated Outcome=0),not_reported_per_record_in_public_sdf,eye:CpId:3230,03dc5888f0859ddcc1b694e186bb2137229ea571e3db56572205f482794de03d,https://github.com/joyvb/stoptox,6ba3a7f82ab9fda8534f120114a566eec296e8ae,"InChI=1S/C13H10O5/c14-7-1-3-9(11(16)5-7)13(18)10-4-2-8(15)6-12(10)17/h1-6,14-17H"
Cc1ccc(S(=O)(=O)O)cc1C,0,1300-72-7,WYCOJIVDCGJKDB-UHFFFAOYSA-N,1300-72-7,STopTox peer-reviewed curated experimental irritation dataset,https://doi.org/10.1289/EHP9341,"[""eye:CpId:891""]","[""explicit_curated_experimental_outcome_0"", ""absence_of_hazard_statement_not_used"", ""defined_single_structure"", ""exact_identity_deduplicated"", ""current_strong_conflicts_excluded"", ""external_holdout_quarantined"", ""publication_dataset_oecd_405_curation""]",peer_reviewed_curated_experimental_negative,0.9,experimental,"OECD TG 405 experimental eye irritation, curated at dataset level",not irritating / not classified (curated Outcome=0),not_reported_per_record_in_public_sdf,eye:CpId:891,03dc5888f0859ddcc1b694e186bb2137229ea571e3db56572205f482794de03d,https://github.com/joyvb/stoptox,6ba3a7f82ab9fda8534f120114a566eec296e8ae,WYCOJIVDCGJKDB-UHFFFAOYSA-M
CCC1(CC)OOC(CC)(CC)OOC(CC)(CC)OO1,0,WYEDBMPUQDXWEF-UHFFFAOYSA-N,WYEDBMPUQDXWEF-UHFFFAOYSA-N,,STopTox peer-reviewed curated experimental irritation dataset,https://doi.org/10.1289/EHP9341,"[""eye:CpId:892""]","[""explicit_curated_experimental_outcome_0"", ""absence_of_hazard_statement_not_used"", ""defined_single_structure"", ""exact_identity_deduplicated"", ""current_strong_conflicts_excluded"", ""external_holdout_quarantined"", ""publication_dataset_oecd_405_curation""]",peer_reviewed_curated_experimental_negative,0.9,experimental,"OECD TG 405 experimental eye irritation, curated at dataset level",not irritating / not classified (curated Outcome=0),not_reported_per_record_in_public_sdf,eye:CpId:892,03dc5888f0859ddcc1b694e186bb2137229ea571e3db56572205f482794de03d,https://github.com/joyvb/stoptox,6ba3a7f82ab9fda8534f120114a566eec296e8ae,WYEDBMPUQDXWEF-UHFFFAOYSA-N
O=C(Nc1ccccc1-c1ccc(Cl)cc1)c1cccnc1Cl,0,188425-85-6,WYEMLYFITZORAB-UHFFFAOYSA-N,188425-85-6,STopTox peer-reviewed curated experimental irritation dataset,https://doi.org/10.1289/EHP9341,"[""eye:CpId:3237""]","[""explicit_curated_experimental_outcome_0"", ""absence_of_hazard_statement_not_used"", ""defined_single_structure"", ""exact_identity_deduplicated"", ""current_strong_conflicts_excluded"", ""external_holdout_quarantined"", ""publication_dataset_oecd_405_curation""]",peer_reviewed_curated_experimental_negative,0.9,experimental,"OECD TG 405 experimental eye irritation, curated at dataset level",not irritating / not classified (curated Outcome=0),not_reported_per_record_in_public_sdf,eye:CpId:3237,03dc5888f0859ddcc1b694e186bb2137229ea571e3db56572205f482794de03d,https://github.com/joyvb/stoptox,6ba3a7f82ab9fda8534f120114a566eec296e8ae,"InChI=1S/C18H12Cl2N2O/c19-13-9-7-12(8-10-13)14-4-1-2-6-16(14)22-18(23)15-5-3-11-21-17(15)20/h1-11H,(H,22,23)"
CCCCC(CC)C(=O)OOC(C)(C)C,0,3006-82-4,WYKYCHHWIJXDAO-UHFFFAOYSA-N,3006-82-4,STopTox peer-reviewed curated experimental irritation dataset,https://doi.org/10.1289/EHP9341,"[""eye:CpId:893""]","[""explicit_curated_experimental_outcome_0"", ""absence_of_hazard_statement_not_used"", ""defined_single_structure"", ""exact_identity_deduplicated"", ""current_strong_conflicts_excluded"", ""external_holdout_quarantined"", ""publication_dataset_oecd_405_curation""]",peer_reviewed_curated_experimental_negative,0.9,experimental,"OECD TG 405 experimental eye irritation, curated at dataset level",not irritating / not classified (curated Outcome=0),not_reported_per_record_in_public_sdf,eye:CpId:893,03dc5888f0859ddcc1b694e186bb2137229ea571e3db56572205f482794de03d,https://github.com/joyvb/stoptox,6ba3a7f82ab9fda8534f120114a566eec296e8ae,WYKYCHHWIJXDAO-UHFFFAOYSA-N
CC1CC(OC(=O)C(O)c2ccccc2)CC(C)(C)C1,0,456-59-7,WZHCOOQXZCIUNC-UHFFFAOYSA-N,456-59-7,STopTox peer-reviewed curated experimental irritation dataset,https://doi.org/10.1289/EHP9341,"[""eye:CpId:3244""]","[""explicit_curated_experimental_outcome_0"", ""absence_of_hazard_statement_not_used"", ""defined_single_structure"", ""exact_identity_deduplicated"", ""current_strong_conflicts_excluded"", ""external_holdout_quarantined"", ""publication_dataset_oecd_405_curation""]",peer_reviewed_curated_experimental_negative,0.9,experimental,"OECD TG 405 experimental eye irritation, curated at dataset level",not irritating / not classified (curated Outcome=0),not_reported_per_record_in_public_sdf,eye:CpId:3244,03dc5888f0859ddcc1b694e186bb2137229ea571e3db56572205f482794de03d,https://github.com/joyvb/stoptox,6ba3a7f82ab9fda8534f120114a566eec296e8ae,"InChI=1S/C17H24O3/c1-12-9-14(11-17(2,3)10-12)20-16(19)15(18)13-7-5-4-6-8-13/h4-8,12,14-15,18H,9-11H2,1-3H3"
O=C(O)c1c(O)c(-c2ccccc2)nc2ccccc12,0,485-89-2,XAPRFLSJBSXESP-UHFFFAOYSA-N,485-89-2,STopTox peer-reviewed curated experimental irritation dataset,https://doi.org/10.1289/EHP9341,"[""eye:CpId:3253""]","[""explicit_curated_experimental_outcome_0"", ""absence_of_hazard_statement_not_used"", ""defined_single_structure"", ""exact_identity_deduplicated"", ""current_strong_conflicts_excluded"", ""external_holdout_quarantined"", ""publication_dataset_oecd_405_curation""]",peer_reviewed_curated_experimental_negative,0.9,experimental,"OECD TG 405 experimental eye irritation, curated at dataset level",not irritating / not classified (curated Outcome=0),not_reported_per_record_in_public_sdf,eye:CpId:3253,03dc5888f0859ddcc1b694e186bb2137229ea571e3db56572205f482794de03d,https://github.com/joyvb/stoptox,6ba3a7f82ab9fda8534f120114a566eec296e8ae,"InChI=1S/C16H11NO3/c18-15-13(16(19)20)11-8-4-5-9-12(11)17-14(15)10-6-2-1-3-7-10/h1-9,18H,(H,19,20)"
CCC(=O)O,0,84057-80-7,XBDQKXXYIPTUBI-UHFFFAOYSA-N,84057-80-7,STopTox peer-reviewed curated experimental irritation dataset,https://doi.org/10.1289/EHP9341,"[""eye:CpId:898""]","[""explicit_curated_experimental_outcome_0"", ""absence_of_hazard_statement_not_used"", ""defined_single_structure"", ""exact_identity_deduplicated"", ""current_strong_conflicts_excluded"", ""external_holdout_quarantined"", ""publication_dataset_oecd_405_curation""]",peer_reviewed_curated_experimental_negative,0.9,experimental,"OECD TG 405 experimental eye irritation, curated at dataset level",not irritating / not classified (curated Outcome=0),not_reported_per_record_in_public_sdf,eye:CpId:898,03dc5888f0859ddcc1b694e186bb2137229ea571e3db56572205f482794de03d,https://github.com/joyvb/stoptox,6ba3a7f82ab9fda8534f120114a566eec296e8ae,XBDQKXXYIPTUBI-UHFFFAOYSA-M
CCCCCCCCCCCc1ccccc1,0,6742-54-7,XBEADGFTLHRJRB-UHFFFAOYSA-N,6742-54-7,STopTox peer-reviewed curated experimental irritation dataset,https://doi.org/10.1289/EHP9341,"[""eye:CpId:3255""]","[""explicit_curated_experimental_outcome_0"", ""absence_of_hazard_statement_not_used"", ""defined_single_structure"", ""exact_identity_deduplicated"", ""current_strong_conflicts_excluded"", ""external_holdout_quarantined"", ""publication_dataset_oecd_405_curation""]",peer_reviewed_curated_experimental_negative,0.9,experimental,"OECD TG 405 experimental eye irritation, curated at dataset level",not irritating / not classified (curated Outcome=0),not_reported_per_record_in_public_sdf,eye:CpId:3255,03dc5888f0859ddcc1b694e186bb2137229ea571e3db56572205f482794de03d,https://github.com/joyvb/stoptox,6ba3a7f82ab9fda8534f120114a566eec296e8ae,"InChI=1S/C17H28/c1-2-3-4-5-6-7-8-9-11-14-17-15-12-10-13-16-17/h10,12-13,15-16H,2-9,11,14H2,1H3"
c1ccc(OCCOc2ccccc2)cc1,0,104-66-5,XCSGHNKDXGYELG-UHFFFAOYSA-N,104-66-5,STopTox peer-reviewed curated experimental irritation dataset,https://doi.org/10.1289/EHP9341,"[""eye:CpId:900""]","[""explicit_curated_experimental_outcome_0"", ""absence_of_hazard_statement_not_used"", ""defined_single_structure"", ""exact_identity_deduplicated"", ""current_strong_conflicts_excluded"", ""external_holdout_quarantined"", ""publication_dataset_oecd_405_curation""]",peer_reviewed_curated_experimental_negative,0.9,experimental,"OECD TG 405 experimental eye irritation, curated at dataset level",not irritating / not classified (curated Outcome=0),not_reported_per_record_in_public_sdf,eye:CpId:900,03dc5888f0859ddcc1b694e186bb2137229ea571e3db56572205f482794de03d,https://github.com/joyvb/stoptox,6ba3a7f82ab9fda8534f120114a566eec296e8ae,XCSGHNKDXGYELG-UHFFFAOYSA-N
C=C(C)C(=O)OCCC[Si](OC)(OC)OC,0,2530-85-0,XDLMVUHYZWKMMD-UHFFFAOYSA-N,2530-85-0,STopTox peer-reviewed curated experimental irritation dataset,https://doi.org/10.1289/EHP9341,"[""eye:CpId:3263""]","[""explicit_curated_experimental_outcome_0"", ""absence_of_hazard_statement_not_used"", ""defined_single_structure"", ""exact_identity_deduplicated"", ""current_strong_conflicts_excluded"", ""external_holdout_quarantined"", ""publication_dataset_oecd_405_curation""]",peer_reviewed_curated_experimental_negative,0.9,experimental,"OECD TG 405 experimental eye irritation, curated at dataset level",not irritating / not classified (curated Outcome=0),not_reported_per_record_in_public_sdf,eye:CpId:3263,03dc5888f0859ddcc1b694e186bb2137229ea571e3db56572205f482794de03d,https://github.com/joyvb/stoptox,6ba3a7f82ab9fda8534f120114a566eec296e8ae,"InChI=1S/C10H20O5Si/c1-9(2)10(11)15-7-6-8-16(12-3,13-4)14-5/h1,6-8H2,2-5H3"
CC(C)CCCCCCCCCCCCCCC(=O)O,0,30399-84-9,XDOFQFKRPWOURC-UHFFFAOYSA-N,30399-84-9,STopTox peer-reviewed curated experimental irritation dataset,https://doi.org/10.1289/EHP9341,"[""eye:CpId:901""]","[""explicit_curated_experimental_outcome_0"", ""absence_of_hazard_statement_not_used"", ""defined_single_structure"", ""exact_identity_deduplicated"", ""current_strong_conflicts_excluded"", ""external_holdout_quarantined"", ""publication_dataset_oecd_405_curation""]",peer_reviewed_curated_experimental_negative,0.9,experimental,"OECD TG 405 experimental eye irritation, curated at dataset level",not irritating / not classified (curated Outcome=0),not_reported_per_record_in_public_sdf,eye:CpId:901,03dc5888f0859ddcc1b694e186bb2137229ea571e3db56572205f482794de03d,https://github.com/joyvb/stoptox,6ba3a7f82ab9fda8534f120114a566eec296e8ae,XDOFQFKRPWOURC-UHFFFAOYSA-N
CCCCCC(O)C=CC1C(O)CC(=O)C1CC=CCCCC(=O)O,0,363-24-6,XEYBRNLFEZDVAW-UHFFFAOYSA-N,363-24-6,STopTox peer-reviewed curated experimental irritation dataset,https://doi.org/10.1289/EHP9341,"[""eye:CpId:3269""]","[""explicit_curated_experimental_outcome_0"", ""absence_of_hazard_statement_not_used"", ""defined_single_structure"", ""exact_identity_deduplicated"", ""current_strong_conflicts_excluded"", ""external_holdout_quarantined"", ""publication_dataset_oecd_405_curation""]",peer_reviewed_curated_experimental_negative,0.9,experimental,"OECD TG 405 experimental eye irritation, curated at dataset level",not irritating / not classified (curated Outcome=0),not_reported_per_record_in_public_sdf,eye:CpId:3269,03dc5888f0859ddcc1b694e186bb2137229ea571e3db56572205f482794de03d,https://github.com/joyvb/stoptox,6ba3a7f82ab9fda8534f120114a566eec296e8ae,"InChI=1S/C20H32O5/c1-2-3-6-9-15(21)12-13-17-16(18(22)14-19(17)23)10-7-4-5-8-11-20(24)25/h4,7,12-13,15-17,19,21,23H,2-3,5-6,8-11,14H2,1H3,(H,24,25)"
CC1OC(Oc2c(-c3ccc(O)c(O)c3)oc3cc(O)cc(=O)c-3c2O)C(O)C(O)C1O,0,522-12-3,XHIUPRGKXRAZCR-UHFFFAOYSA-N,522-12-3,STopTox peer-reviewed curated experimental irritation dataset,https://doi.org/10.1289/EHP9341,"[""eye:CpId:2447""]","[""explicit_curated_experimental_outcome_0"", ""absence_of_hazard_statement_not_used"", ""defined_single_structure"", ""exact_identity_deduplicated"", ""current_strong_conflicts_excluded"", ""external_holdout_quarantined"", ""publication_dataset_oecd_405_curation""]",peer_reviewed_curated_experimental_negative,0.9,experimental,"OECD TG 405 experimental eye irritation, curated at dataset level",not irritating / not classified (curated Outcome=0),not_reported_per_record_in_public_sdf,eye:CpId:2447,03dc5888f0859ddcc1b694e186bb2137229ea571e3db56572205f482794de03d,https://github.com/joyvb/stoptox,6ba3a7f82ab9fda8534f120114a566eec296e8ae,"InChI=1S/C21H20O11/c1-7-15(26)17(28)18(29)21(30-7)32-20-16(27)14-12(25)5-9(22)6-13(14)31-19(20)8-2-3-10(23)11(24)4-8/h2-7,15,17-18,21-24,26-29H,1H3"
CC(=O)OC1CC(C)CCC1C(C)C,0,89-48-5,XHXUANMFYXWVNG-UHFFFAOYSA-N,89-48-5,STopTox peer-reviewed curated experimental irritation dataset,https://doi.org/10.1289/EHP9341,"[""eye:CpId:908""]","[""explicit_curated_experimental_outcome_0"", ""absence_of_hazard_statement_not_used"", ""defined_single_structure"", ""exact_identity_deduplicated"", ""current_strong_conflicts_excluded"", ""external_holdout_quarantined"", ""publication_dataset_oecd_405_curation""]",peer_reviewed_curated_experimental_negative,0.9,experimental,"OECD TG 405 experimental eye irritation, curated at dataset level",not irritating / not classified (curated Outcome=0),not_reported_per_record_in_public_sdf,eye:CpId:908,03dc5888f0859ddcc1b694e186bb2137229ea571e3db56572205f482794de03d,https://github.com/joyvb/stoptox,6ba3a7f82ab9fda8534f120114a566eec296e8ae,XHXUANMFYXWVNG-UHFFFAOYSA-N
FC(F)(F)c1ccc(Cl)c(Cl)c1,0,328-84-7,XILPLWOGHPSJBK-UHFFFAOYSA-N,328-84-7,STopTox peer-reviewed curated experimental irritation dataset,https://doi.org/10.1289/EHP9341,"[""eye:CpId:3279""]","[""explicit_curated_experimental_outcome_0"", ""absence_of_hazard_statement_not_used"", ""defined_single_structure"", ""exact_identity_deduplicated"", ""current_strong_conflicts_excluded"", ""external_holdout_quarantined"", ""publication_dataset_oecd_405_curation""]",peer_reviewed_curated_experimental_negative,0.9,experimental,"OECD TG 405 experimental eye irritation, curated at dataset level",not irritating / not classified (curated Outcome=0),not_reported_per_record_in_public_sdf,eye:CpId:3279,03dc5888f0859ddcc1b694e186bb2137229ea571e3db56572205f482794de03d,https://github.com/joyvb/stoptox,6ba3a7f82ab9fda8534f120114a566eec296e8ae,"InChI=1S/C7H3Cl2F3/c8-5-2-1-4(3-6(5)9)7(10,11)12/h1-3H"
Nc1c2ccccc2nc2ccccc12,0,90-45-9,XJGFWWJLMVZSIG-UHFFFAOYSA-N,90-45-9,STopTox peer-reviewed curated experimental irritation dataset,https://doi.org/10.1289/EHP9341,"[""eye:CpId:3284""]","[""explicit_curated_experimental_outcome_0"", ""absence_of_hazard_statement_not_used"", ""defined_single_structure"", ""exact_identity_deduplicated"", ""current_strong_conflicts_excluded"", ""external_holdout_quarantined"", ""publication_dataset_oecd_405_curation""]",peer_reviewed_curated_experimental_negative,0.9,experimental,"OECD TG 405 experimental eye irritation, curated at dataset level",not irritating / not classified (curated Outcome=0),not_reported_per_record_in_public_sdf,eye:CpId:3284,03dc5888f0859ddcc1b694e186bb2137229ea571e3db56572205f482794de03d,https://github.com/joyvb/stoptox,6ba3a7f82ab9fda8534f120114a566eec296e8ae,"InChI=1S/C13H10N2/c14-13-9-5-1-3-7-11(9)15-12-8-4-2-6-10(12)13/h1-8H,(H2,14,15)"
CCCCCCCCCC(=O)OOC(=O)CCCCCCCCC,0,762-12-9,XJOBOFWTZOKMOH-UHFFFAOYSA-N,762-12-9,STopTox peer-reviewed curated experimental irritation dataset,https://doi.org/10.1289/EHP9341,"[""eye:CpId:910""]","[""explicit_curated_experimental_outcome_0"", ""absence_of_hazard_statement_not_used"", ""defined_single_structure"", ""exact_identity_deduplicated"", ""current_strong_conflicts_excluded"", ""external_holdout_quarantined"", ""publication_dataset_oecd_405_curation""]",peer_reviewed_curated_experimental_negative,0.9,experimental,"OECD TG 405 experimental eye irritation, curated at dataset level",not irritating / not classified (curated Outcome=0),not_reported_per_record_in_public_sdf,eye:CpId:910,03dc5888f0859ddcc1b694e186bb2137229ea571e3db56572205f482794de03d,https://github.com/joyvb/stoptox,6ba3a7f82ab9fda8534f120114a566eec296e8ae,XJOBOFWTZOKMOH-UHFFFAOYSA-N
C=COC,0,107-25-5,XJRBAMWJDBPFIM-UHFFFAOYSA-N,107-25-5,STopTox peer-reviewed curated experimental irritation dataset,https://doi.org/10.1289/EHP9341,"[""eye:CpId:911""]","[""explicit_curated_experimental_outcome_0"", ""absence_of_hazard_statement_not_used"", ""defined_single_structure"", ""exact_identity_deduplicated"", ""current_strong_conflicts_excluded"", ""external_holdout_quarantined"", ""publication_dataset_oecd_405_curation""]",peer_reviewed_curated_experimental_negative,0.9,experimental,"OECD TG 405 experimental eye irritation, curated at dataset level",not irritating / not classified (curated Outcome=0),not_reported_per_record_in_public_sdf,eye:CpId:911,03dc5888f0859ddcc1b694e186bb2137229ea571e3db56572205f482794de03d,https://github.com/joyvb/stoptox,6ba3a7f82ab9fda8534f120114a566eec296e8ae,XJRBAMWJDBPFIM-UHFFFAOYSA-N
CCCCCCC(O)CC=CCCCCCCCC(=O)OC,0,141-24-2,XKGDWZQXVZSXAO-UHFFFAOYSA-N,141-24-2,STopTox peer-reviewed curated experimental irritation dataset,https://doi.org/10.1289/EHP9341,"[""eye:CpId:3289""]","[""explicit_curated_experimental_outcome_0"", ""absence_of_hazard_statement_not_used"", ""defined_single_structure"", ""exact_identity_deduplicated"", ""current_strong_conflicts_excluded"", ""external_holdout_quarantined"", ""publication_dataset_oecd_405_curation""]",peer_reviewed_curated_experimental_negative,0.9,experimental,"OECD TG 405 experimental eye irritation, curated at dataset level",not irritating / not classified (curated Outcome=0),not_reported_per_record_in_public_sdf,eye:CpId:3289,03dc5888f0859ddcc1b694e186bb2137229ea571e3db56572205f482794de03d,https://github.com/joyvb/stoptox,6ba3a7f82ab9fda8534f120114a566eec296e8ae,"InChI=1S/C19H36O3/c1-3-4-5-12-15-18(20)16-13-10-8-6-7-9-11-14-17-19(21)22-2/h10,13,18,20H,3-9,11-12,14-17H2,1-2H3"
O=C1NC(=O)c2ccccc21,0,85-41-6,XKJCHHZQLQNZHY-UHFFFAOYSA-N,85-41-6,STopTox peer-reviewed curated experimental irritation dataset,https://doi.org/10.1289/EHP9341,"[""eye:CpId:912""]","[""explicit_curated_experimental_outcome_0"", ""absence_of_hazard_statement_not_used"", ""defined_single_structure"", ""exact_identity_deduplicated"", ""current_strong_conflicts_excluded"", ""external_holdout_quarantined"", ""publication_dataset_oecd_405_curation""]",peer_reviewed_curated_experimental_negative,0.9,experimental,"OECD TG 405 experimental eye irritation, curated at dataset level",not irritating / not classified (curated Outcome=0),not_reported_per_record_in_public_sdf,eye:CpId:912,03dc5888f0859ddcc1b694e186bb2137229ea571e3db56572205f482794de03d,https://github.com/joyvb/stoptox,6ba3a7f82ab9fda8534f120114a566eec296e8ae,XKJCHHZQLQNZHY-UHFFFAOYSA-N
CC(C)c1cccc(C(C)C)c1N=C=Nc1c(C(C)C)cccc1C(C)C,0,2162-74-5,XLDBGFGREOMWSL-UHFFFAOYSA-N,2162-74-5,STopTox peer-reviewed curated experimental irritation dataset,https://doi.org/10.1289/EHP9341,"[""eye:CpId:913""]","[""explicit_curated_experimental_outcome_0"", ""absence_of_hazard_statement_not_used"", ""defined_single_structure"", ""exact_identity_deduplicated"", ""current_strong_conflicts_excluded"", ""external_holdout_quarantined"", ""publication_dataset_oecd_405_curation""]",peer_reviewed_curated_experimental_negative,0.9,experimental,"OECD TG 405 experimental eye irritation, curated at dataset level",not irritating / not classified (curated Outcome=0),not_reported_per_record_in_public_sdf,eye:CpId:913,03dc5888f0859ddcc1b694e186bb2137229ea571e3db56572205f482794de03d,https://github.com/joyvb/stoptox,6ba3a7f82ab9fda8534f120114a566eec296e8ae,XLDBGFGREOMWSL-UHFFFAOYSA-N
N#CO,0,917-61-3,XLJMAIOERFSOGZ-UHFFFAOYSA-N,917-61-3,STopTox peer-reviewed curated experimental irritation dataset,https://doi.org/10.1289/EHP9341,"[""eye:CpId:914""]","[""explicit_curated_experimental_outcome_0"", ""absence_of_hazard_statement_not_used"", ""defined_single_structure"", ""exact_identity_deduplicated"", ""current_strong_conflicts_excluded"", ""external_holdout_quarantined"", ""publication_dataset_oecd_405_curation""]",peer_reviewed_curated_experimental_negative,0.9,experimental,"OECD TG 405 experimental eye irritation, curated at dataset level",not irritating / not classified (curated Outcome=0),not_reported_per_record_in_public_sdf,eye:CpId:914,03dc5888f0859ddcc1b694e186bb2137229ea571e3db56572205f482794de03d,https://github.com/joyvb/stoptox,6ba3a7f82ab9fda8534f120114a566eec296e8ae,XLJMAIOERFSOGZ-UHFFFAOYSA-M
CCCCCCC(O)CC=CCCCCCCCC(=O)OCCO,0,106-17-2,XLMXUUQMSMKFMH-UHFFFAOYSA-N,106-17-2,STopTox peer-reviewed curated experimental irritation dataset,https://doi.org/10.1289/EHP9341,"[""eye:CpId:3293""]","[""explicit_curated_experimental_outcome_0"", ""absence_of_hazard_statement_not_used"", ""defined_single_structure"", ""exact_identity_deduplicated"", ""current_strong_conflicts_excluded"", ""external_holdout_quarantined"", ""publication_dataset_oecd_405_curation""]",peer_reviewed_curated_experimental_negative,0.9,experimental,"OECD TG 405 experimental eye irritation, curated at dataset level",not irritating / not classified (curated Outcome=0),not_reported_per_record_in_public_sdf,eye:CpId:3293,03dc5888f0859ddcc1b694e186bb2137229ea571e3db56572205f482794de03d,https://github.com/joyvb/stoptox,6ba3a7f82ab9fda8534f120114a566eec296e8ae,"InChI=1S/C20H38O4/c1-2-3-4-11-14-19(22)15-12-9-7-5-6-8-10-13-16-20(23)24-18-17-21/h9,12,19,21-22H,2-8,10-11,13-18H2,1H3"
C=C(C)C1CC=C(C)CC1,0,5989-27-5,XMGQYMWWDOXHJM-UHFFFAOYSA-N,5989-27-5,STopTox peer-reviewed curated experimental irritation dataset,https://doi.org/10.1289/EHP9341,"[""eye:CpId:915""]","[""explicit_curated_experimental_outcome_0"", ""absence_of_hazard_statement_not_used"", ""defined_single_structure"", ""exact_identity_deduplicated"", ""current_strong_conflicts_excluded"", ""external_holdout_quarantined"", ""publication_dataset_oecd_405_curation""]",peer_reviewed_curated_experimental_negative,0.9,experimental,"OECD TG 405 experimental eye irritation, curated at dataset level",not irritating / not classified (curated Outcome=0),not_reported_per_record_in_public_sdf,eye:CpId:915,03dc5888f0859ddcc1b694e186bb2137229ea571e3db56572205f482794de03d,https://github.com/joyvb/stoptox,6ba3a7f82ab9fda8534f120114a566eec296e8ae,XMGQYMWWDOXHJM-UHFFFAOYSA-N
CC(C)(O)C(=O)c1ccccc1,0,7473-98-5,XMLYCEVDHLAQEL-UHFFFAOYSA-N,7473-98-5,STopTox peer-reviewed curated experimental irritation dataset,https://doi.org/10.1289/EHP9341,"[""eye:CpId:916""]","[""explicit_curated_experimental_outcome_0"", ""absence_of_hazard_statement_not_used"", ""defined_single_structure"", ""exact_identity_deduplicated"", ""current_strong_conflicts_excluded"", ""external_holdout_quarantined"", ""publication_dataset_oecd_405_curation""]",peer_reviewed_curated_experimental_negative,0.9,experimental,"OECD TG 405 experimental eye irritation, curated at dataset level",not irritating / not classified (curated Outcome=0),not_reported_per_record_in_public_sdf,eye:CpId:916,03dc5888f0859ddcc1b694e186bb2137229ea571e3db56572205f482794de03d,https://github.com/joyvb/stoptox,6ba3a7f82ab9fda8534f120114a566eec296e8ae,XMLYCEVDHLAQEL-UHFFFAOYSA-N
CC(C)(OOC(C)(C)c1ccccc1)c1ccccc1,0,80-43-3,XMNIXWIUMCBBBL-UHFFFAOYSA-N,80-43-3,STopTox peer-reviewed curated experimental irritation dataset,https://doi.org/10.1289/EHP9341,"[""eye:CpId:917""]","[""explicit_curated_experimental_outcome_0"", ""absence_of_hazard_statement_not_used"", ""defined_single_structure"", ""exact_identity_deduplicated"", ""current_strong_conflicts_excluded"", ""external_holdout_quarantined"", ""publication_dataset_oecd_405_curation""]",peer_reviewed_curated_experimental_negative,0.9,experimental,"OECD TG 405 experimental eye irritation, curated at dataset level",not irritating / not classified (curated Outcome=0),not_reported_per_record_in_public_sdf,eye:CpId:917,03dc5888f0859ddcc1b694e186bb2137229ea571e3db56572205f482794de03d,https://github.com/joyvb/stoptox,6ba3a7f82ab9fda8534f120114a566eec296e8ae,XMNIXWIUMCBBBL-UHFFFAOYSA-N
CN(C)C(=O)Nc1ccc(Cl)c(Cl)c1,0,330-54-1,XMTQQYYKAHVGBJ-UHFFFAOYSA-N,330-54-1,STopTox peer-reviewed curated experimental irritation dataset,https://doi.org/10.1289/EHP9341,"[""eye:CpId:919""]","[""explicit_curated_experimental_outcome_0"", ""absence_of_hazard_statement_not_used"", ""defined_single_structure"", ""exact_identity_deduplicated"", ""current_strong_conflicts_excluded"", ""external_holdout_quarantined"", ""publication_dataset_oecd_405_curation""]",peer_reviewed_curated_experimental_negative,0.9,experimental,"OECD TG 405 experimental eye irritation, curated at dataset level",not irritating / not classified (curated Outcome=0),not_reported_per_record_in_public_sdf,eye:CpId:919,03dc5888f0859ddcc1b694e186bb2137229ea571e3db56572205f482794de03d,https://github.com/joyvb/stoptox,6ba3a7f82ab9fda8534f120114a566eec296e8ae,XMTQQYYKAHVGBJ-UHFFFAOYSA-N
C=C(C)C(=O)OCCCCOC(=O)C(=C)C,0,2082-81-7,XOJWAAUYNWGQAU-UHFFFAOYSA-N,2082-81-7,STopTox peer-reviewed curated experimental irritation dataset,https://doi.org/10.1289/EHP9341,"[""eye:CpId:924""]","[""explicit_curated_experimental_outcome_0"", ""absence_of_hazard_statement_not_used"", ""defined_single_structure"", ""exact_identity_deduplicated"", ""current_strong_conflicts_excluded"", ""external_holdout_quarantined"", ""publication_dataset_oecd_405_curation""]",peer_reviewed_curated_experimental_negative,0.9,experimental,"OECD TG 405 experimental eye irritation, curated at dataset level",not irritating / not classified (curated Outcome=0),not_reported_per_record_in_public_sdf,eye:CpId:924,03dc5888f0859ddcc1b694e186bb2137229ea571e3db56572205f482794de03d,https://github.com/joyvb/stoptox,6ba3a7f82ab9fda8534f120114a566eec296e8ae,XOJWAAUYNWGQAU-UHFFFAOYSA-N
Oc1c2cc(Cl)ccc2nc2cc3c(O)c4cc(Cl)ccc4nc3cc12,0,3089-17-6,XPZQBGDNVOHQIS-UHFFFAOYSA-N,3089-17-6,STopTox peer-reviewed curated experimental irritation dataset,https://doi.org/10.1289/EHP9341,"[""eye:CpId:926""]","[""explicit_curated_experimental_outcome_0"", ""absence_of_hazard_statement_not_used"", ""defined_single_structure"", ""exact_identity_deduplicated"", ""current_strong_conflicts_excluded"", ""external_holdout_quarantined"", ""publication_dataset_oecd_405_curation""]",peer_reviewed_curated_experimental_negative,0.9,experimental,"OECD TG 405 experimental eye irritation, curated at dataset level",not irritating / not classified (curated Outcome=0),not_reported_per_record_in_public_sdf,eye:CpId:926,03dc5888f0859ddcc1b694e186bb2137229ea571e3db56572205f482794de03d,https://github.com/joyvb/stoptox,6ba3a7f82ab9fda8534f120114a566eec296e8ae,XPZQBGDNVOHQIS-UHFFFAOYSA-N
c1ccc(Nc2cccc3ccccc23)cc1,0,90-30-2,XQVWYOYUZDUNRW-UHFFFAOYSA-N,90-30-2,STopTox peer-reviewed curated experimental irritation dataset,https://doi.org/10.1289/EHP9341,"[""eye:CpId:928""]","[""explicit_curated_experimental_outcome_0"", ""absence_of_hazard_statement_not_used"", ""defined_single_structure"", ""exact_identity_deduplicated"", ""current_strong_conflicts_excluded"", ""external_holdout_quarantined"", ""publication_dataset_oecd_405_curation""]",peer_reviewed_curated_experimental_negative,0.9,experimental,"OECD TG 405 experimental eye irritation, curated at dataset level",not irritating / not classified (curated Outcome=0),not_reported_per_record_in_public_sdf,eye:CpId:928,03dc5888f0859ddcc1b694e186bb2137229ea571e3db56572205f482794de03d,https://github.com/joyvb/stoptox,6ba3a7f82ab9fda8534f120114a566eec296e8ae,XQVWYOYUZDUNRW-UHFFFAOYSA-N
COc1ccc(C2C(=O)c3ccccc3C2=O)cc1,0,117-37-3,XRCFXMGQEVUZFC-UHFFFAOYSA-N,117-37-3,STopTox peer-reviewed curated experimental irritation dataset,https://doi.org/10.1289/EHP9341,"[""eye:CpId:3311""]","[""explicit_curated_experimental_outcome_0"", ""absence_of_hazard_statement_not_used"", ""defined_single_structure"", ""exact_identity_deduplicated"", ""current_strong_conflicts_excluded"", ""external_holdout_quarantined"", ""publication_dataset_oecd_405_curation""]",peer_reviewed_curated_experimental_negative,0.9,experimental,"OECD TG 405 experimental eye irritation, curated at dataset level",not irritating / not classified (curated Outcome=0),not_reported_per_record_in_public_sdf,eye:CpId:3311,03dc5888f0859ddcc1b694e186bb2137229ea571e3db56572205f482794de03d,https://github.com/joyvb/stoptox,6ba3a7f82ab9fda8534f120114a566eec296e8ae,"InChI=1S/C16H12O3/c1-19-11-8-6-10(7-9-11)14-15(17)12-4-2-3-5-13(12)16(14)18/h2-9,14H,1H3"
O=C1CCCCCCCCCCCC(=O)OCCO1,0,105-95-3,XRHCAGNSDHCHFJ-UHFFFAOYSA-N,105-95-3,STopTox peer-reviewed curated experimental irritation dataset,https://doi.org/10.1289/EHP9341,"[""eye:CpId:930""]","[""explicit_curated_experimental_outcome_0"", ""absence_of_hazard_statement_not_used"", ""defined_single_structure"", ""exact_identity_deduplicated"", ""current_strong_conflicts_excluded"", ""external_holdout_quarantined"", ""publication_dataset_oecd_405_curation""]",peer_reviewed_curated_experimental_negative,0.9,experimental,"OECD TG 405 experimental eye irritation, curated at dataset level",not irritating / not classified (curated Outcome=0),not_reported_per_record_in_public_sdf,eye:CpId:930,03dc5888f0859ddcc1b694e186bb2137229ea571e3db56572205f482794de03d,https://github.com/joyvb/stoptox,6ba3a7f82ab9fda8534f120114a566eec296e8ae,XRHCAGNSDHCHFJ-UHFFFAOYSA-N
CO[SiH](CC1CCCCC1)OC,0,17865-32-6,XRLIOAUFFCHSIC-UHFFFAOYSA-N,17865-32-6,STopTox peer-reviewed curated experimental irritation dataset,https://doi.org/10.1289/EHP9341,"[""eye:CpId:932""]","[""explicit_curated_experimental_outcome_0"", ""absence_of_hazard_statement_not_used"", ""defined_single_structure"", ""exact_identity_deduplicated"", ""current_strong_conflicts_excluded"", ""external_holdout_quarantined"", ""publication_dataset_oecd_405_curation""]",peer_reviewed_curated_experimental_negative,0.9,experimental,"OECD TG 405 experimental eye irritation, curated at dataset level",not irritating / not classified (curated Outcome=0),not_reported_per_record_in_public_sdf,eye:CpId:932,03dc5888f0859ddcc1b694e186bb2137229ea571e3db56572205f482794de03d,https://github.com/joyvb/stoptox,6ba3a7f82ab9fda8534f120114a566eec296e8ae,XRLIOAUFFCHSIC-UHFFFAOYSA-N
CC(O)CSCCCCCCCCC(C)(C)C,0,67124-09-8,XROXSXGRRMHJFJ-UHFFFAOYSA-N,67124-09-8,STopTox peer-reviewed curated experimental irritation dataset,https://doi.org/10.1289/EHP9341,"[""eye:CpId:933""]","[""explicit_curated_experimental_outcome_0"", ""absence_of_hazard_statement_not_used"", ""defined_single_structure"", ""exact_identity_deduplicated"", ""current_strong_conflicts_excluded"", ""external_holdout_quarantined"", ""publication_dataset_oecd_405_curation""]",peer_reviewed_curated_experimental_negative,0.9,experimental,"OECD TG 405 experimental eye irritation, curated at dataset level",not irritating / not classified (curated Outcome=0),not_reported_per_record_in_public_sdf,eye:CpId:933,03dc5888f0859ddcc1b694e186bb2137229ea571e3db56572205f482794de03d,https://github.com/joyvb/stoptox,6ba3a7f82ab9fda8534f120114a566eec296e8ae,XROXSXGRRMHJFJ-UHFFFAOYSA-N
C[N+]1(CCCCC[N+]2(C)CCCC2)CCCC1,0,144-44-5,XSBSKEQEUFOSDD-UHFFFAOYSA-N,144-44-5,STopTox peer-reviewed curated experimental irritation dataset,https://doi.org/10.1289/EHP9341,"[""eye:CpId:3314""]","[""explicit_curated_experimental_outcome_0"", ""absence_of_hazard_statement_not_used"", ""defined_single_structure"", ""exact_identity_deduplicated"", ""current_strong_conflicts_excluded"", ""external_holdout_quarantined"", ""publication_dataset_oecd_405_curation""]",peer_reviewed_curated_experimental_negative,0.9,experimental,"OECD TG 405 experimental eye irritation, curated at dataset level",not irritating / not classified (curated Outcome=0),not_reported_per_record_in_public_sdf,eye:CpId:3314,03dc5888f0859ddcc1b694e186bb2137229ea571e3db56572205f482794de03d,https://github.com/joyvb/stoptox,6ba3a7f82ab9fda8534f120114a566eec296e8ae,"InChI=1S/C15H32N2/c1-16(12-6-7-13-16)10-4-3-5-11-17(2)14-8-9-15-17/h3-15H2,1-2H3/q+2"
CCCCCC(C)(O)C=CC1C(O)CC(=O)C1CC=CCCCC(=O)O,0,55028-70-1,XSGQFHNPNWBVPT-UHFFFAOYSA-N,55028-70-1,STopTox peer-reviewed curated experimental irritation dataset,https://doi.org/10.1289/EHP9341,"[""eye:CpId:3318""]","[""explicit_curated_experimental_outcome_0"", ""absence_of_hazard_statement_not_used"", ""defined_single_structure"", ""exact_identity_deduplicated"", ""current_strong_conflicts_excluded"", ""external_holdout_quarantined"", ""publication_dataset_oecd_405_curation""]",peer_reviewed_curated_experimental_negative,0.9,experimental,"OECD TG 405 experimental eye irritation, curated at dataset level",not irritating / not classified (curated Outcome=0),not_reported_per_record_in_public_sdf,eye:CpId:3318,03dc5888f0859ddcc1b694e186bb2137229ea571e3db56572205f482794de03d,https://github.com/joyvb/stoptox,6ba3a7f82ab9fda8534f120114a566eec296e8ae,"InChI=1S/C21H34O5/c1-3-4-9-13-21(2,26)14-12-17-16(18(22)15-19(17)23)10-7-5-6-8-11-20(24)25/h5,7,12,14,16-17,19,23,26H,3-4,6,8-11,13,15H2,1-2H3,(H,24,25)"
COC(=O)CCCC(=O)OC,0,1119-40-0,XTDYIOOONNVFMA-UHFFFAOYSA-N,1119-40-0,STopTox peer-reviewed curated experimental irritation dataset,https://doi.org/10.1289/EHP9341,"[""eye:CpId:935""]","[""explicit_curated_experimental_outcome_0"", ""absence_of_hazard_statement_not_used"", ""defined_single_structure"", ""exact_identity_deduplicated"", ""current_strong_conflicts_excluded"", ""external_holdout_quarantined"", ""publication_dataset_oecd_405_curation""]",peer_reviewed_curated_experimental_negative,0.9,experimental,"OECD TG 405 experimental eye irritation, curated at dataset level",not irritating / not classified (curated Outcome=0),not_reported_per_record_in_public_sdf,eye:CpId:935,03dc5888f0859ddcc1b694e186bb2137229ea571e3db56572205f482794de03d,https://github.com/joyvb/stoptox,6ba3a7f82ab9fda8534f120114a566eec296e8ae,XTDYIOOONNVFMA-UHFFFAOYSA-N
COCCOC,0,110-71-4,XTHFKEDIFFGKHM-UHFFFAOYSA-N,110-71-4,STopTox peer-reviewed curated experimental irritation dataset,https://doi.org/10.1289/EHP9341,"[""eye:CpId:936""]","[""explicit_curated_experimental_outcome_0"", ""absence_of_hazard_statement_not_used"", ""defined_single_structure"", ""exact_identity_deduplicated"", ""current_strong_conflicts_excluded"", ""external_holdout_quarantined"", ""publication_dataset_oecd_405_curation""]",peer_reviewed_curated_experimental_negative,0.9,experimental,"OECD TG 405 experimental eye irritation, curated at dataset level",not irritating / not classified (curated Outcome=0),not_reported_per_record_in_public_sdf,eye:CpId:936,03dc5888f0859ddcc1b694e186bb2137229ea571e3db56572205f482794de03d,https://github.com/joyvb/stoptox,6ba3a7f82ab9fda8534f120114a566eec296e8ae,XTHFKEDIFFGKHM-UHFFFAOYSA-N
CCCCOC(=O)CCCCC(=O)OCCCC,0,105-99-7,XTJFFFGAUHQWII-UHFFFAOYSA-N,105-99-7,STopTox peer-reviewed curated experimental irritation dataset,https://doi.org/10.1289/EHP9341,"[""eye:CpId:937""]","[""explicit_curated_experimental_outcome_0"", ""absence_of_hazard_statement_not_used"", ""defined_single_structure"", ""exact_identity_deduplicated"", ""current_strong_conflicts_excluded"", ""external_holdout_quarantined"", ""publication_dataset_oecd_405_curation""]",peer_reviewed_curated_experimental_negative,0.9,experimental,"OECD TG 405 experimental eye irritation, curated at dataset level",not irritating / not classified (curated Outcome=0),not_reported_per_record_in_public_sdf,eye:CpId:937,03dc5888f0859ddcc1b694e186bb2137229ea571e3db56572205f482794de03d,https://github.com/joyvb/stoptox,6ba3a7f82ab9fda8534f120114a566eec296e8ae,XTJFFFGAUHQWII-UHFFFAOYSA-N
C=COC(C)=O,0,108-05-4,XTXRWKRVRITETP-UHFFFAOYSA-N,108-05-4,STopTox peer-reviewed curated experimental irritation dataset,https://doi.org/10.1289/EHP9341,"[""eye:CpId:938""]","[""explicit_curated_experimental_outcome_0"", ""absence_of_hazard_statement_not_used"", ""defined_single_structure"", ""exact_identity_deduplicated"", ""current_strong_conflicts_excluded"", ""external_holdout_quarantined"", ""publication_dataset_oecd_405_curation""]",peer_reviewed_curated_experimental_negative,0.9,experimental,"OECD TG 405 experimental eye irritation, curated at dataset level",not irritating / not classified (curated Outcome=0),not_reported_per_record_in_public_sdf,eye:CpId:938,03dc5888f0859ddcc1b694e186bb2137229ea571e3db56572205f482794de03d,https://github.com/joyvb/stoptox,6ba3a7f82ab9fda8534f120114a566eec296e8ae,XTXRWKRVRITETP-UHFFFAOYSA-N
CCCCCCCCCCCCCCCC(=O)OC(C)C,0,142-91-6,XUGNVMKQXJXZCD-UHFFFAOYSA-N,142-91-6,STopTox peer-reviewed curated experimental irritation dataset,https://doi.org/10.1289/EHP9341,"[""eye:CpId:939""]","[""explicit_curated_experimental_outcome_0"", ""absence_of_hazard_statement_not_used"", ""defined_single_structure"", ""exact_identity_deduplicated"", ""current_strong_conflicts_excluded"", ""external_holdout_quarantined"", ""publication_dataset_oecd_405_curation""]",peer_reviewed_curated_experimental_negative,0.9,experimental,"OECD TG 405 experimental eye irritation, curated at dataset level",not irritating / not classified (curated Outcome=0),not_reported_per_record_in_public_sdf,eye:CpId:939,03dc5888f0859ddcc1b694e186bb2137229ea571e3db56572205f482794de03d,https://github.com/joyvb/stoptox,6ba3a7f82ab9fda8534f120114a566eec296e8ae,XUGNVMKQXJXZCD-UHFFFAOYSA-N
CC(C)CCCCCCCCCCO,0,27458-92-0,XUJLWPFSUCHPQL-UHFFFAOYSA-N,27458-92-0,STopTox peer-reviewed curated experimental irritation dataset,https://doi.org/10.1289/EHP9341,"[""eye:CpId:940""]","[""explicit_curated_experimental_outcome_0"", ""absence_of_hazard_statement_not_used"", ""defined_single_structure"", ""exact_identity_deduplicated"", ""current_strong_conflicts_excluded"", ""external_holdout_quarantined"", ""publication_dataset_oecd_405_curation""]",peer_reviewed_curated_experimental_negative,0.9,experimental,"OECD TG 405 experimental eye irritation, curated at dataset level",not irritating / not classified (curated Outcome=0),not_reported_per_record_in_public_sdf,eye:CpId:940,03dc5888f0859ddcc1b694e186bb2137229ea571e3db56572205f482794de03d,https://github.com/joyvb/stoptox,6ba3a7f82ab9fda8534f120114a566eec296e8ae,XUJLWPFSUCHPQL-UHFFFAOYSA-N
NC(CS)C(=O)O,0,52-90-4,XUJNEKJLAYXESH-UHFFFAOYSA-N,52-90-4,STopTox peer-reviewed curated experimental irritation dataset,https://doi.org/10.1289/EHP9341,"[""eye:CpId:941""]","[""explicit_curated_experimental_outcome_0"", ""absence_of_hazard_statement_not_used"", ""defined_single_structure"", ""exact_identity_deduplicated"", ""current_strong_conflicts_excluded"", ""external_holdout_quarantined"", ""publication_dataset_oecd_405_curation""]",peer_reviewed_curated_experimental_negative,0.9,experimental,"OECD TG 405 experimental eye irritation, curated at dataset level",not irritating / not classified (curated Outcome=0),not_reported_per_record_in_public_sdf,eye:CpId:941,03dc5888f0859ddcc1b694e186bb2137229ea571e3db56572205f482794de03d,https://github.com/joyvb/stoptox,6ba3a7f82ab9fda8534f120114a566eec296e8ae,XUJNEKJLAYXESH-UHFFFAOYSA-N
CC12C=CC(=O)C=C1CCC1C2CCC2(C)C1CCC2(C)O,0,72-63-9,XWALNWXLMVGSFR-UHFFFAOYSA-N,72-63-9,STopTox peer-reviewed curated experimental irritation dataset,https://doi.org/10.1289/EHP9341,"[""eye:CpId:3335""]","[""explicit_curated_experimental_outcome_0"", ""absence_of_hazard_statement_not_used"", ""defined_single_structure"", ""exact_identity_deduplicated"", ""current_strong_conflicts_excluded"", ""external_holdout_quarantined"", ""publication_dataset_oecd_405_curation""]",peer_reviewed_curated_experimental_negative,0.9,experimental,"OECD TG 405 experimental eye irritation, curated at dataset level",not irritating / not classified (curated Outcome=0),not_reported_per_record_in_public_sdf,eye:CpId:3335,03dc5888f0859ddcc1b694e186bb2137229ea571e3db56572205f482794de03d,https://github.com/joyvb/stoptox,6ba3a7f82ab9fda8534f120114a566eec296e8ae,"InChI=1S/C20H28O2/c1-18-9-6-14(21)12-13(18)4-5-15-16(18)7-10-19(2)17(15)8-11-20(19,3)22/h6,9,12,15-17,22H,4-5,7-8,10-11H2,1-3H3"
CC(C)(C)CCCCCCCCCN,0,68955-53-3,XWBTWKLPOWCMEX-UHFFFAOYSA-N,68955-53-3,STopTox peer-reviewed curated experimental irritation dataset,https://doi.org/10.1289/EHP9341,"[""eye:CpId:942""]","[""explicit_curated_experimental_outcome_0"", ""absence_of_hazard_statement_not_used"", ""defined_single_structure"", ""exact_identity_deduplicated"", ""current_strong_conflicts_excluded"", ""external_holdout_quarantined"", ""publication_dataset_oecd_405_curation""]",peer_reviewed_curated_experimental_negative,0.9,experimental,"OECD TG 405 experimental eye irritation, curated at dataset level",not irritating / not classified (curated Outcome=0),not_reported_per_record_in_public_sdf,eye:CpId:942,03dc5888f0859ddcc1b694e186bb2137229ea571e3db56572205f482794de03d,https://github.com/joyvb/stoptox,6ba3a7f82ab9fda8534f120114a566eec296e8ae,XWBTWKLPOWCMEX-UHFFFAOYSA-N
CC=CCCCCCCCCCC,0,25377-82-6,XWVHBWQEYOROBE-UHFFFAOYSA-N,25377-82-6,STopTox peer-reviewed curated experimental irritation dataset,https://doi.org/10.1289/EHP9341,"[""eye:CpId:943""]","[""explicit_curated_experimental_outcome_0"", ""absence_of_hazard_statement_not_used"", ""defined_single_structure"", ""exact_identity_deduplicated"", ""current_strong_conflicts_excluded"", ""external_holdout_quarantined"", ""publication_dataset_oecd_405_curation""]",peer_reviewed_curated_experimental_negative,0.9,experimental,"OECD TG 405 experimental eye irritation, curated at dataset level",not irritating / not classified (curated Outcome=0),not_reported_per_record_in_public_sdf,eye:CpId:943,03dc5888f0859ddcc1b694e186bb2137229ea571e3db56572205f482794de03d,https://github.com/joyvb/stoptox,6ba3a7f82ab9fda8534f120114a566eec296e8ae,XWVHBWQEYOROBE-HWKANZROSA-N
CC12CC(=O)C3C(CCC4CC(O)CCC43C)C1CCC2C(=O)CO,0,14107-37-0,XWYBFXIUISNTQG-UHFFFAOYSA-N,14107-37-0,STopTox peer-reviewed curated experimental irritation dataset,https://doi.org/10.1289/EHP9341,"[""eye:CpId:3339""]","[""explicit_curated_experimental_outcome_0"", ""absence_of_hazard_statement_not_used"", ""defined_single_structure"", ""exact_identity_deduplicated"", ""current_strong_conflicts_excluded"", ""external_holdout_quarantined"", ""publication_dataset_oecd_405_curation""]",peer_reviewed_curated_experimental_negative,0.9,experimental,"OECD TG 405 experimental eye irritation, curated at dataset level",not irritating / not classified (curated Outcome=0),not_reported_per_record_in_public_sdf,eye:CpId:3339,03dc5888f0859ddcc1b694e186bb2137229ea571e3db56572205f482794de03d,https://github.com/joyvb/stoptox,6ba3a7f82ab9fda8534f120114a566eec296e8ae,"InChI=1S/C21H32O4/c1-20-8-7-13(23)9-12(20)3-4-14-15-5-6-16(18(25)11-22)21(15,2)10-17(24)19(14)20/h12-16,19,22-23H,3-11H2,1-2H3"
CCN(CC)C(C)C(=O)c1ccccc1,0,90-84-6,XXEPPPIWZFICOJ-UHFFFAOYSA-N,90-84-6,STopTox peer-reviewed curated experimental irritation dataset,https://doi.org/10.1289/EHP9341,"[""eye:CpId:3340""]","[""explicit_curated_experimental_outcome_0"", ""absence_of_hazard_statement_not_used"", ""defined_single_structure"", ""exact_identity_deduplicated"", ""current_strong_conflicts_excluded"", ""external_holdout_quarantined"", ""publication_dataset_oecd_405_curation""]",peer_reviewed_curated_experimental_negative,0.9,experimental,"OECD TG 405 experimental eye irritation, curated at dataset level",not irritating / not classified (curated Outcome=0),not_reported_per_record_in_public_sdf,eye:CpId:3340,03dc5888f0859ddcc1b694e186bb2137229ea571e3db56572205f482794de03d,https://github.com/joyvb/stoptox,6ba3a7f82ab9fda8534f120114a566eec296e8ae,"InChI=1S/C13H19NO/c1-4-14(5-2)11(3)13(15)12-9-7-6-8-10-12/h6-11H,4-5H2,1-3H3"
CCOCCOCCO,0,111-90-0,XXJWXESWEXIICW-UHFFFAOYSA-N,111-90-0,STopTox peer-reviewed curated experimental irritation dataset,https://doi.org/10.1289/EHP9341,"[""eye:CpId:944""]","[""explicit_curated_experimental_outcome_0"", ""absence_of_hazard_statement_not_used"", ""defined_single_structure"", ""exact_identity_deduplicated"", ""current_strong_conflicts_excluded"", ""external_holdout_quarantined"", ""publication_dataset_oecd_405_curation""]",peer_reviewed_curated_experimental_negative,0.9,experimental,"OECD TG 405 experimental eye irritation, curated at dataset level",not irritating / not classified (curated Outcome=0),not_reported_per_record_in_public_sdf,eye:CpId:944,03dc5888f0859ddcc1b694e186bb2137229ea571e3db56572205f482794de03d,https://github.com/joyvb/stoptox,6ba3a7f82ab9fda8534f120114a566eec296e8ae,XXJWXESWEXIICW-UHFFFAOYSA-N
OCCCCCCO,0,629-11-8,XXMIOPMDWAUFGU-UHFFFAOYSA-N,629-11-8,STopTox peer-reviewed curated experimental irritation dataset,https://doi.org/10.1289/EHP9341,"[""eye:CpId:3341""]","[""explicit_curated_experimental_outcome_0"", ""absence_of_hazard_statement_not_used"", ""defined_single_structure"", ""exact_identity_deduplicated"", ""current_strong_conflicts_excluded"", ""external_holdout_quarantined"", ""publication_dataset_oecd_405_curation""]",peer_reviewed_curated_experimental_negative,0.9,experimental,"OECD TG 405 experimental eye irritation, curated at dataset level",not irritating / not classified (curated Outcome=0),not_reported_per_record_in_public_sdf,eye:CpId:3341,03dc5888f0859ddcc1b694e186bb2137229ea571e3db56572205f482794de03d,https://github.com/joyvb/stoptox,6ba3a7f82ab9fda8534f120114a566eec296e8ae,"InChI=1S/C6H14O2/c7-5-3-1-2-4-6-8/h7-8H,1-6H2"
CO[Si](CC(C)C)(OC)OC,0,18395-30-7,XYJRNCYWTVGEEG-UHFFFAOYSA-N,18395-30-7,STopTox peer-reviewed curated experimental irritation dataset,https://doi.org/10.1289/EHP9341,"[""eye:CpId:945""]","[""explicit_curated_experimental_outcome_0"", ""absence_of_hazard_statement_not_used"", ""defined_single_structure"", ""exact_identity_deduplicated"", ""current_strong_conflicts_excluded"", ""external_holdout_quarantined"", ""publication_dataset_oecd_405_curation""]",peer_reviewed_curated_experimental_negative,0.9,experimental,"OECD TG 405 experimental eye irritation, curated at dataset level",not irritating / not classified (curated Outcome=0),not_reported_per_record_in_public_sdf,eye:CpId:945,03dc5888f0859ddcc1b694e186bb2137229ea571e3db56572205f482794de03d,https://github.com/joyvb/stoptox,6ba3a7f82ab9fda8534f120114a566eec296e8ae,XYJRNCYWTVGEEG-UHFFFAOYSA-N
[H]/N=C(/N)N/C(=N/[H])N(C)C,0,657-24-9,XZWYZXLIPXDOLR-UHFFFAOYSA-N,657-24-9,STopTox peer-reviewed curated experimental irritation dataset,https://doi.org/10.1289/EHP9341,"[""eye:CpId:3347""]","[""explicit_curated_experimental_outcome_0"", ""absence_of_hazard_statement_not_used"", ""defined_single_structure"", ""exact_identity_deduplicated"", ""current_strong_conflicts_excluded"", ""external_holdout_quarantined"", ""publication_dataset_oecd_405_curation""]",peer_reviewed_curated_experimental_negative,0.9,experimental,"OECD TG 405 experimental eye irritation, curated at dataset level",not irritating / not classified (curated Outcome=0),not_reported_per_record_in_public_sdf,eye:CpId:3347,03dc5888f0859ddcc1b694e186bb2137229ea571e3db56572205f482794de03d,https://github.com/joyvb/stoptox,6ba3a7f82ab9fda8534f120114a566eec296e8ae,"InChI=1S/C4H11N5/c1-9(2)4(7)8-3(5)6/h1-2H3,(H5,5,6,7,8)"
O=P(Oc1ccccc1)(Oc1ccccc1)Oc1ccccc1,0,115-86-6,XZZNDPSIHUTMOC-UHFFFAOYSA-N,115-86-6,STopTox peer-reviewed curated experimental irritation dataset,https://doi.org/10.1289/EHP9341,"[""eye:CpId:947""]","[""explicit_curated_experimental_outcome_0"", ""absence_of_hazard_statement_not_used"", ""defined_single_structure"", ""exact_identity_deduplicated"", ""current_strong_conflicts_excluded"", ""external_holdout_quarantined"", ""publication_dataset_oecd_405_curation""]",peer_reviewed_curated_experimental_negative,0.9,experimental,"OECD TG 405 experimental eye irritation, curated at dataset level",not irritating / not classified (curated Outcome=0),not_reported_per_record_in_public_sdf,eye:CpId:947,03dc5888f0859ddcc1b694e186bb2137229ea571e3db56572205f482794de03d,https://github.com/joyvb/stoptox,6ba3a7f82ab9fda8534f120114a566eec296e8ae,XZZNDPSIHUTMOC-UHFFFAOYSA-N
CCCCC(CC)COC(=O)C=Cc1ccc(OC)cc1,0,5466-77-3,YBGZDTIWKVFICR-UHFFFAOYSA-N,5466-77-3,STopTox peer-reviewed curated experimental irritation dataset,https://doi.org/10.1289/EHP9341,"[""eye:CpId:3355""]","[""explicit_curated_experimental_outcome_0"", ""absence_of_hazard_statement_not_used"", ""defined_single_structure"", ""exact_identity_deduplicated"", ""current_strong_conflicts_excluded"", ""external_holdout_quarantined"", ""publication_dataset_oecd_405_curation""]",peer_reviewed_curated_experimental_negative,0.9,experimental,"OECD TG 405 experimental eye irritation, curated at dataset level",not irritating / not classified (curated Outcome=0),not_reported_per_record_in_public_sdf,eye:CpId:3355,03dc5888f0859ddcc1b694e186bb2137229ea571e3db56572205f482794de03d,https://github.com/joyvb/stoptox,6ba3a7f82ab9fda8534f120114a566eec296e8ae,"InChI=1S/C18H26O3/c1-4-6-7-15(5-2)14-21-18(19)13-10-16-8-11-17(20-3)12-9-16/h8-13,15H,4-7,14H2,1-3H3"
Nc1ccc(Cc2ccc(N)cc2)cc1,0,101-77-9,YBRVSVVVWCFQMG-UHFFFAOYSA-N,101-77-9,STopTox peer-reviewed curated experimental irritation dataset,https://doi.org/10.1289/EHP9341,"[""eye:CpId:949""]","[""explicit_curated_experimental_outcome_0"", ""absence_of_hazard_statement_not_used"", ""defined_single_structure"", ""exact_identity_deduplicated"", ""current_strong_conflicts_excluded"", ""external_holdout_quarantined"", ""publication_dataset_oecd_405_curation""]",peer_reviewed_curated_experimental_negative,0.9,experimental,"OECD TG 405 experimental eye irritation, curated at dataset level",not irritating / not classified (curated Outcome=0),not_reported_per_record_in_public_sdf,eye:CpId:949,03dc5888f0859ddcc1b694e186bb2137229ea571e3db56572205f482794de03d,https://github.com/joyvb/stoptox,6ba3a7f82ab9fda8534f120114a566eec296e8ae,YBRVSVVVWCFQMG-UHFFFAOYSA-N
CC(=O)C1=C(C)C2CC3(C1)C(C)CCC3C2(C)C,0,32388-55-9,YBUIAJZFOGJGLJ-UHFFFAOYSA-N,32388-55-9,STopTox peer-reviewed curated experimental irritation dataset,https://doi.org/10.1289/EHP9341,"[""eye:CpId:950""]","[""explicit_curated_experimental_outcome_0"", ""absence_of_hazard_statement_not_used"", ""defined_single_structure"", ""exact_identity_deduplicated"", ""current_strong_conflicts_excluded"", ""external_holdout_quarantined"", ""publication_dataset_oecd_405_curation""]",peer_reviewed_curated_experimental_negative,0.9,experimental,"OECD TG 405 experimental eye irritation, curated at dataset level",not irritating / not classified (curated Outcome=0),not_reported_per_record_in_public_sdf,eye:CpId:950,03dc5888f0859ddcc1b694e186bb2137229ea571e3db56572205f482794de03d,https://github.com/joyvb/stoptox,6ba3a7f82ab9fda8534f120114a566eec296e8ae,YBUIAJZFOGJGLJ-UHFFFAOYSA-N
Cc1ccccc1S(N)(=O)=O,0,88-19-7,YCMLQMDWSXFTIF-UHFFFAOYSA-N,88-19-7,STopTox peer-reviewed curated experimental irritation dataset,https://doi.org/10.1289/EHP9341,"[""eye:CpId:951""]","[""explicit_curated_experimental_outcome_0"", ""absence_of_hazard_statement_not_used"", ""defined_single_structure"", ""exact_identity_deduplicated"", ""current_strong_conflicts_excluded"", ""external_holdout_quarantined"", ""publication_dataset_oecd_405_curation""]",peer_reviewed_curated_experimental_negative,0.9,experimental,"OECD TG 405 experimental eye irritation, curated at dataset level",not irritating / not classified (curated Outcome=0),not_reported_per_record_in_public_sdf,eye:CpId:951,03dc5888f0859ddcc1b694e186bb2137229ea571e3db56572205f482794de03d,https://github.com/joyvb/stoptox,6ba3a7f82ab9fda8534f120114a566eec296e8ae,YCMLQMDWSXFTIF-UHFFFAOYSA-N
CCCCCCCCCCCCCCC,0,629-62-9,YCOZIPAWZNQLMR-UHFFFAOYSA-N,629-62-9,STopTox peer-reviewed curated experimental irritation dataset,https://doi.org/10.1289/EHP9341,"[""eye:CpId:953""]","[""explicit_curated_experimental_outcome_0"", ""absence_of_hazard_statement_not_used"", ""defined_single_structure"", ""exact_identity_deduplicated"", ""current_strong_conflicts_excluded"", ""external_holdout_quarantined"", ""publication_dataset_oecd_405_curation""]",peer_reviewed_curated_experimental_negative,0.9,experimental,"OECD TG 405 experimental eye irritation, curated at dataset level",not irritating / not classified (curated Outcome=0),not_reported_per_record_in_public_sdf,eye:CpId:953,03dc5888f0859ddcc1b694e186bb2137229ea571e3db56572205f482794de03d,https://github.com/joyvb/stoptox,6ba3a7f82ab9fda8534f120114a566eec296e8ae,YCOZIPAWZNQLMR-UHFFFAOYSA-N
CCC=CCCCC,0,25377-83-7,YCTDZYMMFQCTEO-UHFFFAOYSA-N,25377-83-7,STopTox peer-reviewed curated experimental irritation dataset,https://doi.org/10.1289/EHP9341,"[""eye:CpId:954""]","[""explicit_curated_experimental_outcome_0"", ""absence_of_hazard_statement_not_used"", ""defined_single_structure"", ""exact_identity_deduplicated"", ""current_strong_conflicts_excluded"", ""external_holdout_quarantined"", ""publication_dataset_oecd_405_curation""]",peer_reviewed_curated_experimental_negative,0.9,experimental,"OECD TG 405 experimental eye irritation, curated at dataset level",not irritating / not classified (curated Outcome=0),not_reported_per_record_in_public_sdf,eye:CpId:954,03dc5888f0859ddcc1b694e186bb2137229ea571e3db56572205f482794de03d,https://github.com/joyvb/stoptox,6ba3a7f82ab9fda8534f120114a566eec296e8ae,YCTDZYMMFQCTEO-FNORWQNLSA-N
CC(O)C(=O)N(C)C,0,35123-06-9,YEBLAXBYYVCOLT-UHFFFAOYSA-N,35123-06-9,STopTox peer-reviewed curated experimental irritation dataset,https://doi.org/10.1289/EHP9341,"[""eye:CpId:957""]","[""explicit_curated_experimental_outcome_0"", ""absence_of_hazard_statement_not_used"", ""defined_single_structure"", ""exact_identity_deduplicated"", ""current_strong_conflicts_excluded"", ""external_holdout_quarantined"", ""publication_dataset_oecd_405_curation""]",peer_reviewed_curated_experimental_negative,0.9,experimental,"OECD TG 405 experimental eye irritation, curated at dataset level",not irritating / not classified (curated Outcome=0),not_reported_per_record_in_public_sdf,eye:CpId:957,03dc5888f0859ddcc1b694e186bb2137229ea571e3db56572205f482794de03d,https://github.com/joyvb/stoptox,6ba3a7f82ab9fda8534f120114a566eec296e8ae,YEBLAXBYYVCOLT-UHFFFAOYSA-N
CCC(C)CCCC(C)CCCC(C)C,0,3891-98-3,YFHFHLSMISYUAQ-UHFFFAOYSA-N,3891-98-3,STopTox peer-reviewed curated experimental irritation dataset,https://doi.org/10.1289/EHP9341,"[""eye:CpId:959""]","[""explicit_curated_experimental_outcome_0"", ""absence_of_hazard_statement_not_used"", ""defined_single_structure"", ""exact_identity_deduplicated"", ""current_strong_conflicts_excluded"", ""external_holdout_quarantined"", ""publication_dataset_oecd_405_curation""]",peer_reviewed_curated_experimental_negative,0.9,experimental,"OECD TG 405 experimental eye irritation, curated at dataset level",not irritating / not classified (curated Outcome=0),not_reported_per_record_in_public_sdf,eye:CpId:959,03dc5888f0859ddcc1b694e186bb2137229ea571e3db56572205f482794de03d,https://github.com/joyvb/stoptox,6ba3a7f82ab9fda8534f120114a566eec296e8ae,YFHFHLSMISYUAQ-UHFFFAOYSA-N
O=[N+]([O-])c1ccc(N=Nc2ccc(Nc3ccccc3)cc2)cc1,0,2581-69-3,YFVXLROHJBSEDW-UHFFFAOYSA-N,2581-69-3,STopTox peer-reviewed curated experimental irritation dataset,https://doi.org/10.1289/EHP9341,"[""eye:CpId:3370""]","[""explicit_curated_experimental_outcome_0"", ""absence_of_hazard_statement_not_used"", ""defined_single_structure"", ""exact_identity_deduplicated"", ""current_strong_conflicts_excluded"", ""external_holdout_quarantined"", ""publication_dataset_oecd_405_curation""]",peer_reviewed_curated_experimental_negative,0.9,experimental,"OECD TG 405 experimental eye irritation, curated at dataset level",not irritating / not classified (curated Outcome=0),not_reported_per_record_in_public_sdf,eye:CpId:3370,03dc5888f0859ddcc1b694e186bb2137229ea571e3db56572205f482794de03d,https://github.com/joyvb/stoptox,6ba3a7f82ab9fda8534f120114a566eec296e8ae,"InChI=1S/C18H14N4O2/c23-22(24)18-12-10-17(11-13-18)21-20-16-8-6-15(7-9-16)19-14-4-2-1-3-5-14/h1-13,19H"
O=C(O)c1ccccc1O,0,54-21-7,YGSDEFSMJLZEOE-UHFFFAOYSA-N,54-21-7,STopTox peer-reviewed curated experimental irritation dataset,https://doi.org/10.1289/EHP9341,"[""eye:CpId:963""]","[""explicit_curated_experimental_outcome_0"", ""absence_of_hazard_statement_not_used"", ""defined_single_structure"", ""exact_identity_deduplicated"", ""current_strong_conflicts_excluded"", ""external_holdout_quarantined"", ""publication_dataset_oecd_405_curation""]",peer_reviewed_curated_experimental_negative,0.9,experimental,"OECD TG 405 experimental eye irritation, curated at dataset level",not irritating / not classified (curated Outcome=0),not_reported_per_record_in_public_sdf,eye:CpId:963,03dc5888f0859ddcc1b694e186bb2137229ea571e3db56572205f482794de03d,https://github.com/joyvb/stoptox,6ba3a7f82ab9fda8534f120114a566eec296e8ae,YGSDEFSMJLZEOE-UHFFFAOYSA-M
CCCCOP(=O)(OCCCC)Oc1ccccc1,0,2528-36-1,YICSVBJRVMLQNS-UHFFFAOYSA-N,2528-36-1,STopTox peer-reviewed curated experimental irritation dataset,https://doi.org/10.1289/EHP9341,"[""eye:CpId:3377""]","[""explicit_curated_experimental_outcome_0"", ""absence_of_hazard_statement_not_used"", ""defined_single_structure"", ""exact_identity_deduplicated"", ""current_strong_conflicts_excluded"", ""external_holdout_quarantined"", ""publication_dataset_oecd_405_curation""]",peer_reviewed_curated_experimental_negative,0.9,experimental,"OECD TG 405 experimental eye irritation, curated at dataset level",not irritating / not classified (curated Outcome=0),not_reported_per_record_in_public_sdf,eye:CpId:3377,03dc5888f0859ddcc1b694e186bb2137229ea571e3db56572205f482794de03d,https://github.com/joyvb/stoptox,6ba3a7f82ab9fda8534f120114a566eec296e8ae,"InChI=1S/C14H23O4P/c1-3-5-12-16-19(15,17-13-6-4-2)18-14-10-8-7-9-11-14/h7-11H,3-6,12-13H2,1-2H3"
CC(C)CCCCCN(CCCCCC(C)C)CCCCCC(C)C,0,25549-16-0,YKGBNAGNNUEZQC-UHFFFAOYSA-N,25549-16-0,STopTox peer-reviewed curated experimental irritation dataset,https://doi.org/10.1289/EHP9341,"[""eye:CpId:3384""]","[""explicit_curated_experimental_outcome_0"", ""absence_of_hazard_statement_not_used"", ""defined_single_structure"", ""exact_identity_deduplicated"", ""current_strong_conflicts_excluded"", ""external_holdout_quarantined"", ""publication_dataset_oecd_405_curation""]",peer_reviewed_curated_experimental_negative,0.9,experimental,"OECD TG 405 experimental eye irritation, curated at dataset level",not irritating / not classified (curated Outcome=0),not_reported_per_record_in_public_sdf,eye:CpId:3384,03dc5888f0859ddcc1b694e186bb2137229ea571e3db56572205f482794de03d,https://github.com/joyvb/stoptox,6ba3a7f82ab9fda8534f120114a566eec296e8ae,"InChI=1S/C24H51N/c1-22(2)16-10-7-13-19-25(20-14-8-11-17-23(3)4)21-15-9-12-18-24(5)6/h22-24H,7-21H2,1-6H3"
CC(C)CCCCCCCOC(=O)CCCCC(=O)OCCCCCCCC(C)C,0,27178-16-1,YKGYQYOQRGPFTO-UHFFFAOYSA-N,27178-16-1,STopTox peer-reviewed curated experimental irritation dataset,https://doi.org/10.1289/EHP9341,"[""eye:CpId:966""]","[""explicit_curated_experimental_outcome_0"", ""absence_of_hazard_statement_not_used"", ""defined_single_structure"", ""exact_identity_deduplicated"", ""current_strong_conflicts_excluded"", ""external_holdout_quarantined"", ""publication_dataset_oecd_405_curation""]",peer_reviewed_curated_experimental_negative,0.9,experimental,"OECD TG 405 experimental eye irritation, curated at dataset level",not irritating / not classified (curated Outcome=0),not_reported_per_record_in_public_sdf,eye:CpId:966,03dc5888f0859ddcc1b694e186bb2137229ea571e3db56572205f482794de03d,https://github.com/joyvb/stoptox,6ba3a7f82ab9fda8534f120114a566eec296e8ae,YKGYQYOQRGPFTO-UHFFFAOYSA-N
CC=CCCCCCCC,0,25339-53-1,YKNMBTZOEVIJCM-UHFFFAOYSA-N,25339-53-1,STopTox peer-reviewed curated experimental irritation dataset,https://doi.org/10.1289/EHP9341,"[""eye:CpId:967""]","[""explicit_curated_experimental_outcome_0"", ""absence_of_hazard_statement_not_used"", ""defined_single_structure"", ""exact_identity_deduplicated"", ""current_strong_conflicts_excluded"", ""external_holdout_quarantined"", ""publication_dataset_oecd_405_curation""]",peer_reviewed_curated_experimental_negative,0.9,experimental,"OECD TG 405 experimental eye irritation, curated at dataset level",not irritating / not classified (curated Outcome=0),not_reported_per_record_in_public_sdf,eye:CpId:967,03dc5888f0859ddcc1b694e186bb2137229ea571e3db56572205f482794de03d,https://github.com/joyvb/stoptox,6ba3a7f82ab9fda8534f120114a566eec296e8ae,YKNMBTZOEVIJCM-HWKANZROSA-N
CO[P+](=O)OC,0,868-85-9,YLFBFPXKTIQSSY-UHFFFAOYSA-N,868-85-9,STopTox peer-reviewed curated experimental irritation dataset,https://doi.org/10.1289/EHP9341,"[""eye:CpId:968""]","[""explicit_curated_experimental_outcome_0"", ""absence_of_hazard_statement_not_used"", ""defined_single_structure"", ""exact_identity_deduplicated"", ""current_strong_conflicts_excluded"", ""external_holdout_quarantined"", ""publication_dataset_oecd_405_curation""]",peer_reviewed_curated_experimental_negative,0.9,experimental,"OECD TG 405 experimental eye irritation, curated at dataset level",not irritating / not classified (curated Outcome=0),not_reported_per_record_in_public_sdf,eye:CpId:968,03dc5888f0859ddcc1b694e186bb2137229ea571e3db56572205f482794de03d,https://github.com/joyvb/stoptox,6ba3a7f82ab9fda8534f120114a566eec296e8ae,YLFBFPXKTIQSSY-UHFFFAOYSA-N
c1ccoc1,0,110-00-9,YLQBMQCUIZJEEH-UHFFFAOYSA-N,110-00-9,STopTox peer-reviewed curated experimental irritation dataset,https://doi.org/10.1289/EHP9341,"[""eye:CpId:3389""]","[""explicit_curated_experimental_outcome_0"", ""absence_of_hazard_statement_not_used"", ""defined_single_structure"", ""exact_identity_deduplicated"", ""current_strong_conflicts_excluded"", ""external_holdout_quarantined"", ""publication_dataset_oecd_405_curation""]",peer_reviewed_curated_experimental_negative,0.9,experimental,"OECD TG 405 experimental eye irritation, curated at dataset level",not irritating / not classified (curated Outcome=0),not_reported_per_record_in_public_sdf,eye:CpId:3389,03dc5888f0859ddcc1b694e186bb2137229ea571e3db56572205f482794de03d,https://github.com/joyvb/stoptox,6ba3a7f82ab9fda8534f120114a566eec296e8ae,InChI=1S/C4H4O/c1-2-4-5-3-1/h1-4H
CC(C(=O)O)c1ccc(CC2CCCC2=O)cc1,0,68767-14-6,YMBXTVYHTMGZDW-UHFFFAOYSA-N,68767-14-6,STopTox peer-reviewed curated experimental irritation dataset,https://doi.org/10.1289/EHP9341,"[""eye:CpId:3395""]","[""explicit_curated_experimental_outcome_0"", ""absence_of_hazard_statement_not_used"", ""defined_single_structure"", ""exact_identity_deduplicated"", ""current_strong_conflicts_excluded"", ""external_holdout_quarantined"", ""publication_dataset_oecd_405_curation""]",peer_reviewed_curated_experimental_negative,0.9,experimental,"OECD TG 405 experimental eye irritation, curated at dataset level",not irritating / not classified (curated Outcome=0),not_reported_per_record_in_public_sdf,eye:CpId:3395,03dc5888f0859ddcc1b694e186bb2137229ea571e3db56572205f482794de03d,https://github.com/joyvb/stoptox,6ba3a7f82ab9fda8534f120114a566eec296e8ae,"InChI=1S/C15H18O3/c1-10(15(17)18)12-7-5-11(6-8-12)9-13-3-2-4-14(13)16/h5-8,10,13H,2-4,9H2,1H3,(H,17,18)"
CCCOC(N)=O,0,627-12-3,YNTOKMNHRPSGFU-UHFFFAOYSA-N,627-12-3,STopTox peer-reviewed curated experimental irritation dataset,https://doi.org/10.1289/EHP9341,"[""eye:CpId:3400""]","[""explicit_curated_experimental_outcome_0"", ""absence_of_hazard_statement_not_used"", ""defined_single_structure"", ""exact_identity_deduplicated"", ""current_strong_conflicts_excluded"", ""external_holdout_quarantined"", ""publication_dataset_oecd_405_curation""]",peer_reviewed_curated_experimental_negative,0.9,experimental,"OECD TG 405 experimental eye irritation, curated at dataset level",not irritating / not classified (curated Outcome=0),not_reported_per_record_in_public_sdf,eye:CpId:3400,03dc5888f0859ddcc1b694e186bb2137229ea571e3db56572205f482794de03d,https://github.com/joyvb/stoptox,6ba3a7f82ab9fda8534f120114a566eec296e8ae,"InChI=1S/C4H9NO2/c1-2-3-7-4(5)6/h2-3H2,1H3,(H2,5,6)"
C=C(C)OC,0,116-11-0,YOWQWFMSQCOSBA-UHFFFAOYSA-N,116-11-0,STopTox peer-reviewed curated experimental irritation dataset,https://doi.org/10.1289/EHP9341,"[""eye:CpId:3403""]","[""explicit_curated_experimental_outcome_0"", ""absence_of_hazard_statement_not_used"", ""defined_single_structure"", ""exact_identity_deduplicated"", ""current_strong_conflicts_excluded"", ""external_holdout_quarantined"", ""publication_dataset_oecd_405_curation""]",peer_reviewed_curated_experimental_negative,0.9,experimental,"OECD TG 405 experimental eye irritation, curated at dataset level",not irritating / not classified (curated Outcome=0),not_reported_per_record_in_public_sdf,eye:CpId:3403,03dc5888f0859ddcc1b694e186bb2137229ea571e3db56572205f482794de03d,https://github.com/joyvb/stoptox,6ba3a7f82ab9fda8534f120114a566eec296e8ae,"InChI=1S/C4H8O/c1-4(2)5-3/h1H2,2-3H3"
N#Cc1c(Cl)cccc1Cl,0,1194-65-6,YOYAIZYFCNQIRF-UHFFFAOYSA-N,1194-65-6,STopTox peer-reviewed curated experimental irritation dataset,https://doi.org/10.1289/EHP9341,"[""eye:CpId:975""]","[""explicit_curated_experimental_outcome_0"", ""absence_of_hazard_statement_not_used"", ""defined_single_structure"", ""exact_identity_deduplicated"", ""current_strong_conflicts_excluded"", ""external_holdout_quarantined"", ""publication_dataset_oecd_405_curation""]",peer_reviewed_curated_experimental_negative,0.9,experimental,"OECD TG 405 experimental eye irritation, curated at dataset level",not irritating / not classified (curated Outcome=0),not_reported_per_record_in_public_sdf,eye:CpId:975,03dc5888f0859ddcc1b694e186bb2137229ea571e3db56572205f482794de03d,https://github.com/joyvb/stoptox,6ba3a7f82ab9fda8534f120114a566eec296e8ae,YOYAIZYFCNQIRF-UHFFFAOYSA-N
CC(=O)CC(=O)N(C)C,0,2044-64-6,YPEWWOUWRRQBAX-UHFFFAOYSA-N,2044-64-6,STopTox peer-reviewed curated experimental irritation dataset,https://doi.org/10.1289/EHP9341,"[""eye:CpId:976""]","[""explicit_curated_experimental_outcome_0"", ""absence_of_hazard_statement_not_used"", ""defined_single_structure"", ""exact_identity_deduplicated"", ""current_strong_conflicts_excluded"", ""external_holdout_quarantined"", ""publication_dataset_oecd_405_curation""]",peer_reviewed_curated_experimental_negative,0.9,experimental,"OECD TG 405 experimental eye irritation, curated at dataset level",not irritating / not classified (curated Outcome=0),not_reported_per_record_in_public_sdf,eye:CpId:976,03dc5888f0859ddcc1b694e186bb2137229ea571e3db56572205f482794de03d,https://github.com/joyvb/stoptox,6ba3a7f82ab9fda8534f120114a566eec296e8ae,YPEWWOUWRRQBAX-UHFFFAOYSA-N
OCCCO,0,504-63-2,YPFDHNVEDLHUCE-UHFFFAOYSA-N,504-63-2,STopTox peer-reviewed curated experimental irritation dataset,https://doi.org/10.1289/EHP9341,"[""eye:CpId:977""]","[""explicit_curated_experimental_outcome_0"", ""absence_of_hazard_statement_not_used"", ""defined_single_structure"", ""exact_identity_deduplicated"", ""current_strong_conflicts_excluded"", ""external_holdout_quarantined"", ""publication_dataset_oecd_405_curation""]",peer_reviewed_curated_experimental_negative,0.9,experimental,"OECD TG 405 experimental eye irritation, curated at dataset level",not irritating / not classified (curated Outcome=0),not_reported_per_record_in_public_sdf,eye:CpId:977,03dc5888f0859ddcc1b694e186bb2137229ea571e3db56572205f482794de03d,https://github.com/joyvb/stoptox,6ba3a7f82ab9fda8534f120114a566eec296e8ae,YPFDHNVEDLHUCE-UHFFFAOYSA-N
CC(C)OC(=O)CCC(=O)OC(C)C,0,924-88-9,YPLYFEUBZLLLIY-UHFFFAOYSA-N,924-88-9,STopTox peer-reviewed curated experimental irritation dataset,https://doi.org/10.1289/EHP9341,"[""eye:CpId:978""]","[""explicit_curated_experimental_outcome_0"", ""absence_of_hazard_statement_not_used"", ""defined_single_structure"", ""exact_identity_deduplicated"", ""current_strong_conflicts_excluded"", ""external_holdout_quarantined"", ""publication_dataset_oecd_405_curation""]",peer_reviewed_curated_experimental_negative,0.9,experimental,"OECD TG 405 experimental eye irritation, curated at dataset level",not irritating / not classified (curated Outcome=0),not_reported_per_record_in_public_sdf,eye:CpId:978,03dc5888f0859ddcc1b694e186bb2137229ea571e3db56572205f482794de03d,https://github.com/joyvb/stoptox,6ba3a7f82ab9fda8534f120114a566eec296e8ae,YPLYFEUBZLLLIY-UHFFFAOYSA-N
Cc1ccccc1OP(=O)(Oc1ccccc1C)Oc1ccccc1C,0,78-30-8,YSMRWXYRXBRSND-UHFFFAOYSA-N,78-30-8,STopTox peer-reviewed curated experimental irritation dataset,https://doi.org/10.1289/EHP9341,"[""eye:CpId:3414""]","[""explicit_curated_experimental_outcome_0"", ""absence_of_hazard_statement_not_used"", ""defined_single_structure"", ""exact_identity_deduplicated"", ""current_strong_conflicts_excluded"", ""external_holdout_quarantined"", ""publication_dataset_oecd_405_curation""]",peer_reviewed_curated_experimental_negative,0.9,experimental,"OECD TG 405 experimental eye irritation, curated at dataset level",not irritating / not classified (curated Outcome=0),not_reported_per_record_in_public_sdf,eye:CpId:3414,03dc5888f0859ddcc1b694e186bb2137229ea571e3db56572205f482794de03d,https://github.com/joyvb/stoptox,6ba3a7f82ab9fda8534f120114a566eec296e8ae,"InChI=1S/C21H21O4P/c1-16-10-4-7-13-19(16)23-26(22,24-20-14-8-5-11-17(20)2)25-21-15-9-6-12-18(21)3/h4-15H,1-3H3"
O=C(O)c1cc(-c2ccccc2)nc2ccccc12,0,132-60-5,YTRMTPPVNRALON-UHFFFAOYSA-N,132-60-5,STopTox peer-reviewed curated experimental irritation dataset,https://doi.org/10.1289/EHP9341,"[""eye:CpId:3418""]","[""explicit_curated_experimental_outcome_0"", ""absence_of_hazard_statement_not_used"", ""defined_single_structure"", ""exact_identity_deduplicated"", ""current_strong_conflicts_excluded"", ""external_holdout_quarantined"", ""publication_dataset_oecd_405_curation""]",peer_reviewed_curated_experimental_negative,0.9,experimental,"OECD TG 405 experimental eye irritation, curated at dataset level",not irritating / not classified (curated Outcome=0),not_reported_per_record_in_public_sdf,eye:CpId:3418,03dc5888f0859ddcc1b694e186bb2137229ea571e3db56572205f482794de03d,https://github.com/joyvb/stoptox,6ba3a7f82ab9fda8534f120114a566eec296e8ae,"InChI=1S/C16H11NO2/c18-16(19)13-10-15(11-6-2-1-3-7-11)17-14-9-5-4-8-12(13)14/h1-10H,(H,18,19)"
COC(=O)CCC(=O)CN,0,33320-16-0,YUUAYBAIHCDHHD-UHFFFAOYSA-N,33320-16-0,STopTox peer-reviewed curated experimental irritation dataset,https://doi.org/10.1289/EHP9341,"[""eye:CpId:3421""]","[""explicit_curated_experimental_outcome_0"", ""absence_of_hazard_statement_not_used"", ""defined_single_structure"", ""exact_identity_deduplicated"", ""current_strong_conflicts_excluded"", ""external_holdout_quarantined"", ""publication_dataset_oecd_405_curation""]",peer_reviewed_curated_experimental_negative,0.9,experimental,"OECD TG 405 experimental eye irritation, curated at dataset level",not irritating / not classified (curated Outcome=0),not_reported_per_record_in_public_sdf,eye:CpId:3421,03dc5888f0859ddcc1b694e186bb2137229ea571e3db56572205f482794de03d,https://github.com/joyvb/stoptox,6ba3a7f82ab9fda8534f120114a566eec296e8ae,"InChI=1S/C6H11NO3/c1-10-6(9)3-2-5(8)4-7/h2-4,7H2,1H3"
CCOC(=O)C(C)(CC)Oc1ccc(Cc2ccc(Cl)cc2)cc1,0,55937-99-0,YWQGBCXVCXMSLJ-UHFFFAOYSA-N,55937-99-0,STopTox peer-reviewed curated experimental irritation dataset,https://doi.org/10.1289/EHP9341,"[""eye:CpId:3428""]","[""explicit_curated_experimental_outcome_0"", ""absence_of_hazard_statement_not_used"", ""defined_single_structure"", ""exact_identity_deduplicated"", ""current_strong_conflicts_excluded"", ""external_holdout_quarantined"", ""publication_dataset_oecd_405_curation""]",peer_reviewed_curated_experimental_negative,0.9,experimental,"OECD TG 405 experimental eye irritation, curated at dataset level",not irritating / not classified (curated Outcome=0),not_reported_per_record_in_public_sdf,eye:CpId:3428,03dc5888f0859ddcc1b694e186bb2137229ea571e3db56572205f482794de03d,https://github.com/joyvb/stoptox,6ba3a7f82ab9fda8534f120114a566eec296e8ae,"InChI=1S/C20H23ClO3/c1-4-20(3,19(22)23-5-2)24-18-12-8-16(9-13-18)14-15-6-10-17(21)11-7-15/h6-13H,4-5,14H2,1-3H3"
O=C(OCC1CCC2OC2C1)C1CCC2OC2C1,0,2386-87-0,YXALYBMHAYZKAP-UHFFFAOYSA-N,2386-87-0,STopTox peer-reviewed curated experimental irritation dataset,https://doi.org/10.1289/EHP9341,"[""eye:CpId:982""]","[""explicit_curated_experimental_outcome_0"", ""absence_of_hazard_statement_not_used"", ""defined_single_structure"", ""exact_identity_deduplicated"", ""current_strong_conflicts_excluded"", ""external_holdout_quarantined"", ""publication_dataset_oecd_405_curation""]",peer_reviewed_curated_experimental_negative,0.9,experimental,"OECD TG 405 experimental eye irritation, curated at dataset level",not irritating / not classified (curated Outcome=0),not_reported_per_record_in_public_sdf,eye:CpId:982,03dc5888f0859ddcc1b694e186bb2137229ea571e3db56572205f482794de03d,https://github.com/joyvb/stoptox,6ba3a7f82ab9fda8534f120114a566eec296e8ae,YXALYBMHAYZKAP-UHFFFAOYSA-N
Cc1ccccc1,0,108-88-3,YXFVVABEGXRONW-UHFFFAOYSA-N,108-88-3,STopTox peer-reviewed curated experimental irritation dataset,https://doi.org/10.1289/EHP9341,"[""eye:CpId:983""]","[""explicit_curated_experimental_outcome_0"", ""absence_of_hazard_statement_not_used"", ""defined_single_structure"", ""exact_identity_deduplicated"", ""current_strong_conflicts_excluded"", ""external_holdout_quarantined"", ""publication_dataset_oecd_405_curation""]",peer_reviewed_curated_experimental_negative,0.9,experimental,"OECD TG 405 experimental eye irritation, curated at dataset level",not irritating / not classified (curated Outcome=0),not_reported_per_record_in_public_sdf,eye:CpId:983,03dc5888f0859ddcc1b694e186bb2137229ea571e3db56572205f482794de03d,https://github.com/joyvb/stoptox,6ba3a7f82ab9fda8534f120114a566eec296e8ae,YXFVVABEGXRONW-UHFFFAOYSA-N
S=c1[nH]c2ccccc2s1,0,149-30-4,YXIWHUQXZSMYRE-UHFFFAOYSA-N,149-30-4,STopTox peer-reviewed curated experimental irritation dataset,https://doi.org/10.1289/EHP9341,"[""eye:CpId:3429""]","[""explicit_curated_experimental_outcome_0"", ""absence_of_hazard_statement_not_used"", ""defined_single_structure"", ""exact_identity_deduplicated"", ""current_strong_conflicts_excluded"", ""external_holdout_quarantined"", ""publication_dataset_oecd_405_curation""]",peer_reviewed_curated_experimental_negative,0.9,experimental,"OECD TG 405 experimental eye irritation, curated at dataset level",not irritating / not classified (curated Outcome=0),not_reported_per_record_in_public_sdf,eye:CpId:3429,03dc5888f0859ddcc1b694e186bb2137229ea571e3db56572205f482794de03d,https://github.com/joyvb/stoptox,6ba3a7f82ab9fda8534f120114a566eec296e8ae,"InChI=1S/C7H5NS2/c9-7-8-5-3-1-2-4-6(5)10-7/h1-4H,(H,8,9)"
CC(Cc1ccccc1)N(C)Cc1ccccc1,0,156-08-1,YXKTVDFXDRQTKV-UHFFFAOYSA-N,156-08-1,STopTox peer-reviewed curated experimental irritation dataset,https://doi.org/10.1289/EHP9341,"[""eye:CpId:3431""]","[""explicit_curated_experimental_outcome_0"", ""absence_of_hazard_statement_not_used"", ""defined_single_structure"", ""exact_identity_deduplicated"", ""current_strong_conflicts_excluded"", ""external_holdout_quarantined"", ""publication_dataset_oecd_405_curation""]",peer_reviewed_curated_experimental_negative,0.9,experimental,"OECD TG 405 experimental eye irritation, curated at dataset level",not irritating / not classified (curated Outcome=0),not_reported_per_record_in_public_sdf,eye:CpId:3431,03dc5888f0859ddcc1b694e186bb2137229ea571e3db56572205f482794de03d,https://github.com/joyvb/stoptox,6ba3a7f82ab9fda8534f120114a566eec296e8ae,"InChI=1S/C17H21N/c1-15(13-16-9-5-3-6-10-16)18(2)14-17-11-7-4-8-12-17/h3-12,15H,13-14H2,1-2H3"
Oc1ccc(-c2ccccc2)cc1,0,92-69-3,YXVFYQXJAXKLAK-UHFFFAOYSA-N,92-69-3,STopTox peer-reviewed curated experimental irritation dataset,https://doi.org/10.1289/EHP9341,"[""eye:CpId:984""]","[""explicit_curated_experimental_outcome_0"", ""absence_of_hazard_statement_not_used"", ""defined_single_structure"", ""exact_identity_deduplicated"", ""current_strong_conflicts_excluded"", ""external_holdout_quarantined"", ""publication_dataset_oecd_405_curation""]",peer_reviewed_curated_experimental_negative,0.9,experimental,"OECD TG 405 experimental eye irritation, curated at dataset level",not irritating / not classified (curated Outcome=0),not_reported_per_record_in_public_sdf,eye:CpId:984,03dc5888f0859ddcc1b694e186bb2137229ea571e3db56572205f482794de03d,https://github.com/joyvb/stoptox,6ba3a7f82ab9fda8534f120114a566eec296e8ae,YXVFYQXJAXKLAK-UHFFFAOYSA-N
O=P(O)(O)OCC(Cl)(Cl)Cl,0,306-52-5,YYQRGCZGSFRBAM-UHFFFAOYSA-N,306-52-5,STopTox peer-reviewed curated experimental irritation dataset,https://doi.org/10.1289/EHP9341,"[""eye:CpId:3436""]","[""explicit_curated_experimental_outcome_0"", ""absence_of_hazard_statement_not_used"", ""defined_single_structure"", ""exact_identity_deduplicated"", ""current_strong_conflicts_excluded"", ""external_holdout_quarantined"", ""publication_dataset_oecd_405_curation""]",peer_reviewed_curated_experimental_negative,0.9,experimental,"OECD TG 405 experimental eye irritation, curated at dataset level",not irritating / not classified (curated Outcome=0),not_reported_per_record_in_public_sdf,eye:CpId:3436,03dc5888f0859ddcc1b694e186bb2137229ea571e3db56572205f482794de03d,https://github.com/joyvb/stoptox,6ba3a7f82ab9fda8534f120114a566eec296e8ae,"InChI=1S/C2H4Cl3O4P/c3-2(4,5)1-9-10(6,7)8/h1H2,(H2,6,7,8)"
CCCCCBr,0,110-53-2,YZWKKMVJZFACSU-UHFFFAOYSA-N,110-53-2,STopTox peer-reviewed curated experimental irritation dataset,https://doi.org/10.1289/EHP9341,"[""eye:CpId:3439""]","[""explicit_curated_experimental_outcome_0"", ""absence_of_hazard_statement_not_used"", ""defined_single_structure"", ""exact_identity_deduplicated"", ""current_strong_conflicts_excluded"", ""external_holdout_quarantined"", ""publication_dataset_oecd_405_curation""]",peer_reviewed_curated_experimental_negative,0.9,experimental,"OECD TG 405 experimental eye irritation, curated at dataset level",not irritating / not classified (curated Outcome=0),not_reported_per_record_in_public_sdf,eye:CpId:3439,03dc5888f0859ddcc1b694e186bb2137229ea571e3db56572205f482794de03d,https://github.com/joyvb/stoptox,6ba3a7f82ab9fda8534f120114a566eec296e8ae,"InChI=1S/C5H11Br/c1-2-3-4-5-6/h2-5H2,1H3"
Nc1cccc(S(=O)(=O)O)c1,0,121-47-1,ZAJAQTYSTDTMCU-UHFFFAOYSA-N,121-47-1,STopTox peer-reviewed curated experimental irritation dataset,https://doi.org/10.1289/EHP9341,"[""eye:CpId:988""]","[""explicit_curated_experimental_outcome_0"", ""absence_of_hazard_statement_not_used"", ""defined_single_structure"", ""exact_identity_deduplicated"", ""current_strong_conflicts_excluded"", ""external_holdout_quarantined"", ""publication_dataset_oecd_405_curation""]",peer_reviewed_curated_experimental_negative,0.9,experimental,"OECD TG 405 experimental eye irritation, curated at dataset level",not irritating / not classified (curated Outcome=0),not_reported_per_record_in_public_sdf,eye:CpId:988,03dc5888f0859ddcc1b694e186bb2137229ea571e3db56572205f482794de03d,https://github.com/joyvb/stoptox,6ba3a7f82ab9fda8534f120114a566eec296e8ae,ZAJAQTYSTDTMCU-UHFFFAOYSA-N
CC(=O)Oc1c(C)c(C)c2c(c1C)CCC(C)(CCCC(C)CCCC(C)CCCC(C)C)O2,0,7695-91-2,ZAKOWWREFLAJOT-UHFFFAOYSA-N,7695-91-2,STopTox peer-reviewed curated experimental irritation dataset,https://doi.org/10.1289/EHP9341,"[""eye:CpId:989""]","[""explicit_curated_experimental_outcome_0"", ""absence_of_hazard_statement_not_used"", ""defined_single_structure"", ""exact_identity_deduplicated"", ""current_strong_conflicts_excluded"", ""external_holdout_quarantined"", ""publication_dataset_oecd_405_curation""]",peer_reviewed_curated_experimental_negative,0.9,experimental,"OECD TG 405 experimental eye irritation, curated at dataset level",not irritating / not classified (curated Outcome=0),not_reported_per_record_in_public_sdf,eye:CpId:989,03dc5888f0859ddcc1b694e186bb2137229ea571e3db56572205f482794de03d,https://github.com/joyvb/stoptox,6ba3a7f82ab9fda8534f120114a566eec296e8ae,ZAKOWWREFLAJOT-CEFNRUSXSA-N
CCCCCCCCCCCCCC(=O)OC,0,124-10-7,ZAZKJZBWRNNLDS-UHFFFAOYSA-N,124-10-7,STopTox peer-reviewed curated experimental irritation dataset,https://doi.org/10.1289/EHP9341,"[""eye:CpId:3444""]","[""explicit_curated_experimental_outcome_0"", ""absence_of_hazard_statement_not_used"", ""defined_single_structure"", ""exact_identity_deduplicated"", ""current_strong_conflicts_excluded"", ""external_holdout_quarantined"", ""publication_dataset_oecd_405_curation""]",peer_reviewed_curated_experimental_negative,0.9,experimental,"OECD TG 405 experimental eye irritation, curated at dataset level",not irritating / not classified (curated Outcome=0),not_reported_per_record_in_public_sdf,eye:CpId:3444,03dc5888f0859ddcc1b694e186bb2137229ea571e3db56572205f482794de03d,https://github.com/joyvb/stoptox,6ba3a7f82ab9fda8534f120114a566eec296e8ae,"InChI=1S/C15H30O2/c1-3-4-5-6-7-8-9-10-11-12-13-14-15(16)17-2/h3-14H2,1-2H3"
OCCNCCO,0,35176-06-8,ZBCBWPMODOFKDW-UHFFFAOYSA-N,35176-06-8,STopTox peer-reviewed curated experimental irritation dataset,https://doi.org/10.1289/EHP9341,"[""eye:CpId:992""]","[""explicit_curated_experimental_outcome_0"", ""absence_of_hazard_statement_not_used"", ""defined_single_structure"", ""exact_identity_deduplicated"", ""current_strong_conflicts_excluded"", ""external_holdout_quarantined"", ""publication_dataset_oecd_405_curation""]",peer_reviewed_curated_experimental_negative,0.9,experimental,"OECD TG 405 experimental eye irritation, curated at dataset level",not irritating / not classified (curated Outcome=0),not_reported_per_record_in_public_sdf,eye:CpId:992,03dc5888f0859ddcc1b694e186bb2137229ea571e3db56572205f482794de03d,https://github.com/joyvb/stoptox,6ba3a7f82ab9fda8534f120114a566eec296e8ae,ZBCBWPMODOFKDW-UHFFFAOYSA-N
CC(C)(N)Cc1ccc(Cl)cc1,0,461-78-9,ZCKAMNXUHHNZLN-UHFFFAOYSA-N,461-78-9,STopTox peer-reviewed curated experimental irritation dataset,https://doi.org/10.1289/EHP9341,"[""eye:CpId:3450""]","[""explicit_curated_experimental_outcome_0"", ""absence_of_hazard_statement_not_used"", ""defined_single_structure"", ""exact_identity_deduplicated"", ""current_strong_conflicts_excluded"", ""external_holdout_quarantined"", ""publication_dataset_oecd_405_curation""]",peer_reviewed_curated_experimental_negative,0.9,experimental,"OECD TG 405 experimental eye irritation, curated at dataset level",not irritating / not classified (curated Outcome=0),not_reported_per_record_in_public_sdf,eye:CpId:3450,03dc5888f0859ddcc1b694e186bb2137229ea571e3db56572205f482794de03d,https://github.com/joyvb/stoptox,6ba3a7f82ab9fda8534f120114a566eec296e8ae,"InChI=1S/C10H14ClN/c1-10(2,12)7-8-3-5-9(11)6-4-8/h3-6H,7,12H2,1-2H3"
CCO[Si](CCl)(OCC)OCC,0,15267-95-5,ZDOBWJOCPDIBRZ-UHFFFAOYSA-N,15267-95-5,STopTox peer-reviewed curated experimental irritation dataset,https://doi.org/10.1289/EHP9341,"[""eye:CpId:994""]","[""explicit_curated_experimental_outcome_0"", ""absence_of_hazard_statement_not_used"", ""defined_single_structure"", ""exact_identity_deduplicated"", ""current_strong_conflicts_excluded"", ""external_holdout_quarantined"", ""publication_dataset_oecd_405_curation""]",peer_reviewed_curated_experimental_negative,0.9,experimental,"OECD TG 405 experimental eye irritation, curated at dataset level",not irritating / not classified (curated Outcome=0),not_reported_per_record_in_public_sdf,eye:CpId:994,03dc5888f0859ddcc1b694e186bb2137229ea571e3db56572205f482794de03d,https://github.com/joyvb/stoptox,6ba3a7f82ab9fda8534f120114a566eec296e8ae,ZDOBWJOCPDIBRZ-UHFFFAOYSA-N
CC(C)OC(=O)CCCCC(=O)OC(C)C,0,6938-94-9,ZDQWESQEGGJUCH-UHFFFAOYSA-N,6938-94-9,STopTox peer-reviewed curated experimental irritation dataset,https://doi.org/10.1289/EHP9341,"[""eye:CpId:995""]","[""explicit_curated_experimental_outcome_0"", ""absence_of_hazard_statement_not_used"", ""defined_single_structure"", ""exact_identity_deduplicated"", ""current_strong_conflicts_excluded"", ""external_holdout_quarantined"", ""publication_dataset_oecd_405_curation""]",peer_reviewed_curated_experimental_negative,0.9,experimental,"OECD TG 405 experimental eye irritation, curated at dataset level",not irritating / not classified (curated Outcome=0),not_reported_per_record_in_public_sdf,eye:CpId:995,03dc5888f0859ddcc1b694e186bb2137229ea571e3db56572205f482794de03d,https://github.com/joyvb/stoptox,6ba3a7f82ab9fda8534f120114a566eec296e8ae,ZDQWESQEGGJUCH-UHFFFAOYSA-N
C#CC(O)(C=CCl)CC,0,113-18-8,ZEHYJZXQEQOSON-UHFFFAOYSA-N,113-18-8,STopTox peer-reviewed curated experimental irritation dataset,https://doi.org/10.1289/EHP9341,"[""eye:CpId:3458""]","[""explicit_curated_experimental_outcome_0"", ""absence_of_hazard_statement_not_used"", ""defined_single_structure"", ""exact_identity_deduplicated"", ""current_strong_conflicts_excluded"", ""external_holdout_quarantined"", ""publication_dataset_oecd_405_curation""]",peer_reviewed_curated_experimental_negative,0.9,experimental,"OECD TG 405 experimental eye irritation, curated at dataset level",not irritating / not classified (curated Outcome=0),not_reported_per_record_in_public_sdf,eye:CpId:3458,03dc5888f0859ddcc1b694e186bb2137229ea571e3db56572205f482794de03d,https://github.com/joyvb/stoptox,6ba3a7f82ab9fda8534f120114a566eec296e8ae,"InChI=1S/C7H9ClO/c1-3-7(9,4-2)5-6-8/h1,5-6,9H,4H2,2H3"
CC1CC=CCCCCCCCCC(=O)C1,0,259854-70-1,ZFGBKXBPHOUSJX-UHFFFAOYSA-N,259854-70-1,STopTox peer-reviewed curated experimental irritation dataset,https://doi.org/10.1289/EHP9341,"[""eye:CpId:997""]","[""explicit_curated_experimental_outcome_0"", ""absence_of_hazard_statement_not_used"", ""defined_single_structure"", ""exact_identity_deduplicated"", ""current_strong_conflicts_excluded"", ""external_holdout_quarantined"", ""publication_dataset_oecd_405_curation""]",peer_reviewed_curated_experimental_negative,0.9,experimental,"OECD TG 405 experimental eye irritation, curated at dataset level",not irritating / not classified (curated Outcome=0),not_reported_per_record_in_public_sdf,eye:CpId:997,03dc5888f0859ddcc1b694e186bb2137229ea571e3db56572205f482794de03d,https://github.com/joyvb/stoptox,6ba3a7f82ab9fda8534f120114a566eec296e8ae,ZFGBKXBPHOUSJX-UHFFFAOYSA-N
Clc1ccc(CSc2ccc(Cl)cc2)cc1,0,103-17-3,ZHLKXBJTJHRTTE-UHFFFAOYSA-N,103-17-3,STopTox peer-reviewed curated experimental irritation dataset,https://doi.org/10.1289/EHP9341,"[""eye:CpId:3469""]","[""explicit_curated_experimental_outcome_0"", ""absence_of_hazard_statement_not_used"", ""defined_single_structure"", ""exact_identity_deduplicated"", ""current_strong_conflicts_excluded"", ""external_holdout_quarantined"", ""publication_dataset_oecd_405_curation""]",peer_reviewed_curated_experimental_negative,0.9,experimental,"OECD TG 405 experimental eye irritation, curated at dataset level",not irritating / not classified (curated Outcome=0),not_reported_per_record_in_public_sdf,eye:CpId:3469,03dc5888f0859ddcc1b694e186bb2137229ea571e3db56572205f482794de03d,https://github.com/joyvb/stoptox,6ba3a7f82ab9fda8534f120114a566eec296e8ae,"InChI=1S/C13H10Cl2S/c14-11-3-1-10(2-4-11)9-16-13-7-5-12(15)6-8-13/h1-8H,9H2"
O=C(Nc1ccccc1SSc1ccccc1NC(=O)c1ccccc1)c1ccccc1,0,135-57-9,ZHMIOPLMFZVSHY-UHFFFAOYSA-N,135-57-9,STopTox peer-reviewed curated experimental irritation dataset,https://doi.org/10.1289/EHP9341,"[""eye:CpId:1001""]","[""explicit_curated_experimental_outcome_0"", ""absence_of_hazard_statement_not_used"", ""defined_single_structure"", ""exact_identity_deduplicated"", ""current_strong_conflicts_excluded"", ""external_holdout_quarantined"", ""publication_dataset_oecd_405_curation""]",peer_reviewed_curated_experimental_negative,0.9,experimental,"OECD TG 405 experimental eye irritation, curated at dataset level",not irritating / not classified (curated Outcome=0),not_reported_per_record_in_public_sdf,eye:CpId:1001,03dc5888f0859ddcc1b694e186bb2137229ea571e3db56572205f482794de03d,https://github.com/joyvb/stoptox,6ba3a7f82ab9fda8534f120114a566eec296e8ae,ZHMIOPLMFZVSHY-UHFFFAOYSA-N
O=C(O)P(=O)(O)O,0,4428-95-9,ZJAOAACCNHFJAH-UHFFFAOYSA-N,4428-95-9,STopTox peer-reviewed curated experimental irritation dataset,https://doi.org/10.1289/EHP9341,"[""eye:CpId:3470""]","[""explicit_curated_experimental_outcome_0"", ""absence_of_hazard_statement_not_used"", ""defined_single_structure"", ""exact_identity_deduplicated"", ""current_strong_conflicts_excluded"", ""external_holdout_quarantined"", ""publication_dataset_oecd_405_curation""]",peer_reviewed_curated_experimental_negative,0.9,experimental,"OECD TG 405 experimental eye irritation, curated at dataset level",not irritating / not classified (curated Outcome=0),not_reported_per_record_in_public_sdf,eye:CpId:3470,03dc5888f0859ddcc1b694e186bb2137229ea571e3db56572205f482794de03d,https://github.com/joyvb/stoptox,6ba3a7f82ab9fda8534f120114a566eec296e8ae,"InChI=1S/CH3O5P/c2-1(3)7(4,5)6/h(H,2,3)(H2,4,5,6)"
CCC(CO)(CO)CO,0,77-99-6,ZJCCRDAZUWHFQH-UHFFFAOYSA-N,77-99-6,STopTox peer-reviewed curated experimental irritation dataset,https://doi.org/10.1289/EHP9341,"[""eye:CpId:3471""]","[""explicit_curated_experimental_outcome_0"", ""absence_of_hazard_statement_not_used"", ""defined_single_structure"", ""exact_identity_deduplicated"", ""current_strong_conflicts_excluded"", ""external_holdout_quarantined"", ""publication_dataset_oecd_405_curation""]",peer_reviewed_curated_experimental_negative,0.9,experimental,"OECD TG 405 experimental eye irritation, curated at dataset level",not irritating / not classified (curated Outcome=0),not_reported_per_record_in_public_sdf,eye:CpId:3471,03dc5888f0859ddcc1b694e186bb2137229ea571e3db56572205f482794de03d,https://github.com/joyvb/stoptox,6ba3a7f82ab9fda8534f120114a566eec296e8ae,"InChI=1S/C6H14O3/c1-2-6(3-7,4-8)5-9/h7-9H,2-5H2,1H3"
FC(F)(F)C(F)(F)C(F)(F)C(F)(F)C(F)(F)C(F)(F)F,0,355-42-0,ZJIJAJXFLBMLCK-UHFFFAOYSA-N,355-42-0,STopTox peer-reviewed curated experimental irritation dataset,https://doi.org/10.1289/EHP9341,"[""eye:CpId:3472""]","[""explicit_curated_experimental_outcome_0"", ""absence_of_hazard_statement_not_used"", ""defined_single_structure"", ""exact_identity_deduplicated"", ""current_strong_conflicts_excluded"", ""external_holdout_quarantined"", ""publication_dataset_oecd_405_curation""]",peer_reviewed_curated_experimental_negative,0.9,experimental,"OECD TG 405 experimental eye irritation, curated at dataset level",not irritating / not classified (curated Outcome=0),not_reported_per_record_in_public_sdf,eye:CpId:3472,03dc5888f0859ddcc1b694e186bb2137229ea571e3db56572205f482794de03d,https://github.com/joyvb/stoptox,6ba3a7f82ab9fda8534f120114a566eec296e8ae,"InChI=1S/C6F14/c7-1(8,3(11,12)5(15,16)17)2(9,10)4(13,14)6(18,19)20"
CCC(C)c1ccccc1,0,135-98-8 68411-44-9  135-98-8,ZJMWRROPUADPEA-UHFFFAOYSA-N,135-98-8 68411-44-9  135-98-8,STopTox peer-reviewed curated experimental irritation dataset,https://doi.org/10.1289/EHP9341,"[""eye:CpId:3475""]","[""explicit_curated_experimental_outcome_0"", ""absence_of_hazard_statement_not_used"", ""defined_single_structure"", ""exact_identity_deduplicated"", ""current_strong_conflicts_excluded"", ""external_holdout_quarantined"", ""publication_dataset_oecd_405_curation""]",peer_reviewed_curated_experimental_negative,0.9,experimental,"OECD TG 405 experimental eye irritation, curated at dataset level",not irritating / not classified (curated Outcome=0),not_reported_per_record_in_public_sdf,eye:CpId:3475,03dc5888f0859ddcc1b694e186bb2137229ea571e3db56572205f482794de03d,https://github.com/joyvb/stoptox,6ba3a7f82ab9fda8534f120114a566eec296e8ae,"InChI=1S/C10H14/c1-3-9(2)10-7-5-4-6-8-10/h4-9H,3H2,1-2H3"
Cc1cc(O)c2ccccc2c1O,0,481-85-6,ZJTLZYDQJHKRMQ-UHFFFAOYSA-N,481-85-6,STopTox peer-reviewed curated experimental irritation dataset,https://doi.org/10.1289/EHP9341,"[""eye:CpId:3476""]","[""explicit_curated_experimental_outcome_0"", ""absence_of_hazard_statement_not_used"", ""defined_single_structure"", ""exact_identity_deduplicated"", ""current_strong_conflicts_excluded"", ""external_holdout_quarantined"", ""publication_dataset_oecd_405_curation""]",peer_reviewed_curated_experimental_negative,0.9,experimental,"OECD TG 405 experimental eye irritation, curated at dataset level",not irritating / not classified (curated Outcome=0),not_reported_per_record_in_public_sdf,eye:CpId:3476,03dc5888f0859ddcc1b694e186bb2137229ea571e3db56572205f482794de03d,https://github.com/joyvb/stoptox,6ba3a7f82ab9fda8534f120114a566eec296e8ae,"InChI=1S/C11H10O2/c1-7-6-10(12)8-4-2-3-5-9(8)11(7)13/h2-6,12-13H,1H3"
CCCCCCCCCOC(=O)c1ccccc1C(=O)OCCCCCCCC,0,71662-46-9,ZKHMKHBSASMXEZ-UHFFFAOYSA-N,71662-46-9,STopTox peer-reviewed curated experimental irritation dataset,https://doi.org/10.1289/EHP9341,"[""eye:CpId:1004""]","[""explicit_curated_experimental_outcome_0"", ""absence_of_hazard_statement_not_used"", ""defined_single_structure"", ""exact_identity_deduplicated"", ""current_strong_conflicts_excluded"", ""external_holdout_quarantined"", ""publication_dataset_oecd_405_curation""]",peer_reviewed_curated_experimental_negative,0.9,experimental,"OECD TG 405 experimental eye irritation, curated at dataset level",not irritating / not classified (curated Outcome=0),not_reported_per_record_in_public_sdf,eye:CpId:1004,03dc5888f0859ddcc1b694e186bb2137229ea571e3db56572205f482794de03d,https://github.com/joyvb/stoptox,6ba3a7f82ab9fda8534f120114a566eec296e8ae,ZKHMKHBSASMXEZ-UHFFFAOYSA-N
CCc1cccc(C)c1,0,620-14-4  620-14-4,ZLCSFXXPPANWQY-UHFFFAOYSA-N,620-14-4  620-14-4,STopTox peer-reviewed curated experimental irritation dataset,https://doi.org/10.1289/EHP9341,"[""eye:CpId:3482""]","[""explicit_curated_experimental_outcome_0"", ""absence_of_hazard_statement_not_used"", ""defined_single_structure"", ""exact_identity_deduplicated"", ""current_strong_conflicts_excluded"", ""external_holdout_quarantined"", ""publication_dataset_oecd_405_curation""]",peer_reviewed_curated_experimental_negative,0.9,experimental,"OECD TG 405 experimental eye irritation, curated at dataset level",not irritating / not classified (curated Outcome=0),not_reported_per_record_in_public_sdf,eye:CpId:3482,03dc5888f0859ddcc1b694e186bb2137229ea571e3db56572205f482794de03d,https://github.com/joyvb/stoptox,6ba3a7f82ab9fda8534f120114a566eec296e8ae,"InChI=1S/C9H12/c1-3-9-6-4-5-8(2)7-9/h4-7H,3H2,1-2H3"
Cc1cc(C)nc(Nc2ccccc2)n1,0,53112-28-0,ZLIBICFPKPWGIZ-UHFFFAOYSA-N,53112-28-0,STopTox peer-reviewed curated experimental irritation dataset,https://doi.org/10.1289/EHP9341,"[""eye:CpId:3483""]","[""explicit_curated_experimental_outcome_0"", ""absence_of_hazard_statement_not_used"", ""defined_single_structure"", ""exact_identity_deduplicated"", ""current_strong_conflicts_excluded"", ""external_holdout_quarantined"", ""publication_dataset_oecd_405_curation""]",peer_reviewed_curated_experimental_negative,0.9,experimental,"OECD TG 405 experimental eye irritation, curated at dataset level",not irritating / not classified (curated Outcome=0),not_reported_per_record_in_public_sdf,eye:CpId:3483,03dc5888f0859ddcc1b694e186bb2137229ea571e3db56572205f482794de03d,https://github.com/joyvb/stoptox,6ba3a7f82ab9fda8534f120114a566eec296e8ae,"InChI=1S/C12H13N3/c1-9-8-10(2)14-12(13-9)15-11-6-4-3-5-7-11/h3-8H,1-2H3,(H,13,14,15)"
CCOP(=O)(C(=O)c1c(C)cc(C)cc1C)c1ccccc1,0,84434-11-7,ZMDDERVSCYEKPQ-UHFFFAOYSA-N,84434-11-7,STopTox peer-reviewed curated experimental irritation dataset,https://doi.org/10.1289/EHP9341,"[""eye:CpId:1006""]","[""explicit_curated_experimental_outcome_0"", ""absence_of_hazard_statement_not_used"", ""defined_single_structure"", ""exact_identity_deduplicated"", ""current_strong_conflicts_excluded"", ""external_holdout_quarantined"", ""publication_dataset_oecd_405_curation""]",peer_reviewed_curated_experimental_negative,0.9,experimental,"OECD TG 405 experimental eye irritation, curated at dataset level",not irritating / not classified (curated Outcome=0),not_reported_per_record_in_public_sdf,eye:CpId:1006,03dc5888f0859ddcc1b694e186bb2137229ea571e3db56572205f482794de03d,https://github.com/joyvb/stoptox,6ba3a7f82ab9fda8534f120114a566eec296e8ae,ZMDDERVSCYEKPQ-UHFFFAOYSA-N
CN(C)C=O,0,68-12-2,ZMXDDKWLCZADIW-UHFFFAOYSA-N,68-12-2,STopTox peer-reviewed curated experimental irritation dataset,https://doi.org/10.1289/EHP9341,"[""eye:CpId:3488""]","[""explicit_curated_experimental_outcome_0"", ""absence_of_hazard_statement_not_used"", ""defined_single_structure"", ""exact_identity_deduplicated"", ""current_strong_conflicts_excluded"", ""external_holdout_quarantined"", ""publication_dataset_oecd_405_curation""]",peer_reviewed_curated_experimental_negative,0.9,experimental,"OECD TG 405 experimental eye irritation, curated at dataset level",not irritating / not classified (curated Outcome=0),not_reported_per_record_in_public_sdf,eye:CpId:3488,03dc5888f0859ddcc1b694e186bb2137229ea571e3db56572205f482794de03d,https://github.com/joyvb/stoptox,6ba3a7f82ab9fda8534f120114a566eec296e8ae,"InChI=1S/C3H7NO/c1-4(2)3-5/h3H,1-2H3"
CO[Si](OC)(OC)c1ccccc1,0,2996-92-1,ZNOCGWVLWPVKAO-UHFFFAOYSA-N,2996-92-1,STopTox peer-reviewed curated experimental irritation dataset,https://doi.org/10.1289/EHP9341,"[""eye:CpId:1010""]","[""explicit_curated_experimental_outcome_0"", ""absence_of_hazard_statement_not_used"", ""defined_single_structure"", ""exact_identity_deduplicated"", ""current_strong_conflicts_excluded"", ""external_holdout_quarantined"", ""publication_dataset_oecd_405_curation""]",peer_reviewed_curated_experimental_negative,0.9,experimental,"OECD TG 405 experimental eye irritation, curated at dataset level",not irritating / not classified (curated Outcome=0),not_reported_per_record_in_public_sdf,eye:CpId:1010,03dc5888f0859ddcc1b694e186bb2137229ea571e3db56572205f482794de03d,https://github.com/joyvb/stoptox,6ba3a7f82ab9fda8534f120114a566eec296e8ae,ZNOCGWVLWPVKAO-UHFFFAOYSA-N
CCOCCO,0,110-80-5,ZNQVEEAIQZEUHB-UHFFFAOYSA-N,110-80-5,STopTox peer-reviewed curated experimental irritation dataset,https://doi.org/10.1289/EHP9341,"[""eye:CpId:3492""]","[""explicit_curated_experimental_outcome_0"", ""absence_of_hazard_statement_not_used"", ""defined_single_structure"", ""exact_identity_deduplicated"", ""current_strong_conflicts_excluded"", ""external_holdout_quarantined"", ""publication_dataset_oecd_405_curation""]",peer_reviewed_curated_experimental_negative,0.9,experimental,"OECD TG 405 experimental eye irritation, curated at dataset level",not irritating / not classified (curated Outcome=0),not_reported_per_record_in_public_sdf,eye:CpId:3492,03dc5888f0859ddcc1b694e186bb2137229ea571e3db56572205f482794de03d,https://github.com/joyvb/stoptox,6ba3a7f82ab9fda8534f120114a566eec296e8ae,"InChI=1S/C4H10O2/c1-2-6-4-3-5/h5H,2-4H2,1H3"
CC1=CC(C)(C)Nc2ccccc21,0,26780-96-1,ZNRLMGFXSPUZNR-UHFFFAOYSA-N,26780-96-1,STopTox peer-reviewed curated experimental irritation dataset,https://doi.org/10.1289/EHP9341,"[""eye:CpId:1012""]","[""explicit_curated_experimental_outcome_0"", ""absence_of_hazard_statement_not_used"", ""defined_single_structure"", ""exact_identity_deduplicated"", ""current_strong_conflicts_excluded"", ""external_holdout_quarantined"", ""publication_dataset_oecd_405_curation""]",peer_reviewed_curated_experimental_negative,0.9,experimental,"OECD TG 405 experimental eye irritation, curated at dataset level",not irritating / not classified (curated Outcome=0),not_reported_per_record_in_public_sdf,eye:CpId:1012,03dc5888f0859ddcc1b694e186bb2137229ea571e3db56572205f482794de03d,https://github.com/joyvb/stoptox,6ba3a7f82ab9fda8534f120114a566eec296e8ae,ZNRLMGFXSPUZNR-UHFFFAOYSA-N
C=C(CC(C)(C)c1ccccc1)c1ccccc1,0,6362-80-7,ZOKCNEIWFQCSCM-UHFFFAOYSA-N,6362-80-7,STopTox peer-reviewed curated experimental irritation dataset,https://doi.org/10.1289/EHP9341,"[""eye:CpId:1013""]","[""explicit_curated_experimental_outcome_0"", ""absence_of_hazard_statement_not_used"", ""defined_single_structure"", ""exact_identity_deduplicated"", ""current_strong_conflicts_excluded"", ""external_holdout_quarantined"", ""publication_dataset_oecd_405_curation""]",peer_reviewed_curated_experimental_negative,0.9,experimental,"OECD TG 405 experimental eye irritation, curated at dataset level",not irritating / not classified (curated Outcome=0),not_reported_per_record_in_public_sdf,eye:CpId:1013,03dc5888f0859ddcc1b694e186bb2137229ea571e3db56572205f482794de03d,https://github.com/joyvb/stoptox,6ba3a7f82ab9fda8534f120114a566eec296e8ae,ZOKCNEIWFQCSCM-UHFFFAOYSA-N
O=C(Cc1ccccc1)OCCc1ccccc1,0,102-20-5,ZOZIRNMDEZKZHM-UHFFFAOYSA-N,102-20-5,STopTox peer-reviewed curated experimental irritation dataset,https://doi.org/10.1289/EHP9341,"[""eye:CpId:1016""]","[""explicit_curated_experimental_outcome_0"", ""absence_of_hazard_statement_not_used"", ""defined_single_structure"", ""exact_identity_deduplicated"", ""current_strong_conflicts_excluded"", ""external_holdout_quarantined"", ""publication_dataset_oecd_405_curation""]",peer_reviewed_curated_experimental_negative,0.9,experimental,"OECD TG 405 experimental eye irritation, curated at dataset level",not irritating / not classified (curated Outcome=0),not_reported_per_record_in_public_sdf,eye:CpId:1016,03dc5888f0859ddcc1b694e186bb2137229ea571e3db56572205f482794de03d,https://github.com/joyvb/stoptox,6ba3a7f82ab9fda8534f120114a566eec296e8ae,ZOZIRNMDEZKZHM-UHFFFAOYSA-N
ClC1OCCOC1Cl,0,95-59-0,ZOZUXFQYIYUIND-UHFFFAOYSA-N,95-59-0,STopTox peer-reviewed curated experimental irritation dataset,https://doi.org/10.1289/EHP9341,"[""eye:CpId:3496""]","[""explicit_curated_experimental_outcome_0"", ""absence_of_hazard_statement_not_used"", ""defined_single_structure"", ""exact_identity_deduplicated"", ""current_strong_conflicts_excluded"", ""external_holdout_quarantined"", ""publication_dataset_oecd_405_curation""]",peer_reviewed_curated_experimental_negative,0.9,experimental,"OECD TG 405 experimental eye irritation, curated at dataset level",not irritating / not classified (curated Outcome=0),not_reported_per_record_in_public_sdf,eye:CpId:3496,03dc5888f0859ddcc1b694e186bb2137229ea571e3db56572205f482794de03d,https://github.com/joyvb/stoptox,6ba3a7f82ab9fda8534f120114a566eec296e8ae,"InChI=1S/C4H6Cl2O2/c5-3-4(6)8-2-1-7-3/h3-4H,1-2H2"
O=C(O)CCC(=O)c1ccc(-c2ccccc2)cc1,0,36330-85-5,ZPAKPRAICRBAOD-UHFFFAOYSA-N,36330-85-5,STopTox peer-reviewed curated experimental irritation dataset,https://doi.org/10.1289/EHP9341,"[""eye:CpId:3497""]","[""explicit_curated_experimental_outcome_0"", ""absence_of_hazard_statement_not_used"", ""defined_single_structure"", ""exact_identity_deduplicated"", ""current_strong_conflicts_excluded"", ""external_holdout_quarantined"", ""publication_dataset_oecd_405_curation""]",peer_reviewed_curated_experimental_negative,0.9,experimental,"OECD TG 405 experimental eye irritation, curated at dataset level",not irritating / not classified (curated Outcome=0),not_reported_per_record_in_public_sdf,eye:CpId:3497,03dc5888f0859ddcc1b694e186bb2137229ea571e3db56572205f482794de03d,https://github.com/joyvb/stoptox,6ba3a7f82ab9fda8534f120114a566eec296e8ae,"InChI=1S/C16H14O3/c17-15(10-11-16(18)19)14-8-6-13(7-9-14)12-4-2-1-3-5-12/h1-9H,10-11H2,(H,18,19)"
Cc1ccc(NC(=O)Nc2ccc(C)c(NC(=O)Nc3ccc(C)cc3)c2)cc1,0,ZPHINLJKDOIANS-UHFFFAOYSA-N,ZPHINLJKDOIANS-UHFFFAOYSA-N,,STopTox peer-reviewed curated experimental irritation dataset,https://doi.org/10.1289/EHP9341,"[""eye:CpId:1017""]","[""explicit_curated_experimental_outcome_0"", ""absence_of_hazard_statement_not_used"", ""defined_single_structure"", ""exact_identity_deduplicated"", ""current_strong_conflicts_excluded"", ""external_holdout_quarantined"", ""publication_dataset_oecd_405_curation""]",peer_reviewed_curated_experimental_negative,0.9,experimental,"OECD TG 405 experimental eye irritation, curated at dataset level",not irritating / not classified (curated Outcome=0),not_reported_per_record_in_public_sdf,eye:CpId:1017,03dc5888f0859ddcc1b694e186bb2137229ea571e3db56572205f482794de03d,https://github.com/joyvb/stoptox,6ba3a7f82ab9fda8534f120114a566eec296e8ae,ZPHINLJKDOIANS-UHFFFAOYSA-N
CCCCCCCCCCCCCCCCCC(=O)OC(C)C,0,112-10-7,ZPWFUIUNWDIYCJ-UHFFFAOYSA-N,112-10-7,STopTox peer-reviewed curated experimental irritation dataset,https://doi.org/10.1289/EHP9341,"[""eye:CpId:3504""]","[""explicit_curated_experimental_outcome_0"", ""absence_of_hazard_statement_not_used"", ""defined_single_structure"", ""exact_identity_deduplicated"", ""current_strong_conflicts_excluded"", ""external_holdout_quarantined"", ""publication_dataset_oecd_405_curation""]",peer_reviewed_curated_experimental_negative,0.9,experimental,"OECD TG 405 experimental eye irritation, curated at dataset level",not irritating / not classified (curated Outcome=0),not_reported_per_record_in_public_sdf,eye:CpId:3504,03dc5888f0859ddcc1b694e186bb2137229ea571e3db56572205f482794de03d,https://github.com/joyvb/stoptox,6ba3a7f82ab9fda8534f120114a566eec296e8ae,"InChI=1S/C21H42O2/c1-4-5-6-7-8-9-10-11-12-13-14-15-16-17-18-19-21(22)23-20(2)3/h20H,4-19H2,1-3H3"
CCCCCCCCC=CCCCCCCCC(=O)O,0,68815-51-0,ZQPPMHVWECSIRJ-UHFFFAOYSA-N,68815-51-0,STopTox peer-reviewed curated experimental irritation dataset,https://doi.org/10.1289/EHP9341,"[""eye:CpId:1018""]","[""explicit_curated_experimental_outcome_0"", ""absence_of_hazard_statement_not_used"", ""defined_single_structure"", ""exact_identity_deduplicated"", ""current_strong_conflicts_excluded"", ""external_holdout_quarantined"", ""publication_dataset_oecd_405_curation""]",peer_reviewed_curated_experimental_negative,0.9,experimental,"OECD TG 405 experimental eye irritation, curated at dataset level",not irritating / not classified (curated Outcome=0),not_reported_per_record_in_public_sdf,eye:CpId:1018,03dc5888f0859ddcc1b694e186bb2137229ea571e3db56572205f482794de03d,https://github.com/joyvb/stoptox,6ba3a7f82ab9fda8534f120114a566eec296e8ae,ZQPPMHVWECSIRJ-KTKRTIGZSA-N
CCCO[Si](OCCC)(OCCC)OCCC,0,682-01-9,ZQZCOBSUOFHDEE-UHFFFAOYSA-N,682-01-9,STopTox peer-reviewed curated experimental irritation dataset,https://doi.org/10.1289/EHP9341,"[""eye:CpId:1020""]","[""explicit_curated_experimental_outcome_0"", ""absence_of_hazard_statement_not_used"", ""defined_single_structure"", ""exact_identity_deduplicated"", ""current_strong_conflicts_excluded"", ""external_holdout_quarantined"", ""publication_dataset_oecd_405_curation""]",peer_reviewed_curated_experimental_negative,0.9,experimental,"OECD TG 405 experimental eye irritation, curated at dataset level",not irritating / not classified (curated Outcome=0),not_reported_per_record_in_public_sdf,eye:CpId:1020,03dc5888f0859ddcc1b694e186bb2137229ea571e3db56572205f482794de03d,https://github.com/joyvb/stoptox,6ba3a7f82ab9fda8534f120114a566eec296e8ae,ZQZCOBSUOFHDEE-UHFFFAOYSA-N
c1ccc2c(c1)CCc1ccccc1N2,0,494-19-9,ZSMRRZONCYIFNB-UHFFFAOYSA-N,494-19-9,STopTox peer-reviewed curated experimental irritation dataset,https://doi.org/10.1289/EHP9341,"[""eye:CpId:3521""]","[""explicit_curated_experimental_outcome_0"", ""absence_of_hazard_statement_not_used"", ""defined_single_structure"", ""exact_identity_deduplicated"", ""current_strong_conflicts_excluded"", ""external_holdout_quarantined"", ""publication_dataset_oecd_405_curation""]",peer_reviewed_curated_experimental_negative,0.9,experimental,"OECD TG 405 experimental eye irritation, curated at dataset level",not irritating / not classified (curated Outcome=0),not_reported_per_record_in_public_sdf,eye:CpId:3521,03dc5888f0859ddcc1b694e186bb2137229ea571e3db56572205f482794de03d,https://github.com/joyvb/stoptox,6ba3a7f82ab9fda8534f120114a566eec296e8ae,"InChI=1S/C14H13N/c1-3-7-13-11(5-1)9-10-12-6-2-4-8-14(12)15-13/h1-8,15H,9-10H2"
COCCOCCOCCOCCOC,0,143-24-8,ZUHZGEOKBKGPSW-UHFFFAOYSA-N,143-24-8,STopTox peer-reviewed curated experimental irritation dataset,https://doi.org/10.1289/EHP9341,"[""eye:CpId:1027""]","[""explicit_curated_experimental_outcome_0"", ""absence_of_hazard_statement_not_used"", ""defined_single_structure"", ""exact_identity_deduplicated"", ""current_strong_conflicts_excluded"", ""external_holdout_quarantined"", ""publication_dataset_oecd_405_curation""]",peer_reviewed_curated_experimental_negative,0.9,experimental,"OECD TG 405 experimental eye irritation, curated at dataset level",not irritating / not classified (curated Outcome=0),not_reported_per_record_in_public_sdf,eye:CpId:1027,03dc5888f0859ddcc1b694e186bb2137229ea571e3db56572205f482794de03d,https://github.com/joyvb/stoptox,6ba3a7f82ab9fda8534f120114a566eec296e8ae,ZUHZGEOKBKGPSW-UHFFFAOYSA-N
OCCCCC(O)CO,0,106-69-4,ZWVMLYRJXORSEP-UHFFFAOYSA-N,106-69-4,STopTox peer-reviewed curated experimental irritation dataset,https://doi.org/10.1289/EHP9341,"[""eye:CpId:3532""]","[""explicit_curated_experimental_outcome_0"", ""absence_of_hazard_statement_not_used"", ""defined_single_structure"", ""exact_identity_deduplicated"", ""current_strong_conflicts_excluded"", ""external_holdout_quarantined"", ""publication_dataset_oecd_405_curation""]",peer_reviewed_curated_experimental_negative,0.9,experimental,"OECD TG 405 experimental eye irritation, curated at dataset level",not irritating / not classified (curated Outcome=0),not_reported_per_record_in_public_sdf,eye:CpId:3532,03dc5888f0859ddcc1b694e186bb2137229ea571e3db56572205f482794de03d,https://github.com/joyvb/stoptox,6ba3a7f82ab9fda8534f120114a566eec296e8ae,"InChI=1S/C6H14O3/c7-4-2-1-3-6(9)5-8/h6-9H,1-5H2"
O=c1ccc2ccccc2o1,0,91-64-5,ZYGHJZDHTFUPRJ-UHFFFAOYSA-N,91-64-5,STopTox peer-reviewed curated experimental irritation dataset,https://doi.org/10.1289/EHP9341,"[""eye:CpId:3538""]","[""explicit_curated_experimental_outcome_0"", ""absence_of_hazard_statement_not_used"", ""defined_single_structure"", ""exact_identity_deduplicated"", ""current_strong_conflicts_excluded"", ""external_holdout_quarantined"", ""publication_dataset_oecd_405_curation""]",peer_reviewed_curated_experimental_negative,0.9,experimental,"OECD TG 405 experimental eye irritation, curated at dataset level",not irritating / not classified (curated Outcome=0),not_reported_per_record_in_public_sdf,eye:CpId:3538,03dc5888f0859ddcc1b694e186bb2137229ea571e3db56572205f482794de03d,https://github.com/joyvb/stoptox,6ba3a7f82ab9fda8534f120114a566eec296e8ae,InChI=1S/C9H6O2/c10-9-6-5-7-3-1-2-4-8(7)11-9/h1-6H
CC(C)CC(C)Nc1ccc(Nc2ccccc2)cc1,0,793-24-8,ZZMVLMVFYMGSMY-UHFFFAOYSA-N,793-24-8,STopTox peer-reviewed curated experimental irritation dataset,https://doi.org/10.1289/EHP9341,"[""eye:CpId:1034""]","[""explicit_curated_experimental_outcome_0"", ""absence_of_hazard_statement_not_used"", ""defined_single_structure"", ""exact_identity_deduplicated"", ""current_strong_conflicts_excluded"", ""external_holdout_quarantined"", ""publication_dataset_oecd_405_curation""]",peer_reviewed_curated_experimental_negative,0.9,experimental,"OECD TG 405 experimental eye irritation, curated at dataset level",not irritating / not classified (curated Outcome=0),not_reported_per_record_in_public_sdf,eye:CpId:1034,03dc5888f0859ddcc1b694e186bb2137229ea571e3db56572205f482794de03d,https://github.com/joyvb/stoptox,6ba3a7f82ab9fda8534f120114a566eec296e8ae,ZZMVLMVFYMGSMY-UHFFFAOYSA-N
CN(C)CCOC(c1ccccc1)c1ccccc1,0,58-73-1,ZZVUWRFHKOJYTH-UHFFFAOYSA-N,58-73-1,STopTox peer-reviewed curated experimental irritation dataset,https://doi.org/10.1289/EHP9341,"[""eye:CpId:3546""]","[""explicit_curated_experimental_outcome_0"", ""absence_of_hazard_statement_not_used"", ""defined_single_structure"", ""exact_identity_deduplicated"", ""current_strong_conflicts_excluded"", ""external_holdout_quarantined"", ""publication_dataset_oecd_405_curation""]",peer_reviewed_curated_experimental_negative,0.9,experimental,"OECD TG 405 experimental eye irritation, curated at dataset level",not irritating / not classified (curated Outcome=0),not_reported_per_record_in_public_sdf,eye:CpId:3546,03dc5888f0859ddcc1b694e186bb2137229ea571e3db56572205f482794de03d,https://github.com/joyvb/stoptox,6ba3a7f82ab9fda8534f120114a566eec296e8ae,"InChI=1S/C17H21NO/c1-18(2)13-14-19-17(15-9-5-3-6-10-15)16-11-7-4-8-12-16/h3-12,17H,13-14H2,1-2H3"
