smiles,label,sample_weight,source,source_url,paper_doi,evidence_ids,test_type,reliability_rating,preferred_name,casrn,dtxsid
BrC=Cc1ccccc1,0,0.8,NICEATM HPPT Database (2023),https://ntp.niehs.nih.gov/iccvam/methods/immunotox/hppt/hppt_database_14feb2023.xlsx,https://doi.org/10.1007/s00204-023-03530-3,HPPT Record.No 141,Human Maximization Test,3,(2-Bromovinyl)benzene,103-64-0,DTXSID501014586
C#CC(C)(O)CCC=C(C)C,0,0.8,NICEATM HPPT Database (2023),https://ntp.niehs.nih.gov/iccvam/methods/immunotox/hppt/hppt_database_14feb2023.xlsx,https://doi.org/10.1007/s00204-023-03530-3,HPPT Record.No 1011,Human Maximization Test,3,Dehydrolinalool,29171-20-8,DTXSID6057588
C#CC1(OC(C)=O)CCCCC1,0,0.8,NICEATM HPPT Database (2023),https://ntp.niehs.nih.gov/iccvam/methods/immunotox/hppt/hppt_database_14feb2023.xlsx,https://doi.org/10.1007/s00204-023-03530-3,HPPT Record.No 1258;1259,Human Repeat Insult Patch Test,3,"Cyclohexanol, 1-ethynyl-, 1-acetate",5240-32-4,DTXSID40863510
C#CC1(OC(C)=O)CCCCC1C(C)CC,0,0.8,NICEATM HPPT Database (2023),https://ntp.niehs.nih.gov/iccvam/methods/immunotox/hppt/hppt_database_14feb2023.xlsx,https://doi.org/10.1007/s00204-023-03530-3,HPPT Record.No 1103,Human Maximization Test,3,"Cyclohexanol, 1-ethynyl-2-(1-methylpropyl)-, 1-acetate",37172-05-7,DTXSID00865853
C=C(C)C(=O)OC,0,0.6,NICEATM HPPT Database (2023),https://ntp.niehs.nih.gov/iccvam/methods/immunotox/hppt/hppt_database_14feb2023.xlsx,https://doi.org/10.1007/s00204-023-03530-3,HPPT Record.No 1825,Human Repeat Insult Patch Test,4,Methyl methacrylate,80-62-6,DTXSID2020844
C=C(C)C(=O)OCCCCCCC,0,0.8,NICEATM HPPT Database (2023),https://ntp.niehs.nih.gov/iccvam/methods/immunotox/hppt/hppt_database_14feb2023.xlsx,https://doi.org/10.1007/s00204-023-03530-3,HPPT Record.No 1324,Human Maximization Test,3,Heptyl methacrylate,5459-37-0,DTXSID8063911
C=C(C)C(=O)OCCc1ccccc1,0,0.8,NICEATM HPPT Database (2023),https://ntp.niehs.nih.gov/iccvam/methods/immunotox/hppt/hppt_database_14feb2023.xlsx,https://doi.org/10.1007/s00204-023-03530-3,HPPT Record.No 1101;1102,Human Repeat Insult Patch Test,3,2-Phenylethyl methacrylate,3683-12-3,DTXSID7063134
C=C(C)C(CC=C(C)C)COC(C)=O,0,0.8,NICEATM HPPT Database (2023),https://ntp.niehs.nih.gov/iccvam/methods/immunotox/hppt/hppt_database_14feb2023.xlsx,https://doi.org/10.1007/s00204-023-03530-3,HPPT Record.No 980,Human Maximization Test,3,Lavandulyl acetate,25905-14-0,DTXSID30904865
C=C(C)C(CO)CC=C(C)C,0,0.8,NICEATM HPPT Database (2023),https://ntp.niehs.nih.gov/iccvam/methods/immunotox/hppt/hppt_database_14feb2023.xlsx,https://doi.org/10.1007/s00204-023-03530-3,HPPT Record.No 1217,Human Maximization Test,3,Lavandulol,498-16-8,DTXSID001017547
C=C(C)C1CC=C(C)C(O)C1,0,0.8,NICEATM HPPT Database (2023),https://ntp.niehs.nih.gov/iccvam/methods/immunotox/hppt/hppt_database_14feb2023.xlsx,https://doi.org/10.1007/s00204-023-03530-3,HPPT Record.No 2011,Human Maximization Test,3,Carveol,99-48-9,DTXSID3024736
C=C(C)C1CC=C(C)C(OC(=O)CC)C1,0,0.8,NICEATM HPPT Database (2023),https://ntp.niehs.nih.gov/iccvam/methods/immunotox/hppt/hppt_database_14feb2023.xlsx,https://doi.org/10.1007/s00204-023-03530-3,HPPT Record.No 1990,Human Maximization Test,3,"2-Cyclohexen-1-ol, 2-methyl-5-(1-methylethenyl)-, 1-propanoate",97-45-0,DTXSID30861702
C=C(C)C1CC=C(C)C(OC(C)=O)C1,0,0.8,NICEATM HPPT Database (2023),https://ntp.niehs.nih.gov/iccvam/methods/immunotox/hppt/hppt_database_14feb2023.xlsx,https://doi.org/10.1007/s00204-023-03530-3,HPPT Record.No 521,Human Maximization Test,3,cis-2-Methyl-5-(1-methylvinyl)cyclohex-2-en-1-yl acetate,1205-42-1,DTXSID401014557
C=C(C)C1CC=C(C)CC1,0,0.95,NICEATM HPPT Database (2023),https://ntp.niehs.nih.gov/iccvam/methods/immunotox/hppt/hppt_database_14feb2023.xlsx,https://doi.org/10.1007/s00204-023-03530-3,HPPT Record.No 1456;1457,Human Maximization Test,2,D-Limonene,5989-27-5,DTXSID1020778
C=C(C)C1CC=C(CO)CC1,0,0.8,NICEATM HPPT Database (2023),https://ntp.niehs.nih.gov/iccvam/methods/immunotox/hppt/hppt_database_14feb2023.xlsx,https://doi.org/10.1007/s00204-023-03530-3,HPPT Record.No 1277,Human Maximization Test,3,4-Isopropenylcyclohex-1-en-1-ylmethanol,536-59-4,DTXSID4052180
C=C(C)C1CCC(C)=C1CC(C)(C)COC(=O)CC,0,0.8,NICEATM HPPT Database (2023),https://ntp.niehs.nih.gov/iccvam/methods/immunotox/hppt/hppt_database_14feb2023.xlsx,https://doi.org/10.1007/s00204-023-03530-3,HPPT Record.No 1853,Human Maximization Test,3,"1-Cyclopentene-1-propanol, .beta.,.beta.,2-trimethyl-5-(1-methylethenyl)-, 1-propanoate",84012-64-6,DTXSID00868783
C=C(C)C1CCC(C)C(=O)C1,0,0.8,NICEATM HPPT Database (2023),https://ntp.niehs.nih.gov/iccvam/methods/immunotox/hppt/hppt_database_14feb2023.xlsx,https://doi.org/10.1007/s00204-023-03530-3,HPPT Record.No 1742,Human Maximization Test,3,"1,6-Dihydrocarvone",7764-50-3,DTXSID00863556
C=C(C)C1CCC(C)C(O)C1,0,0.8,NICEATM HPPT Database (2023),https://ntp.niehs.nih.gov/iccvam/methods/immunotox/hppt/hppt_database_14feb2023.xlsx,https://doi.org/10.1007/s00204-023-03530-3,HPPT Record.No 1506,Human Maximization Test,3,"Cyclohexanol, 2-methyl-5-(1-methylethenyl)-",619-01-2,DTXSID60862303
C=C(C)C1CCC(C)CC1O,0,0.8,NICEATM HPPT Database (2023),https://ntp.niehs.nih.gov/iccvam/methods/immunotox/hppt/hppt_database_14feb2023.xlsx,https://doi.org/10.1007/s00204-023-03530-3,HPPT Record.No 1894,Human Maximization Test,3,(-)-Isopulegol,89-79-2,DTXSID5047116
C=C(C)C1CCC(C)CC1OC(C)=O,0,0.8,NICEATM HPPT Database (2023),https://ntp.niehs.nih.gov/iccvam/methods/immunotox/hppt/hppt_database_14feb2023.xlsx,https://doi.org/10.1007/s00204-023-03530-3,HPPT Record.No 1381,Human Maximization Test,3,Isopulegyl acetate,57576-09-7,DTXSID60904398
C=C(C)C1CCC2=CCCC(C)C2(C)C1,0,0.8,NICEATM HPPT Database (2023),https://ntp.niehs.nih.gov/iccvam/methods/immunotox/hppt/hppt_database_14feb2023.xlsx,https://doi.org/10.1007/s00204-023-03530-3,HPPT Record.No 1190,Human Maximization Test,3,Valencene,4630-07-3,DTXSID8047052
C=C(C)CC(C)OC(=O)C(C)C,0,0.8,NICEATM HPPT Database (2023),https://ntp.niehs.nih.gov/iccvam/methods/immunotox/hppt/hppt_database_14feb2023.xlsx,https://doi.org/10.1007/s00204-023-03530-3,HPPT Record.No 1805;1806,Human Repeat Insult Patch Test,3,4-Methylpent-4-en-2-yl 2-methylpropanoate,80118-06-5,DTXSID5052547
C=C(C)CC(C)OC(=O)c1ccccc1O,0,0.6,NICEATM HPPT Database (2023),https://ntp.niehs.nih.gov/iccvam/methods/immunotox/hppt/hppt_database_14feb2023.xlsx,https://doi.org/10.1007/s00204-023-03530-3,HPPT Record.No 1807,Human Repeat Insult Patch Test,4,"Benzoic acid, 2-hydroxy-, 1,3-dimethyl-3-buten-1-yl ester",80118-10-1,DTXSID40868560
C=C(C)CCCC(C)CCOC(=O)C(C)C,0,0.8,NICEATM HPPT Database (2023),https://ntp.niehs.nih.gov/iccvam/methods/immunotox/hppt/hppt_database_14feb2023.xlsx,https://doi.org/10.1007/s00204-023-03530-3,HPPT Record.No 681,Human Maximization Test,3,"3,7-Dimethyloct-7-en-1-yl 2-methylpropanoate",138-23-8,DTXSID40861798
C=C(C)CCCC(C)CCOC(=O)CC,0,0.8,NICEATM HPPT Database (2023),https://ntp.niehs.nih.gov/iccvam/methods/immunotox/hppt/hppt_database_14feb2023.xlsx,https://doi.org/10.1007/s00204-023-03530-3,HPPT Record.No 245,Human Maximization Test,3,Rhodinyl propionate,105-89-5,DTXSID501019005
C=C(C)CCCC(C)CCOC(=O)CCC,0,0.8,NICEATM HPPT Database (2023),https://ntp.niehs.nih.gov/iccvam/methods/immunotox/hppt/hppt_database_14feb2023.xlsx,https://doi.org/10.1007/s00204-023-03530-3,HPPT Record.No 760,Human Maximization Test,3,"Butanoic acid, 3,7-dimethyl-7-octen-1-yl ester",141-15-1,DTXSID60861811
C=C(C)CCCC(C)CCOC(=O)Cc1ccccc1,0,0.8,NICEATM HPPT Database (2023),https://ntp.niehs.nih.gov/iccvam/methods/immunotox/hppt/hppt_database_14feb2023.xlsx,https://doi.org/10.1007/s00204-023-03530-3,HPPT Record.No 224,Human Maximization Test,3,"Benzeneacetic acid, (3S)-3,7-dimethyl-7-octen-1-yl ester",10486-14-3,DTXSID90884477
C=C(C)CCCC(C)CCOC(C)=O,0,0.8,NICEATM HPPT Database (2023),https://ntp.niehs.nih.gov/iccvam/methods/immunotox/hppt/hppt_database_14feb2023.xlsx,https://doi.org/10.1007/s00204-023-03530-3,HPPT Record.No 755;756,Human Maximization Test,3,"7-Octen-1-ol, 3,7-dimethyl-, 1-acetate",141-11-7,DTXSID00861810
C=C(C)CCCC(C)CCOC=O,0,0.8,NICEATM HPPT Database (2023),https://ntp.niehs.nih.gov/iccvam/methods/immunotox/hppt/hppt_database_14feb2023.xlsx,https://doi.org/10.1007/s00204-023-03530-3,HPPT Record.No 750,Human Maximization Test,3,"7-Octen-1-ol, 3,7-dimethyl-, 1-formate",141-09-3,DTXSID90861809
C=C(C)CCCC(C)O,0,0.8,NICEATM HPPT Database (2023),https://ntp.niehs.nih.gov/iccvam/methods/immunotox/hppt/hppt_database_14feb2023.xlsx,https://doi.org/10.1007/s00204-023-03530-3,HPPT Record.No 1053,Human Maximization Test,3,AGN-PC-0052HW,32779-60-5,DTXSID50459701
C=C(C)CCCC(C)OC(C)=O,0,0.8,NICEATM HPPT Database (2023),https://ntp.niehs.nih.gov/iccvam/methods/immunotox/hppt/hppt_database_14feb2023.xlsx,https://doi.org/10.1007/s00204-023-03530-3,HPPT Record.No 1114,Human Maximization Test,3,"6-Hepten-2-ol, 6-methyl-, 2-acetate",38228-51-2,DTXSID90865903
C=C(COC(C)=O)c1ccccc1,0,0.8,NICEATM HPPT Database (2023),https://ntp.niehs.nih.gov/iccvam/methods/immunotox/hppt/hppt_database_14feb2023.xlsx,https://doi.org/10.1007/s00204-023-03530-3,HPPT Record.No 1697;1698;1699,Human Repeat Insult Patch Test,3,3-Phenylbut-3-enyl acetate,7306-12-9,DTXSID4052473
C=C(OCC)C1C(C)(C)CC(=O)CC1(C)C,0,0.8,NICEATM HPPT Database (2023),https://ntp.niehs.nih.gov/iccvam/methods/immunotox/hppt/hppt_database_14feb2023.xlsx,https://doi.org/10.1007/s00204-023-03530-3,HPPT Record.No 1097,Human Maximization Test,3,"4-(1-Ethoxyethenyl)-3,3,5,5-tetramethylcyclohexanone",36306-87-3,DTXSID6052039
C=C1C(O)CC2CC1C2(C)C,0,0.6,NICEATM HPPT Database (2023),https://ntp.niehs.nih.gov/iccvam/methods/immunotox/hppt/hppt_database_14feb2023.xlsx,https://doi.org/10.1007/s00204-023-03530-3,HPPT Record.No 1427,Human Repeat Insult Patch Test,4,"Bicyclo[3.1.1]heptan-3-ol, 6,6-dimethyl-2-methylene-",5947-36-4,DTXSID30863660
C=C1C2CC(C1OC(C)=O)C1CC=C(C)C21,0,0.6,NICEATM HPPT Database (2023),https://ntp.niehs.nih.gov/iccvam/methods/immunotox/hppt/hppt_database_14feb2023.xlsx,https://doi.org/10.1007/s00204-023-03530-3,HPPT Record.No 1832,Human Repeat Insult Patch Test,4,"(3aR,4S,6R,7R,7aS)-3-Methyl-5-methylidene-3a,4,5,6,7,7a-hexahydro-1H-4,7-methanoinden-6-yl acetate",81836-13-7,DTXSID3052565
C=C1C2CC3CC1C(OC(C)=O)C(C2)C3C,0,0.6,NICEATM HPPT Database (2023),https://ntp.niehs.nih.gov/iccvam/methods/immunotox/hppt/hppt_database_14feb2023.xlsx,https://doi.org/10.1007/s00204-023-03530-3,HPPT Record.No 563;564;565;566;567;568;569;570;571,Human Repeat Insult Patch Test,4,4-Methyl-8-methylideneadamantan-2-yl acetate,122760-85-4,DTXSID40924271
C=C1C2CCC(C2)C1(C)C,0,0.8,NICEATM HPPT Database (2023),https://ntp.niehs.nih.gov/iccvam/methods/immunotox/hppt/hppt_database_14feb2023.xlsx,https://doi.org/10.1007/s00204-023-03530-3,HPPT Record.No 1788,Human Maximization Test,3,Camphene,79-92-5,DTXSID8026488
C=C1C2CCC3C2C(C)(C)CCCC13C,0,0.8,NICEATM HPPT Database (2023),https://ntp.niehs.nih.gov/iccvam/methods/immunotox/hppt/hppt_database_14feb2023.xlsx,https://doi.org/10.1007/s00204-023-03530-3,HPPT Record.No 1203;1204,Human Maximization Test,3,Longifolene,475-20-7,DTXSID9047045
C=C1CC=CC(C)(C)CC=C(C)CCC1C(C)=O,0,0.8,NICEATM HPPT Database (2023),https://ntp.niehs.nih.gov/iccvam/methods/immunotox/hppt/hppt_database_14feb2023.xlsx,https://doi.org/10.1007/s00204-023-03530-3,HPPT Record.No 1353,Human Repeat Insult Patch Test,3,"Ethanone, 1-(6,6,9-trimethyl-2-methylene-4,8-cycloundecadien-1-yl)-",55987-49-0,DTXSID40866526
C=C1CCC(OC(C)=O)C(C)=CCC2C1CC2(C)C,0,0.8,NICEATM HPPT Database (2023),https://ntp.niehs.nih.gov/iccvam/methods/immunotox/hppt/hppt_database_14feb2023.xlsx,https://doi.org/10.1007/s00204-023-03530-3,HPPT Record.No 1045,Human Maximization Test,3,"Bicyclo(7.2.0)undec-3-en-5-ol, 4,11,11-trimethyl-8-methylene-, acetate",32214-91-8,DTXSID70865628
C=C1CCC23CC1C(C)(C)C2C(O)CC3C,0,0.8,NICEATM HPPT Database (2023),https://ntp.niehs.nih.gov/iccvam/methods/immunotox/hppt/hppt_database_14feb2023.xlsx,https://doi.org/10.1007/s00204-023-03530-3,HPPT Record.No 1006;1007,Human Repeat Insult Patch Test,3,"Octahydro-3,8,8-trimethyl-6-methylene-1H-3a,7-methanoazulen-5-ol",28231-03-0,DTXSID3051961
C=C1CCC2CC1C2(C)C,0,0.8,NICEATM HPPT Database (2023),https://ntp.niehs.nih.gov/iccvam/methods/immunotox/hppt/hppt_database_14feb2023.xlsx,https://doi.org/10.1007/s00204-023-03530-3,HPPT Record.No 621,Human Maximization Test,3,beta-Pinene,127-91-3,DTXSID7027049
C=C1CCC2OC2(C)CCC2C1CC2(C)C,0,0.8,NICEATM HPPT Database (2023),https://ntp.niehs.nih.gov/iccvam/methods/immunotox/hppt/hppt_database_14feb2023.xlsx,https://doi.org/10.1007/s00204-023-03530-3,HPPT Record.No 454;455,Human Maximization Test,3,(-)Carophyllene oxide,1139-30-6,DTXSID4051586
C=C1CCC=C(C)CCC2C1CC2(C)C,0,0.8,NICEATM HPPT Database (2023),https://ntp.niehs.nih.gov/iccvam/methods/immunotox/hppt/hppt_database_14feb2023.xlsx,https://doi.org/10.1007/s00204-023-03530-3,HPPT Record.No 1884,Human Maximization Test,3,beta-Caryophyllene,87-44-5,DTXSID8024739
C=CC(=C)CCC=C(C)C,0,0.8,NICEATM HPPT Database (2023),https://ntp.niehs.nih.gov/iccvam/methods/immunotox/hppt/hppt_database_14feb2023.xlsx,https://doi.org/10.1007/s00204-023-03530-3,HPPT Record.No 593,Human Maximization Test,3,Myrcene,123-35-3,DTXSID6025692
C=CC(=C)CCCC(C)(C)O,0,0.8,NICEATM HPPT Database (2023),https://ntp.niehs.nih.gov/iccvam/methods/immunotox/hppt/hppt_database_14feb2023.xlsx,https://doi.org/10.1007/s00204-023-03530-3,HPPT Record.No 1308,Human Maximization Test,3,2-Methyl-6-methylene-7-octen-2-ol,543-39-5,DTXSID5027192
C=CC(=C)CCCC(C)(C)OC(C)=O,0,0.8,NICEATM HPPT Database (2023),https://ntp.niehs.nih.gov/iccvam/methods/immunotox/hppt/hppt_database_14feb2023.xlsx,https://doi.org/10.1007/s00204-023-03530-3,HPPT Record.No 423;424;425,Human Repeat Insult Patch Test,3,2-methyl-6-methylideneoct-7-en-2-yl acetate,1118-39-4 + 80-26-2 + 10235-63-9,DTXSID4047416
C=CC(C)(CCC=C(C)C)OC,0,0.8,NICEATM HPPT Database (2023),https://ntp.niehs.nih.gov/iccvam/methods/immunotox/hppt/hppt_database_14feb2023.xlsx,https://doi.org/10.1007/s00204-023-03530-3,HPPT Record.No 1471,Human Maximization Test,3,"1,6-Octadiene, 3-methoxy-3,7-dimethyl-",60763-44-2,DTXSID60866826
C=CC(C)(CCC=C(C)C)OC(=O)C(C)C,0,0.8,NICEATM HPPT Database (2023),https://ntp.niehs.nih.gov/iccvam/methods/immunotox/hppt/hppt_database_14feb2023.xlsx,https://doi.org/10.1007/s00204-023-03530-3,HPPT Record.No 1772,Human Maximization Test,3,Linalyl isobutyrate,78-35-3,DTXSID6047490
C=CC(C)(CCC=C(C)C)OC(=O)C=Cc1ccccc1,0,0.8,NICEATM HPPT Database (2023),https://ntp.niehs.nih.gov/iccvam/methods/immunotox/hppt/hppt_database_14feb2023.xlsx,https://doi.org/10.1007/s00204-023-03530-3,HPPT Record.No 1774,Human Maximization Test,3,Linalyl cinnamate,78-37-5,DTXSID4047410
C=CC(C)(CCC=C(C)C)OC(=O)CC,0,0.8,NICEATM HPPT Database (2023),https://ntp.niehs.nih.gov/iccvam/methods/immunotox/hppt/hppt_database_14feb2023.xlsx,https://doi.org/10.1007/s00204-023-03530-3,HPPT Record.No 781,Human Maximization Test,3,"3,7-Dimethylocta-1,6-dien-3-yl propanoate",144-39-8,DTXSID1047574
C=CC(C)(CCC=C(C)C)OC(=O)CCC,0,0.8,NICEATM HPPT Database (2023),https://ntp.niehs.nih.gov/iccvam/methods/immunotox/hppt/hppt_database_14feb2023.xlsx,https://doi.org/10.1007/s00204-023-03530-3,HPPT Record.No 1773,Human Maximization Test,3,"Butanoic acid, 1-ethenyl-1,5-dimethyl-4-hexen-1-yl ester",78-36-4,DTXSID20861635
C=CC(C)(CCC=C(C)C)OC(=O)Cc1ccccc1,0,0.8,NICEATM HPPT Database (2023),https://ntp.niehs.nih.gov/iccvam/methods/immunotox/hppt/hppt_database_14feb2023.xlsx,https://doi.org/10.1007/s00204-023-03530-3,HPPT Record.No 1683,Human Maximization Test,3,"Benzeneacetic acid, 1-ethenyl-1,5-dimethyl-4-hexen-1-yl ester",7143-69-3,DTXSID90864012
C=CC(C)(CCC=C(C)C)OC(=O)c1ccccc1,0,0.8,NICEATM HPPT Database (2023),https://ntp.niehs.nih.gov/iccvam/methods/immunotox/hppt/hppt_database_14feb2023.xlsx,https://doi.org/10.1007/s00204-023-03530-3,HPPT Record.No 614,Human Maximization Test,3,Linalyl benzoate,126-64-7,DTXSID2047191
C=CC(C)(CCC=C(C)C)OC(=O)c1ccccc1N,0,0.8,NICEATM HPPT Database (2023),https://ntp.niehs.nih.gov/iccvam/methods/immunotox/hppt/hppt_database_14feb2023.xlsx,https://doi.org/10.1007/s00204-023-03530-3,HPPT Record.No 1685,Human Maximization Test,3,Linalyl anthranilate,7149-26-0,DTXSID2025503
C=CC(C)(CCC=C(C)C)OC(C)OCC,0,0.8,NICEATM HPPT Database (2023),https://ntp.niehs.nih.gov/iccvam/methods/immunotox/hppt/hppt_database_14feb2023.xlsx,https://doi.org/10.1007/s00204-023-03530-3,HPPT Record.No 1136,Human Maximization Test,3,"1,6-Octadiene, 3-(1-ethoxyethoxy)-3,7-dimethyl-",40910-49-4,DTXSID20866024
C=CC(C)(CCC=C(C)C)OC=O,0,0.8,NICEATM HPPT Database (2023),https://ntp.niehs.nih.gov/iccvam/methods/immunotox/hppt/hppt_database_14feb2023.xlsx,https://doi.org/10.1007/s00204-023-03530-3,HPPT Record.No 477,Human Maximization Test,3,Linalyl formate,115-99-1,DTXSID2047642
C=CC(C)(CCC=C(C)CC)OC(C)=O,0,0.8,NICEATM HPPT Database (2023),https://ntp.niehs.nih.gov/iccvam/methods/immunotox/hppt/hppt_database_14feb2023.xlsx,https://doi.org/10.1007/s00204-023-03530-3,HPPT Record.No 1507,Human Maximization Test,3,"1,6-Nonadien-3-ol, 3,7-dimethyl-, 3-acetate",61931-80-4,DTXSID50866895
C=CC(C)(CCC=C(C)CCC=C(C)C)OC(C)=O,0,0.8,NICEATM HPPT Database (2023),https://ntp.niehs.nih.gov/iccvam/methods/immunotox/hppt/hppt_database_14feb2023.xlsx,https://doi.org/10.1007/s00204-023-03530-3,HPPT Record.No 1354,Human Maximization Test,3,"[(3S,6Z)-3,7,11-trimethyldodeca-1,6,10-trien-3-yl] acetate",56001-43-5,DTXSID501009866
C=CC(C)(O)CCC=C(C)C,0,0.95,NICEATM HPPT Database (2023),https://ntp.niehs.nih.gov/iccvam/methods/immunotox/hppt/hppt_database_14feb2023.xlsx,https://doi.org/10.1007/s00204-023-03530-3,HPPT Record.No 1776;1777;1778;1779,Human Maximization Test,2,Linalool,78-70-6,DTXSID7025502
C=CC(C)(O)CCC=C(C)CC,0,0.8,NICEATM HPPT Database (2023),https://ntp.niehs.nih.gov/iccvam/methods/immunotox/hppt/hppt_database_14feb2023.xlsx,https://doi.org/10.1007/s00204-023-03530-3,HPPT Record.No 120,Human Maximization Test,3,Ethyl linalool,10339-55-6,DTXSID9047415
C=CC(C)(O)CCC=C(C)CC(C)C,0,0.8,NICEATM HPPT Database (2023),https://ntp.niehs.nih.gov/iccvam/methods/immunotox/hppt/hppt_database_14feb2023.xlsx,https://doi.org/10.1007/s00204-023-03530-3,HPPT Record.No 1356,Human Maximization Test,3,"1,6-Decadien-3-ol, 3,7,9-trimethyl-",56105-46-5,DTXSID00884701
C=CC(C)(O)CCC=C(C)CCC=C(C)C,0,0.8,NICEATM HPPT Database (2023),https://ntp.niehs.nih.gov/iccvam/methods/immunotox/hppt/hppt_database_14feb2023.xlsx,https://doi.org/10.1007/s00204-023-03530-3,HPPT Record.No 770,Human Maximization Test,3,(S)-cis-Nerolidol,142-50-7,DTXSID4047048
C=CC(C)(O)CCC=C(C)CCC=C(C)CCC=C(C)C,0,0.8,NICEATM HPPT Database (2023),https://ntp.niehs.nih.gov/iccvam/methods/immunotox/hppt/hppt_database_14feb2023.xlsx,https://doi.org/10.1007/s00204-023-03530-3,HPPT Record.No 407,Human Maximization Test,3,"1,6,10,14-Hexadecatetraen-3-ol, 3,7,11,15-tetramethyl-, (6E,10E)-",1113-21-9,DTXSID70883645
C=CC(C)(O)CCCC(C)CCCC(C)CCCC(C)C,0,0.8,NICEATM HPPT Database (2023),https://ntp.niehs.nih.gov/iccvam/methods/immunotox/hppt/hppt_database_14feb2023.xlsx,https://doi.org/10.1007/s00204-023-03530-3,HPPT Record.No 1231,Human Maximization Test,3,Isophytol,505-32-8,DTXSID2025474
C=CC(C)=CCC(C)(C)C(=O)C(C)C,0,0.6,NICEATM HPPT Database (2023),https://ntp.niehs.nih.gov/iccvam/methods/immunotox/hppt/hppt_database_14feb2023.xlsx,https://doi.org/10.1007/s00204-023-03530-3,HPPT Record.No 1831,Human Repeat Insult Patch Test,4,"6,8-Nonadien-3-one, 2,4,4,7-tetramethyl-",81782-89-0,DTXSID3072874
C=CC(C)=CCC1OC1(C)C,0,0.6,NICEATM HPPT Database (2023),https://ntp.niehs.nih.gov/iccvam/methods/immunotox/hppt/hppt_database_14feb2023.xlsx,https://doi.org/10.1007/s00204-023-03530-3,HPPT Record.No 1642,Human Repeat Insult Patch Test,4,"2,2-Dimethyl-3-(3-methylpenta-2,4-dienyl)oxirane",69103-20-4,DTXSID3052436
C=CC(C)=CCCC(C)(C)O,0,0.8,NICEATM HPPT Database (2023),https://ntp.niehs.nih.gov/iccvam/methods/immunotox/hppt/hppt_database_14feb2023.xlsx,https://doi.org/10.1007/s00204-023-03530-3,HPPT Record.No 1436,Human Maximization Test,3,"2,6-Dimethyl-5,7-octadien-2-ol",5986-38-9,DTXSID4052265
C=CC(C)CCC=C(C)C,0,0.8,NICEATM HPPT Database (2023),https://ntp.niehs.nih.gov/iccvam/methods/immunotox/hppt/hppt_database_14feb2023.xlsx,https://doi.org/10.1007/s00204-023-03530-3,HPPT Record.No 940,Human Maximization Test,3,Dihydromyrcene,2436-90-0,DTXSID8029234
C=CC(C)CCC=C(C)CCC=O,0,0.6,NICEATM HPPT Database (2023),https://ntp.niehs.nih.gov/iccvam/methods/immunotox/hppt/hppt_database_14feb2023.xlsx,https://doi.org/10.1007/s00204-023-03530-3,HPPT Record.No 1679,Human Repeat Insult Patch Test,4,"4,8-Dimethyl-4,9-decadienal",71077-31-1,DTXSID70867985
C=CC(C)CCCC(C)(C)O,0,0.8,NICEATM HPPT Database (2023),https://ntp.niehs.nih.gov/iccvam/methods/immunotox/hppt/hppt_database_14feb2023.xlsx,https://doi.org/10.1007/s00204-023-03530-3,HPPT Record.No 859,Human Maximization Test,3,"1,1,5-Trimethyl-6-heptenol",18479-58-8,DTXSID8029317
C=CC(C)CCCC(C)(C)OC(C)=O,0,0.8,NICEATM HPPT Database (2023),https://ntp.niehs.nih.gov/iccvam/methods/immunotox/hppt/hppt_database_14feb2023.xlsx,https://doi.org/10.1007/s00204-023-03530-3,HPPT Record.No 1279,Human Maximization Test,3,"2,6-Dimethyloct-7-en-2-yl acetate",53767-93-4,DTXSID4052182
C=CC(O)CCCCC,0,0.8,NICEATM HPPT Database (2023),https://ntp.niehs.nih.gov/iccvam/methods/immunotox/hppt/hppt_database_14feb2023.xlsx,https://doi.org/10.1007/s00204-023-03530-3,HPPT Record.No 1075,Human Maximization Test,3,1-Octen-3-ol,3391-86-4,DTXSID3035214
C=CC=CC=CCCCCC,0,0.8,NICEATM HPPT Database (2023),https://ntp.niehs.nih.gov/iccvam/methods/immunotox/hppt/hppt_database_14feb2023.xlsx,https://doi.org/10.1007/s00204-023-03530-3,HPPT Record.No 826;827,Human Maximization Test,3,"1,3,5-Undecatriene",16356-11-9,DTXSID9047546
C=CCCC(=O)C(=C)C1CCCCC1,0,0.6,NICEATM HPPT Database (2023),https://ntp.niehs.nih.gov/iccvam/methods/immunotox/hppt/hppt_database_14feb2023.xlsx,https://doi.org/10.1007/s00204-023-03530-3,HPPT Record.No 1035,Human Repeat Insult Patch Test,4,"1,6-Heptadien-3-one, 2-cyclohexyl-",313973-37-4,DTXSID0074970
C=CCCC(=O)C1=CCCC(C)(C)C1,0,0.8,NICEATM HPPT Database (2023),https://ntp.niehs.nih.gov/iccvam/methods/immunotox/hppt/hppt_database_14feb2023.xlsx,https://doi.org/10.1007/s00204-023-03530-3,HPPT Record.No 1366;1367;1368;1369;1370;1371,Human Repeat Insult Patch Test,3,"1-(5,5-Dimethyl-1-cyclohexen-1-yl)pent-4-en-1-one",56973-85-4,DTXSID7052230
C=CCCC(=O)C1=CCCC2(CCCC2)C1,0,0.6,NICEATM HPPT Database (2023),https://ntp.niehs.nih.gov/iccvam/methods/immunotox/hppt/hppt_database_14feb2023.xlsx,https://doi.org/10.1007/s00204-023-03530-3,HPPT Record.No 914,Human Repeat Insult Patch Test,4,1-Spiro[4.5]dec-7-en-7-yl-4-penten-1-one,224031-70-3,DTXSID80870263
C=CCCC(=O)C1CCCC(C)(C)C1,0,0.8,NICEATM HPPT Database (2023),https://ntp.niehs.nih.gov/iccvam/methods/immunotox/hppt/hppt_database_14feb2023.xlsx,https://doi.org/10.1007/s00204-023-03530-3,HPPT Record.No 1372,Human Repeat Insult Patch Test,3,"1-(3,3-dimethylcyclohexyl)pent-4-en-1-one",56973-87-6,DTXSID2052231
C=CCCC(=O)C=CC1C(C)=CCCC1(C)C,0,0.8,NICEATM HPPT Database (2023),https://ntp.niehs.nih.gov/iccvam/methods/immunotox/hppt/hppt_database_14feb2023.xlsx,https://doi.org/10.1007/s00204-023-03530-3,HPPT Record.No 1786;1787,Human Maximization Test,3,Allyl Ionone,79-78-7,DTXSID4047591
C=CCCCCCCCCC(=O)O,0,0.8,NICEATM HPPT Database (2023),https://ntp.niehs.nih.gov/iccvam/methods/immunotox/hppt/hppt_database_14feb2023.xlsx,https://doi.org/10.1007/s00204-023-03530-3,HPPT Record.No 439,Human Maximization Test,3,10-Undecenoic acid,112-38-9,DTXSID8035001
C=CCCCCCCCCC(=O)OCC,0,0.8,NICEATM HPPT Database (2023),https://ntp.niehs.nih.gov/iccvam/methods/immunotox/hppt/hppt_database_14feb2023.xlsx,https://doi.org/10.1007/s00204-023-03530-3,HPPT Record.No 1644,Human Maximization Test,3,Ethyl undec-10-enoate,692-86-4,DTXSID4044828
C=CCCCCCCCCC(=O)OCCCC,0,0.8,NICEATM HPPT Database (2023),https://ntp.niehs.nih.gov/iccvam/methods/immunotox/hppt/hppt_database_14feb2023.xlsx,https://doi.org/10.1007/s00204-023-03530-3,HPPT Record.No 363,Human Maximization Test,3,Butyl undec-10-enoate,109-42-2,DTXSID4047624
C=CCCCCCCCCC(OCC=C(C)CCC=C(C)C)OCC=C(C)CCC=C(C)C,0,0.8,NICEATM HPPT Database (2023),https://ntp.niehs.nih.gov/iccvam/methods/immunotox/hppt/hppt_database_14feb2023.xlsx,https://doi.org/10.1007/s00204-023-03530-3,HPPT Record.No 1592;1593,Human Maximization Test,3,"1-Undecene, 11,11-bis[(3,7-dimethyl-2,6-octadienyl)oxy]-",67785-74-4,DTXSID4070584
C=CCCCCCCCCC=O,0,0.8,NICEATM HPPT Database (2023),https://ntp.niehs.nih.gov/iccvam/methods/immunotox/hppt/hppt_database_14feb2023.xlsx,https://doi.org/10.1007/s00204-023-03530-3,HPPT Record.No 443,Human Maximization Test,3,10-Undecen-1-al,112-45-8,DTXSID3037757
C=CCCCCCCCCCO,0,0.8,NICEATM HPPT Database (2023),https://ntp.niehs.nih.gov/iccvam/methods/immunotox/hppt/hppt_database_14feb2023.xlsx,https://doi.org/10.1007/s00204-023-03530-3,HPPT Record.No 441,Human Maximization Test,3,10-Undecen-1-ol,112-43-6,DTXSID4059419
C=CCCCCCCCCCOC(C)=O,0,0.8,NICEATM HPPT Database (2023),https://ntp.niehs.nih.gov/iccvam/methods/immunotox/hppt/hppt_database_14feb2023.xlsx,https://doi.org/10.1007/s00204-023-03530-3,HPPT Record.No 433,Human Maximization Test,3,"10-Undecen-1-ol, 1-acetate",112-19-6,DTXSID80861737
C=CCCCCCCCCO,0,0.8,NICEATM HPPT Database (2023),https://ntp.niehs.nih.gov/iccvam/methods/immunotox/hppt/hppt_database_14feb2023.xlsx,https://doi.org/10.1007/s00204-023-03530-3,HPPT Record.No 624,Human Maximization Test,3,9-Decen-1-ol,13019-22-2,DTXSID6047656
C=CCCCCCCCCOC(C)=O,0,0.8,NICEATM HPPT Database (2023),https://ntp.niehs.nih.gov/iccvam/methods/immunotox/hppt/hppt_database_14feb2023.xlsx,https://doi.org/10.1007/s00204-023-03530-3,HPPT Record.No 1239;1240,Human Maximization Test,3,9-Decenyl acetate,50816-18-7,DTXSID4047125
C=CCOC(=O)C=Cc1ccccc1,0,0.8,NICEATM HPPT Database (2023),https://ntp.niehs.nih.gov/iccvam/methods/immunotox/hppt/hppt_database_14feb2023.xlsx,https://doi.org/10.1007/s00204-023-03530-3,HPPT Record.No 861,Human Maximization Test,3,Allyl cinnamate,1866-31-5,DTXSID8047509
C=CCOC(=O)CC(C)C,0,0.8,NICEATM HPPT Database (2023),https://ntp.niehs.nih.gov/iccvam/methods/immunotox/hppt/hppt_database_14feb2023.xlsx,https://doi.org/10.1007/s00204-023-03530-3,HPPT Record.No 1008,Human Maximization Test,3,Allyl isovalerate,2835-39-4,DTXSID4039233
C=CCOC(=O)CC1CCCCC1,0,0.8,NICEATM HPPT Database (2023),https://ntp.niehs.nih.gov/iccvam/methods/immunotox/hppt/hppt_database_14feb2023.xlsx,https://doi.org/10.1007/s00204-023-03530-3,HPPT Record.No 1202,Human Maximization Test,3,"Cyclohexaneacetic acid, 2-propenyl ester",4728-82-9,DTXSID9063580
C=CCOC(=O)CCC,0,0.8,NICEATM HPPT Database (2023),https://ntp.niehs.nih.gov/iccvam/methods/immunotox/hppt/hppt_database_14feb2023.xlsx,https://doi.org/10.1007/s00204-023-03530-3,HPPT Record.No 880,Human Maximization Test,3,Allyl butyrate,2051-78-7,DTXSID0047666
C=CCOC(=O)CCC1CCCCC1,0,0.8,NICEATM HPPT Database (2023),https://ntp.niehs.nih.gov/iccvam/methods/immunotox/hppt/hppt_database_14feb2023.xlsx,https://doi.org/10.1007/s00204-023-03530-3,HPPT Record.No 998,Human Maximization Test,3,Prop-2-en-1-yl 3-cyclohexylpropanoate,2705-87-5,DTXSID8044755
C=CCOC(=O)CCCC(C)(C)CC,0,0.8,NICEATM HPPT Database (2023),https://ntp.niehs.nih.gov/iccvam/methods/immunotox/hppt/hppt_database_14feb2023.xlsx,https://doi.org/10.1007/s00204-023-03530-3,HPPT Record.No 1609,Human Maximization Test,3,Allyl trimethylhexanoate,68132-80-9,DTXSID501015053
C=CCOC(=O)CCCCC,0,0.8,NICEATM HPPT Database (2023),https://ntp.niehs.nih.gov/iccvam/methods/immunotox/hppt/hppt_database_14feb2023.xlsx,https://doi.org/10.1007/s00204-023-03530-3,HPPT Record.No 596,Human Maximization Test,3,Allyl hexanoate,123-68-2,DTXSID1047653
C=CCOC(=O)CCCCCC,0,0.8,NICEATM HPPT Database (2023),https://ntp.niehs.nih.gov/iccvam/methods/immunotox/hppt/hppt_database_14feb2023.xlsx,https://doi.org/10.1007/s00204-023-03530-3,HPPT Record.No 768;769,Human Maximization Test,3,Prop-2-en-1-yl heptanoate,142-19-8,DTXSID3044754
C=CCOC(=O)CCCCCCC,0,0.8,NICEATM HPPT Database (2023),https://ntp.niehs.nih.gov/iccvam/methods/immunotox/hppt/hppt_database_14feb2023.xlsx,https://doi.org/10.1007/s00204-023-03530-3,HPPT Record.No 1145,Human Maximization Test,3,Allyl octanoate,4230-97-1,DTXSID9063370
C=CCOC(=O)COc1ccccc1,0,0.8,NICEATM HPPT Database (2023),https://ntp.niehs.nih.gov/iccvam/methods/immunotox/hppt/hppt_database_14feb2023.xlsx,https://doi.org/10.1007/s00204-023-03530-3,HPPT Record.No 1724,Human Maximization Test,3,Allyl phenoxyacetate,7493-74-5,DTXSID3064722
C=CCSCC=C,0,0.8,NICEATM HPPT Database (2023),https://ntp.niehs.nih.gov/iccvam/methods/immunotox/hppt/hppt_database_14feb2023.xlsx,https://doi.org/10.1007/s00204-023-03530-3,HPPT Record.No 1426,Human Maximization Test,3,"1-Propene, 3,3'-thiobis-",592-88-1,DTXSID6060470
C=CCSSCC=C,0,0.8,NICEATM HPPT Database (2023),https://ntp.niehs.nih.gov/iccvam/methods/immunotox/hppt/hppt_database_14feb2023.xlsx,https://doi.org/10.1007/s00204-023-03530-3,HPPT Record.No 908,Human Maximization Test,3,Diallyl disulfide,2179-57-9,DTXSID9035206
C=CCc1ccc(C(C)C)cc1,0,0.8,NICEATM HPPT Database (2023),https://ntp.niehs.nih.gov/iccvam/methods/immunotox/hppt/hppt_database_14feb2023.xlsx,https://doi.org/10.1007/s00204-023-03530-3,HPPT Record.No 1161,Human Maximization Test,3,4-Isopropylphenylacetaldehyde,4395-92-0,DTXSID2052102
C=CCc1ccc(OC(C)=O)c(OC)c1,0,0.8,NICEATM HPPT Database (2023),https://ntp.niehs.nih.gov/iccvam/methods/immunotox/hppt/hppt_database_14feb2023.xlsx,https://doi.org/10.1007/s00204-023-03530-3,HPPT Record.No 1933,Human Maximization Test,3,Acetyleugenol,93-28-7,DTXSID5052624
C=CCc1ccc(OC)c(OC)c1,0,0.8,NICEATM HPPT Database (2023),https://ntp.niehs.nih.gov/iccvam/methods/immunotox/hppt/hppt_database_14feb2023.xlsx,https://doi.org/10.1007/s00204-023-03530-3,HPPT Record.No 1929,Human Maximization Test,3,Methyleugenol,93-15-2,DTXSID5025607
C=CCc1ccc(OC)cc1,0,0.8,NICEATM HPPT Database (2023),https://ntp.niehs.nih.gov/iccvam/methods/immunotox/hppt/hppt_database_14feb2023.xlsx,https://doi.org/10.1007/s00204-023-03530-3,HPPT Record.No 739,Human Maximization Test,3,Estragole,140-67-0,DTXSID0020575
C=CCc1ccc(OC=O)c(OC)c1,0,0.8,NICEATM HPPT Database (2023),https://ntp.niehs.nih.gov/iccvam/methods/immunotox/hppt/hppt_database_14feb2023.xlsx,https://doi.org/10.1007/s00204-023-03530-3,HPPT Record.No 4,Human Maximization Test,3,Eugenyl formate,10031-96-6,DTXSID50143133
C=CCc1ccc2c(c1)OCO2,0,0.8,NICEATM HPPT Database (2023),https://ntp.niehs.nih.gov/iccvam/methods/immunotox/hppt/hppt_database_14feb2023.xlsx,https://doi.org/10.1007/s00204-023-03530-3,HPPT Record.No 1966,Human Maximization Test,3,Safrole,94-59-7,DTXSID0021254
C=COCCCCCCCCCC,0,0.8,NICEATM HPPT Database (2023),https://ntp.niehs.nih.gov/iccvam/methods/immunotox/hppt/hppt_database_14feb2023.xlsx,https://doi.org/10.1007/s00204-023-03530-3,HPPT Record.No 1737,Human Maximization Test,3,"Decane, 1-(ethenyloxy)-",765-05-9,DTXSID9061095
CC(=CC1C(C)=CCCC1(C)C)C(C)O,0,0.8,NICEATM HPPT Database (2023),https://ntp.niehs.nih.gov/iccvam/methods/immunotox/hppt/hppt_database_14feb2023.xlsx,https://doi.org/10.1007/s00204-023-03530-3,HPPT Record.No 1657,Human Maximization Test,3,"3-Methyl-4-(2,6,6-trimethyl-2-cyclohexen-1-yl)-3-buten-2-ol",70172-00-8,DTXSID60867873
CC(=Cc1ccccc1)CO,0,0.8,NICEATM HPPT Database (2023),https://ntp.niehs.nih.gov/iccvam/methods/immunotox/hppt/hppt_database_14feb2023.xlsx,https://doi.org/10.1007/s00204-023-03530-3,HPPT Record.No 807,Human Maximization Test,3,"2-Propen-1-ol, 2-methyl-3-phenyl-",1504-55-8,DTXSID1061738
CC(=O)C(C)=CC1C(C)=CCCC1(C)C,0,0.8,NICEATM HPPT Database (2023),https://ntp.niehs.nih.gov/iccvam/methods/immunotox/hppt/hppt_database_14feb2023.xlsx,https://doi.org/10.1007/s00204-023-03530-3,HPPT Record.No 616;617;618;619;620,Human Repeat Insult Patch Test,3,alpha-Isomethylionone,127-51-5,DTXSID7027047
CC(=O)C(C)=CCC1CC=C(C)C1(C)C,0,0.6,NICEATM HPPT Database (2023),https://ntp.niehs.nih.gov/iccvam/methods/immunotox/hppt/hppt_database_14feb2023.xlsx,https://doi.org/10.1007/s00204-023-03530-3,HPPT Record.No 1556,Human Repeat Insult Patch Test,4,"3-Penten-2-one, 3-methyl-5-(2,2,3-trimethyl-3-cyclopenten-1-yl)-",65113-95-3,DTXSID60867116
CC(=O)C(C)=O,0,0.8,NICEATM HPPT Database (2023),https://ntp.niehs.nih.gov/iccvam/methods/immunotox/hppt/hppt_database_14feb2023.xlsx,https://doi.org/10.1007/s00204-023-03530-3,HPPT Record.No 1157,Human Maximization Test,3,"2,3-Butanedione",431-03-8,DTXSID6021583
CC(=O)C(C)C,0,0.8,NICEATM HPPT Database (2023),https://ntp.niehs.nih.gov/iccvam/methods/immunotox/hppt/hppt_database_14feb2023.xlsx,https://doi.org/10.1007/s00204-023-03530-3,HPPT Record.No 1360,Human Maximization Test,3,3-Methyl-2-butanone,563-80-4,DTXSID0022062
CC(=O)C(C)O,0,0.8,NICEATM HPPT Database (2023),https://ntp.niehs.nih.gov/iccvam/methods/immunotox/hppt/hppt_database_14feb2023.xlsx,https://doi.org/10.1007/s00204-023-03530-3,HPPT Record.No 1244,Human Maximization Test,3,Acetoin,513-86-0,DTXSID0024399
CC(=O)C1(C)CC2=C(CCCC2(C)C)CC1C,0,0.8,NICEATM HPPT Database (2023),https://ntp.niehs.nih.gov/iccvam/methods/immunotox/hppt/hppt_database_14feb2023.xlsx,https://doi.org/10.1007/s00204-023-03530-3,HPPT Record.No 1314;1315;1316;1317;1318;1319;1320,Human Repeat Insult Patch Test,3,Isocyclemone E,54464-57-2,DTXSID7031290
CC(=O)C1(C)CCC2=C(C1C)C(C)(C)CCC2,0,0.6,NICEATM HPPT Database (2023),https://ntp.niehs.nih.gov/iccvam/methods/immunotox/hppt/hppt_database_14feb2023.xlsx,https://doi.org/10.1007/s00204-023-03530-3,HPPT Record.No 860,Human Repeat Insult Patch Test,4,"1-[(1R,2S)-1,2,8,8-Tetramethyl-1,2,3,4,5,6,7,8-octahydronaphthalen-2-yl]ethanone",185429-83-8,DTXSID4051821
CC(=O)C1=C(C)C2CC3(C1)C(C)CCC3C2(C)C,0,0.8,NICEATM HPPT Database (2023),https://ntp.niehs.nih.gov/iccvam/methods/immunotox/hppt/hppt_database_14feb2023.xlsx,https://doi.org/10.1007/s00204-023-03530-3,HPPT Record.No 1046;1047;1048,Human Repeat Insult Patch Test,3,Acetylcedrene,32388-55-9,DTXSID4029353
CC(=O)C1=C(C)CC(C)(C)C1(C)C,0,0.6,NICEATM HPPT Database (2023),https://ntp.niehs.nih.gov/iccvam/methods/immunotox/hppt/hppt_database_14feb2023.xlsx,https://doi.org/10.1007/s00204-023-03530-3,HPPT Record.No 631,Human Repeat Insult Patch Test,4,"Ethanone, 1-(2,4,4,5,5-pentamethyl-1-cyclopenten-1-yl)-",13144-88-2,DTXSID9065362
CC(=O)C1=CC(C)(C)CCC1,0,0.8,NICEATM HPPT Database (2023),https://ntp.niehs.nih.gov/iccvam/methods/immunotox/hppt/hppt_database_14feb2023.xlsx,https://doi.org/10.1007/s00204-023-03530-3,HPPT Record.No 918,Human Repeat Insult Patch Test,3,"Ethanone, 1-(3,3-dimethyl-1-cyclohexen-1-yl)-",22463-19-0,DTXSID2066802
CC(=O)C1C2CCC(C2)C1(C)C,0,0.8,NICEATM HPPT Database (2023),https://ntp.niehs.nih.gov/iccvam/methods/immunotox/hppt/hppt_database_14feb2023.xlsx,https://doi.org/10.1007/s00204-023-03530-3,HPPT Record.No 1146;1147,Human Repeat Insult Patch Test,3,"1-(3,3-Dimethylbicyclo[2.2.1]hept-2-yl)ethan-1-one",42370-07-0,DTXSID5052094
CC(=O)C1CC(C)=CC(C)C1C,0,0.8,NICEATM HPPT Database (2023),https://ntp.niehs.nih.gov/iccvam/methods/immunotox/hppt/hppt_database_14feb2023.xlsx,https://doi.org/10.1007/s00204-023-03530-3,HPPT Record.No 1618,Human Repeat Insult Patch Test,3,"1-(3,5,6-Trimethyl-3-cyclohexen-1-yl)ethan-1-one",68480-14-8,DTXSID0052413
CC(=O)C1CC2C(C=C1C)C2(C)C,0,0.8,NICEATM HPPT Database (2023),https://ntp.niehs.nih.gov/iccvam/methods/immunotox/hppt/hppt_database_14feb2023.xlsx,https://doi.org/10.1007/s00204-023-03530-3,HPPT Record.No 1094;1095,Human Repeat Insult Patch Test,3,"Ethanone, 1-(4,7,7-trimethylbicyclo[4.1.0]hept-4-en-3-yl)-",3608-11-5,DTXSID00863218
CC(=O)C1CCC(C)(C)CCC1C,0,0.8,NICEATM HPPT Database (2023),https://ntp.niehs.nih.gov/iccvam/methods/immunotox/hppt/hppt_database_14feb2023.xlsx,https://doi.org/10.1007/s00204-023-03530-3,HPPT Record.No 921,Human Repeat Insult Patch Test,3,"Ethanone, 1-(2,5,5-trimethylcycloheptyl)-",23361-88-8,DTXSID60865091
CC(=O)C1CCCC(C)(C)C1,0,0.8,NICEATM HPPT Database (2023),https://ntp.niehs.nih.gov/iccvam/methods/immunotox/hppt/hppt_database_14feb2023.xlsx,https://doi.org/10.1007/s00204-023-03530-3,HPPT Record.No 966;967,Human Repeat Insult Patch Test,3,"1-(3,3-Dimethylcyclohexyl)ethan-1-one",25304-14-7,DTXSID2051924
CC(=O)C=CC1C(C)=CCC(C)C1(C)C,0,0.8,NICEATM HPPT Database (2023),https://ntp.niehs.nih.gov/iccvam/methods/immunotox/hppt/hppt_database_14feb2023.xlsx,https://doi.org/10.1007/s00204-023-03530-3,HPPT Record.No 1785,Human Maximization Test,3,alpha-Irone,79-69-6,DTXSID4047042
CC(=O)C=CC1C(C)C=C(C)CC1C,0,0.8,NICEATM HPPT Database (2023),https://ntp.niehs.nih.gov/iccvam/methods/immunotox/hppt/hppt_database_14feb2023.xlsx,https://doi.org/10.1007/s00204-023-03530-3,HPPT Record.No 1595,Human Maximization Test,3,"4-(2,4,6-Trimethyl-3-cyclohexen-1-yl)-3-buten-2-one",67801-38-1,DTXSID1052371
CC(=O)CC(=O)OCC=C(C)CCC=C(C)C,0,0.8,NICEATM HPPT Database (2023),https://ntp.niehs.nih.gov/iccvam/methods/immunotox/hppt/hppt_database_14feb2023.xlsx,https://doi.org/10.1007/s00204-023-03530-3,HPPT Record.No 5,Human Maximization Test,3,Geranyl acetoacetate,10032-00-5,DTXSID70893603
CC(=O)CC(C)(C)C1CCCCC1,0,0.8,NICEATM HPPT Database (2023),https://ntp.niehs.nih.gov/iccvam/methods/immunotox/hppt/hppt_database_14feb2023.xlsx,https://doi.org/10.1007/s00204-023-03530-3,HPPT Record.No 1214,Human Repeat Insult Patch Test,3,4-Cyclohexyl-4-methyl-pentan-2-one,4927-39-3,DTXSID8047682
CC(=O)CCC(=O)O,0,0.8,NICEATM HPPT Database (2023),https://ntp.niehs.nih.gov/iccvam/methods/immunotox/hppt/hppt_database_14feb2023.xlsx,https://doi.org/10.1007/s00204-023-03530-3,HPPT Record.No 598,Human Maximization Test,3,4-Oxopentanoic acid,123-76-2,DTXSID8021648
CC(=O)CCC1C(C)=CCCC1(C)C,0,0.8,NICEATM HPPT Database (2023),https://ntp.niehs.nih.gov/iccvam/methods/immunotox/hppt/hppt_database_14feb2023.xlsx,https://doi.org/10.1007/s00204-023-03530-3,HPPT Record.No 1037,Human Maximization Test,3,"2-Butanone, 4-(2,6,6-trimethyl-2-cyclohexen-1-yl)-",31499-72-6,DTXSID40865599
CC(=O)CCC=C(C)CCC=C(C)C,0,0.8,NICEATM HPPT Database (2023),https://ntp.niehs.nih.gov/iccvam/methods/immunotox/hppt/hppt_database_14feb2023.xlsx,https://doi.org/10.1007/s00204-023-03530-3,HPPT Record.No 1639,Human Maximization Test,3,"6,10-Dimethyl-5,9-undecadiene-2-one",689-67-8,DTXSID1021586
CC(=O)CCc1ccc(O)cc1,0,0.8,NICEATM HPPT Database (2023),https://ntp.niehs.nih.gov/iccvam/methods/immunotox/hppt/hppt_database_14feb2023.xlsx,https://doi.org/10.1007/s00204-023-03530-3,HPPT Record.No 1326,Human Maximization Test,3,4-(4-Hydroxyphenyl)butan-2-one,5471-51-2,DTXSID5044495
CC(=O)CCc1ccc2c(c1)OCO2,0,0.8,NICEATM HPPT Database (2023),https://ntp.niehs.nih.gov/iccvam/methods/immunotox/hppt/hppt_database_14feb2023.xlsx,https://doi.org/10.1007/s00204-023-03530-3,HPPT Record.No 1334;1335,Human Maximization Test,3,"4-(1,3-Benzodioxol-5-yl)butan-2-one",55418-52-5,DTXSID0047161
CC(=O)CCc1ccccc1,0,0.8,NICEATM HPPT Database (2023),https://ntp.niehs.nih.gov/iccvam/methods/immunotox/hppt/hppt_database_14feb2023.xlsx,https://doi.org/10.1007/s00204-023-03530-3,HPPT Record.No 969;970;971,Human Maximization Test,3,Benzylacetone,2550-26-7,DTXSID6033241
CC(=O)OC(C)(C)C1CC=C(C)CC1,0,0.8,NICEATM HPPT Database (2023),https://ntp.niehs.nih.gov/iccvam/methods/immunotox/hppt/hppt_database_14feb2023.xlsx,https://doi.org/10.1007/s00204-023-03530-3,HPPT Record.No 1817,Human Maximization Test,3,alpha-Terpinyl acetate,80-26-2 + 10198-23-9 + 10235-63-9,DTXSID2026496
CC(=O)OC(C)(C)C1CCC(C)CC1,0,0.8,NICEATM HPPT Database (2023),https://ntp.niehs.nih.gov/iccvam/methods/immunotox/hppt/hppt_database_14feb2023.xlsx,https://doi.org/10.1007/s00204-023-03530-3,HPPT Record.No 1814;1815;1816,Human Maximization Test,3,Dihydro-alpha-terpinyl acetate,80-25-1,DTXSID0052677
CC(=O)OC(C)(C)CCc1ccccc1,0,0.8,NICEATM HPPT Database (2023),https://ntp.niehs.nih.gov/iccvam/methods/immunotox/hppt/hppt_database_14feb2023.xlsx,https://doi.org/10.1007/s00204-023-03530-3,HPPT Record.No 87,Human Maximization Test,3,"1,1-Dimethyl-3-phenylpropyl acetate",103-07-1,DTXSID6051518
CC(=O)OC(C)(C)Cc1ccccc1,0,0.8,NICEATM HPPT Database (2023),https://ntp.niehs.nih.gov/iccvam/methods/immunotox/hppt/hppt_database_14feb2023.xlsx,https://doi.org/10.1007/s00204-023-03530-3,HPPT Record.No 812;813;814;815,Human Repeat Insult Patch Test,3,Dimethylbenzylcarbinyl acetate,151-05-3,DTXSID3041877
CC(=O)OC(C)C1CCCC(C)(C)C1,0,0.8,NICEATM HPPT Database (2023),https://ntp.niehs.nih.gov/iccvam/methods/immunotox/hppt/hppt_database_14feb2023.xlsx,https://doi.org/10.1007/s00204-023-03530-3,HPPT Record.No 964;965,Human Maximization Test,3,"1-(3,3-Dimethylcyclohexyl)ethyl acetate",25225-10-9,DTXSID7051923
CC(=O)OC(C)C1CCCCC1,0,0.6,NICEATM HPPT Database (2023),https://ntp.niehs.nih.gov/iccvam/methods/immunotox/hppt/hppt_database_14feb2023.xlsx,https://doi.org/10.1007/s00204-023-03530-3,HPPT Record.No 660,Human Repeat Insult Patch Test,4,1-Cyclohexylethyl acetate,13487-27-9,DTXSID7051688
CC(=O)OC(C)C=CC1C(C)=CCCC1(C)C,0,0.8,NICEATM HPPT Database (2023),https://ntp.niehs.nih.gov/iccvam/methods/immunotox/hppt/hppt_database_14feb2023.xlsx,https://doi.org/10.1007/s00204-023-03530-3,HPPT Record.No 1257,Human Maximization Test,3,"3-Buten-2-ol, 4-(2,6,6-trimethyl-2-cyclohexen-1-yl)-, 2-acetate",52210-18-1,DTXSID60885991
CC(=O)OC(C)CCC=C(C)CCC=C(C)C,0,0.8,NICEATM HPPT Database (2023),https://ntp.niehs.nih.gov/iccvam/methods/immunotox/hppt/hppt_database_14feb2023.xlsx,https://doi.org/10.1007/s00204-023-03530-3,HPPT Record.No 1913,Human Repeat Insult Patch Test,3,"6,10-Dimethylundeca-5,9-dien-2-yl acetate",91482-37-0,DTXSID7052608
CC(=O)OC(C)Cc1ccccc1,0,0.8,NICEATM HPPT Database (2023),https://ntp.niehs.nih.gov/iccvam/methods/immunotox/hppt/hppt_database_14feb2023.xlsx,https://doi.org/10.1007/s00204-023-03530-3,HPPT Record.No 899,Human Maximization Test,3,"Benzeneethanol, .alpha.-methyl-, 1-acetate",2114-33-2,DTXSID30862835
CC(=O)OC(C)c1ccccc1,0,0.8,NICEATM HPPT Database (2023),https://ntp.niehs.nih.gov/iccvam/methods/immunotox/hppt/hppt_database_14feb2023.xlsx,https://doi.org/10.1007/s00204-023-03530-3,HPPT Record.No 1938;1939,Human Maximization Test,3,(+/-)-alpha-Methylbenzyl acetate,93-92-5,DTXSID6041636
CC(=O)OC(CC(C)C)CC(C)C,0,0.8,NICEATM HPPT Database (2023),https://ntp.niehs.nih.gov/iccvam/methods/immunotox/hppt/hppt_database_14feb2023.xlsx,https://doi.org/10.1007/s00204-023-03530-3,HPPT Record.No 83;84,Human Repeat Insult Patch Test,3,"2,6-Dimethylheptan-4-yl acetate",10250-45-0,DTXSID6051516
CC(=O)OC(c1ccccc1)C(Cl)(Cl)Cl,0,0.8,NICEATM HPPT Database (2023),https://ntp.niehs.nih.gov/iccvam/methods/immunotox/hppt/hppt_database_14feb2023.xlsx,https://doi.org/10.1007/s00204-023-03530-3,HPPT Record.No 1908,Human Maximization Test,3,"2,2,2-Trichloro-1-phenylethyl acetate",90-17-5,DTXSID2047725
CC(=O)OC1(C)CCC(C(C)C)CC1,0,0.8,NICEATM HPPT Database (2023),https://ntp.niehs.nih.gov/iccvam/methods/immunotox/hppt/hppt_database_14feb2023.xlsx,https://doi.org/10.1007/s00204-023-03530-3,HPPT Record.No 983,Human Repeat Insult Patch Test,3,"Cyclohexanol, 1-methyl-4-(1-methylethyl)-, 1-acetate",26252-11-9,DTXSID80865275
CC(=O)OC1C2(C)CCC(C2)C1(C)C,0,0.8,NICEATM HPPT Database (2023),https://ntp.niehs.nih.gov/iccvam/methods/immunotox/hppt/hppt_database_14feb2023.xlsx,https://doi.org/10.1007/s00204-023-03530-3,HPPT Record.No 689,Human Maximization Test,3,"3,3-Dimethyl-8,9-dinorbornan-2-yl acetate",13851-11-1,DTXSID2047197
CC(=O)OC1CC(C)CCC1C(C)C,0,0.8,NICEATM HPPT Database (2023),https://ntp.niehs.nih.gov/iccvam/methods/immunotox/hppt/hppt_database_14feb2023.xlsx,https://doi.org/10.1007/s00204-023-03530-3,HPPT Record.No 831;982,Human Maximization Test,3,"cyclohexanol, 5-methyl-2-(1-methylethyl)-, acetate",16409-45-3,DTXSID20859153
CC(=O)OC1CC2CC1C1CC=CC21,0,0.8,NICEATM HPPT Database (2023),https://ntp.niehs.nih.gov/iccvam/methods/immunotox/hppt/hppt_database_14feb2023.xlsx,https://doi.org/10.1007/s00204-023-03530-3,HPPT Record.No 1301;1302;1303;1304;1305,Human Maximization Test,3,Jasmacyclen,5413-60-5,DTXSID4029270
CC(=O)OC1CC2CC1C1CCCC21,0,0.8,NICEATM HPPT Database (2023),https://ntp.niehs.nih.gov/iccvam/methods/immunotox/hppt/hppt_database_14feb2023.xlsx,https://doi.org/10.1007/s00204-023-03530-3,HPPT Record.No 1545,Human Repeat Insult Patch Test,3,"Octahydro-4,7-methano-1H-inden-5-yl acetate",64001-15-6,DTXSID6052324
CC(=O)OC1CC2CCC1(C)C2(C)C,0,0.8,NICEATM HPPT Database (2023),https://ntp.niehs.nih.gov/iccvam/methods/immunotox/hppt/hppt_database_14feb2023.xlsx,https://doi.org/10.1007/s00204-023-03530-3,HPPT Record.No 609;1362,Human Maximization Test,3,Isobornyl acetate,125-12-2,DTXSID7042061
CC(=O)OC1CCC(C(C)(C)C)CC1,0,0.8,NICEATM HPPT Database (2023),https://ntp.niehs.nih.gov/iccvam/methods/immunotox/hppt/hppt_database_14feb2023.xlsx,https://doi.org/10.1007/s00204-023-03530-3,HPPT Record.No 152;153;154;155,Human Repeat Insult Patch Test,3,4-tert-Butylcyclohexyl acetate,32210-23-4,DTXSID1027974
CC(=O)OC1CCC2C(C)(C)CCCC2(C)C1,0,0.6,NICEATM HPPT Database (2023),https://ntp.niehs.nih.gov/iccvam/methods/immunotox/hppt/hppt_database_14feb2023.xlsx,https://doi.org/10.1007/s00204-023-03530-3,HPPT Record.No 937,Human Repeat Insult Patch Test,4,"Decahydro-5,5,8a-trimethyl-2-naphthyl acetate",24238-95-7,DTXSID2051899
CC(=O)OC1CCC2CCCCC2C1,0,0.8,NICEATM HPPT Database (2023),https://ntp.niehs.nih.gov/iccvam/methods/immunotox/hppt/hppt_database_14feb2023.xlsx,https://doi.org/10.1007/s00204-023-03530-3,HPPT Record.No 228,Human Maximization Test,3,Decahydro-2-naphthyl acetate,10519-11-6,DTXSID4051534
CC(=O)OC1CCCC(C(C)(C)C)C1,0,0.6,NICEATM HPPT Database (2023),https://ntp.niehs.nih.gov/iccvam/methods/immunotox/hppt/hppt_database_14feb2023.xlsx,https://doi.org/10.1007/s00204-023-03530-3,HPPT Record.No 1039,Human Repeat Insult Patch Test,4,"Cyclohexanol, 3-(1,1-dimethylethyl)-, 1-acetate",31846-06-7,DTXSID80865614
CC(=O)OC1CCCCC1,0,0.8,NICEATM HPPT Database (2023),https://ntp.niehs.nih.gov/iccvam/methods/immunotox/hppt/hppt_database_14feb2023.xlsx,https://doi.org/10.1007/s00204-023-03530-3,HPPT Record.No 1512;1513,Human Maximization Test,3,Cyclohexyl acetate,622-45-7,DTXSID6052299
CC(=O)OC1CCCCC1C(C)(C)C,0,0.8,NICEATM HPPT Database (2023),https://ntp.niehs.nih.gov/iccvam/methods/immunotox/hppt/hppt_database_14feb2023.xlsx,https://doi.org/10.1007/s00204-023-03530-3,HPPT Record.No 1890,Human Maximization Test,3,2-tert-Butylcyclohexyl acetate,88-41-5,DTXSID3036105
CC(=O)OC1CCCCCCCCCCC1,0,0.8,NICEATM HPPT Database (2023),https://ntp.niehs.nih.gov/iccvam/methods/immunotox/hppt/hppt_database_14feb2023.xlsx,https://doi.org/10.1007/s00204-023-03530-3,HPPT Record.No 1511,Human Maximization Test,3,"Cyclododecanol, 1-acetate",6221-92-7,DTXSID60863714
CC(=O)OCC(C)C,0,0.8,NICEATM HPPT Database (2023),https://ntp.niehs.nih.gov/iccvam/methods/immunotox/hppt/hppt_database_14feb2023.xlsx,https://doi.org/10.1007/s00204-023-03530-3,HPPT Record.No 365,Human Maximization Test,3,Isobutyl acetate,110-19-0,DTXSID5026837
CC(=O)OCC(C)c1ccccc1,0,0.8,NICEATM HPPT Database (2023),https://ntp.niehs.nih.gov/iccvam/methods/immunotox/hppt/hppt_database_14feb2023.xlsx,https://doi.org/10.1007/s00204-023-03530-3,HPPT Record.No 150;151,Human Maximization Test,3,"Benzeneethanol, .beta.-methyl-, 1-acetate",10402-52-5,DTXSID40864264
CC(=O)OCC(COC(C)=O)OC(C)=O,0,0.8,NICEATM HPPT Database (2023),https://ntp.niehs.nih.gov/iccvam/methods/immunotox/hppt/hppt_database_14feb2023.xlsx,https://doi.org/10.1007/s00204-023-03530-3,HPPT Record.No 85,Human Maximization Test,3,Triacetin,102-76-1,DTXSID3026691
CC(=O)OCC1=CCC23CC1C(C)(C)C2CCC3C,0,0.8,NICEATM HPPT Database (2023),https://ntp.niehs.nih.gov/iccvam/methods/immunotox/hppt/hppt_database_14feb2023.xlsx,https://doi.org/10.1007/s00204-023-03530-3,HPPT Record.No 738,Human Maximization Test,3,Cedr-8-en-15-yl acetate,1405-92-1,DTXSID3051709
CC(=O)OCC1=CCC2CC1C2(C)C,0,0.8,NICEATM HPPT Database (2023),https://ntp.niehs.nih.gov/iccvam/methods/immunotox/hppt/hppt_database_14feb2023.xlsx,https://doi.org/10.1007/s00204-023-03530-3,HPPT Record.No 346,Human Maximization Test,3,(+)-Myrtenyl acetate,1079-01-2,DTXSID70889329
CC(=O)OCC1CCC=C(CCC=C(C)C)C1,0,0.6,NICEATM HPPT Database (2023),https://ntp.niehs.nih.gov/iccvam/methods/immunotox/hppt/hppt_database_14feb2023.xlsx,https://doi.org/10.1007/s00204-023-03530-3,HPPT Record.No 1693,Human Repeat Insult Patch Test,4,3(or 4)-(4-Methylpenten-3-yl)cyclohex-3-ene-1-methyl acetate,72403-67-9,DTXSID5052466
CC(=O)OCC1OC(OC2(COC(C)=O)OC(COC(C)=O)C(OC(C)=O)C2OC(C)=O)C(OC(C)=O)C(OC(C)=O)C1OC(C)=O,0,0.8,NICEATM HPPT Database (2023),https://ntp.niehs.nih.gov/iccvam/methods/immunotox/hppt/hppt_database_14feb2023.xlsx,https://doi.org/10.1007/s00204-023-03530-3,HPPT Record.No 612;613,Human Maximization Test,3,Sucrose octaacetate,126-14-7,DTXSID3042423
CC(=O)OCC=C(C)C,0,0.8,NICEATM HPPT Database (2023),https://ntp.niehs.nih.gov/iccvam/methods/immunotox/hppt/hppt_database_14feb2023.xlsx,https://doi.org/10.1007/s00204-023-03530-3,HPPT Record.No 505;506;507,Human Maximization Test,3,"3,3-Dimethylallyl acetate",1191-16-8,DTXSID9047128
CC(=O)OCC=C(C)CCC=C(C)C,0,0.95,NICEATM HPPT Database (2023),https://ntp.niehs.nih.gov/iccvam/methods/immunotox/hppt/hppt_database_14feb2023.xlsx,https://doi.org/10.1007/s00204-023-03530-3,HPPT Record.No 244;757,Human Maximization Test,2,Geranyl acetate,105-87-3,DTXSID0020654
CC(=O)OCC=C(C)CCC=C(C)CCC=C(C)C,0,0.8,NICEATM HPPT Database (2023),https://ntp.niehs.nih.gov/iccvam/methods/immunotox/hppt/hppt_database_14feb2023.xlsx,https://doi.org/10.1007/s00204-023-03530-3,HPPT Record.No 1015,Human Maximization Test,3,Farnesyl acetate,29548-30-9,DTXSID2047222
CC(=O)OCC=C(C)c1ccccc1,0,0.8,NICEATM HPPT Database (2023),https://ntp.niehs.nih.gov/iccvam/methods/immunotox/hppt/hppt_database_14feb2023.xlsx,https://doi.org/10.1007/s00204-023-03530-3,HPPT Record.No 888;889,Human Repeat Insult Patch Test,3,"2-Buten-1-ol, 3-phenyl-, 1-acetate",20883-16-3,DTXSID80864965
CC(=O)OCC=Cc1ccccc1,0,0.8,NICEATM HPPT Database (2023),https://ntp.niehs.nih.gov/iccvam/methods/immunotox/hppt/hppt_database_14feb2023.xlsx,https://doi.org/10.1007/s00204-023-03530-3,HPPT Record.No 133,Human Maximization Test,3,3-Phenylprop-2-en-1-yl acetate,103-54-8,DTXSID2044765
CC(=O)OCCC(C)C,0,0.8,NICEATM HPPT Database (2023),https://ntp.niehs.nih.gov/iccvam/methods/immunotox/hppt/hppt_database_14feb2023.xlsx,https://doi.org/10.1007/s00204-023-03530-3,HPPT Record.No 601;602,Human Repeat Insult Patch Test,3,3-Methylbutyl acetate,123-92-2,DTXSID9025453
CC(=O)OCCC(C)CCC=C(C)C,0,0.8,NICEATM HPPT Database (2023),https://ntp.niehs.nih.gov/iccvam/methods/immunotox/hppt/hppt_database_14feb2023.xlsx,https://doi.org/10.1007/s00204-023-03530-3,HPPT Record.No 810,Human Maximization Test,3,Citronellyl acetate,150-84-5,DTXSID5051739
CC(=O)OCCC(C)CCCC(C)C,0,0.8,NICEATM HPPT Database (2023),https://ntp.niehs.nih.gov/iccvam/methods/immunotox/hppt/hppt_database_14feb2023.xlsx,https://doi.org/10.1007/s00204-023-03530-3,HPPT Record.No 885;886,Human Maximization Test,3,"3,7-Dimethyl-1-octyl acetate",20780-49-8,DTXSID6051851
CC(=O)OCCC1=CC2CC(C1)C2(C)C,0,0.8,NICEATM HPPT Database (2023),https://ntp.niehs.nih.gov/iccvam/methods/immunotox/hppt/hppt_database_14feb2023.xlsx,https://doi.org/10.1007/s00204-023-03530-3,HPPT Record.No 623,Human Maximization Test,3,"2-(6,6-Dimethylbicyclo[3.1.1]hept-2-en-3-yl)ethyl acetate",128-51-8,DTXSID6051645
CC(=O)OCCC1CCCCC1,0,0.8,NICEATM HPPT Database (2023),https://ntp.niehs.nih.gov/iccvam/methods/immunotox/hppt/hppt_database_14feb2023.xlsx,https://doi.org/10.1007/s00204-023-03530-3,HPPT Record.No 906,Human Maximization Test,3,2-Cyclohexylethyl acetate,21722-83-8,DTXSID3047188
CC(=O)OCCCc1ccccc1,0,0.8,NICEATM HPPT Database (2023),https://ntp.niehs.nih.gov/iccvam/methods/immunotox/hppt/hppt_database_14feb2023.xlsx,https://doi.org/10.1007/s00204-023-03530-3,HPPT Record.No 558,Human Maximization Test,3,3-Phenylpropyl acetate,122-72-5,DTXSID2047648
CC(=O)OCCc1ccccc1,0,0.8,NICEATM HPPT Database (2023),https://ntp.niehs.nih.gov/iccvam/methods/immunotox/hppt/hppt_database_14feb2023.xlsx,https://doi.org/10.1007/s00204-023-03530-3,HPPT Record.No 124;125,Human Repeat Insult Patch Test,3,2-Phenylethyl acetate,103-45-7,DTXSID7044506
CC(=O)OCc1ccc(C(C)C)cc1,0,0.8,NICEATM HPPT Database (2023),https://ntp.niehs.nih.gov/iccvam/methods/immunotox/hppt/hppt_database_14feb2023.xlsx,https://doi.org/10.1007/s00204-023-03530-3,HPPT Record.No 1425,Human Maximization Test,3,4-Isopropylbenzyl acetate,59230-57-8,DTXSID0052259
CC(=O)OCc1ccc(C)cc1,0,0.8,NICEATM HPPT Database (2023),https://ntp.niehs.nih.gov/iccvam/methods/immunotox/hppt/hppt_database_14feb2023.xlsx,https://doi.org/10.1007/s00204-023-03530-3,HPPT Record.No 912,Human Maximization Test,3,4-Methylbenzyl acetate,2216-45-7,DTXSID5051866
CC(=O)OCc1ccc(C)cc1C,0,0.8,NICEATM HPPT Database (2023),https://ntp.niehs.nih.gov/iccvam/methods/immunotox/hppt/hppt_database_14feb2023.xlsx,https://doi.org/10.1007/s00204-023-03530-3,HPPT Record.No 1517;1518,Human Repeat Insult Patch Test,3,"2,4-Dimethylbenzyl acetate",62346-96-7,DTXSID8052302
CC(=O)OCc1ccc2c(c1)OCO2,0,0.8,NICEATM HPPT Database (2023),https://ntp.niehs.nih.gov/iccvam/methods/immunotox/hppt/hppt_database_14feb2023.xlsx,https://doi.org/10.1007/s00204-023-03530-3,HPPT Record.No 1050;1051;1052,Human Repeat Insult Patch Test,3,Piperonyl acetate,326-61-4,DTXSID2025925
CC(=O)c1c(C)c([N+](=O)[O-])c(C(C)(C)C)c([N+](=O)[O-])c1C,0,0.95,NICEATM HPPT Database (2023),https://ntp.niehs.nih.gov/iccvam/methods/immunotox/hppt/hppt_database_14feb2023.xlsx,https://doi.org/10.1007/s00204-023-03530-3,HPPT Record.No 1828;1829,Human Maximization Test,2,Musk ketone,81-14-1,DTXSID6025690
CC(=O)c1cc(C(C)(C)C)cc2c1CCC2(C)C,0,0.8,NICEATM HPPT Database (2023),https://ntp.niehs.nih.gov/iccvam/methods/immunotox/hppt/hppt_database_14feb2023.xlsx,https://doi.org/10.1007/s00204-023-03530-3,HPPT Record.No 633,Human Maximization Test,3,Celestolide,13171-00-1,DTXSID9044536
CC(=O)c1cc2c(cc1C)C(C)(C)C(C)C2(C)C,0,0.8,NICEATM HPPT Database (2023),https://ntp.niehs.nih.gov/iccvam/methods/immunotox/hppt/hppt_database_14feb2023.xlsx,https://doi.org/10.1007/s00204-023-03530-3,HPPT Record.No 822,Human Maximization Test,3,Phantolide,15323-35-0,DTXSID9051743
CC(=O)c1cc2c(cc1C)C(C)(C)C(C)C2C(C)C,0,0.8,NICEATM HPPT Database (2023),https://ntp.niehs.nih.gov/iccvam/methods/immunotox/hppt/hppt_database_14feb2023.xlsx,https://doi.org/10.1007/s00204-023-03530-3,HPPT Record.No 1613,Human Maximization Test,3,Traseolide,68140-48-7,DTXSID9052393
CC(=O)c1cc2c(cc1C)C(C)(C)C(C)CC2(C)C,0,0.6,NICEATM HPPT Database (2023),https://ntp.niehs.nih.gov/iccvam/methods/immunotox/hppt/hppt_database_14feb2023.xlsx,https://doi.org/10.1007/s00204-023-03530-3,HPPT Record.No 900,Human Repeat Insult Patch Test,4,"7-Acetyl-1,1,3,4,4,6-hexamethyltetraline",21145-77-7,DTXSID7041544
CC(=O)c1ccc(C)cc1,0,0.8,NICEATM HPPT Database (2023),https://ntp.niehs.nih.gov/iccvam/methods/immunotox/hppt/hppt_database_14feb2023.xlsx,https://doi.org/10.1007/s00204-023-03530-3,HPPT Record.No 540,Human Maximization Test,3,p-Methylacetophenone,122-00-9,DTXSID9044374
CC(=O)c1ccc2ccccc2c1,0,0.8,NICEATM HPPT Database (2023),https://ntp.niehs.nih.gov/iccvam/methods/immunotox/hppt/hppt_database_14feb2023.xlsx,https://doi.org/10.1007/s00204-023-03530-3,HPPT Record.No 1928,Human Maximization Test,3,2'-Acetonaphthone,93-08-3,DTXSID2041389
CC(=O)c1cccc2ccccc12,0,0.8,NICEATM HPPT Database (2023),https://ntp.niehs.nih.gov/iccvam/methods/immunotox/hppt/hppt_database_14feb2023.xlsx,https://doi.org/10.1007/s00204-023-03530-3,HPPT Record.No 1954,Human Maximization Test,3,1'-Acetonaphthone,941-98-0,DTXSID4052635
CC(C)(C)C(=O)OCCc1ccccc1,0,0.6,NICEATM HPPT Database (2023),https://ntp.niehs.nih.gov/iccvam/methods/immunotox/hppt/hppt_database_14feb2023.xlsx,https://doi.org/10.1007/s00204-023-03530-3,HPPT Record.No 1585,Human Repeat Insult Patch Test,4,2-Phenylethyl pivalate,67662-96-8,DTXSID8070542
CC(C)(C)C1CCC(=O)CC1,0,0.8,NICEATM HPPT Database (2023),https://ntp.niehs.nih.gov/iccvam/methods/immunotox/hppt/hppt_database_14feb2023.xlsx,https://doi.org/10.1007/s00204-023-03530-3,HPPT Record.No 2007,Human Maximization Test,3,4-tert-Butylcyclohexanone,98-53-3,DTXSID7044394
CC(C)(C)C1CCC(O)CC1,0,0.8,NICEATM HPPT Database (2023),https://ntp.niehs.nih.gov/iccvam/methods/immunotox/hppt/hppt_database_14feb2023.xlsx,https://doi.org/10.1007/s00204-023-03530-3,HPPT Record.No 2006,Human Maximization Test,3,4-tert-Butylcyclohexanol,98-52-2,DTXSID5026623
CC(C)(C)c1ccc(CCC=O)cc1,0,0.8,NICEATM HPPT Database (2023),https://ntp.niehs.nih.gov/iccvam/methods/immunotox/hppt/hppt_database_14feb2023.xlsx,https://doi.org/10.1007/s00204-023-03530-3,HPPT Record.No 854,Human Maximization Test,3,3-(4-tert-Butylphenyl)propanal,18127-01-0,DTXSID6044808
CC(C)(C)c1ccc(O)cc1,0,0.8,NICEATM HPPT Database (2023),https://ntp.niehs.nih.gov/iccvam/methods/immunotox/hppt/hppt_database_14feb2023.xlsx,https://doi.org/10.1007/s00204-023-03530-3,HPPT Record.No 2008,Human Maximization Test,3,4-tert-Butylphenol,98-54-4,DTXSID1020221
CC(C)(Cc1ccccc1)OC=O,0,0.8,NICEATM HPPT Database (2023),https://ntp.niehs.nih.gov/iccvam/methods/immunotox/hppt/hppt_database_14feb2023.xlsx,https://doi.org/10.1007/s00204-023-03530-3,HPPT Record.No 22,Human Maximization Test,3,"Benzeneethanol, .alpha.,.alpha.-dimethyl-, 1-formate",10058-43-2,DTXSID50864199
CC(C)(O)C(C)(C)O,0,0.8,NICEATM HPPT Database (2023),https://ntp.niehs.nih.gov/iccvam/methods/immunotox/hppt/hppt_database_14feb2023.xlsx,https://doi.org/10.1007/s00204-023-03530-3,HPPT Record.No 1733;1734,Human Maximization Test,3,"2,3-Butanediol, 2,3-dimethyl-",76-09-5,DTXSID3058793
CC(C)(O)CCC1CCCCC1,0,0.6,NICEATM HPPT Database (2023),https://ntp.niehs.nih.gov/iccvam/methods/immunotox/hppt/hppt_database_14feb2023.xlsx,https://doi.org/10.1007/s00204-023-03530-3,HPPT Record.No 1852,Human Repeat Insult Patch Test,4,4-Cyclohexyl-2-methyl-2-butanol,83926-73-2,DTXSID9051402
CC(C)(O)CCCC1=CCC(C=O)CC1,0,0.8,NICEATM HPPT Database (2023),https://ntp.niehs.nih.gov/iccvam/methods/immunotox/hppt/hppt_database_14feb2023.xlsx,https://doi.org/10.1007/s00204-023-03530-3,HPPT Record.No 1040;1041;1042;1043,Human Repeat Insult Patch Test,3,4-(4-Hydroxy-4-methylpentyl)cyclohex-3-ene-1-carbaldehyde,31906-04-4,DTXSID1027970
CC(C)(O)CCc1ccccc1,0,0.8,NICEATM HPPT Database (2023),https://ntp.niehs.nih.gov/iccvam/methods/immunotox/hppt/hppt_database_14feb2023.xlsx,https://doi.org/10.1007/s00204-023-03530-3,HPPT Record.No 86,Human Maximization Test,3,2-Methyl-4-phenylbutan-2-ol,103-05-9,DTXSID3021851
CC(C)(O)Cc1ccccc1,0,0.8,NICEATM HPPT Database (2023),https://ntp.niehs.nih.gov/iccvam/methods/immunotox/hppt/hppt_database_14feb2023.xlsx,https://doi.org/10.1007/s00204-023-03530-3,HPPT Record.No 24;25;26;27,Human Repeat Insult Patch Test,3,"1,1-Dimethylphenylethanol",100-86-7,DTXSID1047601
CC(C)(O)c1ccccc1,0,0.8,NICEATM HPPT Database (2023),https://ntp.niehs.nih.gov/iccvam/methods/immunotox/hppt/hppt_database_14feb2023.xlsx,https://doi.org/10.1007/s00204-023-03530-3,HPPT Record.No 1505,Human Maximization Test,3,2-Phenylpropan-2-ol,617-94-7,DTXSID3027247
CC(C)=C1CCC(C)C2=C(C1)C(C)CC2,0,0.8,NICEATM HPPT Database (2023),https://ntp.niehs.nih.gov/iccvam/methods/immunotox/hppt/hppt_database_14feb2023.xlsx,https://doi.org/10.1007/s00204-023-03530-3,HPPT Record.No 1891;1892,Human Repeat Insult Patch Test,3,"(1S,4S)-1,4-Dimethyl-7-(propan-2-ylidene)-1,2,3,4,5,6,7,8-octahydroazulene",88-84-6,DTXSID5052599
CC(C)=C1CCC(C)CC1=O,0,0.8,NICEATM HPPT Database (2023),https://ntp.niehs.nih.gov/iccvam/methods/immunotox/hppt/hppt_database_14feb2023.xlsx,https://doi.org/10.1007/s00204-023-03530-3,HPPT Record.No 1897,Human Maximization Test,3,R-(+)-Pulegone,89-82-7,DTXSID2025975
CC(C)=CCC(C)=CCOC(=O)c1ccccc1,0,0.8,NICEATM HPPT Database (2023),https://ntp.niehs.nih.gov/iccvam/methods/immunotox/hppt/hppt_database_14feb2023.xlsx,https://doi.org/10.1007/s00204-023-03530-3,HPPT Record.No 1964,Human Maximization Test,3,"(2E)-3,6-Dimethylhepta-2,5-dien-1-yl benzoate",94-48-4,DTXSID4052637
CC(C)=CCCC(C)(C)O,0,0.8,NICEATM HPPT Database (2023),https://ntp.niehs.nih.gov/iccvam/methods/immunotox/hppt/hppt_database_14feb2023.xlsx,https://doi.org/10.1007/s00204-023-03530-3,HPPT Record.No 1473,Human Maximization Test,3,"5-Hepten-2-ol, 2,6-dimethyl-",6090-15-9,DTXSID2064109
CC(C)=CCCC(C)(O)C1CO1,0,0.8,NICEATM HPPT Database (2023),https://ntp.niehs.nih.gov/iccvam/methods/immunotox/hppt/hppt_database_14feb2023.xlsx,https://doi.org/10.1007/s00204-023-03530-3,HPPT Record.No 663,Human Maximization Test,3,Linalool oxide,1365-19-1,DTXSID6052746
CC(C)=CCCC(C)=CC#N,0,0.8,NICEATM HPPT Database (2023),https://ntp.niehs.nih.gov/iccvam/methods/immunotox/hppt/hppt_database_14feb2023.xlsx,https://doi.org/10.1007/s00204-023-03530-3,HPPT Record.No 1245,Human Maximization Test,3,Citralva,5146-66-7,DTXSID3036286
CC(C)=CCCC(C)=CC(=O)O,0,0.8,NICEATM HPPT Database (2023),https://ntp.niehs.nih.gov/iccvam/methods/immunotox/hppt/hppt_database_14feb2023.xlsx,https://doi.org/10.1007/s00204-023-03530-3,HPPT Record.No 1170,Human Maximization Test,3,"3,7-Dimethylocta-2,6-dienoic acid",459-80-3,DTXSID0047115
CC(C)=CCCC(C)=CC(=O)OCCC(C)C,0,0.8,NICEATM HPPT Database (2023),https://ntp.niehs.nih.gov/iccvam/methods/immunotox/hppt/hppt_database_14feb2023.xlsx,https://doi.org/10.1007/s00204-023-03530-3,HPPT Record.No 1611,Human Maximization Test,3,"2,6-Octadienoic acid, 3,7-dimethyl-, 3-methylbutyl ester, (2E)-",68133-73-3,DTXSID00887176
CC(C)=CCCC(C)=CC1OCCO1,0,0.8,NICEATM HPPT Database (2023),https://ntp.niehs.nih.gov/iccvam/methods/immunotox/hppt/hppt_database_14feb2023.xlsx,https://doi.org/10.1007/s00204-023-03530-3,HPPT Record.No 1572,Human Maximization Test,3,"2-(2,6-Dimethyl-1,5-heptadienyl)-1,3-dioxolane",66408-78-4,DTXSID4070459
CC(C)=CCCC(C)=CCOC(=O)C(C)C,0,0.8,NICEATM HPPT Database (2023),https://ntp.niehs.nih.gov/iccvam/methods/immunotox/hppt/hppt_database_14feb2023.xlsx,https://doi.org/10.1007/s00204-023-03530-3,HPPT Record.No 922;923,Human Maximization Test,3,"Propanoic acid, 2-methyl-, (2Z)-3,7-dimethyl-2,6-octadien-1-yl ester",2345-24-6,DTXSID30883828
CC(C)=CCCC(C)=CCOC(=O)CC(C)C,0,0.8,NICEATM HPPT Database (2023),https://ntp.niehs.nih.gov/iccvam/methods/immunotox/hppt/hppt_database_14feb2023.xlsx,https://doi.org/10.1007/s00204-023-03530-3,HPPT Record.No 358;1119;1120,Human Maximization Test,3,"Butanoic acid, 3-methyl-, (2Z)-3,7-dimethyl-2,6-octadien-1-yl ester",3915-83-1,DTXSID80884022
CC(C)=CCCC(C)=CCOC(=O)Cc1ccccc1,0,0.8,NICEATM HPPT Database (2023),https://ntp.niehs.nih.gov/iccvam/methods/immunotox/hppt/hppt_database_14feb2023.xlsx,https://doi.org/10.1007/s00204-023-03530-3,HPPT Record.No 82,Human Maximization Test,3,"(1E)-2,6-Dimethylhepta-1,5-dien-1-yl phenylacetate",102-22-7,DTXSID1051513
CC(C)=CCCC(C)=CCOC=O,0,0.8,NICEATM HPPT Database (2023),https://ntp.niehs.nih.gov/iccvam/methods/immunotox/hppt/hppt_database_14feb2023.xlsx,https://doi.org/10.1007/s00204-023-03530-3,HPPT Record.No 243;903,Human Maximization Test,3,Geranyl formate,105-86-2,DTXSID0047614
CC(C)=CCCC(C)=CCOCC=O,0,0.8,NICEATM HPPT Database (2023),https://ntp.niehs.nih.gov/iccvam/methods/immunotox/hppt/hppt_database_14feb2023.xlsx,https://doi.org/10.1007/s00204-023-03530-3,HPPT Record.No 1557,Human Maximization Test,3,"Acetaldehyde, 2-[[(2E)-3,7-dimethyl-2,6-octadien-1-yl]oxy]-",65405-73-4,DTXSID90886330
CC(C)=CCCC(C)C=O,0,0.8,NICEATM HPPT Database (2023),https://ntp.niehs.nih.gov/iccvam/methods/immunotox/hppt/hppt_database_14feb2023.xlsx,https://doi.org/10.1007/s00204-023-03530-3,HPPT Record.No 320,Human Maximization Test,3,"2,6-Dimethylhept-5-enal",106-72-9,DTXSID8044753
CC(C)=CCCC(C)CC#N,0,0.8,NICEATM HPPT Database (2023),https://ntp.niehs.nih.gov/iccvam/methods/immunotox/hppt/hppt_database_14feb2023.xlsx,https://doi.org/10.1007/s00204-023-03530-3,HPPT Record.No 1255,Human Maximization Test,3,"3,7-Dimethyloct-6-enenitrile",51566-62-2,DTXSID7052155
CC(C)=CCCC(C)CC(=O)O,0,0.8,NICEATM HPPT Database (2023),https://ntp.niehs.nih.gov/iccvam/methods/immunotox/hppt/hppt_database_14feb2023.xlsx,https://doi.org/10.1007/s00204-023-03530-3,HPPT Record.No 1227,Human Maximization Test,3,Citronellic acid,502-47-6,DTXSID1047106
CC(C)=CCCC(C)CC(C)O,0,0.6,NICEATM HPPT Database (2023),https://ntp.niehs.nih.gov/iccvam/methods/immunotox/hppt/hppt_database_14feb2023.xlsx,https://doi.org/10.1007/s00204-023-03530-3,HPPT Record.No 1128,Human Repeat Insult Patch Test,4,"4,8-Dimethylnon-7-en-2-ol",40596-76-7,DTXSID1052080
CC(C)=CCCC(C)CCCC(C)C=O,0,0.8,NICEATM HPPT Database (2023),https://ntp.niehs.nih.gov/iccvam/methods/immunotox/hppt/hppt_database_14feb2023.xlsx,https://doi.org/10.1007/s00204-023-03530-3,HPPT Record.No 758,Human Maximization Test,3,"2,6,10-Trimethylundec-9-enal",141-13-9,DTXSID7051711
CC(C)=CCCC(C)CCO,0,0.95,NICEATM HPPT Database (2023),https://ntp.niehs.nih.gov/iccvam/methods/immunotox/hppt/hppt_database_14feb2023.xlsx,https://doi.org/10.1007/s00204-023-03530-3,HPPT Record.No 278;279,Human Maximization Test,2,Citronellol,106-22-9,DTXSID3026726
CC(C)=CCCC(C)CCOC(=O)C(C)C,0,0.8,NICEATM HPPT Database (2023),https://ntp.niehs.nih.gov/iccvam/methods/immunotox/hppt/hppt_database_14feb2023.xlsx,https://doi.org/10.1007/s00204-023-03530-3,HPPT Record.No 2003,Human Maximization Test,3,Citronellyl isobutyrate,97-89-2,DTXSID7052652
CC(C)=CCCC(C)CCOC(=O)CC(C)C,0,0.8,NICEATM HPPT Database (2023),https://ntp.niehs.nih.gov/iccvam/methods/immunotox/hppt/hppt_database_14feb2023.xlsx,https://doi.org/10.1007/s00204-023-03530-3,HPPT Record.No 1636,Human Maximization Test,3,"Butanoic acid, 3-methyl-, 3,7-dimethyl-6-octen-1-yl ester",68922-10-1,DTXSID60867757
CC(C)=CCCC(C)CCOC(=O)Cc1ccccc1,0,0.8,NICEATM HPPT Database (2023),https://ntp.niehs.nih.gov/iccvam/methods/immunotox/hppt/hppt_database_14feb2023.xlsx,https://doi.org/10.1007/s00204-023-03530-3,HPPT Record.No 691,Human Maximization Test,3,"Benzeneacetic acid, 3,7-dimethyl-6-octen-1-yl ester",139-70-8,DTXSID90861804
CC(C)=CCCC(C)CCOC=O,0,0.8,NICEATM HPPT Database (2023),https://ntp.niehs.nih.gov/iccvam/methods/immunotox/hppt/hppt_database_14feb2023.xlsx,https://doi.org/10.1007/s00204-023-03530-3,HPPT Record.No 242,Human Maximization Test,3,Citronellyl formate,105-85-1,DTXSID1044772
CC(C)=CCCC(C)CCOCC=O,0,0.8,NICEATM HPPT Database (2023),https://ntp.niehs.nih.gov/iccvam/methods/immunotox/hppt/hppt_database_14feb2023.xlsx,https://doi.org/10.1007/s00204-023-03530-3,HPPT Record.No 1720,Human Maximization Test,3,"[(3,7-Dimethyl-6-octenyl)oxy]acetaldehyde",7492-67-3,DTXSID7052492
CC(C)=CCCC1=CCC(C=O)CC1,0,0.8,NICEATM HPPT Database (2023),https://ntp.niehs.nih.gov/iccvam/methods/immunotox/hppt/hppt_database_14feb2023.xlsx,https://doi.org/10.1007/s00204-023-03530-3,HPPT Record.No 1111,Human Maximization Test,3,4-(4-Methyl-3-pentenyl)cyclohex-3-ene-1-carbaldehyde,37677-14-8,DTXSID4052051
CC(C)=CCO,0,0.8,NICEATM HPPT Database (2023),https://ntp.niehs.nih.gov/iccvam/methods/immunotox/hppt/hppt_database_14feb2023.xlsx,https://doi.org/10.1007/s00204-023-03530-3,HPPT Record.No 1336,Human Maximization Test,3,3-Methyl-2-buten-1-ol,556-82-1,DTXSID2027206
CC(C)=CCOC(=O)c1ccccc1,0,0.8,NICEATM HPPT Database (2023),https://ntp.niehs.nih.gov/iccvam/methods/immunotox/hppt/hppt_database_14feb2023.xlsx,https://doi.org/10.1007/s00204-023-03530-3,HPPT Record.No 1256,Human Maximization Test,3,3-Methyl-2-butenyl benzoate,5205-11-8,DTXSID8047131
CC(C)=COC(=O)c1ccccc1C,0,0.8,NICEATM HPPT Database (2023),https://ntp.niehs.nih.gov/iccvam/methods/immunotox/hppt/hppt_database_14feb2023.xlsx,https://doi.org/10.1007/s00204-023-03530-3,HPPT Record.No 1622,Human Maximization Test,3,3-Methyl-2-butenyl salicylate,68555-58-8,DTXSID0052415
CC(C)=O,0,0.6,NICEATM HPPT Database (2023),https://ntp.niehs.nih.gov/iccvam/methods/immunotox/hppt/hppt_database_14feb2023.xlsx,https://doi.org/10.1007/s00204-023-03530-3,HPPT Record.No 1584,Human Repeat Insult Patch Test,4,Acetone,67-64-1,DTXSID8021482
CC(C)C(=O)OCC=Cc1ccccc1,0,0.8,NICEATM HPPT Database (2023),https://ntp.niehs.nih.gov/iccvam/methods/immunotox/hppt/hppt_database_14feb2023.xlsx,https://doi.org/10.1007/s00204-023-03530-3,HPPT Record.No 137,Human Maximization Test,3,3-Phenylprop-2-en-1-yl 2-methylpropanoate,103-59-3,DTXSID6047608
CC(C)C(=O)OCCCc1ccccc1,0,0.8,NICEATM HPPT Database (2023),https://ntp.niehs.nih.gov/iccvam/methods/immunotox/hppt/hppt_database_14feb2023.xlsx,https://doi.org/10.1007/s00204-023-03530-3,HPPT Record.No 135;136,Human Maximization Test,3,3-Phenylpropyl isobutyrate,103-58-2,DTXSID7059276
CC(C)C(=O)OCCOc1ccccc1,0,0.8,NICEATM HPPT Database (2023),https://ntp.niehs.nih.gov/iccvam/methods/immunotox/hppt/hppt_database_14feb2023.xlsx,https://doi.org/10.1007/s00204-023-03530-3,HPPT Record.No 138;139,Human Repeat Insult Patch Test,3,2-Phenoxyethyl isobutyrate,103-60-6,DTXSID7042279
CC(C)C(=O)OCCc1ccccc1,0,0.8,NICEATM HPPT Database (2023),https://ntp.niehs.nih.gov/iccvam/methods/immunotox/hppt/hppt_database_14feb2023.xlsx,https://doi.org/10.1007/s00204-023-03530-3,HPPT Record.No 126,Human Maximization Test,3,2-Phenylethyl 2-methylpropanoate,103-48-0,DTXSID7044764
CC(C)C(=O)OCc1ccccc1,0,0.8,NICEATM HPPT Database (2023),https://ntp.niehs.nih.gov/iccvam/methods/immunotox/hppt/hppt_database_14feb2023.xlsx,https://doi.org/10.1007/s00204-023-03530-3,HPPT Record.No 115,Human Maximization Test,3,Benzyl 2-methylpropanoate,103-28-6,DTXSID6047602
CC(C)C12CCC(C)(CC1)O2,0,0.8,NICEATM HPPT Database (2023),https://ntp.niehs.nih.gov/iccvam/methods/immunotox/hppt/hppt_database_14feb2023.xlsx,https://doi.org/10.1007/s00204-023-03530-3,HPPT Record.No 1200,Human Maximization Test,3,"1,4-Cineole",470-67-7,DTXSID3047396
CC(C)C1CCC(C(C)CO)CC1,0,0.6,NICEATM HPPT Database (2023),https://ntp.niehs.nih.gov/iccvam/methods/immunotox/hppt/hppt_database_14feb2023.xlsx,https://doi.org/10.1007/s00204-023-03530-3,HPPT Record.No 1582,Human Repeat Insult Patch Test,4,2-[4-(Propan-2-yl)cyclohexyl]propan-1-ol,67634-03-1,DTXSID3052355
CC(C)C1CCC(CO)CC1,0,0.8,NICEATM HPPT Database (2023),https://ntp.niehs.nih.gov/iccvam/methods/immunotox/hppt/hppt_database_14feb2023.xlsx,https://doi.org/10.1007/s00204-023-03530-3,HPPT Record.No 682;683;684,Human Repeat Insult Patch Test,3,cis-4-(Isopropyl)cyclohexanemethanol,13828-37-0,DTXSID8051700
CC(C)C1CCC(O)CC1,0,0.8,NICEATM HPPT Database (2023),https://ntp.niehs.nih.gov/iccvam/methods/immunotox/hppt/hppt_database_14feb2023.xlsx,https://doi.org/10.1007/s00204-023-03530-3,HPPT Record.No 1185;1186;1187;1188,Human Repeat Insult Patch Test,3,4-Isopropylcyclohexanol,4621-04-9,DTXSID2047149
CC(C)C1CCC2CC(=O)CCC2C1,0,0.8,NICEATM HPPT Database (2023),https://ntp.niehs.nih.gov/iccvam/methods/immunotox/hppt/hppt_database_14feb2023.xlsx,https://doi.org/10.1007/s00204-023-03530-3,HPPT Record.No 1078,Human Maximization Test,3,"2(1H)-Naphthalenone, octahydro-6-(1-methylethyl)-",34131-98-1,DTXSID10865703
CC(C)C1OCOCC1(C)C,0,0.8,NICEATM HPPT Database (2023),https://ntp.niehs.nih.gov/iccvam/methods/immunotox/hppt/hppt_database_14feb2023.xlsx,https://doi.org/10.1007/s00204-023-03530-3,HPPT Record.No 1092,Human Maximization Test,3,"4-Isopropyl-5,5-dimethyl-1,3-dioxane",3583-00-4,DTXSID6052035
CC(C)CC(=O)O,0,0.8,NICEATM HPPT Database (2023),https://ntp.niehs.nih.gov/iccvam/methods/immunotox/hppt/hppt_database_14feb2023.xlsx,https://doi.org/10.1007/s00204-023-03530-3,HPPT Record.No 1230,Human Maximization Test,3,Isovaleric acid,503-74-2,DTXSID5029182
CC(C)CC(=O)OC1C2(C)CCC(C2)C1(C)C,0,0.8,NICEATM HPPT Database (2023),https://ntp.niehs.nih.gov/iccvam/methods/immunotox/hppt/hppt_database_14feb2023.xlsx,https://doi.org/10.1007/s00204-023-03530-3,HPPT Record.No 1435,Human Maximization Test,3,"1,3,3-Trimethylbicyclo[2.2.1]heptan-2-yl 3-methylbutanoate",59672-05-8,DTXSID30975075
CC(C)CC(=O)OC1CC(C)CCC1C(C)C,0,0.8,NICEATM HPPT Database (2023),https://ntp.niehs.nih.gov/iccvam/methods/immunotox/hppt/hppt_database_14feb2023.xlsx,https://doi.org/10.1007/s00204-023-03530-3,HPPT Record.No 832,Human Maximization Test,3,"Butanoic acid, 3-methyl-, 5-methyl-2-(1-methylethyl)cyclohexyl ester",16409-46-4,DTXSID00861678
CC(C)CC(=O)OCC=Cc1ccccc1,0,0.8,NICEATM HPPT Database (2023),https://ntp.niehs.nih.gov/iccvam/methods/immunotox/hppt/hppt_database_14feb2023.xlsx,https://doi.org/10.1007/s00204-023-03530-3,HPPT Record.No 706,Human Maximization Test,3,Cinnamyl isovalerate,140-27-2,DTXSID7059694
CC(C)CC(=O)OCCc1ccccc1,0,0.8,NICEATM HPPT Database (2023),https://ntp.niehs.nih.gov/iccvam/methods/immunotox/hppt/hppt_database_14feb2023.xlsx,https://doi.org/10.1007/s00204-023-03530-3,HPPT Record.No 705,Human Maximization Test,3,Phenethyl isovalerate,140-26-1,DTXSID2059693
CC(C)CC(=O)OCc1ccccc1,0,0.8,NICEATM HPPT Database (2023),https://ntp.niehs.nih.gov/iccvam/methods/immunotox/hppt/hppt_database_14feb2023.xlsx,https://doi.org/10.1007/s00204-023-03530-3,HPPT Record.No 119,Human Maximization Test,3,Benzyl 3-methylbutanoate,103-38-8,DTXSID1047603
CC(C)CC1CC(C)(O)CCO1,0,0.8,NICEATM HPPT Database (2023),https://ntp.niehs.nih.gov/iccvam/methods/immunotox/hppt/hppt_database_14feb2023.xlsx,https://doi.org/10.1007/s00204-023-03530-3,HPPT Record.No 1540;1541,Human Repeat Insult Patch Test,3,2-Isobutyl-4-methyltetrahydropyran-4-ol,63500-71-0,DTXSID2052318
CC(C)CC=C(C=O)C(C)C,0,0.8,NICEATM HPPT Database (2023),https://ntp.niehs.nih.gov/iccvam/methods/immunotox/hppt/hppt_database_14feb2023.xlsx,https://doi.org/10.1007/s00204-023-03530-3,HPPT Record.No 1087,Human Maximization Test,3,"2-Hexenal, 5-methyl-2-(1-methylethyl)-",35158-25-9,DTXSID5067891
CC(C)CC=C(CO)C(C)C,0,0.8,NICEATM HPPT Database (2023),https://ntp.niehs.nih.gov/iccvam/methods/immunotox/hppt/hppt_database_14feb2023.xlsx,https://doi.org/10.1007/s00204-023-03530-3,HPPT Record.No 1133,Human Maximization Test,3,"2-Hexen-1-ol, 5-methyl-2-(1-methylethyl)-",40853-53-0,DTXSID2068260
CC(C)CC=O,0,0.8,NICEATM HPPT Database (2023),https://ntp.niehs.nih.gov/iccvam/methods/immunotox/hppt/hppt_database_14feb2023.xlsx,https://doi.org/10.1007/s00204-023-03530-3,HPPT Record.No 1422,Human Maximization Test,3,3-Methylbutanal,590-86-3,DTXSID1021619
CC(C)CCCC(C)(C)O,0,0.8,NICEATM HPPT Database (2023),https://ntp.niehs.nih.gov/iccvam/methods/immunotox/hppt/hppt_database_14feb2023.xlsx,https://doi.org/10.1007/s00204-023-03530-3,HPPT Record.No 634;635;636;637,Human Repeat Insult Patch Test,3,"2,6-Dimethyl-2-heptanol",13254-34-7,DTXSID6041424
CC(C)CCCC(C)CC#N,0,0.6,NICEATM HPPT Database (2023),https://ntp.niehs.nih.gov/iccvam/methods/immunotox/hppt/hppt_database_14feb2023.xlsx,https://doi.org/10.1007/s00204-023-03530-3,HPPT Record.No 1126,Human Repeat Insult Patch Test,4,"3,7-Dimethyloctanenitrile",40188-41-8,DTXSID7052076
CC(C)CCCC(C)CC=O,0,0.8,NICEATM HPPT Database (2023),https://ntp.niehs.nih.gov/iccvam/methods/immunotox/hppt/hppt_database_14feb2023.xlsx,https://doi.org/10.1007/s00204-023-03530-3,HPPT Record.No 1455,Human Maximization Test,3,"3,7-Dimethyloctanal",5988-91-0,DTXSID4044826
CC(C)CCCC(C)CCO,0,0.8,NICEATM HPPT Database (2023),https://ntp.niehs.nih.gov/iccvam/methods/immunotox/hppt/hppt_database_14feb2023.xlsx,https://doi.org/10.1007/s00204-023-03530-3,HPPT Record.No 276;277,Human Maximization Test,3,"3,7-Dimethyloctan-1-ol",106-21-8,DTXSID5044360
CC(C)CCCC1=CCC(C)(C=O)CC1,0,0.8,NICEATM HPPT Database (2023),https://ntp.niehs.nih.gov/iccvam/methods/immunotox/hppt/hppt_database_14feb2023.xlsx,https://doi.org/10.1007/s00204-023-03530-3,HPPT Record.No 1569;1570,Human Maximization Test,3,1-Methyl-4-(4-methylpentyl)cyclohex-3-ene-1-carbaldehyde,66327-54-6,DTXSID9052345
CC(C)CCO,0,0.8,NICEATM HPPT Database (2023),https://ntp.niehs.nih.gov/iccvam/methods/immunotox/hppt/hppt_database_14feb2023.xlsx,https://doi.org/10.1007/s00204-023-03530-3,HPPT Record.No 594,Human Maximization Test,3,Isopentyl alcohol,123-51-3,DTXSID3025469
CC(C)CCOC(=O)C=Cc1ccccc1,0,0.8,NICEATM HPPT Database (2023),https://ntp.niehs.nih.gov/iccvam/methods/immunotox/hppt/hppt_database_14feb2023.xlsx,https://doi.org/10.1007/s00204-023-03530-3,HPPT Record.No 1753,Human Maximization Test,3,Isoamyl cinnamate,7779-65-9,DTXSID4025454
CC(C)CCOC(=O)CC(C)C,0,0.8,NICEATM HPPT Database (2023),https://ntp.niehs.nih.gov/iccvam/methods/immunotox/hppt/hppt_database_14feb2023.xlsx,https://doi.org/10.1007/s00204-023-03530-3,HPPT Record.No 1566,Human Maximization Test,3,3-Methylbutyl 3-methylbutanoate,659-70-1,DTXSID8044757
CC(C)CCOC(=O)Cc1ccccc1,0,0.8,NICEATM HPPT Database (2023),https://ntp.niehs.nih.gov/iccvam/methods/immunotox/hppt/hppt_database_14feb2023.xlsx,https://doi.org/10.1007/s00204-023-03530-3,HPPT Record.No 78,Human Maximization Test,3,3-Methylbutyl phenylacetate,102-19-2,DTXSID2044501
CC(C)CCOC(=O)c1ccccc1,0,0.8,NICEATM HPPT Database (2023),https://ntp.niehs.nih.gov/iccvam/methods/immunotox/hppt/hppt_database_14feb2023.xlsx,https://doi.org/10.1007/s00204-023-03530-3,HPPT Record.No 1962,Human Maximization Test,3,Isopentyl benzoate,94-46-2,DTXSID8047185
CC(C)CCOC=O,0,0.8,NICEATM HPPT Database (2023),https://ntp.niehs.nih.gov/iccvam/methods/immunotox/hppt/hppt_database_14feb2023.xlsx,https://doi.org/10.1007/s00204-023-03530-3,HPPT Record.No 376,Human Maximization Test,3,Isoamyl formate,110-45-2,DTXSID00861734
CC(C)CCOCCc1ccccc1,0,0.8,NICEATM HPPT Database (2023),https://ntp.niehs.nih.gov/iccvam/methods/immunotox/hppt/hppt_database_14feb2023.xlsx,https://doi.org/10.1007/s00204-023-03530-3,HPPT Record.No 1355,Human Maximization Test,3,3-Methylbutyl 2-phenylethyl ether,56011-02-0,DTXSID3052220
CC(C)CCOCc1ccccc1,0,0.8,NICEATM HPPT Database (2023),https://ntp.niehs.nih.gov/iccvam/methods/immunotox/hppt/hppt_database_14feb2023.xlsx,https://doi.org/10.1007/s00204-023-03530-3,HPPT Record.No 559,Human Maximization Test,3,Benzyl 3-methylbutyl ether,122-73-6,DTXSID7047439
CC(C)COC(=O)C=Cc1ccccc1,0,0.8,NICEATM HPPT Database (2023),https://ntp.niehs.nih.gov/iccvam/methods/immunotox/hppt/hppt_database_14feb2023.xlsx,https://doi.org/10.1007/s00204-023-03530-3,HPPT Record.No 554,Human Maximization Test,3,Isobutyl 3-phenylacrylate,122-67-8,DTXSID2047646
CC(C)COC(=O)CC(C)C,0,0.8,NICEATM HPPT Database (2023),https://ntp.niehs.nih.gov/iccvam/methods/immunotox/hppt/hppt_database_14feb2023.xlsx,https://doi.org/10.1007/s00204-023-03530-3,HPPT Record.No 1415,Human Maximization Test,3,"Butanoic acid, 3-methyl-, 2-methylpropyl ester",589-59-3,DTXSID5060431
CC(C)COC(=O)CCCCC(=O)OCC(C)C,0,0.8,NICEATM HPPT Database (2023),https://ntp.niehs.nih.gov/iccvam/methods/immunotox/hppt/hppt_database_14feb2023.xlsx,https://doi.org/10.1007/s00204-023-03530-3,HPPT Record.No 745,Human Maximization Test,3,Diisobutyl adipate,141-04-8,DTXSID9036690
CC(C)COC(=O)CCc1ccco1,0,0.8,NICEATM HPPT Database (2023),https://ntp.niehs.nih.gov/iccvam/methods/immunotox/hppt/hppt_database_14feb2023.xlsx,https://doi.org/10.1007/s00204-023-03530-3,HPPT Record.No 226,Human Maximization Test,3,Isobutyl furan-2-propionate,105-01-1,DTXSID4051532
CC(C)COC(=O)Cc1ccccc1,0,0.8,NICEATM HPPT Database (2023),https://ntp.niehs.nih.gov/iccvam/methods/immunotox/hppt/hppt_database_14feb2023.xlsx,https://doi.org/10.1007/s00204-023-03530-3,HPPT Record.No 75,Human Maximization Test,3,Isobutyl phenylacetate,102-13-6,DTXSID6051512
CC(C)COC(=O)c1ccccc1,0,0.8,NICEATM HPPT Database (2023),https://ntp.niehs.nih.gov/iccvam/methods/immunotox/hppt/hppt_database_14feb2023.xlsx,https://doi.org/10.1007/s00204-023-03530-3,HPPT Record.No 519,Human Maximization Test,3,Isobutyl benzoate,120-50-3,DTXSID6047074
CC(C)COC(=O)c1ccccc1O,0,0.8,NICEATM HPPT Database (2023),https://ntp.niehs.nih.gov/iccvam/methods/immunotox/hppt/hppt_database_14feb2023.xlsx,https://doi.org/10.1007/s00204-023-03530-3,HPPT Record.No 1880,Human Maximization Test,3,Isobutyl salicylate,87-19-4,DTXSID3047186
CC(C)COc1ccc2ccccc2c1,0,0.8,NICEATM HPPT Database (2023),https://ntp.niehs.nih.gov/iccvam/methods/immunotox/hppt/hppt_database_14feb2023.xlsx,https://doi.org/10.1007/s00204-023-03530-3,HPPT Record.No 907,Human Maximization Test,3,2-(2-Methylpropoxy)naphthalene,2173-57-1,DTXSID1051484
CC(C)Cc1ccc2ccccc2n1,0,0.8,NICEATM HPPT Database (2023),https://ntp.niehs.nih.gov/iccvam/methods/immunotox/hppt/hppt_database_14feb2023.xlsx,https://doi.org/10.1007/s00204-023-03530-3,HPPT Record.No 1932,Human Maximization Test,3,2-Isobutylquinoline,93-19-6,DTXSID5052622
CC(C)OC(=O)C=Cc1ccccc1,0,0.8,NICEATM HPPT Database (2023),https://ntp.niehs.nih.gov/iccvam/methods/immunotox/hppt/hppt_database_14feb2023.xlsx,https://doi.org/10.1007/s00204-023-03530-3,HPPT Record.No 1755,Human Maximization Test,3,"2-Propenoic acid, 3-phenyl-, 1-methylethyl ester",7780-06-5,DTXSID3064809
CC(C)c1ccc(C#N)cc1,0,0.8,NICEATM HPPT Database (2023),https://ntp.niehs.nih.gov/iccvam/methods/immunotox/hppt/hppt_database_14feb2023.xlsx,https://doi.org/10.1007/s00204-023-03530-3,HPPT Record.No 679,Human Maximization Test,3,4-Isopropylbenzonitrile,13816-33-6,DTXSID6047440
CC(C)c1ccc(C=O)c(C(C)C)c1,0,0.8,NICEATM HPPT Database (2023),https://ntp.niehs.nih.gov/iccvam/methods/immunotox/hppt/hppt_database_14feb2023.xlsx,https://doi.org/10.1007/s00204-023-03530-3,HPPT Record.No 1617,Human Maximization Test,3,"Benzaldehyde, 2,4-bis(1-methylethyl)-",68459-95-0,DTXSID9071555
CC(C)c1ccc(C=O)cc1,0,0.8,NICEATM HPPT Database (2023),https://ntp.niehs.nih.gov/iccvam/methods/immunotox/hppt/hppt_database_14feb2023.xlsx,https://doi.org/10.1007/s00204-023-03530-3,HPPT Record.No 541,Human Maximization Test,3,4-Isopropylbenzaldehyde,122-03-2,DTXSID9021974
CC(C)c1ccc(CC(C)C2OCCO2)cc1,0,0.8,NICEATM HPPT Database (2023),https://ntp.niehs.nih.gov/iccvam/methods/immunotox/hppt/hppt_database_14feb2023.xlsx,https://doi.org/10.1007/s00204-023-03530-3,HPPT Record.No 1695,Human Maximization Test,3,"1,3-Dioxolane, 2-[1-methyl-2-[4-(1-methylethyl)phenyl]ethyl]-",72845-85-3,DTXSID80888287
CC(C)c1ccc(CO)cc1,0,0.8,NICEATM HPPT Database (2023),https://ntp.niehs.nih.gov/iccvam/methods/immunotox/hppt/hppt_database_14feb2023.xlsx,https://doi.org/10.1007/s00204-023-03530-3,HPPT Record.No 1278,Human Maximization Test,3,4-Isopropylbenzyl alcohol,536-60-7,DTXSID0021626
CC(C)c1ccnc2ccccc12,0,0.8,NICEATM HPPT Database (2023),https://ntp.niehs.nih.gov/iccvam/methods/immunotox/hppt/hppt_database_14feb2023.xlsx,https://doi.org/10.1007/s00204-023-03530-3,HPPT Record.No 644,Human Maximization Test,3,4-(Propan-2-yl)quinoline,1333-53-5,DTXSID20862642
CC(C=O)=Cc1ccccc1,0,0.8,NICEATM HPPT Database (2023),https://ntp.niehs.nih.gov/iccvam/methods/immunotox/hppt/hppt_database_14feb2023.xlsx,https://doi.org/10.1007/s00204-023-03530-3,HPPT Record.No 59,Human Maximization Test,3,2-Methylcinnamic aldehyde,101-39-3,DTXSID4025587
CC(C=O)CCc1ccccc1,0,0.8,NICEATM HPPT Database (2023),https://ntp.niehs.nih.gov/iccvam/methods/immunotox/hppt/hppt_database_14feb2023.xlsx,https://doi.org/10.1007/s00204-023-03530-3,HPPT Record.No 1132,Human Repeat Insult Patch Test,3,"Benzenebutanal, .alpha.-methyl-",40654-82-8,DTXSID80866005
CC(C=O)Cc1ccc(C(C)C)cc1,0,0.8,NICEATM HPPT Database (2023),https://ntp.niehs.nih.gov/iccvam/methods/immunotox/hppt/hppt_database_14feb2023.xlsx,https://doi.org/10.1007/s00204-023-03530-3,HPPT Record.No 146;147,Human Repeat Insult Patch Test,3,Cyclamen aldehyde,103-95-7,DTXSID2044769
CC(CC=O)CC(C)(C)C,0,0.8,NICEATM HPPT Database (2023),https://ntp.niehs.nih.gov/iccvam/methods/immunotox/hppt/hppt_database_14feb2023.xlsx,https://doi.org/10.1007/s00204-023-03530-3,HPPT Record.No 1311,Human Maximization Test,3,"3,5,5-Trimethylhexanal",5435-64-3,DTXSID6047107
CC(CCO)CC(C)(C)C,0,0.8,NICEATM HPPT Database (2023),https://ntp.niehs.nih.gov/iccvam/methods/immunotox/hppt/hppt_database_14feb2023.xlsx,https://doi.org/10.1007/s00204-023-03530-3,HPPT Record.No 1083,Human Maximization Test,3,"3,5,5-Trimethyl-1-hexanol",3452-97-9,DTXSID7029661
CC(CCO)CCCC(C)(C)O,0,0.8,NICEATM HPPT Database (2023),https://ntp.niehs.nih.gov/iccvam/methods/immunotox/hppt/hppt_database_14feb2023.xlsx,https://doi.org/10.1007/s00204-023-03530-3,HPPT Record.No 324,Human Maximization Test,3,"3,7-Dimethyloctane-1,7-diol",107-74-4,DTXSID6044513
CC(CCO)CCc1ccccc1,0,0.8,NICEATM HPPT Database (2023),https://ntp.niehs.nih.gov/iccvam/methods/immunotox/hppt/hppt_database_14feb2023.xlsx,https://doi.org/10.1007/s00204-023-03530-3,HPPT Record.No 1329;1330,Human Repeat Insult Patch Test,3,3-Methyl-5-phenylpentan-1-ol,55066-48-3,DTXSID4044822
CC(CO)CC(C)c1ccccc1,0,0.8,NICEATM HPPT Database (2023),https://ntp.niehs.nih.gov/iccvam/methods/immunotox/hppt/hppt_database_14feb2023.xlsx,https://doi.org/10.1007/s00204-023-03530-3,HPPT Record.No 1923;1924,Human Repeat Insult Patch Test,3,2-Methyl-4-phenylpentanol,92585-24-5,DTXSID1052616
CC(CO)c1ccccc1,0,0.8,NICEATM HPPT Database (2023),https://ntp.niehs.nih.gov/iccvam/methods/immunotox/hppt/hppt_database_14feb2023.xlsx,https://doi.org/10.1007/s00204-023-03530-3,HPPT Record.No 437;438,Human Repeat Insult Patch Test,3,2-Phenylpropan-1-ol,1123-85-9,DTXSID8037756
CC(O)C(C)C(C)C(C)C(C)(C)C,0,0.6,NICEATM HPPT Database (2023),https://ntp.niehs.nih.gov/iccvam/methods/immunotox/hppt/hppt_database_14feb2023.xlsx,https://doi.org/10.1007/s00204-023-03530-3,HPPT Record.No 1876,Human Repeat Insult Patch Test,4,"3,4,5,6,6-Pentamethylheptan-2-ol",87118-95-4,DTXSID101007351
CC(O)C1CCCCC1,0,0.6,NICEATM HPPT Database (2023),https://ntp.niehs.nih.gov/iccvam/methods/immunotox/hppt/hppt_database_14feb2023.xlsx,https://doi.org/10.1007/s00204-023-03530-3,HPPT Record.No 510,Human Repeat Insult Patch Test,4,1-Cyclohexylethanol,1193-81-3,DTXSID7047643
CC(O)CC(C)(C)O,0,0.8,NICEATM HPPT Database (2023),https://ntp.niehs.nih.gov/iccvam/methods/immunotox/hppt/hppt_database_14feb2023.xlsx,https://doi.org/10.1007/s00204-023-03530-3,HPPT Record.No 323,Human Maximization Test,3,"2-Methyl-2,4-pentanediol",107-41-5,DTXSID5021885
CC(O)CO,0,1.0,NICEATM HPPT Database (2023),https://ntp.niehs.nih.gov/iccvam/methods/immunotox/hppt/hppt_database_14feb2023.xlsx,https://doi.org/10.1007/s00204-023-03530-3,HPPT Record.No 1378;1379;1380,Human Maximization Test,1,"1,2-Propylene glycol",57-55-6,DTXSID0021206
CC(O)COCC(C)O,0,0.8,NICEATM HPPT Database (2023),https://ntp.niehs.nih.gov/iccvam/methods/immunotox/hppt/hppt_database_14feb2023.xlsx,https://doi.org/10.1007/s00204-023-03530-3,HPPT Record.No 382,Human Maximization Test,3,"1,1'-Oxybis-2-propanol",110-98-5,DTXSID7026863
CC(O)c1ccccc1,0,0.8,NICEATM HPPT Database (2023),https://ntp.niehs.nih.gov/iccvam/methods/immunotox/hppt/hppt_database_14feb2023.xlsx,https://doi.org/10.1007/s00204-023-03530-3,HPPT Record.No 2009;2010,Human Maximization Test,3,alpha-Methylbenzyl alcohol,98-85-1,DTXSID1020859
CC(OC=O)C1CCCC(C)(C)C1,0,0.8,NICEATM HPPT Database (2023),https://ntp.niehs.nih.gov/iccvam/methods/immunotox/hppt/hppt_database_14feb2023.xlsx,https://doi.org/10.1007/s00204-023-03530-3,HPPT Record.No 963,Human Maximization Test,3,"Cyclohexanemethanol, .alpha.,3,3-trimethyl-, 1-formate",25225-08-5,DTXSID20865193
CC1(C)C2CC=C(CCO)C1C2,0,0.8,NICEATM HPPT Database (2023),https://ntp.niehs.nih.gov/iccvam/methods/immunotox/hppt/hppt_database_14feb2023.xlsx,https://doi.org/10.1007/s00204-023-03530-3,HPPT Record.No 622,Human Maximization Test,3,"Bicyclo[3.1.1]hept-2-ene-2-ethanol, 6,6-dimethyl-",128-50-7,DTXSID10861780
CC1(C)C2CCC(C=O)C1C2,0,0.8,NICEATM HPPT Database (2023),https://ntp.niehs.nih.gov/iccvam/methods/immunotox/hppt/hppt_database_14feb2023.xlsx,https://doi.org/10.1007/s00204-023-03530-3,HPPT Record.No 1361,Human Maximization Test,3,"6,6-Dimethylbicyclo[3.1.1]heptane-2-carbaldehyde",564-94-3,DTXSID8052227
CC1(C)C2CCC1(C)C(CCCO)C2,0,0.8,NICEATM HPPT Database (2023),https://ntp.niehs.nih.gov/iccvam/methods/immunotox/hppt/hppt_database_14feb2023.xlsx,https://doi.org/10.1007/s00204-023-03530-3,HPPT Record.No 1673,Human Maximization Test,3,"3-[(1S,2S,4S)-1,7,7-Trimethylbicyclo[2.2.1]hept-2-yl]propan-1-ol",7070-15-7,DTXSID1052452
CC1(C)C2CCC1(C)C(O)C2,0,0.8,NICEATM HPPT Database (2023),https://ntp.niehs.nih.gov/iccvam/methods/immunotox/hppt/hppt_database_14feb2023.xlsx,https://doi.org/10.1007/s00204-023-03530-3,HPPT Record.No 608;1191;1192;1193,Human Maximization Test,3,Isoborneol,124-76-5,DTXSID2042060
CC1(C)C2CCC1(C)C(OC=O)C2,0,0.8,NICEATM HPPT Database (2023),https://ntp.niehs.nih.gov/iccvam/methods/immunotox/hppt/hppt_database_14feb2023.xlsx,https://doi.org/10.1007/s00204-023-03530-3,HPPT Record.No 515,Human Maximization Test,3,isobornyl formate,1200-67-5,DTXSID30881243
CC1(C)C2CCC3(C2)C1C(=O)CCC3(C)C,0,0.8,NICEATM HPPT Database (2023),https://ntp.niehs.nih.gov/iccvam/methods/immunotox/hppt/hppt_database_14feb2023.xlsx,https://doi.org/10.1007/s00204-023-03530-3,HPPT Record.No 930;931;932;933,Human Maximization Test,3,Isolongifolanone- parent,23787-90-8,DTXSID2047228
CC1(O)CCC2CC1C2(C)C,0,0.8,NICEATM HPPT Database (2023),https://ntp.niehs.nih.gov/iccvam/methods/immunotox/hppt/hppt_database_14feb2023.xlsx,https://doi.org/10.1007/s00204-023-03530-3,HPPT Record.No 1216,Human Maximization Test,3,cis-2-Pinanol,4948-28-1,DTXSID3027582
CC12CCC(=O)C=C1CCC1C2C(O)CC2(C)C1CCC2(O)C(=O)CO,0,1.0,NICEATM HPPT Database (2023),https://ntp.niehs.nih.gov/iccvam/methods/immunotox/hppt/hppt_database_14feb2023.xlsx,https://doi.org/10.1007/s00204-023-03530-3,HPPT Record.No 1226,Human Maximization Test,1,Hydrocortisone,50-23-7,DTXSID7020714
CC12CCC(=O)C=C1CCC1C2CCC2(C)C(O)CCC12,0,1.0,NICEATM HPPT Database (2023),https://ntp.niehs.nih.gov/iccvam/methods/immunotox/hppt/hppt_database_14feb2023.xlsx,https://doi.org/10.1007/s00204-023-03530-3,HPPT Record.No 1400,Human Maximization Test,1,Testosterone,58-22-0,DTXSID8022371
CC12CCC(C1)C(C)(C)C2(C)O,0,0.8,NICEATM HPPT Database (2023),https://ntp.niehs.nih.gov/iccvam/methods/immunotox/hppt/hppt_database_14feb2023.xlsx,https://doi.org/10.1007/s00204-023-03530-3,HPPT Record.No 1009,Human Repeat Insult Patch Test,3,"(1R,2R,4S)-1,2,3,3-tetramethylbicyclo[2.2.1]heptan-2-ol",28462-85-3,DTXSID8051964
CC12CCC(C1)C(C)(C)C2=O,0,0.8,NICEATM HPPT Database (2023),https://ntp.niehs.nih.gov/iccvam/methods/immunotox/hppt/hppt_database_14feb2023.xlsx,https://doi.org/10.1007/s00204-023-03530-3,HPPT Record.No 511,Human Maximization Test,3,alpha-Fenchone,1195-79-5,DTXSID9025324
CC12CCC(C1)C(C)(C)C2O,0,0.8,NICEATM HPPT Database (2023),https://ntp.niehs.nih.gov/iccvam/methods/immunotox/hppt/hppt_database_14feb2023.xlsx,https://doi.org/10.1007/s00204-023-03530-3,HPPT Record.No 1242,Human Maximization Test,3,(-)-alpha-Fenchol,512-13-0,DTXSID7041205
CC12CCC(CC1)C(C)(C)O2,0,0.8,NICEATM HPPT Database (2023),https://ntp.niehs.nih.gov/iccvam/methods/immunotox/hppt/hppt_database_14feb2023.xlsx,https://doi.org/10.1007/s00204-023-03530-3,HPPT Record.No 1201,Human Maximization Test,3,"1,8-Cineol",470-82-6,DTXSID4020616
CC12CCC(CC1=O)C2(C)C,0,0.8,NICEATM HPPT Database (2023),https://ntp.niehs.nih.gov/iccvam/methods/immunotox/hppt/hppt_database_14feb2023.xlsx,https://doi.org/10.1007/s00204-023-03530-3,HPPT Record.No 1194,Human Maximization Test,3,D-Camphor,464-49-3,DTXSID4024721
CC12CCC3(CCCC(C)(C)C3C1)OC2=O,0,0.8,NICEATM HPPT Database (2023),https://ntp.niehs.nih.gov/iccvam/methods/immunotox/hppt/hppt_database_14feb2023.xlsx,https://doi.org/10.1007/s00204-023-03530-3,HPPT Record.No 902,Human Maximization Test,3,Lactoscatone,21280-29-5,DTXSID60864983
CC12CCCC(O)(C1)C1CC(C)(C)C1CC2,0,0.8,NICEATM HPPT Database (2023),https://ntp.niehs.nih.gov/iccvam/methods/immunotox/hppt/hppt_database_14feb2023.xlsx,https://doi.org/10.1007/s00204-023-03530-3,HPPT Record.No 1363,Human Maximization Test,3,"4,4,8-Trimethyltricyclo(6.3.1.02,5)dodecan-1-ol",56747-96-7,DTXSID60904378
CC1=C(C=CC(C)O)C(C)(C)CCC1,0,0.8,NICEATM HPPT Database (2023),https://ntp.niehs.nih.gov/iccvam/methods/immunotox/hppt/hppt_database_14feb2023.xlsx,https://doi.org/10.1007/s00204-023-03530-3,HPPT Record.No 911,Human Maximization Test,3,"3-Buten-2-ol, 4-(2,6,6-trimethyl-1-cyclohexen-1-yl)-",22029-76-1,DTXSID30865028
CC1=CC(=O)C(C(C)C)CC1,0,0.8,NICEATM HPPT Database (2023),https://ntp.niehs.nih.gov/iccvam/methods/immunotox/hppt/hppt_database_14feb2023.xlsx,https://doi.org/10.1007/s00204-023-03530-3,HPPT Record.No 1896,Human Maximization Test,3,Piperitone,89-81-6,DTXSID7052604
CC1=CC(=O)C23CC1C(C)(C)C2CCC3C,0,0.8,NICEATM HPPT Database (2023),https://ntp.niehs.nih.gov/iccvam/methods/immunotox/hppt/hppt_database_14feb2023.xlsx,https://doi.org/10.1007/s00204-023-03530-3,HPPT Record.No 1032,Human Maximization Test,3,"4H-3a,7-Methanoazulen-4-one, 1,2,3,7,8,8a-hexahydro-3,6,8,8-tetramethyl-, (3R,3aR,7S,8aS)-",30960-39-5,DTXSID60885491
CC1=CC(C)C(CO)C(C)C1,0,0.6,NICEATM HPPT Database (2023),https://ntp.niehs.nih.gov/iccvam/methods/immunotox/hppt/hppt_database_14feb2023.xlsx,https://doi.org/10.1007/s00204-023-03530-3,HPPT Record.No 1620,Human Repeat Insult Patch Test,4,"2,4,6-Trimethylcyclohex-3-ene-1-methanol",68527-77-5,DTXSID5052414
CC1=CC(O)CC(C)C2CC(=C(C)C)CC12,0,0.8,NICEATM HPPT Database (2023),https://ntp.niehs.nih.gov/iccvam/methods/immunotox/hppt/hppt_database_14feb2023.xlsx,https://doi.org/10.1007/s00204-023-03530-3,HPPT Record.No 1898,Human Maximization Test,3,"6-Azulenol, 1,2,3,3a,4,5,6,8a-octahydro-4,8-dimethyl-2-(1-methylethylidene)-",89-88-3,DTXSID70861680
CC1=CC=C(C(C)C)CC1,0,0.8,NICEATM HPPT Database (2023),https://ntp.niehs.nih.gov/iccvam/methods/immunotox/hppt/hppt_database_14feb2023.xlsx,https://doi.org/10.1007/s00204-023-03530-3,HPPT Record.No 2023,Human Maximization Test,3,alpha-Terpinene,99-86-5,DTXSID9041237
CC1=CCC(=C(C)C)CC1,0,0.8,NICEATM HPPT Database (2023),https://ntp.niehs.nih.gov/iccvam/methods/immunotox/hppt/hppt_database_14feb2023.xlsx,https://doi.org/10.1007/s00204-023-03530-3,HPPT Record.No 1409,Human Maximization Test,3,Terpinolene,586-62-9,DTXSID0027222
CC1=CCC(C(C)(C)OC(=O)C(C)C)CC1,0,0.8,NICEATM HPPT Database (2023),https://ntp.niehs.nih.gov/iccvam/methods/immunotox/hppt/hppt_database_14feb2023.xlsx,https://doi.org/10.1007/s00204-023-03530-3,HPPT Record.No 1744,Human Maximization Test,3,"Propanoic acid, 2-methyl-, 1-methyl-1-(4-methyl-3-cyclohexen-1-yl)ethyl ester",7774-65-4,DTXSID50864114
CC1=CCC(C(C)(C)OC=O)CC1,0,0.8,NICEATM HPPT Database (2023),https://ntp.niehs.nih.gov/iccvam/methods/immunotox/hppt/hppt_database_14feb2023.xlsx,https://doi.org/10.1007/s00204-023-03530-3,HPPT Record.No 904,Human Maximization Test,3,"3-Cyclohexene-1-methanol, .alpha.,.alpha.,4-trimethyl-, 1-formate",2153-26-6,DTXSID20862849
CC1=CCC(C(C)C)=CC1,0,0.8,NICEATM HPPT Database (2023),https://ntp.niehs.nih.gov/iccvam/methods/immunotox/hppt/hppt_database_14feb2023.xlsx,https://doi.org/10.1007/s00204-023-03530-3,HPPT Record.No 2022,Human Maximization Test,3,gamma-Terpinene,99-85-4,DTXSID6041210
CC1=CCC(C(C)CC2CCCC2=O)CC1,0,0.8,NICEATM HPPT Database (2023),https://ntp.niehs.nih.gov/iccvam/methods/immunotox/hppt/hppt_database_14feb2023.xlsx,https://doi.org/10.1007/s00204-023-03530-3,HPPT Record.No 1969,Human Repeat Insult Patch Test,3,2-(2-(4-Methyl-3-cyclohexen-1-yl)propyl)cyclopentanone,95962-14-4,DTXSID3052646
CC1=CCC(C)C(C=O)C1,0,0.8,NICEATM HPPT Database (2023),https://ntp.niehs.nih.gov/iccvam/methods/immunotox/hppt/hppt_database_14feb2023.xlsx,https://doi.org/10.1007/s00204-023-03530-3,HPPT Record.No 1598,Human Maximization Test,3,"3,6-Dimethylcyclohex-3-ene-1-carbaldehyde",67801-65-4,DTXSID1052377
CC1=CCC(CCC(C)CO)C1(C)C,0,0.8,NICEATM HPPT Database (2023),https://ntp.niehs.nih.gov/iccvam/methods/immunotox/hppt/hppt_database_14feb2023.xlsx,https://doi.org/10.1007/s00204-023-03530-3,HPPT Record.No 1687,Human Maximization Test,3,"3-Cyclopentene-1-butanol, .beta.,2,2,3-tetramethyl-",72089-08-8,DTXSID60888048
CC1=CCC(O)(C(C)C)CC1,0,0.8,NICEATM HPPT Database (2023),https://ntp.niehs.nih.gov/iccvam/methods/immunotox/hppt/hppt_database_14feb2023.xlsx,https://doi.org/10.1007/s00204-023-03530-3,HPPT Record.No 1358;1359,Human Maximization Test,3,4-Methyl-1-(propan-2-yl)cyclohex-3-en-1-ol,562-74-3,DTXSID4044824
CC1=CCC23CC1C(C)(C)C2CCC3C,0,0.8,NICEATM HPPT Database (2023),https://ntp.niehs.nih.gov/iccvam/methods/immunotox/hppt/hppt_database_14feb2023.xlsx,https://doi.org/10.1007/s00204-023-03530-3,HPPT Record.No 1199,Human Maximization Test,3,(-)-alpha-Cedrene,469-61-4,DTXSID0047032
CC1=CCC2C(C1)C2(C)C,0,0.8,NICEATM HPPT Database (2023),https://ntp.niehs.nih.gov/iccvam/methods/immunotox/hppt/hppt_database_14feb2023.xlsx,https://doi.org/10.1007/s00204-023-03530-3,HPPT Record.No 658,Human Maximization Test,3,3-Carene,13466-78-9,DTXSID4047462
CC1=CCC2C3CC(C2C1)C1(C3)OC1C,0,0.6,NICEATM HPPT Database (2023),https://ntp.niehs.nih.gov/iccvam/methods/immunotox/hppt/hppt_database_14feb2023.xlsx,https://doi.org/10.1007/s00204-023-03530-3,HPPT Record.No 1142;1143,Human Repeat Insult Patch Test,4,"3,4,4a,5,8,8a-Hexahydro-3',7'-dimethylspiro[1,4-methanonaphthalene-2(1H),2'-oxirane]",41816-03-9,DTXSID6052089
CC1=CCCC(C)(C)C1C=CC(C)O,0,0.8,NICEATM HPPT Database (2023),https://ntp.niehs.nih.gov/iccvam/methods/immunotox/hppt/hppt_database_14feb2023.xlsx,https://doi.org/10.1007/s00204-023-03530-3,HPPT Record.No 968,Human Maximization Test,3,"(3E)-4-(2,6,6-Trimethyl-2-cyclohexen-1-yl)-3-buten-2-ol",25312-34-9,DTXSID60885294
CC1=CCCC(C)(C)C1CCC(C)C=O,0,0.8,NICEATM HPPT Database (2023),https://ntp.niehs.nih.gov/iccvam/methods/immunotox/hppt/hppt_database_14feb2023.xlsx,https://doi.org/10.1007/s00204-023-03530-3,HPPT Record.No 1560,Human Maximization Test,3,"2-Methyl-4-(2,6,6-trimethylcyclohex-2-en-1-yl)butanal",65405-84-7,DTXSID5052339
CC1=CCCC2(C)OC2CCC(C)=CCC1,0,0.8,NICEATM HPPT Database (2023),https://ntp.niehs.nih.gov/iccvam/methods/immunotox/hppt/hppt_database_14feb2023.xlsx,https://doi.org/10.1007/s00204-023-03530-3,HPPT Record.No 678,Human Repeat Insult Patch Test,3,"1,5,9-Trimethyl-13-oxabicyclo[10.1.0]trideca-4,8-diene",13786-79-3,DTXSID6051697
CC1C2CCC(C3(O)CCCCC3)(C2)C1(C)C,0,0.8,NICEATM HPPT Database (2023),https://ntp.niehs.nih.gov/iccvam/methods/immunotox/hppt/hppt_database_14feb2023.xlsx,https://doi.org/10.1007/s00204-023-03530-3,HPPT Record.No 1827,Human Maximization Test,3,"1-(2,2,3-Trimethylbicyclo[2.2.1]heptan-1-yl)cyclohexan-1-ol",80748-58-9,DTXSID301001454
CC1C=CC=CC=CC=CC=CC=CC=CC(OC2OC(C)C(O)C(N)C2O)CC2OC(O)(CC(O)CC(O)C(O)CCC(O)CC(O)CC(=O)OC(C)C(C)C1O)CC(O)C2C(=O)O,0,1.0,NICEATM HPPT Database (2023),https://ntp.niehs.nih.gov/iccvam/methods/immunotox/hppt/hppt_database_14feb2023.xlsx,https://doi.org/10.1007/s00204-023-03530-3,HPPT Record.No 692,Human Maximization Test,1,Amphotericin B,1397-89-3,DTXSID9022601
CC1C=COC2(CCCCC2)C1,0,0.6,NICEATM HPPT Database (2023),https://ntp.niehs.nih.gov/iccvam/methods/immunotox/hppt/hppt_database_14feb2023.xlsx,https://doi.org/10.1007/s00204-023-03530-3,HPPT Record.No 1615;1616,Human Repeat Insult Patch Test,4,4-Methyl-1-oxaspiro[5.5]undecene,68228-06-8,DTXSID6052403
CC1CC(C)(C)OC(Cc2ccccc2)O1,0,0.8,NICEATM HPPT Database (2023),https://ntp.niehs.nih.gov/iccvam/methods/immunotox/hppt/hppt_database_14feb2023.xlsx,https://doi.org/10.1007/s00204-023-03530-3,HPPT Record.No 1579;1580;1581,Human Repeat Insult Patch Test,3,"2-Benzyl-4,4,6-trimethyl-1,3-dioxane",67633-94-7,DTXSID3052351
CC1CC(O)CC(C)(C)C1,0,0.8,NICEATM HPPT Database (2023),https://ntp.niehs.nih.gov/iccvam/methods/immunotox/hppt/hppt_database_14feb2023.xlsx,https://doi.org/10.1007/s00204-023-03530-3,HPPT Record.No 478,Human Maximization Test,3,"3,3,5-Trimethylcyclohexanol",116-02-9,DTXSID9041815
CC1CC(OC(=O)c2ccccc2O)CC(C)(C)C1,0,0.6,NICEATM HPPT Database (2023),https://ntp.niehs.nih.gov/iccvam/methods/immunotox/hppt/hppt_database_14feb2023.xlsx,https://doi.org/10.1007/s00204-023-03530-3,HPPT Record.No 491,Human Maximization Test,4,"3,3,5-Trimethylcyclohexyl salicylate",118-56-9,DTXSID1026241
CC1CCC(=O)C1=O,0,0.8,NICEATM HPPT Database (2023),https://ntp.niehs.nih.gov/iccvam/methods/immunotox/hppt/hppt_database_14feb2023.xlsx,https://doi.org/10.1007/s00204-023-03530-3,HPPT Record.No 1826,Human Maximization Test,3,"3-Methyl-1,2-cyclopentanedione",765-70-8,DTXSID3047716
CC1CCC(=O)O1,0,0.8,NICEATM HPPT Database (2023),https://ntp.niehs.nih.gov/iccvam/methods/immunotox/hppt/hppt_database_14feb2023.xlsx,https://doi.org/10.1007/s00204-023-03530-3,HPPT Record.No 349,Human Maximization Test,3,4-Pentanolide,108-29-2,DTXSID0047618
CC1CCC(C(C)(C)O)C(O)C1,0,0.6,NICEATM HPPT Database (2023),https://ntp.niehs.nih.gov/iccvam/methods/immunotox/hppt/hppt_database_14feb2023.xlsx,https://doi.org/10.1007/s00204-023-03530-3,HPPT Record.No 1151,Human Repeat Insult Patch Test,4,"p-Menthane-3,8-diol",42822-86-6,DTXSID0035744
CC1CCC(C(C)(C)O)CC1,0,0.8,NICEATM HPPT Database (2023),https://ntp.niehs.nih.gov/iccvam/methods/immunotox/hppt/hppt_database_14feb2023.xlsx,https://doi.org/10.1007/s00204-023-03530-3,HPPT Record.No 1218,Human Maximization Test,3,Dihydro-alpha-terpineol,498-81-7,DTXSID4041812
CC1CCC(C(C)C)C(=O)C1,0,0.8,NICEATM HPPT Database (2023),https://ntp.niehs.nih.gov/iccvam/methods/immunotox/hppt/hppt_database_14feb2023.xlsx,https://doi.org/10.1007/s00204-023-03530-3,HPPT Record.No 1213;1895,Human Maximization Test,3,"(2R,5R)-5-Methyl-2-(propan-2-yl)cyclohexanone",491-07-6,DTXSID7044475
CC1CCC(C(C)C)C(O)C1,0,0.8,NICEATM HPPT Database (2023),https://ntp.niehs.nih.gov/iccvam/methods/immunotox/hppt/hppt_database_14feb2023.xlsx,https://doi.org/10.1007/s00204-023-03530-3,HPPT Record.No 913;1893,Human Maximization Test,3,dl-Menthol,89-78-1,DTXSID1020805
CC1CCC(C(C)C)C(OC(=O)Cc2ccccc2)C1,0,0.8,NICEATM HPPT Database (2023),https://ntp.niehs.nih.gov/iccvam/methods/immunotox/hppt/hppt_database_14feb2023.xlsx,https://doi.org/10.1007/s00204-023-03530-3,HPPT Record.No 981,Human Maximization Test,3,"Benzeneacetic acid, (1R,2S,5R)-5-methyl-2-(1-methylethyl)cyclohexyl ester",26171-78-8,DTXSID40885338
CC1CCC2(CCC(=O)O2)CC1,0,0.6,NICEATM HPPT Database (2023),https://ntp.niehs.nih.gov/iccvam/methods/immunotox/hppt/hppt_database_14feb2023.xlsx,https://doi.org/10.1007/s00204-023-03530-3,HPPT Record.No 1955,Human Repeat Insult Patch Test,4,"1-Oxaspiro[4.5]decan-2-one, 8-methyl-",94201-19-1,DTXSID70888736
CC1CCC2C(C)(C)C3CC12CC1OC(C)(C)OC13C,0,0.6,NICEATM HPPT Database (2023),https://ntp.niehs.nih.gov/iccvam/methods/immunotox/hppt/hppt_database_14feb2023.xlsx,https://doi.org/10.1007/s00204-023-03530-3,HPPT Record.No 897,Human Repeat Insult Patch Test,4,"4H-4a,9-Methanoazuleno[5,6-d]-1,3-dioxole, octahydro-2,2,5,8,8,9a-hexamethyl-, (4aR,5R,7aS,9R)-",211299-54-6,DTXSID50889120
CC1CCC2C(C)(C)C3CC12CC1OC13C,0,0.8,NICEATM HPPT Database (2023),https://ntp.niehs.nih.gov/iccvam/methods/immunotox/hppt/hppt_database_14feb2023.xlsx,https://doi.org/10.1007/s00204-023-03530-3,HPPT Record.No 1016,Human Maximization Test,3,"2H-2a,7-Methanoazuleno[5,6-b]oxirene, octahydro-3,6,6,7a-tetramethyl-",29597-36-2,DTXSID30860119
CC1CCC2C(C)(C)C3CC12CCC3(C)OC=O,0,0.8,NICEATM HPPT Database (2023),https://ntp.niehs.nih.gov/iccvam/methods/immunotox/hppt/hppt_database_14feb2023.xlsx,https://doi.org/10.1007/s00204-023-03530-3,HPPT Record.No 1125,Human Maximization Test,3,Cedrol formate,39900-38-4,DTXSID00865974
CC1CCCCCCCCCCCCC(=O)C1,0,0.8,NICEATM HPPT Database (2023),https://ntp.niehs.nih.gov/iccvam/methods/immunotox/hppt/hppt_database_14feb2023.xlsx,https://doi.org/10.1007/s00204-023-03530-3,HPPT Record.No 1306,Human Maximization Test,3,3-Methylcyclopentadecan-1-one,541-91-3,DTXSID8052192
CC1COC(C(C)Cc2ccc(C(C)C)cc2)O1,0,0.8,NICEATM HPPT Database (2023),https://ntp.niehs.nih.gov/iccvam/methods/immunotox/hppt/hppt_database_14feb2023.xlsx,https://doi.org/10.1007/s00204-023-03530-3,HPPT Record.No 1703,Human Maximization Test,3,"4-Methyl-2-{1-[4-(propan-2-yl)phenyl]propan-2-yl}-1,3-dioxolane",73987-12-9,DTXSID30995253
CC1COC(c2ccccc2)O1,0,0.8,NICEATM HPPT Database (2023),https://ntp.niehs.nih.gov/iccvam/methods/immunotox/hppt/hppt_database_14feb2023.xlsx,https://doi.org/10.1007/s00204-023-03530-3,HPPT Record.No 979,Human Maximization Test,3,"1,3-Dioxolane, 4-methyl-2-phenyl-",2568-25-4,DTXSID60862989
CC1COCc2cc3c(cc21)C(C)(C)C(C)C3(C)C,0,0.8,NICEATM HPPT Database (2023),https://ntp.niehs.nih.gov/iccvam/methods/immunotox/hppt/hppt_database_14feb2023.xlsx,https://doi.org/10.1007/s00204-023-03530-3,HPPT Record.No 542,Human Maximization Test,3,"Cyclopenta[g]-2-benzopyran, 1,3,4,6,7,8-hexahydro-4,6,6,7,8,8-hexamethyl-",1222-05-5,DTXSID8027373
CC1OC=CC(=O)C1=O,0,0.8,NICEATM HPPT Database (2023),https://ntp.niehs.nih.gov/iccvam/methods/immunotox/hppt/hppt_database_14feb2023.xlsx,https://doi.org/10.1007/s00204-023-03530-3,HPPT Record.No 502,Human Maximization Test,3,Maltol,118-71-8,DTXSID0025523
CC1OCC(c2ccccc2)O1,0,0.6,NICEATM HPPT Database (2023),https://ntp.niehs.nih.gov/iccvam/methods/immunotox/hppt/hppt_database_14feb2023.xlsx,https://doi.org/10.1007/s00204-023-03530-3,HPPT Record.No 1076,Human Repeat Insult Patch Test,4,"1,3-Dioxolane, 2-methyl-4-phenyl-",33941-99-0,DTXSID00865696
CC=C(C)C(=O)O,0,0.8,NICEATM HPPT Database (2023),https://ntp.niehs.nih.gov/iccvam/methods/immunotox/hppt/hppt_database_14feb2023.xlsx,https://doi.org/10.1007/s00204-023-03530-3,HPPT Record.No 1824,Human Maximization Test,3,"2-Butenoic acid, 2-methyl-, (2E)-",80-59-1,DTXSID80883257
CC=C(C)C(=O)OC,0,0.8,NICEATM HPPT Database (2023),https://ntp.niehs.nih.gov/iccvam/methods/immunotox/hppt/hppt_database_14feb2023.xlsx,https://doi.org/10.1007/s00204-023-03530-3,HPPT Record.No 1567,Human Maximization Test,3,Methyl 2-methylcrotonate,6622-76-0,DTXSID30878830
CC=C(C)C(=O)OC(C)C,0,0.8,NICEATM HPPT Database (2023),https://ntp.niehs.nih.gov/iccvam/methods/immunotox/hppt/hppt_database_14feb2023.xlsx,https://doi.org/10.1007/s00204-023-03530-3,HPPT Record.No 839,Human Maximization Test,3,Isopropyl tiglate,1733-25-1,DTXSID70883746
CC=C(C)C(=O)OCC,0,0.8,NICEATM HPPT Database (2023),https://ntp.niehs.nih.gov/iccvam/methods/immunotox/hppt/hppt_database_14feb2023.xlsx,https://doi.org/10.1007/s00204-023-03530-3,HPPT Record.No 1403,Human Maximization Test,3,Ethyl tiglate,5837-78-5,DTXSID8047688
CC=C(C)C(=O)OCC=C(C)CCC=C(C)C,0,0.8,NICEATM HPPT Database (2023),https://ntp.niehs.nih.gov/iccvam/methods/immunotox/hppt/hppt_database_14feb2023.xlsx,https://doi.org/10.1007/s00204-023-03530-3,HPPT Record.No 1757,Human Maximization Test,3,Geranyl tiglate,7785-33-3,DTXSID9047413
CC=C(C)C(=O)OCC=Cc1ccccc1,0,0.8,NICEATM HPPT Database (2023),https://ntp.niehs.nih.gov/iccvam/methods/immunotox/hppt/hppt_database_14feb2023.xlsx,https://doi.org/10.1007/s00204-023-03530-3,HPPT Record.No 1504,Human Maximization Test,3,"2-Butenoic acid, 2-methyl-, 3-phenyl-2-propen-1-yl ester, (2E)-",61792-12-9,DTXSID40886461
CC=C(C)C(=O)OCCC(C)CC,0,0.6,NICEATM HPPT Database (2023),https://ntp.niehs.nih.gov/iccvam/methods/immunotox/hppt/hppt_database_14feb2023.xlsx,https://doi.org/10.1007/s00204-023-03530-3,HPPT Record.No 1262;1263,Human Repeat Insult Patch Test,4,"2-Butenoic acid, 2-methyl-, 3-methylpentyl ester, (2Z)-",53082-58-9,DTXSID90886032
CC=C(C)C(=O)OCCC(C)CCC=C(C)C,0,0.8,NICEATM HPPT Database (2023),https://ntp.niehs.nih.gov/iccvam/methods/immunotox/hppt/hppt_database_14feb2023.xlsx,https://doi.org/10.1007/s00204-023-03530-3,HPPT Record.No 954,Human Maximization Test,3,Citronellyl tiglate,24717-85-9,DTXSID3051911
CC=C(C)C(=O)OCCC=CCC,0,0.8,NICEATM HPPT Database (2023),https://ntp.niehs.nih.gov/iccvam/methods/immunotox/hppt/hppt_database_14feb2023.xlsx,https://doi.org/10.1007/s00204-023-03530-3,HPPT Record.No 1602,Human Maximization Test,3,(3Z)-Hex-3-en-1-yl (2E)-2-methylbut-2-enoate,67883-79-8,DTXSID7047562
CC=C(C)C(=O)OCCCCCC,0,0.8,NICEATM HPPT Database (2023),https://ntp.niehs.nih.gov/iccvam/methods/immunotox/hppt/hppt_database_14feb2023.xlsx,https://doi.org/10.1007/s00204-023-03530-3,HPPT Record.No 836,Human Maximization Test,3,Hexyl (2E)-2-methylbut-2-enoate,16930-96-4,DTXSID5051783
CC=C(C)C(=O)OCCc1ccccc1,0,0.8,NICEATM HPPT Database (2023),https://ntp.niehs.nih.gov/iccvam/methods/immunotox/hppt/hppt_database_14feb2023.xlsx,https://doi.org/10.1007/s00204-023-03530-3,HPPT Record.No 1337,Human Maximization Test,3,Phenethyl 2-methylcrotonate,55719-85-2,DTXSID8047684
CC=C(C)C(=O)OCc1ccccc1,0,0.8,NICEATM HPPT Database (2023),https://ntp.niehs.nih.gov/iccvam/methods/immunotox/hppt/hppt_database_14feb2023.xlsx,https://doi.org/10.1007/s00204-023-03530-3,HPPT Record.No 1109,Human Maximization Test,3,Benzyl (2E)-2-methylbut-2-enoate,37526-88-8,DTXSID3047130
CC=C(C)C=CC=C(C)C,0,0.8,NICEATM HPPT Database (2023),https://ntp.niehs.nih.gov/iccvam/methods/immunotox/hppt/hppt_database_14feb2023.xlsx,https://doi.org/10.1007/s00204-023-03530-3,HPPT Record.No 1577,Human Maximization Test,3,"2,6-Dimethyl-2,4,6-octatriene",673-84-7,DTXSID4027288
CC=CC(=O)OCC,0,0.8,NICEATM HPPT Database (2023),https://ntp.niehs.nih.gov/iccvam/methods/immunotox/hppt/hppt_database_14feb2023.xlsx,https://doi.org/10.1007/s00204-023-03530-3,HPPT Record.No 1519,Human Maximization Test,3,Ethyl crotonate,623-70-1,DTXSID5057591
CC=CC(=O)OCC(C)C,0,0.6,NICEATM HPPT Database (2023),https://ntp.niehs.nih.gov/iccvam/methods/immunotox/hppt/hppt_database_14feb2023.xlsx,https://doi.org/10.1007/s00204-023-03530-3,HPPT Record.No 1416;1417,Human Repeat Insult Patch Test,4,2-Methylpropyl but-2-enoate,589-66-2,DTXSID7047691
CC=CC(=O)OCC=C(C)CCC=C(C)C,0,0.8,NICEATM HPPT Database (2023),https://ntp.niehs.nih.gov/iccvam/methods/immunotox/hppt/hppt_database_14feb2023.xlsx,https://doi.org/10.1007/s00204-023-03530-3,HPPT Record.No 1357,Human Maximization Test,3,"2-Butenoic acid, (2E)-3,7-dimethyl-2,6-octadien-1-yl ester",56172-46-4,DTXSID40884705
CC=CC(=O)OCCC(C)CCC=C(C)C,0,0.8,NICEATM HPPT Database (2023),https://ntp.niehs.nih.gov/iccvam/methods/immunotox/hppt/hppt_database_14feb2023.xlsx,https://doi.org/10.1007/s00204-023-03530-3,HPPT Record.No 1605,Human Maximization Test,3,"2-Butenoic acid, 3,7-dimethyl-6-octen-1-yl ester",68039-38-3,DTXSID30867446
CC=CC(=O)OCCCCCC,0,0.8,NICEATM HPPT Database (2023),https://ntp.niehs.nih.gov/iccvam/methods/immunotox/hppt/hppt_database_14feb2023.xlsx,https://doi.org/10.1007/s00204-023-03530-3,HPPT Record.No 870,Human Maximization Test,3,"2-Butenoic acid, hexyl ester",19089-92-0,DTXSID5066455
CC=CC=CCOC(=O)C(C)C,0,0.8,NICEATM HPPT Database (2023),https://ntp.niehs.nih.gov/iccvam/methods/immunotox/hppt/hppt_database_14feb2023.xlsx,https://doi.org/10.1007/s00204-023-03530-3,HPPT Record.No 833,Human Maximization Test,3,"Hexa-2,4-dienyl isobutyrate",16491-24-0,DTXSID4047414
CC=CCCCCCCCC(=O)OC,0,0.8,NICEATM HPPT Database (2023),https://ntp.niehs.nih.gov/iccvam/methods/immunotox/hppt/hppt_database_14feb2023.xlsx,https://doi.org/10.1007/s00204-023-03530-3,HPPT Record.No 1382,Human Maximization Test,3,"9-Undecenoic acid, methyl ester",5760-50-9,DTXSID5063998
CC=Cc1cc(C(C)C)ccc1C,0,0.8,NICEATM HPPT Database (2023),https://ntp.niehs.nih.gov/iccvam/methods/immunotox/hppt/hppt_database_14feb2023.xlsx,https://doi.org/10.1007/s00204-023-03530-3,HPPT Record.No 780,Human Maximization Test,3,"Benzene, 1-methyl-4-(1-methylethyl)-2-(1-propen-1-yl)-",14374-92-6,DTXSID80864501
CC=Cc1ccc(OC(C)OCC)c(OC)c1,0,0.8,NICEATM HPPT Database (2023),https://ntp.niehs.nih.gov/iccvam/methods/immunotox/hppt/hppt_database_14feb2023.xlsx,https://doi.org/10.1007/s00204-023-03530-3,HPPT Record.No 1854,Human Maximization Test,3,"Benzene, 1-(1-ethoxyethoxy)-2-methoxy-4-(1-propen-1-yl)-",84029-92-5,DTXSID50888618
CC=Cc1ccc(OC)cc1,0,0.8,NICEATM HPPT Database (2023),https://ntp.niehs.nih.gov/iccvam/methods/immunotox/hppt/hppt_database_14feb2023.xlsx,https://doi.org/10.1007/s00204-023-03530-3,HPPT Record.No 1141,Human Maximization Test,3,(E)-Anethole,4180-23-8,DTXSID9020087
CC=Cc1ccc(OCCCCC)c(OC)c1,0,0.8,NICEATM HPPT Database (2023),https://ntp.niehs.nih.gov/iccvam/methods/immunotox/hppt/hppt_database_14feb2023.xlsx,https://doi.org/10.1007/s00204-023-03530-3,HPPT Record.No 223,Human Maximization Test,3,"Benzene, 2-methoxy-1-(pentyloxy)-4-(1-propenyl)-",10484-36-3,DTXSID2065092
CC=Cc1ccc(OCc2ccccc2)c(OC)c1,0,0.8,NICEATM HPPT Database (2023),https://ntp.niehs.nih.gov/iccvam/methods/immunotox/hppt/hppt_database_14feb2023.xlsx,https://doi.org/10.1007/s00204-023-03530-3,HPPT Record.No 516,Human Maximization Test,3,1-Benzyloxy-2-methoxy-4-(1-propenyl)benzene,120-11-6,DTXSID0051605
CC=Cc1ccc2c(c1)OCO2,0,0.8,NICEATM HPPT Database (2023),https://ntp.niehs.nih.gov/iccvam/methods/immunotox/hppt/hppt_database_14feb2023.xlsx,https://doi.org/10.1007/s00204-023-03530-3,HPPT Record.No 523,Human Maximization Test,3,Isosafrole,120-58-1,DTXSID2020767
CCC(=CCC1CC=C(C)C1(C)C)CO,0,0.6,NICEATM HPPT Database (2023),https://ntp.niehs.nih.gov/iccvam/methods/immunotox/hppt/hppt_database_14feb2023.xlsx,https://doi.org/10.1007/s00204-023-03530-3,HPPT Record.No 1003;1004;1005,Human Repeat Insult Patch Test,4,"2-Ethyl-4-(2',2',3-trimethylcyclopent-3'-enyl)but-2-enol",28219-61-6,DTXSID0044814
CCC(=O)C(C)=CC1=C(C)CCCC1(C)C,0,0.8,NICEATM HPPT Database (2023),https://ntp.niehs.nih.gov/iccvam/methods/immunotox/hppt/hppt_database_14feb2023.xlsx,https://doi.org/10.1007/s00204-023-03530-3,HPPT Record.No 1623;1624,Human Maximization Test,3,"1-Penten-3-one, 2-methyl-1-(2,2,6-trimethylcyclohexen-1-yl)-",68555-94-2,DTXSID70890990
CCC(=O)C(C)=O,0,0.8,NICEATM HPPT Database (2023),https://ntp.niehs.nih.gov/iccvam/methods/immunotox/hppt/hppt_database_14feb2023.xlsx,https://doi.org/10.1007/s00204-023-03530-3,HPPT Record.No 1458,Human Maximization Test,3,"2,3-Pentanedione",600-14-6,DTXSID6051435
CCC(=O)C1CC(C(C)C)CC=C1C,0,0.8,NICEATM HPPT Database (2023),https://ntp.niehs.nih.gov/iccvam/methods/immunotox/hppt/hppt_database_14feb2023.xlsx,https://doi.org/10.1007/s00204-023-03530-3,HPPT Record.No 1033;1034,Human Maximization Test,3,1-(5-Isopropyl-2-methyl-cyclohex-2-enyl)-propan-1-one,31375-17-4,DTXSID8047422
CCC(=O)C=CC1C(C)=CCCC1(C)C,0,0.6,NICEATM HPPT Database (2023),https://ntp.niehs.nih.gov/iccvam/methods/immunotox/hppt/hppt_database_14feb2023.xlsx,https://doi.org/10.1007/s00204-023-03530-3,HPPT Record.No 615,Human Repeat Insult Patch Test,4,"(1E)-1-[(1R)-2,6,6-Trimethylcyclohex-2-en-1-yl]pent-1-en-3-one",127-42-4,DTXSID1051642
CCC(=O)CC,0,0.8,NICEATM HPPT Database (2023),https://ntp.niehs.nih.gov/iccvam/methods/immunotox/hppt/hppt_database_14feb2023.xlsx,https://doi.org/10.1007/s00204-023-03530-3,HPPT Record.No 1971,Human Maximization Test,3,3-Pentanone,96-22-0,DTXSID6021820
CCC(=O)CCC1C(C)=CCCC1(C)C,0,0.8,NICEATM HPPT Database (2023),https://ntp.niehs.nih.gov/iccvam/methods/immunotox/hppt/hppt_database_14feb2023.xlsx,https://doi.org/10.1007/s00204-023-03530-3,HPPT Record.No 1619,Human Maximization Test,3,"3-Pentanone, 1-(2,6,6-trimethyl-2-cyclohexen-1-yl)-",68480-17-1,DTXSID80867698
CCC(=O)OC,0,0.8,NICEATM HPPT Database (2023),https://ntp.niehs.nih.gov/iccvam/methods/immunotox/hppt/hppt_database_14feb2023.xlsx,https://doi.org/10.1007/s00204-023-03530-3,HPPT Record.No 1333,Human Maximization Test,3,Methyl propanoate,554-12-1,DTXSID7027201
CCC(=O)OC(C)(C)C1CC=C(C)CC1,0,0.8,NICEATM HPPT Database (2023),https://ntp.niehs.nih.gov/iccvam/methods/immunotox/hppt/hppt_database_14feb2023.xlsx,https://doi.org/10.1007/s00204-023-03530-3,HPPT Record.No 1818,Human Maximization Test,3,Terpinyl propionate,80-27-3,DTXSID3044833
CCC(=O)OC(C)(C)Cc1ccccc1,0,0.8,NICEATM HPPT Database (2023),https://ntp.niehs.nih.gov/iccvam/methods/immunotox/hppt/hppt_database_14feb2023.xlsx,https://doi.org/10.1007/s00204-023-03530-3,HPPT Record.No 1594,Human Maximization Test,3,"Benzeneethanol, .alpha.,.alpha.-dimethyl-, 1-propanoate",67785-77-7,DTXSID90867326
CCC(=O)OC(C)c1ccccc1,0,0.8,NICEATM HPPT Database (2023),https://ntp.niehs.nih.gov/iccvam/methods/immunotox/hppt/hppt_database_14feb2023.xlsx,https://doi.org/10.1007/s00204-023-03530-3,HPPT Record.No 518,Human Maximization Test,3,1-Phenylethyl propionate,120-45-6,DTXSID9047091
CCC(=O)OC1CC2CC1C1CC=CC21,0,0.8,NICEATM HPPT Database (2023),https://ntp.niehs.nih.gov/iccvam/methods/immunotox/hppt/hppt_database_14feb2023.xlsx,https://doi.org/10.1007/s00204-023-03530-3,HPPT Record.No 845,Human Maximization Test,3,"4,7-Methano-1H-inden-6-ol, 3a,4,5,6,7,7a-hexahydro-, propanoate",17511-60-3,DTXSID8036312
CCC(=O)OC1CC2CCC1(C)C2(C)C,0,0.8,NICEATM HPPT Database (2023),https://ntp.niehs.nih.gov/iccvam/methods/immunotox/hppt/hppt_database_14feb2023.xlsx,https://doi.org/10.1007/s00204-023-03530-3,HPPT Record.No 999,Human Maximization Test,3,Isobornyl propanoate,2756-56-1,DTXSID2042062
CCC(=O)OCC=C(C)CCC=C(C)C,0,0.8,NICEATM HPPT Database (2023),https://ntp.niehs.nih.gov/iccvam/methods/immunotox/hppt/hppt_database_14feb2023.xlsx,https://doi.org/10.1007/s00204-023-03530-3,HPPT Record.No 246;247,Human Maximization Test,3,Geranyl propionate,105-90-8,DTXSID8051540
CCC(=O)OCC=Cc1ccccc1,0,0.8,NICEATM HPPT Database (2023),https://ntp.niehs.nih.gov/iccvam/methods/immunotox/hppt/hppt_database_14feb2023.xlsx,https://doi.org/10.1007/s00204-023-03530-3,HPPT Record.No 134,Human Maximization Test,3,3-Phenylprop-2-en-1-yl propanoate,103-56-0,DTXSID1047607
CCC(=O)OCCC(C)C,0,0.8,NICEATM HPPT Database (2023),https://ntp.niehs.nih.gov/iccvam/methods/immunotox/hppt/hppt_database_14feb2023.xlsx,https://doi.org/10.1007/s00204-023-03530-3,HPPT Record.No 239,Human Maximization Test,3,3-Methylbutyl propanoate,105-68-0,DTXSID5047613
CCC(=O)OCCC(C)CCC=C(C)C,0,0.8,NICEATM HPPT Database (2023),https://ntp.niehs.nih.gov/iccvam/methods/immunotox/hppt/hppt_database_14feb2023.xlsx,https://doi.org/10.1007/s00204-023-03530-3,HPPT Record.No 759,Human Maximization Test,3,Citronellyl propionate,141-14-0,DTXSID8047187
CCC(=O)OCCOc1ccccc1,0,0.8,NICEATM HPPT Database (2023),https://ntp.niehs.nih.gov/iccvam/methods/immunotox/hppt/hppt_database_14feb2023.xlsx,https://doi.org/10.1007/s00204-023-03530-3,HPPT Record.No 925,Human Maximization Test,3,Phenoxyethyl propionate,23495-12-7,DTXSID9047203
CCC(=O)OCCc1ccccc1,0,0.8,NICEATM HPPT Database (2023),https://ntp.niehs.nih.gov/iccvam/methods/immunotox/hppt/hppt_database_14feb2023.xlsx,https://doi.org/10.1007/s00204-023-03530-3,HPPT Record.No 557,Human Maximization Test,3,2-Phenylethyl propionate,122-70-3,DTXSID6035156
CCC(=O)OCc1ccc(OC)cc1,0,0.8,NICEATM HPPT Database (2023),https://ntp.niehs.nih.gov/iccvam/methods/immunotox/hppt/hppt_database_14feb2023.xlsx,https://doi.org/10.1007/s00204-023-03530-3,HPPT Record.No 1728,Human Maximization Test,3,Anisyl propionate,7549-33-9,DTXSID8047713
CCC(=O)OCc1ccccc1,0,0.8,NICEATM HPPT Database (2023),https://ntp.niehs.nih.gov/iccvam/methods/immunotox/hppt/hppt_database_14feb2023.xlsx,https://doi.org/10.1007/s00204-023-03530-3,HPPT Record.No 553,Human Maximization Test,3,Benzyl propanoate,122-63-4,DTXSID4044791
CCC(C)(C)C1CCC(=O)CC1,0,0.8,NICEATM HPPT Database (2023),https://ntp.niehs.nih.gov/iccvam/methods/immunotox/hppt/hppt_database_14feb2023.xlsx,https://doi.org/10.1007/s00204-023-03530-3,HPPT Record.No 835,Human Maximization Test,3,4-(tert-Pentyl)-cyclohexanone,16587-71-6,DTXSID4047127
CCC(C)(C)C1CCCCC1OC(C)=O,0,0.8,NICEATM HPPT Database (2023),https://ntp.niehs.nih.gov/iccvam/methods/immunotox/hppt/hppt_database_14feb2023.xlsx,https://doi.org/10.1007/s00204-023-03530-3,HPPT Record.No 1599;1600,Human Repeat Insult Patch Test,3,2-(2-Methylbutan-2-yl)cyclohexyl acetate,67874-72-0,DTXSID0044573
CCC(C)(CCc1ccccc1)OC(C)=O,0,0.8,NICEATM HPPT Database (2023),https://ntp.niehs.nih.gov/iccvam/methods/immunotox/hppt/hppt_database_14feb2023.xlsx,https://doi.org/10.1007/s00204-023-03530-3,HPPT Record.No 1686,Human Maximization Test,3,"Benzenepropanol, .alpha.-ethyl-.alpha.-methyl-, 1-acetate",72007-81-9,DTXSID10888033
CCC(C)(O)CCC=C(C)CCC=C(C)CCC=C(C)C,0,0.8,NICEATM HPPT Database (2023),https://ntp.niehs.nih.gov/iccvam/methods/immunotox/hppt/hppt_database_14feb2023.xlsx,https://doi.org/10.1007/s00204-023-03530-3,HPPT Record.No 1676,Human Maximization Test,3,"6,10,14-Hexadecatrien-3-ol, 3,7,11,15-tetramethyl-",70851-60-4,DTXSID80867956
CCC(C)(O)CCCC(C)C,0,0.8,NICEATM HPPT Database (2023),https://ntp.niehs.nih.gov/iccvam/methods/immunotox/hppt/hppt_database_14feb2023.xlsx,https://doi.org/10.1007/s00204-023-03530-3,HPPT Record.No 1775,Human Maximization Test,3,"3,7-Dimethyloctanol-3",78-69-3,DTXSID7029110
CCC(C)(O)CCc1ccccc1,0,0.8,NICEATM HPPT Database (2023),https://ntp.niehs.nih.gov/iccvam/methods/immunotox/hppt/hppt_database_14feb2023.xlsx,https://doi.org/10.1007/s00204-023-03530-3,HPPT Record.No 157;158,Human Repeat Insult Patch Test,3,"Benzenepropanol, .alpha.-ethyl-.alpha.-methyl-",10415-87-9,DTXSID60864266
CCC(C)=CCCC(C)=CC#N,0,0.8,NICEATM HPPT Database (2023),https://ntp.niehs.nih.gov/iccvam/methods/immunotox/hppt/hppt_database_14feb2023.xlsx,https://doi.org/10.1007/s00204-023-03530-3,HPPT Record.No 1503,Human Maximization Test,3,"3,7-Dimethylnona-2,6-dienenitrile",61792-11-8,DTXSID1052296
CCC(C)=CCCC(C)=CC=O,0,0.8,NICEATM HPPT Database (2023),https://ntp.niehs.nih.gov/iccvam/methods/immunotox/hppt/hppt_database_14feb2023.xlsx,https://doi.org/10.1007/s00204-023-03530-3,HPPT Record.No 1138,Human Maximization Test,3,"2,6-Nonadienal, 3,7-dimethyl-",41448-29-7,DTXSID5068312
CCC(C)=O,0,0.8,NICEATM HPPT Database (2023),https://ntp.niehs.nih.gov/iccvam/methods/immunotox/hppt/hppt_database_14feb2023.xlsx,https://doi.org/10.1007/s00204-023-03530-3,HPPT Record.No 1780,Human Maximization Test,3,Methyl ethyl ketone,78-93-3,DTXSID3021516
CCC(C)C(=O)OC,0,0.8,NICEATM HPPT Database (2023),https://ntp.niehs.nih.gov/iccvam/methods/immunotox/hppt/hppt_database_14feb2023.xlsx,https://doi.org/10.1007/s00204-023-03530-3,HPPT Record.No 1872,Human Maximization Test,3,Methyl 2-methylbutyrate,868-57-5,DTXSID1052587
CCC(C)C(=O)OCCc1ccccc1,0,0.8,NICEATM HPPT Database (2023),https://ntp.niehs.nih.gov/iccvam/methods/immunotox/hppt/hppt_database_14feb2023.xlsx,https://doi.org/10.1007/s00204-023-03530-3,HPPT Record.No 955,Human Maximization Test,3,2-Phenylethyl 2-methylbutanoate,24817-51-4,DTXSID2047567
CCC(C)C1CCCCC1(C)OC(C)=O,0,0.6,NICEATM HPPT Database (2023),https://ntp.niehs.nih.gov/iccvam/methods/immunotox/hppt/hppt_database_14feb2023.xlsx,https://doi.org/10.1007/s00204-023-03530-3,HPPT Record.No 1689,Human Repeat Insult Patch Test,4,"Cyclohexanol, 1-methyl-2-(1-methylpropyl)-, 1-acetate",72183-75-6,DTXSID70868098
CCC(C)C1CCCCC1=O,0,0.8,NICEATM HPPT Database (2023),https://ntp.niehs.nih.gov/iccvam/methods/immunotox/hppt/hppt_database_14feb2023.xlsx,https://doi.org/10.1007/s00204-023-03530-3,HPPT Record.No 793,Human Maximization Test,3,2-sec-Butylcyclohexan-1-one,14765-30-1,DTXSID4041818
CCC(C)C=O,0,0.8,NICEATM HPPT Database (2023),https://ntp.niehs.nih.gov/iccvam/methods/immunotox/hppt/hppt_database_14feb2023.xlsx,https://doi.org/10.1007/s00204-023-03530-3,HPPT Record.No 1970,Human Maximization Test,3,2-Methylbutanal,96-17-3,DTXSID2021818
CCC(C)CCC(C)(CC)OC(C)=O,0,0.8,NICEATM HPPT Database (2023),https://ntp.niehs.nih.gov/iccvam/methods/immunotox/hppt/hppt_database_14feb2023.xlsx,https://doi.org/10.1007/s00204-023-03530-3,HPPT Record.No 1470,Human Maximization Test,3,"3-Octanol, 3,6-dimethyl-, 3-acetate",60763-42-0,DTXSID00866825
CCC(C)CCCC(C)(C)O,0,0.8,NICEATM HPPT Database (2023),https://ntp.niehs.nih.gov/iccvam/methods/immunotox/hppt/hppt_database_14feb2023.xlsx,https://doi.org/10.1007/s00204-023-03530-3,HPPT Record.No 858,Human Maximization Test,3,"2,6-Dimethyloctan-2-ol",18479-57-7,DTXSID0044810
CCC(C)CCO,0,0.6,NICEATM HPPT Database (2023),https://ntp.niehs.nih.gov/iccvam/methods/immunotox/hppt/hppt_database_14feb2023.xlsx,https://doi.org/10.1007/s00204-023-03530-3,HPPT Record.No 1414,Human Repeat Insult Patch Test,4,3-Methyl-1-pentanol,589-35-5,DTXSID20862248
CCC(C)c1ccc2ncccc2c1,0,0.8,NICEATM HPPT Database (2023),https://ntp.niehs.nih.gov/iccvam/methods/immunotox/hppt/hppt_database_14feb2023.xlsx,https://doi.org/10.1007/s00204-023-03530-3,HPPT Record.No 1561,Human Maximization Test,3,6-(Butan-2-yl)quinoline,65442-31-1,DTXSID4052340
CCC(CC(C)CC)=NO,0,0.8,NICEATM HPPT Database (2023),https://ntp.niehs.nih.gov/iccvam/methods/immunotox/hppt/hppt_database_14feb2023.xlsx,https://doi.org/10.1007/s00204-023-03530-3,HPPT Record.No 917,Human Maximization Test,3,N-(5-Methyl-3-heptanylidene)hydroxylamine,22457-23-4,DTXSID9051874
CCC(OC(C)=O)c1ccccc1,0,0.8,NICEATM HPPT Database (2023),https://ntp.niehs.nih.gov/iccvam/methods/immunotox/hppt/hppt_database_14feb2023.xlsx,https://doi.org/10.1007/s00204-023-03530-3,HPPT Record.No 898,Human Maximization Test,3,"Benzenemethanol, .alpha.-ethyl-, 1-acetate",2114-29-6,DTXSID70862834
CCC1(CO)CCC(CO)CC1,0,0.8,NICEATM HPPT Database (2023),https://ntp.niehs.nih.gov/iccvam/methods/immunotox/hppt/hppt_database_14feb2023.xlsx,https://doi.org/10.1007/s00204-023-03530-3,HPPT Record.No 1586,Human Maximization Test,3,"1,4-Cyclohexanedimethanol, 1-ethyl-",67663-05-2,DTXSID3070545
CCC12CC3CC1C2C3OC,0,0.6,NICEATM HPPT Database (2023),https://ntp.niehs.nih.gov/iccvam/methods/immunotox/hppt/hppt_database_14feb2023.xlsx,https://doi.org/10.1007/s00204-023-03530-3,HPPT Record.No 1044,Human Repeat Insult Patch Test,4,"Tricyclo[2.2.1.02,6]heptane, 1-ethyl-3-methoxy-",31996-78-8,DTXSID9051371
CCC1C(=O)OC2CCCCC21,0,0.6,NICEATM HPPT Database (2023),https://ntp.niehs.nih.gov/iccvam/methods/immunotox/hppt/hppt_database_14feb2023.xlsx,https://doi.org/10.1007/s00204-023-03530-3,HPPT Record.No 1322,Human Repeat Insult Patch Test,4,3-Ethylhexahydro-2(3H)-benzofuranone,54491-17-7,DTXSID0052203
CCC1CCC(=O)C1=O,0,0.8,NICEATM HPPT Database (2023),https://ntp.niehs.nih.gov/iccvam/methods/immunotox/hppt/hppt_database_14feb2023.xlsx,https://doi.org/10.1007/s00204-023-03530-3,HPPT Record.No 909,Human Repeat Insult Patch Test,3,3-Ethyl-2-hydroxy-2-cyclopenten-1-one,21835-01-8,DTXSID0044232
CCC1CCC(=O)O1,0,0.8,NICEATM HPPT Database (2023),https://ntp.niehs.nih.gov/iccvam/methods/immunotox/hppt/hppt_database_14feb2023.xlsx,https://doi.org/10.1007/s00204-023-03530-3,HPPT Record.No 1645;1646,Human Maximization Test,3,gamma-Caprolactone,695-06-7,DTXSID8041298
CCC1CCC2(CCC(=O)O2)CC1,0,0.6,NICEATM HPPT Database (2023),https://ntp.niehs.nih.gov/iccvam/methods/immunotox/hppt/hppt_database_14feb2023.xlsx,https://doi.org/10.1007/s00204-023-03530-3,HPPT Record.No 1912,Human Repeat Insult Patch Test,4,"1-Oxaspiro(4.5)decan-2-one, 8-ethyl-, trans-",91069-40-8,DTXSID60891310
CCC1OC(=O)C(C)C(OC2CC(C)(OC)C(O)C(C)O2)C(C)C(OC2OC(C)CC(N(C)C)C2O)C(C)(O)CC(C)C(=O)C(C)C(O)C1(C)O,0,1.0,NICEATM HPPT Database (2023),https://ntp.niehs.nih.gov/iccvam/methods/immunotox/hppt/hppt_database_14feb2023.xlsx,https://doi.org/10.1007/s00204-023-03530-3,HPPT Record.No 456,Human Maximization Test,1,Erythromycin,114-07-8,DTXSID4022991
CCC1OC=CC(=O)C1=O,0,0.8,NICEATM HPPT Database (2023),https://ntp.niehs.nih.gov/iccvam/methods/immunotox/hppt/hppt_database_14feb2023.xlsx,https://doi.org/10.1007/s00204-023-03530-3,HPPT Record.No 1215,Human Maximization Test,3,2-Ethyl-3-hydroxy-4-pyrone,4940-11-8,DTXSID5041516
CCC=C(C)C(=O)O,0,0.8,NICEATM HPPT Database (2023),https://ntp.niehs.nih.gov/iccvam/methods/immunotox/hppt/hppt_database_14feb2023.xlsx,https://doi.org/10.1007/s00204-023-03530-3,HPPT Record.No 1036,Human Maximization Test,3,2-Methylpent-2-en-1-oic acid,3142-72-1,DTXSID0051998
CCC=CC=CC=O,0,0.8,NICEATM HPPT Database (2023),https://ntp.niehs.nih.gov/iccvam/methods/immunotox/hppt/hppt_database_14feb2023.xlsx,https://doi.org/10.1007/s00204-023-03530-3,HPPT Record.No 1423,Human Maximization Test,3,"2,4-Heptadienal",5910-85-0,DTXSID9064057
CCC=CCC1=C(C)C(=O)CC1,0,0.8,NICEATM HPPT Database (2023),https://ntp.niehs.nih.gov/iccvam/methods/immunotox/hppt/hppt_database_14feb2023.xlsx,https://doi.org/10.1007/s00204-023-03530-3,HPPT Record.No 377;378,Human Repeat Insult Patch Test,3,2-Methyl-3-pent-2-enylcyclopent-2-enone,11050-62-7,DTXSID6051568
CCC=CCC1=C(C)CCC1=O,0,0.8,NICEATM HPPT Database (2023),https://ntp.niehs.nih.gov/iccvam/methods/immunotox/hppt/hppt_database_14feb2023.xlsx,https://doi.org/10.1007/s00204-023-03530-3,HPPT Record.No 1209;1210,Human Maximization Test,3,Jasmone,488-10-8,DTXSID4047092
CCC=CCC1C(=O)CCC1CC(=O)OC,0,0.8,NICEATM HPPT Database (2023),https://ntp.niehs.nih.gov/iccvam/methods/immunotox/hppt/hppt_database_14feb2023.xlsx,https://doi.org/10.1007/s00204-023-03530-3,HPPT Record.No 528;529,Human Repeat Insult Patch Test,3,Methyl jasmonate,1211-29-6,DTXSID3036731
CCC=CCC=O,0,0.8,NICEATM HPPT Database (2023),https://ntp.niehs.nih.gov/iccvam/methods/immunotox/hppt/hppt_database_14feb2023.xlsx,https://doi.org/10.1007/s00204-023-03530-3,HPPT Record.No 1603,Human Maximization Test,3,"3-Hexenal, (3Z)-",6789-80-6,DTXSID30884335
CCC=CCCC1(C)CCC(=O)O1,0,0.8,NICEATM HPPT Database (2023),https://ntp.niehs.nih.gov/iccvam/methods/immunotox/hppt/hppt_database_14feb2023.xlsx,https://doi.org/10.1007/s00204-023-03530-3,HPPT Record.No 1677,Human Maximization Test,3,(Z)-5-Hex-3-enyldihydro-5-methylfuran-2(3H)-one,70851-61-5,DTXSID1052454
CCC=CCCC=CCO,0,0.8,NICEATM HPPT Database (2023),https://ntp.niehs.nih.gov/iccvam/methods/immunotox/hppt/hppt_database_14feb2023.xlsx,https://doi.org/10.1007/s00204-023-03530-3,HPPT Record.No 1001,Human Maximization Test,3,"trans-2,cis-6-Nonadien-1-ol",28069-72-9,DTXSID7047192
CCC=CCCCCC=O,0,0.8,NICEATM HPPT Database (2023),https://ntp.niehs.nih.gov/iccvam/methods/immunotox/hppt/hppt_database_14feb2023.xlsx,https://doi.org/10.1007/s00204-023-03530-3,HPPT Record.No 919,Human Maximization Test,3,(Z)-Non-6-enal,2277-19-2,DTXSID4051879
CCC=CCCO,0,0.8,NICEATM HPPT Database (2023),https://ntp.niehs.nih.gov/iccvam/methods/immunotox/hppt/hppt_database_14feb2023.xlsx,https://doi.org/10.1007/s00204-023-03530-3,HPPT Record.No 1926,Human Maximization Test,3,(Z)-3-Hexen-1-ol,928-96-1,DTXSID6022137
CCC=CCCOC(=O)C(C)C,0,0.8,NICEATM HPPT Database (2023),https://ntp.niehs.nih.gov/iccvam/methods/immunotox/hppt/hppt_database_14feb2023.xlsx,https://doi.org/10.1007/s00204-023-03530-3,HPPT Record.No 1139,Human Maximization Test,3,(3Z)-Hex-3-en-1-yl 2-methylpropanoate,41519-23-7,DTXSID0047585
CCC=CCCOC(=O)CC,0,0.8,NICEATM HPPT Database (2023),https://ntp.niehs.nih.gov/iccvam/methods/immunotox/hppt/hppt_database_14feb2023.xlsx,https://doi.org/10.1007/s00204-023-03530-3,HPPT Record.No 1062,Human Maximization Test,3,(3Z)-Hex-3-en-1-yl propanoate,33467-74-2,DTXSID6047579
CCC=CCCOC(=O)CCC,0,0.8,NICEATM HPPT Database (2023),https://ntp.niehs.nih.gov/iccvam/methods/immunotox/hppt/hppt_database_14feb2023.xlsx,https://doi.org/10.1007/s00204-023-03530-3,HPPT Record.No 834,Human Maximization Test,3,(Z)-Hex-3-enyl butyrate,16491-36-4,DTXSID6051772
CCC=CCCOC(=O)CCCC,0,0.8,NICEATM HPPT Database (2023),https://ntp.niehs.nih.gov/iccvam/methods/immunotox/hppt/hppt_database_14feb2023.xlsx,https://doi.org/10.1007/s00204-023-03530-3,HPPT Record.No 1093,Human Maximization Test,3,"Pentanoic acid, (3Z)-3-hexen-1-yl ester",35852-46-1,DTXSID40885636
CCC=CCCOC(=O)CCCCC,0,0.8,NICEATM HPPT Database (2023),https://ntp.niehs.nih.gov/iccvam/methods/immunotox/hppt/hppt_database_14feb2023.xlsx,https://doi.org/10.1007/s00204-023-03530-3,HPPT Record.No 1038,Human Maximization Test,3,(3Z)-Hex-3-en-1-yl hexanoate,31501-11-8,DTXSID7047560
CCC=CCCOC(=O)Cc1ccccc1,0,0.8,NICEATM HPPT Database (2023),https://ntp.niehs.nih.gov/iccvam/methods/immunotox/hppt/hppt_database_14feb2023.xlsx,https://doi.org/10.1007/s00204-023-03530-3,HPPT Record.No 1148,Human Maximization Test,3,"Benzeneacetic acid, (3Z)-3-hexen-1-yl ester",42436-07-7,DTXSID40884821
CCC=CCCOC(=O)c1ccccc1,0,0.8,NICEATM HPPT Database (2023),https://ntp.niehs.nih.gov/iccvam/methods/immunotox/hppt/hppt_database_14feb2023.xlsx,https://doi.org/10.1007/s00204-023-03530-3,HPPT Record.No 962,Human Maximization Test,3,(3Z)-Hex-3-en-1-yl benzoate,25152-85-6,DTXSID3047554
CCC=CCCOC(=O)c1ccccc1N,0,0.8,NICEATM HPPT Database (2023),https://ntp.niehs.nih.gov/iccvam/methods/immunotox/hppt/hppt_database_14feb2023.xlsx,https://doi.org/10.1007/s00204-023-03530-3,HPPT Record.No 1558,Human Maximization Test,3,(Z)-Hex-3-enyl anthranilate,65405-76-7,DTXSID30904406
CCC=CCCOC(=O)c1ccccc1O,0,0.8,NICEATM HPPT Database (2023),https://ntp.niehs.nih.gov/iccvam/methods/immunotox/hppt/hppt_database_14feb2023.xlsx,https://doi.org/10.1007/s00204-023-03530-3,HPPT Record.No 1559,Human Maximization Test,3,(3Z)-Hex-3-en-1-yl salicylate,65405-77-8,DTXSID8037750
CCC=CCCOC(C)=O,0,0.8,NICEATM HPPT Database (2023),https://ntp.niehs.nih.gov/iccvam/methods/immunotox/hppt/hppt_database_14feb2023.xlsx,https://doi.org/10.1007/s00204-023-03530-3,HPPT Record.No 1100,Human Maximization Test,3,(3Z)-3-Hexenyl acetate,3681-71-8,DTXSID0041484
CCC=CCCOC(C)OCC,0,0.8,NICEATM HPPT Database (2023),https://ntp.niehs.nih.gov/iccvam/methods/immunotox/hppt/hppt_database_14feb2023.xlsx,https://doi.org/10.1007/s00204-023-03530-3,HPPT Record.No 1002;1468,Human Maximization Test,3,"3-Hexene, 1-(1-ethoxyethoxy)-, (3E)-",60763-40-8,DTXSID20886409
CCC=CCCOC=O,0,0.8,NICEATM HPPT Database (2023),https://ntp.niehs.nih.gov/iccvam/methods/immunotox/hppt/hppt_database_14feb2023.xlsx,https://doi.org/10.1007/s00204-023-03530-3,HPPT Record.No 1061,Human Maximization Test,3,(3Z)-Hex-3-en-1-yl formate,33467-73-1,DTXSID1047572
CCC=CCCOCC=O,0,0.8,NICEATM HPPT Database (2023),https://ntp.niehs.nih.gov/iccvam/methods/immunotox/hppt/hppt_database_14feb2023.xlsx,https://doi.org/10.1007/s00204-023-03530-3,HPPT Record.No 1610,Human Maximization Test,3,"Acetaldehyde, [(3Z)-3-hexen-1-yloxy]-",68133-72-2,DTXSID40887175
CCC=CCO,0,0.8,NICEATM HPPT Database (2023),https://ntp.niehs.nih.gov/iccvam/methods/immunotox/hppt/hppt_database_14feb2023.xlsx,https://doi.org/10.1007/s00204-023-03530-3,HPPT Record.No 824,Human Repeat Insult Patch Test,3,cis-Pent-2-ene-1-ol,1576-95-0,DTXSID30878754
CCCC(=O)C(C)=O,0,0.8,NICEATM HPPT Database (2023),https://ntp.niehs.nih.gov/iccvam/methods/immunotox/hppt/hppt_database_14feb2023.xlsx,https://doi.org/10.1007/s00204-023-03530-3,HPPT Record.No 1116,Human Maximization Test,3,"2,3-Hexanedione",3848-24-6,DTXSID2047066
CCCC(=O)O,0,0.8,NICEATM HPPT Database (2023),https://ntp.niehs.nih.gov/iccvam/methods/immunotox/hppt/hppt_database_14feb2023.xlsx,https://doi.org/10.1007/s00204-023-03530-3,HPPT Record.No 347,Human Maximization Test,3,Butanoic acid,107-92-6,DTXSID8021515
CCCC(=O)OC,0,0.8,NICEATM HPPT Database (2023),https://ntp.niehs.nih.gov/iccvam/methods/immunotox/hppt/hppt_database_14feb2023.xlsx,https://doi.org/10.1007/s00204-023-03530-3,HPPT Record.No 1514,Human Maximization Test,3,Methyl butyrate,623-42-7,DTXSID5047083
CCCC(=O)OC(C)(C)Cc1ccccc1,0,0.8,NICEATM HPPT Database (2023),https://ntp.niehs.nih.gov/iccvam/methods/immunotox/hppt/hppt_database_14feb2023.xlsx,https://doi.org/10.1007/s00204-023-03530-3,HPPT Record.No 28,Human Maximization Test,3,"alpha,alpha-Dimethylphenethyl butyrate",10094-34-5,DTXSID5038830
CCCC(=O)OC1CCCCC1,0,0.8,NICEATM HPPT Database (2023),https://ntp.niehs.nih.gov/iccvam/methods/immunotox/hppt/hppt_database_14feb2023.xlsx,https://doi.org/10.1007/s00204-023-03530-3,HPPT Record.No 823,Human Maximization Test,3,"Butanoic acid, cyclohexyl ester",1551-44-6,DTXSID8061769
CCCC(=O)OCC,0,0.8,NICEATM HPPT Database (2023),https://ntp.niehs.nih.gov/iccvam/methods/immunotox/hppt/hppt_database_14feb2023.xlsx,https://doi.org/10.1007/s00204-023-03530-3,HPPT Record.No 237,Human Maximization Test,3,Ethyl butyrate,105-54-4,DTXSID6040111
CCCC(=O)OCC(C)C,0,0.8,NICEATM HPPT Database (2023),https://ntp.niehs.nih.gov/iccvam/methods/immunotox/hppt/hppt_database_14feb2023.xlsx,https://doi.org/10.1007/s00204-023-03530-3,HPPT Record.No 1297,Human Maximization Test,3,Isobutyl butyrate,539-90-2,DTXSID8047557
CCCC(=O)OCC=C(C)CCC=C(C)C,0,0.8,NICEATM HPPT Database (2023),https://ntp.niehs.nih.gov/iccvam/methods/immunotox/hppt/hppt_database_14feb2023.xlsx,https://doi.org/10.1007/s00204-023-03530-3,HPPT Record.No 295,Human Maximization Test,3,Geranyl butyrate,106-29-6,DTXSID1047152
CCCC(=O)OCC=Cc1ccccc1,0,0.8,NICEATM HPPT Database (2023),https://ntp.niehs.nih.gov/iccvam/methods/immunotox/hppt/hppt_database_14feb2023.xlsx,https://doi.org/10.1007/s00204-023-03530-3,HPPT Record.No 140,Human Maximization Test,3,Cinnamyl butyrate,103-61-7,DTXSID2059277
CCCC(=O)OCCC(C)C,0,0.8,NICEATM HPPT Database (2023),https://ntp.niehs.nih.gov/iccvam/methods/immunotox/hppt/hppt_database_14feb2023.xlsx,https://doi.org/10.1007/s00204-023-03530-3,HPPT Record.No 294,Human Maximization Test,3,Isopentyl butyrate,106-27-4,DTXSID3042059
CCCC(=O)OCCC(C)CCC=C(C)C,0,0.8,NICEATM HPPT Database (2023),https://ntp.niehs.nih.gov/iccvam/methods/immunotox/hppt/hppt_database_14feb2023.xlsx,https://doi.org/10.1007/s00204-023-03530-3,HPPT Record.No 761,Human Maximization Test,3,Citronellyl butyrate,141-16-2,DTXSID5047405
CCCC(=O)OCCc1ccccc1,0,0.8,NICEATM HPPT Database (2023),https://ntp.niehs.nih.gov/iccvam/methods/immunotox/hppt/hppt_database_14feb2023.xlsx,https://doi.org/10.1007/s00204-023-03530-3,HPPT Record.No 128;129;130,Human Maximization Test,3,2-Phenylethyl butanoate,103-52-6,DTXSID6047604
CCCC(=O)OCc1ccccc1,0,0.8,NICEATM HPPT Database (2023),https://ntp.niehs.nih.gov/iccvam/methods/immunotox/hppt/hppt_database_14feb2023.xlsx,https://doi.org/10.1007/s00204-023-03530-3,HPPT Record.No 118,Human Maximization Test,3,Benzyl butyrate,103-37-7,DTXSID7047510
CCCC(C)(COC(N)=O)COC(N)=O,0,1.0,NICEATM HPPT Database (2023),https://ntp.niehs.nih.gov/iccvam/methods/immunotox/hppt/hppt_database_14feb2023.xlsx,https://doi.org/10.1007/s00204-023-03530-3,HPPT Record.No 1377,Human Maximization Test,1,Meprobamate,57-53-4,DTXSID3023261
CCCC(C)C(=O)O,0,0.8,NICEATM HPPT Database (2023),https://ntp.niehs.nih.gov/iccvam/methods/immunotox/hppt/hppt_database_14feb2023.xlsx,https://doi.org/10.1007/s00204-023-03530-3,HPPT Record.No 1998,Human Maximization Test,3,2-Methylpentanoic acid,97-61-0,DTXSID9021633
CCCC(O)CCC1C(C)CCCC1(C)C,0,0.8,NICEATM HPPT Database (2023),https://ntp.niehs.nih.gov/iccvam/methods/immunotox/hppt/hppt_database_14feb2023.xlsx,https://doi.org/10.1007/s00204-023-03530-3,HPPT Record.No 1674;1675,Human Maximization Test,3,"Cyclohexanepropanol, 2,2,6-trimethyl-.alpha.-propyl-",70788-30-6,DTXSID4041814
CCCC1C2C=CC(C2)C1C=O,0,0.8,NICEATM HPPT Database (2023),https://ntp.niehs.nih.gov/iccvam/methods/immunotox/hppt/hppt_database_14feb2023.xlsx,https://doi.org/10.1007/s00204-023-03530-3,HPPT Record.No 1117,Human Maximization Test,3,"Bicyclo[2.2.1]hept-5-ene-2-carboxaldehyde, 3-propyl-",39067-39-5,DTXSID10865940
CCCC1CCCC(=O)O1,0,0.8,NICEATM HPPT Database (2023),https://ntp.niehs.nih.gov/iccvam/methods/immunotox/hppt/hppt_database_14feb2023.xlsx,https://doi.org/10.1007/s00204-023-03530-3,HPPT Record.No 1652,Human Maximization Test,3,delta-Octanolactone,698-76-0,DTXSID5047164
CCCC=C1OC(=O)c2ccccc21,0,0.8,NICEATM HPPT Database (2023),https://ntp.niehs.nih.gov/iccvam/methods/immunotox/hppt/hppt_database_14feb2023.xlsx,https://doi.org/10.1007/s00204-023-03530-3,HPPT Record.No 1332,Human Maximization Test,3,"1(3H)-Isobenzofuranone, 3-butylidene-",551-08-6,DTXSID9060281
CCCC=CCC1CCCC1=O,0,0.8,NICEATM HPPT Database (2023),https://ntp.niehs.nih.gov/iccvam/methods/immunotox/hppt/hppt_database_14feb2023.xlsx,https://doi.org/10.1007/s00204-023-03530-3,HPPT Record.No 1084,Human Maximization Test,3,"Cyclopentanone, 2-(2-hexen-1-yl)-",34687-46-2,DTXSID50865727
CCCC=CCO,0,0.8,NICEATM HPPT Database (2023),https://ntp.niehs.nih.gov/iccvam/methods/immunotox/hppt/hppt_database_14feb2023.xlsx,https://doi.org/10.1007/s00204-023-03530-3,HPPT Record.No 1925,Human Maximization Test,3,(E)-2-Hexen-1-ol,928-95-0,DTXSID2047062
CCCC=CCOC(=O)CC,0,0.8,NICEATM HPPT Database (2023),https://ntp.niehs.nih.gov/iccvam/methods/immunotox/hppt/hppt_database_14feb2023.xlsx,https://doi.org/10.1007/s00204-023-03530-3,HPPT Record.No 1275,Human Maximization Test,3,"2-Hexen-1-ol, 1-propanoate, (2E)-",53398-80-4,DTXSID30886051
CCCC=CCOC(=O)c1ccccc1O,0,0.8,NICEATM HPPT Database (2023),https://ntp.niehs.nih.gov/iccvam/methods/immunotox/hppt/hppt_database_14feb2023.xlsx,https://doi.org/10.1007/s00204-023-03530-3,HPPT Record.No 1612,Human Maximization Test,3,"Benzoic acid, 2-hydroxy-, (2E)-2-hexen-1-yl ester",68133-77-7,DTXSID80887179
CCCC=CCOC(C)=O,0,0.8,NICEATM HPPT Database (2023),https://ntp.niehs.nih.gov/iccvam/methods/immunotox/hppt/hppt_database_14feb2023.xlsx,https://doi.org/10.1007/s00204-023-03530-3,HPPT Record.No 961,Human Maximization Test,3,trans-Hex-2-enyl acetate,2497-18-9,DTXSID40879237
CCCC=O,0,0.8,NICEATM HPPT Database (2023),https://ntp.niehs.nih.gov/iccvam/methods/immunotox/hppt/hppt_database_14feb2023.xlsx,https://doi.org/10.1007/s00204-023-03530-3,HPPT Record.No 597,Human Maximization Test,3,Butyraldehyde,123-72-8,DTXSID8021513
CCCCC(=O)CC,0,0.8,NICEATM HPPT Database (2023),https://ntp.niehs.nih.gov/iccvam/methods/immunotox/hppt/hppt_database_14feb2023.xlsx,https://doi.org/10.1007/s00204-023-03530-3,HPPT Record.No 300,Human Maximization Test,3,3-Heptanone,106-35-4,DTXSID2047438
CCCCC(C=O)=Cc1ccccc1,0,0.8,NICEATM HPPT Database (2023),https://ntp.niehs.nih.gov/iccvam/methods/immunotox/hppt/hppt_database_14feb2023.xlsx,https://doi.org/10.1007/s00204-023-03530-3,HPPT Record.No 1718,Human Maximization Test,3,alpha-Butylcinnamaldehyde,7492-44-6,DTXSID7052490
CCCCC(C=O)CC,0,0.8,NICEATM HPPT Database (2023),https://ntp.niehs.nih.gov/iccvam/methods/immunotox/hppt/hppt_database_14feb2023.xlsx,https://doi.org/10.1007/s00204-023-03530-3,HPPT Record.No 589,Human Maximization Test,3,2-Ethylhexanal,123-05-7,DTXSID9025291
CCCCC(CC)C(=O)OCC,0,0.8,NICEATM HPPT Database (2023),https://ntp.niehs.nih.gov/iccvam/methods/immunotox/hppt/hppt_database_14feb2023.xlsx,https://doi.org/10.1007/s00204-023-03530-3,HPPT Record.No 1021,Human Maximization Test,3,"Hexanoic acid, 2-ethyl-, ethyl ester",2983-37-1,DTXSID40863070
CCCCC(CC)C1OCCO1,0,0.8,NICEATM HPPT Database (2023),https://ntp.niehs.nih.gov/iccvam/methods/immunotox/hppt/hppt_database_14feb2023.xlsx,https://doi.org/10.1007/s00204-023-03530-3,HPPT Record.No 1158,Human Maximization Test,3,"1,3-Dioxolane, 2-(1-ethylpentyl)-",4359-47-1,DTXSID80863377
CCCCC(CC)CO,0,0.8,NICEATM HPPT Database (2023),https://ntp.niehs.nih.gov/iccvam/methods/immunotox/hppt/hppt_database_14feb2023.xlsx,https://doi.org/10.1007/s00204-023-03530-3,HPPT Record.No 222,Human Maximization Test,3,2-Ethyl-1-hexanol,104-76-7,DTXSID5020605
CCCCC(CC)COC(=O)c1ccccc1O,0,0.8,NICEATM HPPT Database (2023),https://ntp.niehs.nih.gov/iccvam/methods/immunotox/hppt/hppt_database_14feb2023.xlsx,https://doi.org/10.1007/s00204-023-03530-3,HPPT Record.No 500,Human Maximization Test,3,2-Ethylhexyl salicylate,118-60-5,DTXSID7040734
CCCCC(CC)COC(C)=O,0,0.8,NICEATM HPPT Database (2023),https://ntp.niehs.nih.gov/iccvam/methods/immunotox/hppt/hppt_database_14feb2023.xlsx,https://doi.org/10.1007/s00204-023-03530-3,HPPT Record.No 88,Human Maximization Test,3,2-Ethylhexyl acetate,103-09-3,DTXSID8026694
CCCCC1C=C(C)CC(C)O1,0,0.8,NICEATM HPPT Database (2023),https://ntp.niehs.nih.gov/iccvam/methods/immunotox/hppt/hppt_database_14feb2023.xlsx,https://doi.org/10.1007/s00204-023-03530-3,HPPT Record.No 936,Human Maximization Test,3,"6-Butyl-2,4-dimethyldihydropyrane",24237-00-1,DTXSID7051898
CCCCC1CCC(=O)O1,0,0.8,NICEATM HPPT Database (2023),https://ntp.niehs.nih.gov/iccvam/methods/immunotox/hppt/hppt_database_14feb2023.xlsx,https://doi.org/10.1007/s00204-023-03530-3,HPPT Record.No 168,Human Maximization Test,3,4-Hydroxyoctanoic acid lactone,104-50-7,DTXSID1047609
CCCCC1CCCC(=O)O1,0,0.8,NICEATM HPPT Database (2023),https://ntp.niehs.nih.gov/iccvam/methods/immunotox/hppt/hppt_database_14feb2023.xlsx,https://doi.org/10.1007/s00204-023-03530-3,HPPT Record.No 1055;1056,Human Maximization Test,3,"2H-Pyran-2-one, 6-butyltetrahydro-",3301-94-8,DTXSID70863149
CCCCC1COCC(C)C1OC(C)=O,0,0.8,NICEATM HPPT Database (2023),https://ntp.niehs.nih.gov/iccvam/methods/immunotox/hppt/hppt_database_14feb2023.xlsx,https://doi.org/10.1007/s00204-023-03530-3,HPPT Record.No 1115,Human Maximization Test,3,"3-O-Acetyl-1,5-anhydro-2-butyl-2,4-dideoxy-4-methylpentitol",38285-49-3,DTXSID4052057
CCCCC1OC(=O)c2ccccc21,0,0.8,NICEATM HPPT Database (2023),https://ntp.niehs.nih.gov/iccvam/methods/immunotox/hppt/hppt_database_14feb2023.xlsx,https://doi.org/10.1007/s00204-023-03530-3,HPPT Record.No 1466,Human Maximization Test,3,"1(3H)-Isobenzofuranone, 3-butyl-",6066-49-5,DTXSID50863687
CCCCC1OC(C)CC(C)(C)O1,0,0.8,NICEATM HPPT Database (2023),https://ntp.niehs.nih.gov/iccvam/methods/immunotox/hppt/hppt_database_14feb2023.xlsx,https://doi.org/10.1007/s00204-023-03530-3,HPPT Record.No 1323,Human Maximization Test,3,"2-Butyl-4,4,6-trimethyl-1,3-dioxane",54546-26-8,DTXSID0052205
CCCCC=CC=CC=O,0,0.8,NICEATM HPPT Database (2023),https://ntp.niehs.nih.gov/iccvam/methods/immunotox/hppt/hppt_database_14feb2023.xlsx,https://doi.org/10.1007/s00204-023-03530-3,HPPT Record.No 1338,Human Maximization Test,3,"trans-2,cis-6-Nonadienal",557-48-2,DTXSID1047104
CCCCC=O,0,0.8,NICEATM HPPT Database (2023),https://ntp.niehs.nih.gov/iccvam/methods/immunotox/hppt/hppt_database_14feb2023.xlsx,https://doi.org/10.1007/s00204-023-03530-3,HPPT Record.No 380,Human Maximization Test,3,Pentanal,110-62-3,DTXSID7021653
CCCCCC,0,1.0,NICEATM HPPT Database (2023),https://ntp.niehs.nih.gov/iccvam/methods/immunotox/hppt/hppt_database_14feb2023.xlsx,https://doi.org/10.1007/s00204-023-03530-3,HPPT Record.No 379,Human Maximization Test,1,n-Hexane,110-54-3,DTXSID0021917
CCCCCC(=Cc1ccccc1)C(OC)OC,0,0.8,NICEATM HPPT Database (2023),https://ntp.niehs.nih.gov/iccvam/methods/immunotox/hppt/hppt_database_14feb2023.xlsx,https://doi.org/10.1007/s00204-023-03530-3,HPPT Record.No 1921,Human Maximization Test,3,[2-(Dimethoxymethyl)-1-heptenyl]benzene,91-87-2,DTXSID1052612
CCCCCC(=Cc1ccccc1)C(OCC)OCC,0,0.8,NICEATM HPPT Database (2023),https://ntp.niehs.nih.gov/iccvam/methods/immunotox/hppt/hppt_database_14feb2023.xlsx,https://doi.org/10.1007/s00204-023-03530-3,HPPT Record.No 1469,Human Maximization Test,3,2-Diethoxymethyl-1-phenylhept-1-ene,60763-41-9,DTXSID9069429
CCCCCC(=Cc1ccccc1)CO,0,0.8,NICEATM HPPT Database (2023),https://ntp.niehs.nih.gov/iccvam/methods/immunotox/hppt/hppt_database_14feb2023.xlsx,https://doi.org/10.1007/s00204-023-03530-3,HPPT Record.No 66;67,Human Repeat Insult Patch Test,3,alpha-Amylcinnamyl alcohol,101-85-9,DTXSID2049393
CCCCCC(=Cc1ccccc1)COC(C)=O,0,0.8,NICEATM HPPT Database (2023),https://ntp.niehs.nih.gov/iccvam/methods/immunotox/hppt/hppt_database_14feb2023.xlsx,https://doi.org/10.1007/s00204-023-03530-3,HPPT Record.No 1725,Human Maximization Test,3,"1-Heptanol, 2-(phenylmethylene)-, 1-acetate",7493-78-9,DTXSID80864081
CCCCCC(=O)CC,0,0.8,NICEATM HPPT Database (2023),https://ntp.niehs.nih.gov/iccvam/methods/immunotox/hppt/hppt_database_14feb2023.xlsx,https://doi.org/10.1007/s00204-023-03530-3,HPPT Record.No 318,Human Maximization Test,3,3-Octanone,106-68-3,DTXSID3041954
CCCCCC(=O)O,0,0.8,NICEATM HPPT Database (2023),https://ntp.niehs.nih.gov/iccvam/methods/immunotox/hppt/hppt_database_14feb2023.xlsx,https://doi.org/10.1007/s00204-023-03530-3,HPPT Record.No 771,Human Maximization Test,3,Hexanoic acid,142-62-1,DTXSID7021607
CCCCCC(=O)OC,0,0.8,NICEATM HPPT Database (2023),https://ntp.niehs.nih.gov/iccvam/methods/immunotox/hppt/hppt_database_14feb2023.xlsx,https://doi.org/10.1007/s00204-023-03530-3,HPPT Record.No 319,Human Maximization Test,3,Methyl hexanoate,106-70-7,DTXSID0047616
CCCCCC(=O)OCC,0,0.8,NICEATM HPPT Database (2023),https://ntp.niehs.nih.gov/iccvam/methods/immunotox/hppt/hppt_database_14feb2023.xlsx,https://doi.org/10.1007/s00204-023-03530-3,HPPT Record.No 595,Human Maximization Test,3,Ethyl hexanoate,123-66-0,DTXSID3021980
CCCCCC(=O)OCC(C)C,0,0.8,NICEATM HPPT Database (2023),https://ntp.niehs.nih.gov/iccvam/methods/immunotox/hppt/hppt_database_14feb2023.xlsx,https://doi.org/10.1007/s00204-023-03530-3,HPPT Record.No 240,Human Maximization Test,3,"Hexanoic acid, 2-methylpropyl ester",105-79-3,DTXSID0059322
CCCCCC(=O)OCC=C(C)CCC=C(C)C,0,0.8,NICEATM HPPT Database (2023),https://ntp.niehs.nih.gov/iccvam/methods/immunotox/hppt/hppt_database_14feb2023.xlsx,https://doi.org/10.1007/s00204-023-03530-3,HPPT Record.No 6,Human Maximization Test,3,Geranyl hexanoate,10032-02-7,DTXSID20881398
CCCCCC(=O)OCCC(C)C,0,0.8,NICEATM HPPT Database (2023),https://ntp.niehs.nih.gov/iccvam/methods/immunotox/hppt/hppt_database_14feb2023.xlsx,https://doi.org/10.1007/s00204-023-03530-3,HPPT Record.No 910,Human Maximization Test,3,"Hexanoic acid, 3-methylbutyl ester",2198-61-0,DTXSID7062245
CCCCCC(=O)OCCCC,0,0.8,NICEATM HPPT Database (2023),https://ntp.niehs.nih.gov/iccvam/methods/immunotox/hppt/hppt_database_14feb2023.xlsx,https://doi.org/10.1007/s00204-023-03530-3,HPPT Record.No 1535,Human Maximization Test,3,"Hexanoic acid, butyl ester",626-82-4,DTXSID8060824
CCCCCC(C)(O)CC,0,0.8,NICEATM HPPT Database (2023),https://ntp.niehs.nih.gov/iccvam/methods/immunotox/hppt/hppt_database_14feb2023.xlsx,https://doi.org/10.1007/s00204-023-03530-3,HPPT Record.No 1276,Human Maximization Test,3,"3-Octanol, 3-methyl-",5340-36-3,DTXSID80884148
CCCCCC(C)=O,0,0.8,NICEATM HPPT Database (2023),https://ntp.niehs.nih.gov/iccvam/methods/immunotox/hppt/hppt_database_14feb2023.xlsx,https://doi.org/10.1007/s00204-023-03530-3,HPPT Record.No 371,Human Maximization Test,3,2-Heptanone,110-43-0,DTXSID5021916
CCCCCC(C=Nc1ccccc1C(=O)OC)=Cc1ccccc1,0,0.8,NICEATM HPPT Database (2023),https://ntp.niehs.nih.gov/iccvam/methods/immunotox/hppt/hppt_database_14feb2023.xlsx,https://doi.org/10.1007/s00204-023-03530-3,HPPT Record.No 1621,Human Maximization Test,3,"Benzoic acid, 2-[[2-(phenylmethylene)heptylidene]amino]-, methyl ester",68527-78-6,DTXSID1071616
CCCCCC(C=O)=Cc1ccccc1,0,0.95,NICEATM HPPT Database (2023),https://ntp.niehs.nih.gov/iccvam/methods/immunotox/hppt/hppt_database_14feb2023.xlsx,https://doi.org/10.1007/s00204-023-03530-3,HPPT Record.No 544;545;546,Human Maximization Test,2,alpha-Amyl cinnamaldehyde,122-40-7,DTXSID8029157
CCCCCC(O)CC,0,0.8,NICEATM HPPT Database (2023),https://ntp.niehs.nih.gov/iccvam/methods/immunotox/hppt/hppt_database_14feb2023.xlsx,https://doi.org/10.1007/s00204-023-03530-3,HPPT Record.No 1419,Human Maximization Test,3,3-octanol,589-98-0,DTXSID10862252
CCCCCC1(C)CCC(C)(C)C1=O,0,0.8,NICEATM HPPT Database (2023),https://ntp.niehs.nih.gov/iccvam/methods/immunotox/hppt/hppt_database_14feb2023.xlsx,https://doi.org/10.1007/s00204-023-03530-3,HPPT Record.No 1562,Human Repeat Insult Patch Test,3,"2,2,5-Trimethyl-5-pentylcyclopentan-1-one",65443-14-3,DTXSID9052341
CCCCCC1=C(C)CCC1=O,0,0.8,NICEATM HPPT Database (2023),https://ntp.niehs.nih.gov/iccvam/methods/immunotox/hppt/hppt_database_14feb2023.xlsx,https://doi.org/10.1007/s00204-023-03530-3,HPPT Record.No 450;451,Human Repeat Insult Patch Test,3,Dihydrojasmone,1128-08-1,DTXSID4051584
CCCCCC1C(=O)CCC1CC(=O)OC,0,0.8,NICEATM HPPT Database (2023),https://ntp.niehs.nih.gov/iccvam/methods/immunotox/hppt/hppt_database_14feb2023.xlsx,https://doi.org/10.1007/s00204-023-03530-3,HPPT Record.No 956;957;958;959;960,Human Repeat Insult Patch Test,3,Methyl dihydrojasmonate,24851-98-7,DTXSID2029325
CCCCCC1C(=O)CCC1CC(C)=O,0,0.8,NICEATM HPPT Database (2023),https://ntp.niehs.nih.gov/iccvam/methods/immunotox/hppt/hppt_database_14feb2023.xlsx,https://doi.org/10.1007/s00204-023-03530-3,HPPT Record.No 1137,Human Maximization Test,3,"Cyclopentanone, 3-(2-oxopropyl)-2-pentyl-",40942-73-2,DTXSID00866027
CCCCCC1CCC(=O)O1,0,0.8,NICEATM HPPT Database (2023),https://ntp.niehs.nih.gov/iccvam/methods/immunotox/hppt/hppt_database_14feb2023.xlsx,https://doi.org/10.1007/s00204-023-03530-3,HPPT Record.No 217,Human Maximization Test,3,gamma-Nonanolactone,104-61-0,DTXSID0034229
CCCCCC1CCCC(=O)O1,0,0.8,NICEATM HPPT Database (2023),https://ntp.niehs.nih.gov/iccvam/methods/immunotox/hppt/hppt_database_14feb2023.xlsx,https://doi.org/10.1007/s00204-023-03530-3,HPPT Record.No 1671,Human Maximization Test,3,6-Pentyltetrahydro-2H-pyran-2-one,705-86-2,DTXSID0044496
CCCCCC1CCCC1=O,0,0.6,NICEATM HPPT Database (2023),https://ntp.niehs.nih.gov/iccvam/methods/immunotox/hppt/hppt_database_14feb2023.xlsx,https://doi.org/10.1007/s00204-023-03530-3,HPPT Record.No 1207,Human Repeat Insult Patch Test,4,2-Pentylcyclopentanone,4819-67-4,DTXSID1044566
CCCCCC1COCCC1OC(C)=O,0,0.8,NICEATM HPPT Database (2023),https://ntp.niehs.nih.gov/iccvam/methods/immunotox/hppt/hppt_database_14feb2023.xlsx,https://doi.org/10.1007/s00204-023-03530-3,HPPT Record.No 867,Human Maximization Test,3,Tetrahydro-3-pentyl-2H-pyran-4-yl acetate,18871-14-2,DTXSID7044556
CCCCCC=CC=CC(=O)OCC,0,0.8,NICEATM HPPT Database (2023),https://ntp.niehs.nih.gov/iccvam/methods/immunotox/hppt/hppt_database_14feb2023.xlsx,https://doi.org/10.1007/s00204-023-03530-3,HPPT Record.No 1027,Human Maximization Test,3,"Ethyl (2E,4Z)-deca-2,4-dienoate",3025-30-7,DTXSID0041357
CCCCCC=CC=CC=O,0,0.8,NICEATM HPPT Database (2023),https://ntp.niehs.nih.gov/iccvam/methods/immunotox/hppt/hppt_database_14feb2023.xlsx,https://doi.org/10.1007/s00204-023-03530-3,HPPT Record.No 926,Human Maximization Test,3,"2,4-Decadienal",2363-88-4,DTXSID4047626
CCCCCC=CCCC=O,0,0.8,NICEATM HPPT Database (2023),https://ntp.niehs.nih.gov/iccvam/methods/immunotox/hppt/hppt_database_14feb2023.xlsx,https://doi.org/10.1007/s00204-023-03530-3,HPPT Record.No 905,Human Maximization Test,3,(4Z)-4-Decenal,21662-09-9,DTXSID5041514
CCCCCC=O,0,0.8,NICEATM HPPT Database (2023),https://ntp.niehs.nih.gov/iccvam/methods/immunotox/hppt/hppt_database_14feb2023.xlsx,https://doi.org/10.1007/s00204-023-03530-3,HPPT Record.No 1568,Human Maximization Test,3,Hexanal,66-25-1,DTXSID2021604
CCCCCCC#CC(=O)OCC,0,0.8,NICEATM HPPT Database (2023),https://ntp.niehs.nih.gov/iccvam/methods/immunotox/hppt/hppt_database_14feb2023.xlsx,https://doi.org/10.1007/s00204-023-03530-3,HPPT Record.No 3,Human Maximization Test,3,"2-Nonynoic acid, ethyl ester",10031-92-2,DTXSID5064918
CCCCCCC#CC(OC)OC,0,0.8,NICEATM HPPT Database (2023),https://ntp.niehs.nih.gov/iccvam/methods/immunotox/hppt/hppt_database_14feb2023.xlsx,https://doi.org/10.1007/s00204-023-03530-3,HPPT Record.No 638;639,Human Maximization Test,3,"1,1-Dimethoxynon-2-yne",13257-44-8,DTXSID3051670
CCCCCCC(=O)OC,0,0.8,NICEATM HPPT Database (2023),https://ntp.niehs.nih.gov/iccvam/methods/immunotox/hppt/hppt_database_14feb2023.xlsx,https://doi.org/10.1007/s00204-023-03530-3,HPPT Record.No 321,Human Maximization Test,3,Methyl heptanoate,106-73-0,DTXSID3059345
CCCCCCC(=O)OCC,0,0.8,NICEATM HPPT Database (2023),https://ntp.niehs.nih.gov/iccvam/methods/immunotox/hppt/hppt_database_14feb2023.xlsx,https://doi.org/10.1007/s00204-023-03530-3,HPPT Record.No 296,Human Maximization Test,3,Ethyl heptanoate,106-30-9,DTXSID1040112
CCCCCCC(=O)OCC(C)C,0,0.8,NICEATM HPPT Database (2023),https://ntp.niehs.nih.gov/iccvam/methods/immunotox/hppt/hppt_database_14feb2023.xlsx,https://doi.org/10.1007/s00204-023-03530-3,HPPT Record.No 1754,Human Maximization Test,3,"Heptanoic acid, 2-methylpropyl ester",7779-80-8,DTXSID8064806
CCCCCCC(C(C)=O)C(=O)OCC,0,0.8,NICEATM HPPT Database (2023),https://ntp.niehs.nih.gov/iccvam/methods/immunotox/hppt/hppt_database_14feb2023.xlsx,https://doi.org/10.1007/s00204-023-03530-3,HPPT Record.No 1012;1013;1014,Human Repeat Insult Patch Test,3,Ethyl 2-acetyloctanoate,29214-60-6,DTXSID3051969
CCCCCCC(C)=O,0,0.8,NICEATM HPPT Database (2023),https://ntp.niehs.nih.gov/iccvam/methods/immunotox/hppt/hppt_database_14feb2023.xlsx,https://doi.org/10.1007/s00204-023-03530-3,HPPT Record.No 403,Human Maximization Test,3,2-Octanone,111-13-7,DTXSID4021927
CCCCCCC(C)C=O,0,0.8,NICEATM HPPT Database (2023),https://ntp.niehs.nih.gov/iccvam/methods/immunotox/hppt/hppt_database_14feb2023.xlsx,https://doi.org/10.1007/s00204-023-03530-3,HPPT Record.No 1758,Human Maximization Test,3,2-Methyloctanal,7786-29-0,DTXSID2052528
CCCCCCC(C=O)=Cc1ccccc1,0,0.8,NICEATM HPPT Database (2023),https://ntp.niehs.nih.gov/iccvam/methods/immunotox/hppt/hppt_database_14feb2023.xlsx,https://doi.org/10.1007/s00204-023-03530-3,HPPT Record.No 69;71,Human Repeat Insult Patch Test,3,2-(Phenylmethylene)octanal,101-86-0,DTXSID4026684
CCCCCCC(O)CC=CCCCCCCCC(=O)OCC,0,0.8,NICEATM HPPT Database (2023),https://ntp.niehs.nih.gov/iccvam/methods/immunotox/hppt/hppt_database_14feb2023.xlsx,https://doi.org/10.1007/s00204-023-03530-3,HPPT Record.No 1331,Human Maximization Test,3,"9-Octadecenoic acid, 12-hydroxy-, ethyl ester, (9Z,12R)-",55066-53-0,DTXSID80886127
CCCCCCC(OC)OC,0,0.8,NICEATM HPPT Database (2023),https://ntp.niehs.nih.gov/iccvam/methods/immunotox/hppt/hppt_database_14feb2023.xlsx,https://doi.org/10.1007/s00204-023-03530-3,HPPT Record.No 7,Human Maximization Test,3,"Heptane, 1,1-dimethoxy-",10032-05-0,DTXSID0064919
CCCCCCC1(C)CCC(=O)O1,0,0.8,NICEATM HPPT Database (2023),https://ntp.niehs.nih.gov/iccvam/methods/immunotox/hppt/hppt_database_14feb2023.xlsx,https://doi.org/10.1007/s00204-023-03530-3,HPPT Record.No 1656,Human Maximization Test,3,Dihydrojasmone lactone,7011-83-8,DTXSID3041299
CCCCCCC1=CCCC1=O,0,0.8,NICEATM HPPT Database (2023),https://ntp.niehs.nih.gov/iccvam/methods/immunotox/hppt/hppt_database_14feb2023.xlsx,https://doi.org/10.1007/s00204-023-03530-3,HPPT Record.No 1968,Human Maximization Test,3,2-Hexylcyclopent-2-enone,95-41-0,DTXSID3052640
CCCCCCC1C(=O)CCC1C(=O)OC,0,0.8,NICEATM HPPT Database (2023),https://ntp.niehs.nih.gov/iccvam/methods/immunotox/hppt/hppt_database_14feb2023.xlsx,https://doi.org/10.1007/s00204-023-03530-3,HPPT Record.No 1104,Human Maximization Test,3,Methyl 2-hexyl-3-oxocyclopentanecarboxylate,37172-53-5,DTXSID5052048
CCCCCCC1CCC(=O)O1,0,0.8,NICEATM HPPT Database (2023),https://ntp.niehs.nih.gov/iccvam/methods/immunotox/hppt/hppt_database_14feb2023.xlsx,https://doi.org/10.1007/s00204-023-03530-3,HPPT Record.No 1672,Human Maximization Test,3,gamma-Decanolactone,706-14-9,DTXSID4022109
CCCCCCC1CCCC(=O)O1,0,0.8,NICEATM HPPT Database (2023),https://ntp.niehs.nih.gov/iccvam/methods/immunotox/hppt/hppt_database_14feb2023.xlsx,https://doi.org/10.1007/s00204-023-03530-3,HPPT Record.No 1678,Human Maximization Test,3,6-Hexyltetrahydro-2H-pyran-2-one,710-04-3,DTXSID9047099
CCCCCCC1CCCC1=O,0,0.8,NICEATM HPPT Database (2023),https://ntp.niehs.nih.gov/iccvam/methods/immunotox/hppt/hppt_database_14feb2023.xlsx,https://doi.org/10.1007/s00204-023-03530-3,HPPT Record.No 630,Human Maximization Test,3,2-Hexylcyclopentanone,13074-65-2,DTXSID90864355
CCCCCCC=CC(=O)OC,0,0.8,NICEATM HPPT Database (2023),https://ntp.niehs.nih.gov/iccvam/methods/immunotox/hppt/hppt_database_14feb2023.xlsx,https://doi.org/10.1007/s00204-023-03530-3,HPPT Record.No 417,Human Maximization Test,3,Methyl 2-nonenoate,111-79-5,DTXSID8047638
CCCCCCC=CC=O,0,0.8,NICEATM HPPT Database (2023),https://ntp.niehs.nih.gov/iccvam/methods/immunotox/hppt/hppt_database_14feb2023.xlsx,https://doi.org/10.1007/s00204-023-03530-3,HPPT Record.No 952,Human Maximization Test,3,2-Nonenal,2463-53-8,DTXSID3047219
CCCCCCC=O,0,0.8,NICEATM HPPT Database (2023),https://ntp.niehs.nih.gov/iccvam/methods/immunotox/hppt/hppt_database_14feb2023.xlsx,https://doi.org/10.1007/s00204-023-03530-3,HPPT Record.No 412,Human Maximization Test,3,Heptanal,111-71-7,DTXSID0021597
CCCCCCCC(=O)O,0,0.8,NICEATM HPPT Database (2023),https://ntp.niehs.nih.gov/iccvam/methods/immunotox/hppt/hppt_database_14feb2023.xlsx,https://doi.org/10.1007/s00204-023-03530-3,HPPT Record.No 604,Human Maximization Test,3,Octanoic acid,124-07-2,DTXSID3021645
CCCCCCCC(=O)OCCC,0,0.8,NICEATM HPPT Database (2023),https://ntp.niehs.nih.gov/iccvam/methods/immunotox/hppt/hppt_database_14feb2023.xlsx,https://doi.org/10.1007/s00204-023-03530-3,HPPT Record.No 1530,Human Maximization Test,3,Propyl octanoate,624-13-5,DTXSID9060782
CCCCCCCC(=O)OCCC(C)C,0,0.8,NICEATM HPPT Database (2023),https://ntp.niehs.nih.gov/iccvam/methods/immunotox/hppt/hppt_database_14feb2023.xlsx,https://doi.org/10.1007/s00204-023-03530-3,HPPT Record.No 876,Human Maximization Test,3,"Octanoic acid, 3-methylbutyl ester",2035-99-6,DTXSID7062114
CCCCCCCC(=O)OCCCC,0,0.8,NICEATM HPPT Database (2023),https://ntp.niehs.nih.gov/iccvam/methods/immunotox/hppt/hppt_database_14feb2023.xlsx,https://doi.org/10.1007/s00204-023-03530-3,HPPT Record.No 1418,Human Maximization Test,3,Butyl octanoate,589-75-3,DTXSID0060432
CCCCCCCC(=O)Oc1ccc(C)cc1,0,0.8,NICEATM HPPT Database (2023),https://ntp.niehs.nih.gov/iccvam/methods/immunotox/hppt/hppt_database_14feb2023.xlsx,https://doi.org/10.1007/s00204-023-03530-3,HPPT Record.No 1434,Human Maximization Test,3,p-Tolyl octanoate,59558-23-5,DTXSID9052262
CCCCCCCC(C)=O,0,0.8,NICEATM HPPT Database (2023),https://ntp.niehs.nih.gov/iccvam/methods/immunotox/hppt/hppt_database_14feb2023.xlsx,https://doi.org/10.1007/s00204-023-03530-3,HPPT Record.No 1833,Human Maximization Test,3,2-Nonanone,821-55-6,DTXSID2022125
CCCCCCCC1CCC(=O)O1,0,0.8,NICEATM HPPT Database (2023),https://ntp.niehs.nih.gov/iccvam/methods/immunotox/hppt/hppt_database_14feb2023.xlsx,https://doi.org/10.1007/s00204-023-03530-3,HPPT Record.No 221,Human Maximization Test,3,5-Heptyldihydro-2(3H)-furanone,104-67-6,DTXSID4034287
CCCCCCCC1CCCC(=O)O1,0,0.8,NICEATM HPPT Database (2023),https://ntp.niehs.nih.gov/iccvam/methods/immunotox/hppt/hppt_database_14feb2023.xlsx,https://doi.org/10.1007/s00204-023-03530-3,HPPT Record.No 1681,Human Maximization Test,3,delta-Dodecalactone,713-95-1,DTXSID9047596
CCCCCCCC1CCCC1=O,0,0.8,NICEATM HPPT Database (2023),https://ntp.niehs.nih.gov/iccvam/methods/immunotox/hppt/hppt_database_14feb2023.xlsx,https://doi.org/10.1007/s00204-023-03530-3,HPPT Record.No 665;666,Human Repeat Insult Patch Test,3,2-Heptylcyclopentanone,137-03-1,DTXSID8044547
CCCCCCCC1CCCO1,0,0.8,NICEATM HPPT Database (2023),https://ntp.niehs.nih.gov/iccvam/methods/immunotox/hppt/hppt_database_14feb2023.xlsx,https://doi.org/10.1007/s00204-023-03530-3,HPPT Record.No 939,Human Maximization Test,3,2-Heptyltetrahydrofuran,2435-16-7,DTXSID9051901
CCCCCCCC=C(C=O)CCCCCC,0,0.8,NICEATM HPPT Database (2023),https://ntp.niehs.nih.gov/iccvam/methods/immunotox/hppt/hppt_database_14feb2023.xlsx,https://doi.org/10.1007/s00204-023-03530-3,HPPT Record.No 690,Human Maximization Test,3,2-Hexyldec-2-enal,13893-39-5,DTXSID60930253
CCCCCCCC=CC=O,0,0.8,NICEATM HPPT Database (2023),https://ntp.niehs.nih.gov/iccvam/methods/immunotox/hppt/hppt_database_14feb2023.xlsx,https://doi.org/10.1007/s00204-023-03530-3,HPPT Record.No 1118,Human Maximization Test,3,(2E)-2-Decenal,3913-81-3,DTXSID5047035
CCCCCCCC=O,0,0.8,NICEATM HPPT Database (2023),https://ntp.niehs.nih.gov/iccvam/methods/immunotox/hppt/hppt_database_14feb2023.xlsx,https://doi.org/10.1007/s00204-023-03530-3,HPPT Record.No 605,Human Maximization Test,3,Octanal,124-13-0,DTXSID3021643
CCCCCCCCC(=O)O,0,0.8,NICEATM HPPT Database (2023),https://ntp.niehs.nih.gov/iccvam/methods/immunotox/hppt/hppt_database_14feb2023.xlsx,https://doi.org/10.1007/s00204-023-03530-3,HPPT Record.No 428,Human Maximization Test,3,Nonanoic acid,112-05-0,DTXSID3021641
CCCCCCCCC(=O)OCC,0,0.8,NICEATM HPPT Database (2023),https://ntp.niehs.nih.gov/iccvam/methods/immunotox/hppt/hppt_database_14feb2023.xlsx,https://doi.org/10.1007/s00204-023-03530-3,HPPT Record.No 592,Human Maximization Test,3,Ethyl nonanoate,123-29-5,DTXSID1047651
CCCCCCCCC(C)C=O,0,0.8,NICEATM HPPT Database (2023),https://ntp.niehs.nih.gov/iccvam/methods/immunotox/hppt/hppt_database_14feb2023.xlsx,https://doi.org/10.1007/s00204-023-03530-3,HPPT Record.No 869,Human Maximization Test,3,2-Methyldecanal,19009-56-4,DTXSID5021623
CCCCCCCCC1CCC(=O)O1,0,0.8,NICEATM HPPT Database (2023),https://ntp.niehs.nih.gov/iccvam/methods/immunotox/hppt/hppt_database_14feb2023.xlsx,https://doi.org/10.1007/s00204-023-03530-3,HPPT Record.No 920,Human Maximization Test,3,gamma-Dodecalactone,2305-05-7,DTXSID7047190
CCCCCCCCC=CCCCCCCCC(=O)OCC,0,0.8,NICEATM HPPT Database (2023),https://ntp.niehs.nih.gov/iccvam/methods/immunotox/hppt/hppt_database_14feb2023.xlsx,https://doi.org/10.1007/s00204-023-03530-3,HPPT Record.No 410,Human Maximization Test,3,Ethyl oleate,111-62-6,DTXSID3047633
CCCCCCCCC=CCCCCCCCC(=O)OCCCC,0,0.8,NICEATM HPPT Database (2023),https://ntp.niehs.nih.gov/iccvam/methods/immunotox/hppt/hppt_database_14feb2023.xlsx,https://doi.org/10.1007/s00204-023-03530-3,HPPT Record.No 772,Human Maximization Test,3,Butyl cis-9-octadecenoate,142-77-8,DTXSID7027099
CCCCCCCCC=O,0,0.8,NICEATM HPPT Database (2023),https://ntp.niehs.nih.gov/iccvam/methods/immunotox/hppt/hppt_database_14feb2023.xlsx,https://doi.org/10.1007/s00204-023-03530-3,HPPT Record.No 606,Human Maximization Test,3,Nonanal,124-19-6,DTXSID9021639
CCCCCCCCCC#N,0,0.8,NICEATM HPPT Database (2023),https://ntp.niehs.nih.gov/iccvam/methods/immunotox/hppt/hppt_database_14feb2023.xlsx,https://doi.org/10.1007/s00204-023-03530-3,HPPT Record.No 872,Human Repeat Insult Patch Test,3,Decanenitrile,1975-78-6,DTXSID9027449
CCCCCCCCCC(=O)O,0,0.8,NICEATM HPPT Database (2023),https://ntp.niehs.nih.gov/iccvam/methods/immunotox/hppt/hppt_database_14feb2023.xlsx,https://doi.org/10.1007/s00204-023-03530-3,HPPT Record.No 1060,Human Maximization Test,3,Decanoic acid,334-48-5,DTXSID9021554
CCCCCCCCCC(=O)OCC,0,0.8,NICEATM HPPT Database (2023),https://ntp.niehs.nih.gov/iccvam/methods/immunotox/hppt/hppt_database_14feb2023.xlsx,https://doi.org/10.1007/s00204-023-03530-3,HPPT Record.No 368,Human Maximization Test,3,Ethyl decanoate,110-38-3,DTXSID0044363
CCCCCCCCCC(C)=O,0,0.8,NICEATM HPPT Database (2023),https://ntp.niehs.nih.gov/iccvam/methods/immunotox/hppt/hppt_database_14feb2023.xlsx,https://doi.org/10.1007/s00204-023-03530-3,HPPT Record.No 430,Human Maximization Test,3,2-Undecanone,112-12-9,DTXSID2021943
CCCCCCCCCC(C)C(OC)OC,0,0.8,NICEATM HPPT Database (2023),https://ntp.niehs.nih.gov/iccvam/methods/immunotox/hppt/hppt_database_14feb2023.xlsx,https://doi.org/10.1007/s00204-023-03530-3,HPPT Record.No 1614,Human Maximization Test,3,"1,1-Dimethoxy-2-methylundecane",68141-17-3,DTXSID9052395
CCCCCCCCCC(C)C=O,0,0.8,NICEATM HPPT Database (2023),https://ntp.niehs.nih.gov/iccvam/methods/immunotox/hppt/hppt_database_14feb2023.xlsx,https://doi.org/10.1007/s00204-023-03530-3,HPPT Record.No 370,Human Maximization Test,3,2-Methylundecanal,110-41-8,DTXSID9047629
CCCCCCCCCC(OC)OC,0,0.8,NICEATM HPPT Database (2023),https://ntp.niehs.nih.gov/iccvam/methods/immunotox/hppt/hppt_database_14feb2023.xlsx,https://doi.org/10.1007/s00204-023-03530-3,HPPT Record.No 1751,Human Maximization Test,3,"Decane, 1,1-dimethoxy-",7779-41-1,DTXSID3064803
CCCCCCCCCC=CC=O,0,0.8,NICEATM HPPT Database (2023),https://ntp.niehs.nih.gov/iccvam/methods/immunotox/hppt/hppt_database_14feb2023.xlsx,https://doi.org/10.1007/s00204-023-03530-3,HPPT Record.No 1208,Human Maximization Test,3,2-​Dodecenal,4826-62-4,DTXSID0052122
CCCCCCCCCCC=O,0,0.8,NICEATM HPPT Database (2023),https://ntp.niehs.nih.gov/iccvam/methods/immunotox/hppt/hppt_database_14feb2023.xlsx,https://doi.org/10.1007/s00204-023-03530-3,HPPT Record.No 442,Human Maximization Test,3,Undecanal,112-44-7,DTXSID4021688
CCCCCCCCCCCC#N,0,0.6,NICEATM HPPT Database (2023),https://ntp.niehs.nih.gov/iccvam/methods/immunotox/hppt/hppt_database_14feb2023.xlsx,https://doi.org/10.1007/s00204-023-03530-3,HPPT Record.No 941,Human Repeat Insult Patch Test,4,n-Undecyl cyanide,2437-25-4,DTXSID1022188
CCCCCCCCCCCC(=O)OCC,0,0.8,NICEATM HPPT Database (2023),https://ntp.niehs.nih.gov/iccvam/methods/immunotox/hppt/hppt_database_14feb2023.xlsx,https://doi.org/10.1007/s00204-023-03530-3,HPPT Record.No 299,Human Maximization Test,3,Ethyl dodecanoate,106-33-2,DTXSID4047044
CCCCCCCCCCCC(=O)OCc1ccccc1,0,0.8,NICEATM HPPT Database (2023),https://ntp.niehs.nih.gov/iccvam/methods/immunotox/hppt/hppt_database_14feb2023.xlsx,https://doi.org/10.1007/s00204-023-03530-3,HPPT Record.No 704,Human Maximization Test,3,"Dodecanoic acid, phenylmethyl ester",140-25-0,DTXSID7059692
CCCCCCCCCCCC=O,0,0.8,NICEATM HPPT Database (2023),https://ntp.niehs.nih.gov/iccvam/methods/immunotox/hppt/hppt_database_14feb2023.xlsx,https://doi.org/10.1007/s00204-023-03530-3,HPPT Record.No 445,Human Maximization Test,3,Dodecanal,112-54-9,DTXSID6021589
CCCCCCCCCCCCCC#N,0,0.8,NICEATM HPPT Database (2023),https://ntp.niehs.nih.gov/iccvam/methods/immunotox/hppt/hppt_database_14feb2023.xlsx,https://doi.org/10.1007/s00204-023-03530-3,HPPT Record.No 1538,Human Maximization Test,3,Tetradecanenitrile,629-63-0,DTXSID3060877
CCCCCCCCCCCCCC(=O)OC(C)C,0,0.8,NICEATM HPPT Database (2023),https://ntp.niehs.nih.gov/iccvam/methods/immunotox/hppt/hppt_database_14feb2023.xlsx,https://doi.org/10.1007/s00204-023-03530-3,HPPT Record.No 366,Human Maximization Test,3,Isopropyl tetradecanoate,110-27-0,DTXSID0026838
CCCCCCCCCCCCCC(=O)OCC,0,0.8,NICEATM HPPT Database (2023),https://ntp.niehs.nih.gov/iccvam/methods/immunotox/hppt/hppt_database_14feb2023.xlsx,https://doi.org/10.1007/s00204-023-03530-3,HPPT Record.No 603,Human Maximization Test,3,Ethyl tetradecanoate,124-06-1,DTXSID6047654
CCCCCCCCCCCCCC=O,0,0.8,NICEATM HPPT Database (2023),https://ntp.niehs.nih.gov/iccvam/methods/immunotox/hppt/hppt_database_14feb2023.xlsx,https://doi.org/10.1007/s00204-023-03530-3,HPPT Record.No 607,Human Maximization Test,3,Tetradecanal,124-25-4,DTXSID1021665
CCCCCCCCCCCCCCCC(=O)OC(C)C,0,0.8,NICEATM HPPT Database (2023),https://ntp.niehs.nih.gov/iccvam/methods/immunotox/hppt/hppt_database_14feb2023.xlsx,https://doi.org/10.1007/s00204-023-03530-3,HPPT Record.No 775,Human Maximization Test,3,"Hexadecanoic acid, 1-methylethyl ester",142-91-6,DTXSID9027104
CCCCCCCCCCCCCCCC(=O)OCC(CC)CCCC,0,0.8,NICEATM HPPT Database (2023),https://ntp.niehs.nih.gov/iccvam/methods/immunotox/hppt/hppt_database_14feb2023.xlsx,https://doi.org/10.1007/s00204-023-03530-3,HPPT Record.No 1020,Human Maximization Test,3,2-Ethylhexyl hexadecanoate,29806-73-3,DTXSID3027958
CCCCCCCCCCCCCCCCCC(=O)O,0,0.8,NICEATM HPPT Database (2023),https://ntp.niehs.nih.gov/iccvam/methods/immunotox/hppt/hppt_database_14feb2023.xlsx,https://doi.org/10.1007/s00204-023-03530-3,HPPT Record.No 1373,Human Maximization Test,3,Octadecanoic acid,57-11-4,DTXSID8021642
CCCCCCCCCCCCCCCCCC(=O)OCC,0,0.8,NICEATM HPPT Database (2023),https://ntp.niehs.nih.gov/iccvam/methods/immunotox/hppt/hppt_database_14feb2023.xlsx,https://doi.org/10.1007/s00204-023-03530-3,HPPT Record.No 409,Human Maximization Test,3,Ethyl stearate,111-61-5,DTXSID5059406
CCCCCCCCCCCCCCCCO,0,0.8,NICEATM HPPT Database (2023),https://ntp.niehs.nih.gov/iccvam/methods/immunotox/hppt/hppt_database_14feb2023.xlsx,https://doi.org/10.1007/s00204-023-03530-3,HPPT Record.No 1098,Human Maximization Test,3,1-Hexadecanol,36653-82-4,DTXSID4027991
CCCCCCCCCCCCCCCCOC(C)=O,0,0.8,NICEATM HPPT Database (2023),https://ntp.niehs.nih.gov/iccvam/methods/immunotox/hppt/hppt_database_14feb2023.xlsx,https://doi.org/10.1007/s00204-023-03530-3,HPPT Record.No 1539,Human Maximization Test,3,Hexadecyl acetate,629-70-9,DTXSID2052312
CCCCCCCCCCCCCCCC[n+]1ccccc1,0,1.0,NICEATM HPPT Database (2023),https://ntp.niehs.nih.gov/iccvam/methods/immunotox/hppt/hppt_database_14feb2023.xlsx,https://doi.org/10.1007/s00204-023-03530-3,HPPT Record.No 1743,Human Maximization Test,1,1-Hexadecylpyridinium,7773-52-6,DTXSID8047979
CCCCCCCCCCCCO,0,0.8,NICEATM HPPT Database (2023),https://ntp.niehs.nih.gov/iccvam/methods/immunotox/hppt/hppt_database_14feb2023.xlsx,https://doi.org/10.1007/s00204-023-03530-3,HPPT Record.No 444,Human Maximization Test,3,1-Dodecanol,112-53-8,DTXSID5026918
CCCCCCCCCCCCOC(C)=O,0,0.8,NICEATM HPPT Database (2023),https://ntp.niehs.nih.gov/iccvam/methods/immunotox/hppt/hppt_database_14feb2023.xlsx,https://doi.org/10.1007/s00204-023-03530-3,HPPT Record.No 447,Human Maximization Test,3,Dodecyl acetate,112-66-3,DTXSID7047641
CCCCCCCCCCCCOS(=O)(=O)O,0,1.0,NICEATM HPPT Database (2023),https://ntp.niehs.nih.gov/iccvam/methods/immunotox/hppt/hppt_database_14feb2023.xlsx,https://doi.org/10.1007/s00204-023-03530-3,HPPT Record.No 819,Human Maximization Test,1,Sodium dodecyl sulfate,151-21-3,DTXSID1026031
CCCCCCCCCCCO,0,0.8,NICEATM HPPT Database (2023),https://ntp.niehs.nih.gov/iccvam/methods/immunotox/hppt/hppt_database_14feb2023.xlsx,https://doi.org/10.1007/s00204-023-03530-3,HPPT Record.No 440,Human Maximization Test,3,1-Undecanol,112-42-5,DTXSID0026915
CCCCCCCCCCOC,0,0.8,NICEATM HPPT Database (2023),https://ntp.niehs.nih.gov/iccvam/methods/immunotox/hppt/hppt_database_14feb2023.xlsx,https://doi.org/10.1007/s00204-023-03530-3,HPPT Record.No 1696,Human Maximization Test,3,"Decane, 1-methoxy-",7289-52-3,DTXSID6064616
CCCCCCCCCCOC(C)=O,0,0.8,NICEATM HPPT Database (2023),https://ntp.niehs.nih.gov/iccvam/methods/immunotox/hppt/hppt_database_14feb2023.xlsx,https://doi.org/10.1007/s00204-023-03530-3,HPPT Record.No 432,Human Maximization Test,3,Decyl acetate,112-17-4,DTXSID8047189
CCCCCCCCCO,0,0.8,NICEATM HPPT Database (2023),https://ntp.niehs.nih.gov/iccvam/methods/immunotox/hppt/hppt_database_14feb2023.xlsx,https://doi.org/10.1007/s00204-023-03530-3,HPPT Record.No 778,Human Maximization Test,3,1-Nonanol,143-08-8,DTXSID6022008
CCCCCCCCCOC(C)=O,0,0.8,NICEATM HPPT Database (2023),https://ntp.niehs.nih.gov/iccvam/methods/immunotox/hppt/hppt_database_14feb2023.xlsx,https://doi.org/10.1007/s00204-023-03530-3,HPPT Record.No 779,Human Maximization Test,3,Nonyl acetate,143-13-5,DTXSID4047123
CCCCCCCCO,0,0.8,NICEATM HPPT Database (2023),https://ntp.niehs.nih.gov/iccvam/methods/immunotox/hppt/hppt_database_14feb2023.xlsx,https://doi.org/10.1007/s00204-023-03530-3,HPPT Record.No 426,Human Maximization Test,3,1-Octanol,111-87-5,DTXSID7021940
CCCCCCCCOC(=O)C(C)C,0,0.8,NICEATM HPPT Database (2023),https://ntp.niehs.nih.gov/iccvam/methods/immunotox/hppt/hppt_database_14feb2023.xlsx,https://doi.org/10.1007/s00204-023-03530-3,HPPT Record.No 356,Human Maximization Test,3,"Propanoic acid, 2-methyl-, octyl ester",109-15-9,DTXSID6059364
CCCCCCCCOC(=O)c1ccccc1O,0,0.8,NICEATM HPPT Database (2023),https://ntp.niehs.nih.gov/iccvam/methods/immunotox/hppt/hppt_database_14feb2023.xlsx,https://doi.org/10.1007/s00204-023-03530-3,HPPT Record.No 1649;1650,Human Maximization Test,3,Octyl salicylate,6969-49-9,DTXSID6042238
CCCCCCCCOC(C)=O,0,0.8,NICEATM HPPT Database (2023),https://ntp.niehs.nih.gov/iccvam/methods/immunotox/hppt/hppt_database_14feb2023.xlsx,https://doi.org/10.1007/s00204-023-03530-3,HPPT Record.No 431,Human Maximization Test,3,Octyl acetate,112-14-1,DTXSID8044202
CCCCCCCCOC=O,0,0.8,NICEATM HPPT Database (2023),https://ntp.niehs.nih.gov/iccvam/methods/immunotox/hppt/hppt_database_14feb2023.xlsx,https://doi.org/10.1007/s00204-023-03530-3,HPPT Record.No 436,Human Maximization Test,3,"Formic acid, octyl ester",112-32-3,DTXSID4059417
CCCCCCCO,0,0.8,NICEATM HPPT Database (2023),https://ntp.niehs.nih.gov/iccvam/methods/immunotox/hppt/hppt_database_14feb2023.xlsx,https://doi.org/10.1007/s00204-023-03530-3,HPPT Record.No 411,Human Maximization Test,3,1-Heptanol,111-70-6,DTXSID8021937
CCCCCCCOC(=O)CCC,0,0.8,NICEATM HPPT Database (2023),https://ntp.niehs.nih.gov/iccvam/methods/immunotox/hppt/hppt_database_14feb2023.xlsx,https://doi.org/10.1007/s00204-023-03530-3,HPPT Record.No 1410,Human Maximization Test,3,Heptyl butyrate,5870-93-9,DTXSID0042038
CCCCCCCOC(C)=O,0,0.8,NICEATM HPPT Database (2023),https://ntp.niehs.nih.gov/iccvam/methods/immunotox/hppt/hppt_database_14feb2023.xlsx,https://doi.org/10.1007/s00204-023-03530-3,HPPT Record.No 429,Human Maximization Test,3,Heptyl acetate,112-06-1,DTXSID9047124
CCCCCCCOC=O,0,0.8,NICEATM HPPT Database (2023),https://ntp.niehs.nih.gov/iccvam/methods/immunotox/hppt/hppt_database_14feb2023.xlsx,https://doi.org/10.1007/s00204-023-03530-3,HPPT Record.No 434,Human Maximization Test,3,"Formic acid, heptyl ester",112-23-2,DTXSID9059416
CCCCCCO,0,0.8,NICEATM HPPT Database (2023),https://ntp.niehs.nih.gov/iccvam/methods/immunotox/hppt/hppt_database_14feb2023.xlsx,https://doi.org/10.1007/s00204-023-03530-3,HPPT Record.No 404,Human Maximization Test,3,1-Hexanol,111-27-3,DTXSID8021931
CCCCCCOC(=O)C(C)(C)C,0,0.8,NICEATM HPPT Database (2023),https://ntp.niehs.nih.gov/iccvam/methods/immunotox/hppt/hppt_database_14feb2023.xlsx,https://doi.org/10.1007/s00204-023-03530-3,HPPT Record.No 1309,Human Maximization Test,3,Hexyl pivalate,5434-57-1,DTXSID9042045
CCCCCCOC(=O)C(C)C,0,0.8,NICEATM HPPT Database (2023),https://ntp.niehs.nih.gov/iccvam/methods/immunotox/hppt/hppt_database_14feb2023.xlsx,https://doi.org/10.1007/s00204-023-03530-3,HPPT Record.No 924,Human Maximization Test,3,Hexyl isobutyrate,2349-07-7,DTXSID2047519
CCCCCCOC(=O)C(C)CC,0,0.8,NICEATM HPPT Database (2023),https://ntp.niehs.nih.gov/iccvam/methods/immunotox/hppt/hppt_database_14feb2023.xlsx,https://doi.org/10.1007/s00204-023-03530-3,HPPT Record.No 9,Human Maximization Test,3,Hexyl 2-methylbutanoate,10032-15-2,DTXSID4047599
CCCCCCOC(=O)C=CC(=O)OCCCCCC,0,0.8,NICEATM HPPT Database (2023),https://ntp.niehs.nih.gov/iccvam/methods/immunotox/hppt/hppt_database_14feb2023.xlsx,https://doi.org/10.1007/s00204-023-03530-3,HPPT Record.No 871,Human Maximization Test,3,Dihexyl (2E)-2-butenedioate,19139-31-2,DTXSID00893393
CCCCCCOC(=O)CC,0,0.8,NICEATM HPPT Database (2023),https://ntp.niehs.nih.gov/iccvam/methods/immunotox/hppt/hppt_database_14feb2023.xlsx,https://doi.org/10.1007/s00204-023-03530-3,HPPT Record.No 950,Human Maximization Test,3,Hexyl propanoate,2445-76-3,DTXSID5047582
CCCCCCOC(=O)CC(C)C,0,0.8,NICEATM HPPT Database (2023),https://ntp.niehs.nih.gov/iccvam/methods/immunotox/hppt/hppt_database_14feb2023.xlsx,https://doi.org/10.1007/s00204-023-03530-3,HPPT Record.No 8,Human Maximization Test,3,"Butanoic acid, 3-methyl-, hexyl ester",10032-13-0,DTXSID4064921
CCCCCCOC(=O)CCC,0,0.8,NICEATM HPPT Database (2023),https://ntp.niehs.nih.gov/iccvam/methods/immunotox/hppt/hppt_database_14feb2023.xlsx,https://doi.org/10.1007/s00204-023-03530-3,HPPT Record.No 985,Human Maximization Test,3,Hexyl butyrate,2639-63-6,DTXSID8047559
CCCCCCOC(=O)CCCCC,0,0.8,NICEATM HPPT Database (2023),https://ntp.niehs.nih.gov/iccvam/methods/immunotox/hppt/hppt_database_14feb2023.xlsx,https://doi.org/10.1007/s00204-023-03530-3,HPPT Record.No 1543,Human Maximization Test,3,Hexyl hexanoate,6378-65-0,DTXSID3047552
CCCCCCOC(=O)c1ccccc1,0,0.8,NICEATM HPPT Database (2023),https://ntp.niehs.nih.gov/iccvam/methods/immunotox/hppt/hppt_database_14feb2023.xlsx,https://doi.org/10.1007/s00204-023-03530-3,HPPT Record.No 1604,Human Maximization Test,3,Hexyl benzoate,6789-88-4,DTXSID9025403
CCCCCCOC(=O)c1ccccc1O,0,0.8,NICEATM HPPT Database (2023),https://ntp.niehs.nih.gov/iccvam/methods/immunotox/hppt/hppt_database_14feb2023.xlsx,https://doi.org/10.1007/s00204-023-03530-3,HPPT Record.No 1533;1534,Human Repeat Insult Patch Test,3,Hexyl salicylate,6259-76-3,DTXSID4038924
CCCCCCOC(C)=O,0,0.8,NICEATM HPPT Database (2023),https://ntp.niehs.nih.gov/iccvam/methods/immunotox/hppt/hppt_database_14feb2023.xlsx,https://doi.org/10.1007/s00204-023-03530-3,HPPT Record.No 776,Human Maximization Test,3,Hexyl acetate,142-92-7,DTXSID6022006
CCCCCCOC(C)OCC,0,0.8,NICEATM HPPT Database (2023),https://ntp.niehs.nih.gov/iccvam/methods/immunotox/hppt/hppt_database_14feb2023.xlsx,https://doi.org/10.1007/s00204-023-03530-3,HPPT Record.No 1321,Human Maximization Test,3,"Hexane, 1-(1-ethoxyethoxy)-",54484-73-0,DTXSID60866427
CCCCCCOC=O,0,0.8,NICEATM HPPT Database (2023),https://ntp.niehs.nih.gov/iccvam/methods/immunotox/hppt/hppt_database_14feb2023.xlsx,https://doi.org/10.1007/s00204-023-03530-3,HPPT Record.No 1537,Human Maximization Test,3,"Formic acid, hexyl ester",629-33-4,DTXSID8060870
CCCCCCOCC(OC)OC,0,0.8,NICEATM HPPT Database (2023),https://ntp.niehs.nih.gov/iccvam/methods/immunotox/hppt/hppt_database_14feb2023.xlsx,https://doi.org/10.1007/s00204-023-03530-3,HPPT Record.No 846,Human Maximization Test,3,"Hexane, 1-(2,2-dimethoxyethoxy)-",17597-95-4,DTXSID3066217
CCCCCOC(=O)CCCCC,0,0.8,NICEATM HPPT Database (2023),https://ntp.niehs.nih.gov/iccvam/methods/immunotox/hppt/hppt_database_14feb2023.xlsx,https://doi.org/10.1007/s00204-023-03530-3,HPPT Record.No 1298,Human Maximization Test,3,n-Amyl caproate,540-07-8,DTXSID0047581
CCCCCOC(=O)c1ccccc1O,0,0.8,NICEATM HPPT Database (2023),https://ntp.niehs.nih.gov/iccvam/methods/immunotox/hppt/hppt_database_14feb2023.xlsx,https://doi.org/10.1007/s00204-023-03530-3,HPPT Record.No 877;878;879,Human Maximization Test,3,Pentyl 2-hydroxybenzoate,2050-08-0,DTXSID9029227
CCCCCOC(C)=O,0,0.95,NICEATM HPPT Database (2023),https://ntp.niehs.nih.gov/iccvam/methods/immunotox/hppt/hppt_database_14feb2023.xlsx,https://doi.org/10.1007/s00204-023-03530-3,HPPT Record.No 1536,Human Repeat Insult Patch Test,2,Pentyl acetate,628-63-7,DTXSID1027263
CCCCOC(=O)C(C)O,0,0.8,NICEATM HPPT Database (2023),https://ntp.niehs.nih.gov/iccvam/methods/immunotox/hppt/hppt_database_14feb2023.xlsx,https://doi.org/10.1007/s00204-023-03530-3,HPPT Record.No 680,Human Maximization Test,3,Butyl lactate,138-22-7,DTXSID7042196
CCCCOC(=O)C(C)OC(=O)CCC,0,0.8,NICEATM HPPT Database (2023),https://ntp.niehs.nih.gov/iccvam/methods/immunotox/hppt/hppt_database_14feb2023.xlsx,https://doi.org/10.1007/s00204-023-03530-3,HPPT Record.No 1721,Human Maximization Test,3,1-Butoxy-1-oxopropan-2-yl butanoate,7492-70-8,DTXSID3044831
CCCCOC(=O)C=Cc1ccccc1,0,0.8,NICEATM HPPT Database (2023),https://ntp.niehs.nih.gov/iccvam/methods/immunotox/hppt/hppt_database_14feb2023.xlsx,https://doi.org/10.1007/s00204-023-03530-3,HPPT Record.No 1281,Human Maximization Test,3,Butyl cinnamate,538-65-8,DTXSID0060226
CCCCOC(=O)CC,0,0.8,NICEATM HPPT Database (2023),https://ntp.niehs.nih.gov/iccvam/methods/immunotox/hppt/hppt_database_14feb2023.xlsx,https://doi.org/10.1007/s00204-023-03530-3,HPPT Record.No 1420,Human Maximization Test,3,Butyl propionate,590-01-2,DTXSID5027223
CCCCOC(=O)CC(C)C,0,0.8,NICEATM HPPT Database (2023),https://ntp.niehs.nih.gov/iccvam/methods/immunotox/hppt/hppt_database_14feb2023.xlsx,https://doi.org/10.1007/s00204-023-03530-3,HPPT Record.No 357,Human Maximization Test,3,Butyl 3-methylbutanoate,109-19-3,DTXSID9047621
CCCCOC(=O)CCC,0,0.8,NICEATM HPPT Database (2023),https://ntp.niehs.nih.gov/iccvam/methods/immunotox/hppt/hppt_database_14feb2023.xlsx,https://doi.org/10.1007/s00204-023-03530-3,HPPT Record.No 359,Human Maximization Test,3,Butyl butyrate,109-21-7,DTXSID7041702
CCCCOC(=O)CCC(C)=O,0,0.8,NICEATM HPPT Database (2023),https://ntp.niehs.nih.gov/iccvam/methods/immunotox/hppt/hppt_database_14feb2023.xlsx,https://doi.org/10.1007/s00204-023-03530-3,HPPT Record.No 883,Human Maximization Test,3,Butyl 4-oxopentanoate,2052-15-5,DTXSID3038800
CCCCOC(=O)Cc1ccccc1,0,0.8,NICEATM HPPT Database (2023),https://ntp.niehs.nih.gov/iccvam/methods/immunotox/hppt/hppt_database_14feb2023.xlsx,https://doi.org/10.1007/s00204-023-03530-3,HPPT Record.No 547,Human Maximization Test,3,"Benzeneacetic acid, butyl ester",122-43-0,DTXSID9059541
CCCCOC(=O)c1ccccc1,0,0.8,NICEATM HPPT Database (2023),https://ntp.niehs.nih.gov/iccvam/methods/immunotox/hppt/hppt_database_14feb2023.xlsx,https://doi.org/10.1007/s00204-023-03530-3,HPPT Record.No 664,Human Maximization Test,3,Butyl benzoate,136-60-7,DTXSID8040694
CCCCOC(=O)c1ccccc1N,0,0.8,NICEATM HPPT Database (2023),https://ntp.niehs.nih.gov/iccvam/methods/immunotox/hppt/hppt_database_14feb2023.xlsx,https://doi.org/10.1007/s00204-023-03530-3,HPPT Record.No 1741,Human Maximization Test,3,Butyl anthranilate,7756-96-9,DTXSID5024683
CCCCOC(=O)c1ccccc1O,0,0.8,NICEATM HPPT Database (2023),https://ntp.niehs.nih.gov/iccvam/methods/immunotox/hppt/hppt_database_14feb2023.xlsx,https://doi.org/10.1007/s00204-023-03530-3,HPPT Record.No 882,Human Maximization Test,3,Butyl salicylate,2052-14-4,DTXSID8062153
CCCCOC(C)=O,0,0.8,NICEATM HPPT Database (2023),https://ntp.niehs.nih.gov/iccvam/methods/immunotox/hppt/hppt_database_14feb2023.xlsx,https://doi.org/10.1007/s00204-023-03530-3,HPPT Record.No 599,Human Maximization Test,3,Butyl acetate,123-86-4,DTXSID3021982
CCCCSCCCC,0,0.8,NICEATM HPPT Database (2023),https://ntp.niehs.nih.gov/iccvam/methods/immunotox/hppt/hppt_database_14feb2023.xlsx,https://doi.org/10.1007/s00204-023-03530-3,HPPT Record.No 1312;1313,Human Repeat Insult Patch Test,3,Dibutyl sulfide,544-40-1,DTXSID6022058
CCCOC(=O)CC,0,0.8,NICEATM HPPT Database (2023),https://ntp.niehs.nih.gov/iccvam/methods/immunotox/hppt/hppt_database_14feb2023.xlsx,https://doi.org/10.1007/s00204-023-03530-3,HPPT Record.No 301;302,Human Maximization Test,3,Propyl propionate,106-36-5,DTXSID4042337
CCCOC(C)OCCC,0,0.8,NICEATM HPPT Database (2023),https://ntp.niehs.nih.gov/iccvam/methods/immunotox/hppt/hppt_database_14feb2023.xlsx,https://doi.org/10.1007/s00204-023-03530-3,HPPT Record.No 241,Human Maximization Test,3,"Propane, 1,1'-[ethylidenebis(oxy)]bis-",105-82-8,DTXSID5059325
CCCOC(C)OCCc1ccccc1,0,0.8,NICEATM HPPT Database (2023),https://ntp.niehs.nih.gov/iccvam/methods/immunotox/hppt/hppt_database_14feb2023.xlsx,https://doi.org/10.1007/s00204-023-03530-3,HPPT Record.No 1722;1723,Human Repeat Insult Patch Test,3,[2-(1-Propoxyethoxy)ethyl]benzene,7493-57-4,DTXSID2052493
CCCc1ccc(O)c(OC)c1,0,0.8,NICEATM HPPT Database (2023),https://ntp.niehs.nih.gov/iccvam/methods/immunotox/hppt/hppt_database_14feb2023.xlsx,https://doi.org/10.1007/s00204-023-03530-3,HPPT Record.No 1000,Human Maximization Test,3,2-Methoxy-4-propylphenol,2785-87-7,DTXSID2047199
CCCc1ccc2c(c1)OCO2,0,0.8,NICEATM HPPT Database (2023),https://ntp.niehs.nih.gov/iccvam/methods/immunotox/hppt/hppt_database_14feb2023.xlsx,https://doi.org/10.1007/s00204-023-03530-3,HPPT Record.No 1965,Human Maximization Test,3,"1,2-(Methylenedioxy)-4-propylbenzene",94-58-6,DTXSID7020475
CCN(CC)CC(=O)Nc1c(C)cccc1C,0,1.0,NICEATM HPPT Database (2023),https://ntp.niehs.nih.gov/iccvam/methods/immunotox/hppt/hppt_database_14feb2023.xlsx,https://doi.org/10.1007/s00204-023-03530-3,HPPT Record.No 677,Human Maximization Test,1,Lidocaine,137-58-6,DTXSID1045166
CCO,0,0.95,NICEATM HPPT Database (2023),https://ntp.niehs.nih.gov/iccvam/methods/immunotox/hppt/hppt_database_14feb2023.xlsx,https://doi.org/10.1007/s00204-023-03530-3,HPPT Record.No 1551,Human Repeat Insult Patch Test,2,Ethanol,64-17-5,DTXSID9020584
CCOC(=O)C(C)C,0,0.8,NICEATM HPPT Database (2023),https://ntp.niehs.nih.gov/iccvam/methods/immunotox/hppt/hppt_database_14feb2023.xlsx,https://doi.org/10.1007/s00204-023-03530-3,HPPT Record.No 1999,Human Maximization Test,3,Ethyl isobutyrate,97-62-1,DTXSID7047728
CCOC(=O)C(C)O,0,0.8,NICEATM HPPT Database (2023),https://ntp.niehs.nih.gov/iccvam/methods/immunotox/hppt/hppt_database_14feb2023.xlsx,https://doi.org/10.1007/s00204-023-03530-3,HPPT Record.No 2000,Human Maximization Test,3,Ethyl lactate,97-64-3,DTXSID6029127
CCOC(=O)C1=C(C)C=CCC1(C)C,0,0.8,NICEATM HPPT Database (2023),https://ntp.niehs.nih.gov/iccvam/methods/immunotox/hppt/hppt_database_14feb2023.xlsx,https://doi.org/10.1007/s00204-023-03530-3,HPPT Record.No 1086,Human Maximization Test,3,"1,3-Cyclohexadiene-1-carboxylic acid, 2,6,6-trimethyl-, ethyl ester",35044-59-8,DTXSID6067884
CCOC(=O)C1OC1(C)c1ccccc1,0,0.8,NICEATM HPPT Database (2023),https://ntp.niehs.nih.gov/iccvam/methods/immunotox/hppt/hppt_database_14feb2023.xlsx,https://doi.org/10.1007/s00204-023-03530-3,HPPT Record.No 1756,Human Maximization Test,3,Ethyl methylphenylglycidate,77-83-8,DTXSID8020591
CCOC(=O)C1OC1c1ccccc1,0,0.8,NICEATM HPPT Database (2023),https://ntp.niehs.nih.gov/iccvam/methods/immunotox/hppt/hppt_database_14feb2023.xlsx,https://doi.org/10.1007/s00204-023-03530-3,HPPT Record.No 533,Human Maximization Test,3,"Ethyl 2,3-epoxy-3-phenylpropionate",121-39-1,DTXSID8025886
CCOC(=O)C=C(C)CCC=C(C)C,0,0.8,NICEATM HPPT Database (2023),https://ntp.niehs.nih.gov/iccvam/methods/immunotox/hppt/hppt_database_14feb2023.xlsx,https://doi.org/10.1007/s00204-023-03530-3,HPPT Record.No 1049,Human Maximization Test,3,"2,6-Octadienoic acid, 3,7-dimethyl-, ethyl ester, (2E)-",32659-21-5,DTXSID50885541
CCOC(=O)C=Cc1ccccc1,0,0.8,NICEATM HPPT Database (2023),https://ntp.niehs.nih.gov/iccvam/methods/immunotox/hppt/hppt_database_14feb2023.xlsx,https://doi.org/10.1007/s00204-023-03530-3,HPPT Record.No 117,Human Maximization Test,3,Ethyl cinnamate,103-36-6,DTXSID9022520
CCOC(=O)CC,0,0.8,NICEATM HPPT Database (2023),https://ntp.niehs.nih.gov/iccvam/methods/immunotox/hppt/hppt_database_14feb2023.xlsx,https://doi.org/10.1007/s00204-023-03530-3,HPPT Record.No 233,Human Maximization Test,3,Ethyl propionate,105-37-3,DTXSID1040110
CCOC(=O)CC(=O)OCC,0,0.8,NICEATM HPPT Database (2023),https://ntp.niehs.nih.gov/iccvam/methods/immunotox/hppt/hppt_database_14feb2023.xlsx,https://doi.org/10.1007/s00204-023-03530-3,HPPT Record.No 235;236,Human Maximization Test,3,Diethyl propanedioate,105-53-3,DTXSID7021863
CCOC(=O)CC(C)=O,0,0.8,NICEATM HPPT Database (2023),https://ntp.niehs.nih.gov/iccvam/methods/immunotox/hppt/hppt_database_14feb2023.xlsx,https://doi.org/10.1007/s00204-023-03530-3,HPPT Record.No 767,Human Maximization Test,3,Ethyl acetoacetate,141-97-9,DTXSID2027092
CCOC(=O)CC(C)C,0,0.8,NICEATM HPPT Database (2023),https://ntp.niehs.nih.gov/iccvam/methods/immunotox/hppt/hppt_database_14feb2023.xlsx,https://doi.org/10.1007/s00204-023-03530-3,HPPT Record.No 352,Human Maximization Test,3,Ethyl isovalerate,108-64-5,DTXSID3047057
CCOC(=O)CC(O)(CC(=O)OCC)C(=O)OCC,0,0.8,NICEATM HPPT Database (2023),https://ntp.niehs.nih.gov/iccvam/methods/immunotox/hppt/hppt_database_14feb2023.xlsx,https://doi.org/10.1007/s00204-023-03530-3,HPPT Record.No 1771,Human Maximization Test,3,Triethyl citrate,77-93-0,DTXSID0040701
CCOC(=O)CC1(C)OCCO1,0,0.8,NICEATM HPPT Database (2023),https://ntp.niehs.nih.gov/iccvam/methods/immunotox/hppt/hppt_database_14feb2023.xlsx,https://doi.org/10.1007/s00204-023-03530-3,HPPT Record.No 1546;1547;1548;1549,Human Maximization Test,3,"1,3-Dioxolane-2-acetic acid, 2-methyl-, ethyl ester",6413-10-1,DTXSID3041241
CCOC(=O)CCC(=O)OCC,0,0.8,NICEATM HPPT Database (2023),https://ntp.niehs.nih.gov/iccvam/methods/immunotox/hppt/hppt_database_14feb2023.xlsx,https://doi.org/10.1007/s00204-023-03530-3,HPPT Record.No 591,Human Maximization Test,3,Diethyl butanedioate,123-25-1,DTXSID2038732
CCOC(=O)CCC(C)=O,0,0.8,NICEATM HPPT Database (2023),https://ntp.niehs.nih.gov/iccvam/methods/immunotox/hppt/hppt_database_14feb2023.xlsx,https://doi.org/10.1007/s00204-023-03530-3,HPPT Record.No 1296,Human Maximization Test,3,Ethyl levulinate,539-88-8,DTXSID8047058
CCOC(=O)CCCCCCCCC(=O)OCC,0,0.8,NICEATM HPPT Database (2023),https://ntp.niehs.nih.gov/iccvam/methods/immunotox/hppt/hppt_database_14feb2023.xlsx,https://doi.org/10.1007/s00204-023-03530-3,HPPT Record.No 369,Human Maximization Test,3,Diethyl decanedioate,110-40-7,DTXSID0021915
CCOC(=O)Cc1ccccc1,0,0.8,NICEATM HPPT Database (2023),https://ntp.niehs.nih.gov/iccvam/methods/immunotox/hppt/hppt_database_14feb2023.xlsx,https://doi.org/10.1007/s00204-023-03530-3,HPPT Record.No 74,Human Maximization Test,3,Ethyl phenylacetate,101-97-3,DTXSID6044353
CCOC(=O)OC1CCCCC1C(C)(C)C,0,0.8,NICEATM HPPT Database (2023),https://ntp.niehs.nih.gov/iccvam/methods/immunotox/hppt/hppt_database_14feb2023.xlsx,https://doi.org/10.1007/s00204-023-03530-3,HPPT Record.No 1597,Human Maximization Test,3,2-tert-Butylcyclohexyl ethyl carbonate,67801-64-3,DTXSID6052376
CCOC(=O)c1ccc(OC)cc1,0,0.8,NICEATM HPPT Database (2023),https://ntp.niehs.nih.gov/iccvam/methods/immunotox/hppt/hppt_database_14feb2023.xlsx,https://doi.org/10.1007/s00204-023-03530-3,HPPT Record.No 1956,Human Maximization Test,3,"Benzoic acid, 4-methoxy-, ethyl ester",94-30-4,DTXSID4059099
CCOC(=O)c1ccccc1,0,0.8,NICEATM HPPT Database (2023),https://ntp.niehs.nih.gov/iccvam/methods/immunotox/hppt/hppt_database_14feb2023.xlsx,https://doi.org/10.1007/s00204-023-03530-3,HPPT Record.No 1937,Human Maximization Test,3,Ethyl benzoate,93-89-0,DTXSID3038696
CCOC(=O)c1ccccc1C(=O)OCC,0,0.95,NICEATM HPPT Database (2023),https://ntp.niehs.nih.gov/iccvam/methods/immunotox/hppt/hppt_database_14feb2023.xlsx,https://doi.org/10.1007/s00204-023-03530-3,HPPT Record.No 1855,Human Maximization Test,2,Diethyl phthalate,84-66-2,DTXSID7021780
CCOC(=O)c1ccccc1N,0,0.8,NICEATM HPPT Database (2023),https://ntp.niehs.nih.gov/iccvam/methods/immunotox/hppt/hppt_database_14feb2023.xlsx,https://doi.org/10.1007/s00204-023-03530-3,HPPT Record.No 1882,Human Maximization Test,3,Ethyl anthranilate,87-25-2,DTXSID6025272
CCOC(=O)c1ccccc1O,0,0.8,NICEATM HPPT Database (2023),https://ntp.niehs.nih.gov/iccvam/methods/immunotox/hppt/hppt_database_14feb2023.xlsx,https://doi.org/10.1007/s00204-023-03530-3,HPPT Record.No 501,Human Maximization Test,3,Ethyl salicylate,118-61-6,DTXSID1021958
CCOC(C)=O,0,0.8,NICEATM HPPT Database (2023),https://ntp.niehs.nih.gov/iccvam/methods/immunotox/hppt/hppt_database_14feb2023.xlsx,https://doi.org/10.1007/s00204-023-03530-3,HPPT Record.No 765,Human Maximization Test,3,Ethyl acetate,141-78-6,DTXSID1022001
CCOC(C)OCC,0,0.8,NICEATM HPPT Database (2023),https://ntp.niehs.nih.gov/iccvam/methods/immunotox/hppt/hppt_database_14feb2023.xlsx,https://doi.org/10.1007/s00204-023-03530-3,HPPT Record.No 238,Human Maximization Test,3,Acetal,105-57-7,DTXSID6030607
CCOC(C)OCCc1ccccc1,0,0.8,NICEATM HPPT Database (2023),https://ntp.niehs.nih.gov/iccvam/methods/immunotox/hppt/hppt_database_14feb2023.xlsx,https://doi.org/10.1007/s00204-023-03530-3,HPPT Record.No 972;973,Human Maximization Test,3,[2-(1-Ethoxyethoxy)ethyl]benzene,2556-10-7,DTXSID6051930
CCOC(C=C(C)CCC=C(C)C)OCC,0,0.8,NICEATM HPPT Database (2023),https://ntp.niehs.nih.gov/iccvam/methods/immunotox/hppt/hppt_database_14feb2023.xlsx,https://doi.org/10.1007/s00204-023-03530-3,HPPT Record.No 1719,Human Maximization Test,3,Citral diethyl acetal,7492-66-2,DTXSID1024837
CCOC(OCC)C(C)Cc1ccc(C(C)C)cc1,0,0.8,NICEATM HPPT Database (2023),https://ntp.niehs.nih.gov/iccvam/methods/immunotox/hppt/hppt_database_14feb2023.xlsx,https://doi.org/10.1007/s00204-023-03530-3,HPPT Record.No 1684,Human Maximization Test,3,"Benzene, 1-(3,3-diethoxy-2-methylpropyl)-4-(1-methylethyl)-",7149-24-8,DTXSID30864016
CCOC(OCC)OCC,0,0.8,NICEATM HPPT Database (2023),https://ntp.niehs.nih.gov/iccvam/methods/immunotox/hppt/hppt_database_14feb2023.xlsx,https://doi.org/10.1007/s00204-023-03530-3,HPPT Record.No 549,Human Maximization Test,3,Ethyl orthoformate,122-51-0,DTXSID8041957
CCOC=O,0,0.8,NICEATM HPPT Database (2023),https://ntp.niehs.nih.gov/iccvam/methods/immunotox/hppt/hppt_database_14feb2023.xlsx,https://doi.org/10.1007/s00204-023-03530-3,HPPT Record.No 364,Human Maximization Test,3,Ethyl formate,109-94-4,DTXSID6040117
CCOCC=C(C)CCC=C(C)C,0,0.8,NICEATM HPPT Database (2023),https://ntp.niehs.nih.gov/iccvam/methods/immunotox/hppt/hppt_database_14feb2023.xlsx,https://doi.org/10.1007/s00204-023-03530-3,HPPT Record.No 1127,Human Maximization Test,3,"2,6-Octadiene, 1-ethoxy-3,7-dimethyl-",40267-72-9,DTXSID1068223
CCOCCC(C)CCC=C(C)C,0,0.8,NICEATM HPPT Database (2023),https://ntp.niehs.nih.gov/iccvam/methods/immunotox/hppt/hppt_database_14feb2023.xlsx,https://doi.org/10.1007/s00204-023-03530-3,HPPT Record.No 1653,Human Maximization Test,3,"8-Ethoxy-2,6-dimethyloct-2-ene",69929-16-4,DTXSID7052444
CCOCCOCCO,0,0.8,NICEATM HPPT Database (2023),https://ntp.niehs.nih.gov/iccvam/methods/immunotox/hppt/hppt_database_14feb2023.xlsx,https://doi.org/10.1007/s00204-023-03530-3,HPPT Record.No 427,Human Maximization Test,3,2-(2-Ethoxyethoxy)ethanol,111-90-0,DTXSID2021941
CCOCOC1CCCCCCCCCCC1,0,0.8,NICEATM HPPT Database (2023),https://ntp.niehs.nih.gov/iccvam/methods/immunotox/hppt/hppt_database_14feb2023.xlsx,https://doi.org/10.1007/s00204-023-03530-3,HPPT Record.No 1408,Human Maximization Test,3,(Ethoxymethoxy)cyclododecane,58567-11-6,DTXSID1052248
CCOCc1ccccc1OC,0,0.8,NICEATM HPPT Database (2023),https://ntp.niehs.nih.gov/iccvam/methods/immunotox/hppt/hppt_database_14feb2023.xlsx,https://doi.org/10.1007/s00204-023-03530-3,HPPT Record.No 1555,Human Maximization Test,3,o-(Ethoxymethyl)anisole,64988-06-3,DTXSID5052333
CCOc1cc(C=O)ccc1O,0,0.8,NICEATM HPPT Database (2023),https://ntp.niehs.nih.gov/iccvam/methods/immunotox/hppt/hppt_database_14feb2023.xlsx,https://doi.org/10.1007/s00204-023-03530-3,HPPT Record.No 530,Human Maximization Test,3,3-Ethoxy-4-hydroxybenzaldehyde,121-32-4,DTXSID5021968
CCOc1cc(C=O)ccc1OC(C)=O,0,0.8,NICEATM HPPT Database (2023),https://ntp.niehs.nih.gov/iccvam/methods/immunotox/hppt/hppt_database_14feb2023.xlsx,https://doi.org/10.1007/s00204-023-03530-3,HPPT Record.No 1690,Human Maximization Test,3,"Benzaldehyde, 4-(acetyloxy)-3-ethoxy-",72207-94-4,DTXSID8072530
CCOc1ccc(C=O)cc1,0,0.8,NICEATM HPPT Database (2023),https://ntp.niehs.nih.gov/iccvam/methods/immunotox/hppt/hppt_database_14feb2023.xlsx,https://doi.org/10.1007/s00204-023-03530-3,HPPT Record.No 2,Human Maximization Test,3,p-Ethoxybenzaldehyde,10031-82-0,DTXSID7022251
CCOc1ccc(C=O)cc1OCC,0,0.8,NICEATM HPPT Database (2023),https://ntp.niehs.nih.gov/iccvam/methods/immunotox/hppt/hppt_database_14feb2023.xlsx,https://doi.org/10.1007/s00204-023-03530-3,HPPT Record.No 875,Human Maximization Test,3,"Benzaldehyde, 3,4-diethoxy-",2029-94-9,DTXSID3062108
CCOc1ccc2ccccc2c1,0,0.8,NICEATM HPPT Database (2023),https://ntp.niehs.nih.gov/iccvam/methods/immunotox/hppt/hppt_database_14feb2023.xlsx,https://doi.org/10.1007/s00204-023-03530-3,HPPT Record.No 1930;1931,Human Maximization Test,3,2-Ethoxynaphthalene,93-18-5,DTXSID2049684
CCc1cc2c(cc1C(C)=O)C(C)(C)CCC2(C)C,0,0.8,NICEATM HPPT Database (2023),https://ntp.niehs.nih.gov/iccvam/methods/immunotox/hppt/hppt_database_14feb2023.xlsx,https://doi.org/10.1007/s00204-023-03530-3,HPPT Record.No 1889,Human Maximization Test,3,"7-Acetyl-6-ethyl-1,1,4,4-tetramethyltetralin",88-29-9,DTXSID3041582
CCc1cc2c(cc1C=O)C(C)(C)CCC2(C)C,0,0.8,NICEATM HPPT Database (2023),https://ntp.niehs.nih.gov/iccvam/methods/immunotox/hppt/hppt_database_14feb2023.xlsx,https://doi.org/10.1007/s00204-023-03530-3,HPPT Record.No 1401,Human Maximization Test,3,"2-Naphthalenecarboxaldehyde, 3-ethyl-5,6,7,8-tetrahydro-5,5,8,8-tetramethyl-",58243-85-9,DTXSID7069239
CCc1ccc(CC(C)(C)C=O)cc1,0,0.8,NICEATM HPPT Database (2023),https://ntp.niehs.nih.gov/iccvam/methods/immunotox/hppt/hppt_database_14feb2023.xlsx,https://doi.org/10.1007/s00204-023-03530-3,HPPT Record.No 1583,Human Maximization Test,3,"3-(4-Ethylphenyl)-2,2-dimethylpropanal",67634-15-5,DTXSID3052359
CCc1ccccc1,0,0.8,NICEATM HPPT Database (2023),https://ntp.niehs.nih.gov/iccvam/methods/immunotox/hppt/hppt_database_14feb2023.xlsx,https://doi.org/10.1007/s00204-023-03530-3,HPPT Record.No 10,Human Maximization Test,3,Ethylbenzene,100-41-4,DTXSID3020596
CN(C)CCC(c1ccc(Cl)cc1)c1ccccn1,0,1.0,NICEATM HPPT Database (2023),https://ntp.niehs.nih.gov/iccvam/methods/immunotox/hppt/hppt_database_14feb2023.xlsx,https://doi.org/10.1007/s00204-023-03530-3,HPPT Record.No 453,Human Maximization Test,1,Chlorpheniramine maleate,113-92-8,DTXSID4020321
CN(C)CCN(Cc1ccccc1)c1ccccn1,0,1.0,NICEATM HPPT Database (2023),https://ntp.niehs.nih.gov/iccvam/methods/immunotox/hppt/hppt_database_14feb2023.xlsx,https://doi.org/10.1007/s00204-023-03530-3,HPPT Record.No 1920,Human Maximization Test,1,Tripelennamine,91-81-6,DTXSID8023717
CN(C)CCOC(c1ccccc1)c1ccccc1,0,1.0,NICEATM HPPT Database (2023),https://ntp.niehs.nih.gov/iccvam/methods/immunotox/hppt/hppt_database_14feb2023.xlsx,https://doi.org/10.1007/s00204-023-03530-3,HPPT Record.No 792,Human Maximization Test,1,Diphenhydramine hydrochloride,147-24-0,DTXSID4020537
COC(=O)C1(C)CC=CCC1,0,0.8,NICEATM HPPT Database (2023),https://ntp.niehs.nih.gov/iccvam/methods/immunotox/hppt/hppt_database_14feb2023.xlsx,https://doi.org/10.1007/s00204-023-03530-3,HPPT Record.No 1554,Human Maximization Test,3,"3-Cyclohexene-1-carboxylic acid, 1-methyl-, methyl ester",6493-80-7,DTXSID30863887
COC(=O)C=Cc1ccccc1,0,0.8,NICEATM HPPT Database (2023),https://ntp.niehs.nih.gov/iccvam/methods/immunotox/hppt/hppt_database_14feb2023.xlsx,https://doi.org/10.1007/s00204-023-03530-3,HPPT Record.No 113;114,Human Maximization Test,3,Methyl cinnamate,103-26-4,DTXSID6042151
COC(=O)CC(=O)OC,0,0.8,NICEATM HPPT Database (2023),https://ntp.niehs.nih.gov/iccvam/methods/immunotox/hppt/hppt_database_14feb2023.xlsx,https://doi.org/10.1007/s00204-023-03530-3,HPPT Record.No 351,Human Maximization Test,3,Dimethyl malonate,108-59-8,DTXSID4029145
COC(=O)CC(C)=O,0,0.8,NICEATM HPPT Database (2023),https://ntp.niehs.nih.gov/iccvam/methods/immunotox/hppt/hppt_database_14feb2023.xlsx,https://doi.org/10.1007/s00204-023-03530-3,HPPT Record.No 234,Human Maximization Test,3,Methyl acetoacetate,105-45-3,DTXSID9026716
COC(=O)CCC(=O)OC,0,0.8,NICEATM HPPT Database (2023),https://ntp.niehs.nih.gov/iccvam/methods/immunotox/hppt/hppt_database_14feb2023.xlsx,https://doi.org/10.1007/s00204-023-03530-3,HPPT Record.No 317,Human Maximization Test,3,Dimethyl succinate,106-65-0,DTXSID5025152
COC(=O)Cc1ccccc1,0,0.8,NICEATM HPPT Database (2023),https://ntp.niehs.nih.gov/iccvam/methods/immunotox/hppt/hppt_database_14feb2023.xlsx,https://doi.org/10.1007/s00204-023-03530-3,HPPT Record.No 60,Human Maximization Test,3,Methyl phenylacetate,101-41-7,DTXSID1044352
COC(=O)OC,0,0.8,NICEATM HPPT Database (2023),https://ntp.niehs.nih.gov/iccvam/methods/immunotox/hppt/hppt_database_14feb2023.xlsx,https://doi.org/10.1007/s00204-023-03530-3,HPPT Record.No 1498,Human Maximization Test,3,Dimethyl carbonate,616-38-6,DTXSID9029192
COC(=O)OC1CCCCCCC1,0,0.8,NICEATM HPPT Database (2023),https://ntp.niehs.nih.gov/iccvam/methods/immunotox/hppt/hppt_database_14feb2023.xlsx,https://doi.org/10.1007/s00204-023-03530-3,HPPT Record.No 1499,Human Maximization Test,3,Cyclooctyl methyl carbonate,61699-38-5,DTXSID1052292
COC(=O)c1ccc(OC)cc1,0,0.8,NICEATM HPPT Database (2023),https://ntp.niehs.nih.gov/iccvam/methods/immunotox/hppt/hppt_database_14feb2023.xlsx,https://doi.org/10.1007/s00204-023-03530-3,HPPT Record.No 539,Human Maximization Test,3,Methyl 4-methoxybenzoate,121-98-2,DTXSID7047645
COC(=O)c1ccccc1,0,0.8,NICEATM HPPT Database (2023),https://ntp.niehs.nih.gov/iccvam/methods/immunotox/hppt/hppt_database_14feb2023.xlsx,https://doi.org/10.1007/s00204-023-03530-3,HPPT Record.No 1936,Human Maximization Test,3,Methyl benzoate,93-58-3,DTXSID5025572
COC(=O)c1ccccc1N,0,0.8,NICEATM HPPT Database (2023),https://ntp.niehs.nih.gov/iccvam/methods/immunotox/hppt/hppt_database_14feb2023.xlsx,https://doi.org/10.1007/s00204-023-03530-3,HPPT Record.No 652;653,Human Maximization Test,3,Methyl 2-aminobenzoate,134-20-3,DTXSID6025567
COC(=O)c1ccccc1N=CC(C)Cc1ccc(C(C)C)cc1,0,0.8,NICEATM HPPT Database (2023),https://ntp.niehs.nih.gov/iccvam/methods/immunotox/hppt/hppt_database_14feb2023.xlsx,https://doi.org/10.1007/s00204-023-03530-3,HPPT Record.No 1914,Human Maximization Test,3,"Benzoic acid, 2-[[2-methyl-3-[4-(1-methylethyl)phenyl]propylidene]amino]-, methyl ester",91-50-9,DTXSID70861685
COC(=O)c1ccccc1N=CC=C(C)CCC=C(C)C,0,0.8,NICEATM HPPT Database (2023),https://ntp.niehs.nih.gov/iccvam/methods/immunotox/hppt/hppt_database_14feb2023.xlsx,https://doi.org/10.1007/s00204-023-03530-3,HPPT Record.No 1596,Human Maximization Test,3,"Methyl 2-[(3,7-dimethyl-2,6-octadienylidene)amino]benzoate",67801-47-2,DTXSID1052375
COC(=O)c1ccccc1N=NC(C)Cc1ccc(C(C)(C)C)cc1,0,0.8,NICEATM HPPT Database (2023),https://ntp.niehs.nih.gov/iccvam/methods/immunotox/hppt/hppt_database_14feb2023.xlsx,https://doi.org/10.1007/s00204-023-03530-3,HPPT Record.No 1915,Human Maximization Test,3,"Methyl 2-[[3-[4-(1,1-dimethylethyl)phenyl]-2-methylpropylidene]amino]benzoate",91-51-0,DTXSID2052609
COC(=O)c1ccccc1O,0,0.8,NICEATM HPPT Database (2023),https://ntp.niehs.nih.gov/iccvam/methods/immunotox/hppt/hppt_database_14feb2023.xlsx,https://doi.org/10.1007/s00204-023-03530-3,HPPT Record.No 508;509,Human Maximization Test,3,Methyl salicylate,119-36-8,DTXSID5025659
COC(=O)c1ccccc1OC,0,0.8,NICEATM HPPT Database (2023),https://ntp.niehs.nih.gov/iccvam/methods/immunotox/hppt/hppt_database_14feb2023.xlsx,https://doi.org/10.1007/s00204-023-03530-3,HPPT Record.No 1465,Human Maximization Test,3,Methyl 2-methoxybenzoate,606-45-1,DTXSID5047087
COC(=O)c1ccco1,0,0.8,NICEATM HPPT Database (2023),https://ntp.niehs.nih.gov/iccvam/methods/immunotox/hppt/hppt_database_14feb2023.xlsx,https://doi.org/10.1007/s00204-023-03530-3,HPPT Record.No 1474,Human Maximization Test,3,"2-Furancarboxylic acid, methyl ester",611-13-2,DTXSID7060598
COC(C)(C)CCCC(C)C(C)O,0,0.8,NICEATM HPPT Database (2023),https://ntp.niehs.nih.gov/iccvam/methods/immunotox/hppt/hppt_database_14feb2023.xlsx,https://doi.org/10.1007/s00204-023-03530-3,HPPT Record.No 1144,Human Maximization Test,3,"7-Methoxy-3,7-dimethyloctan-2-ol",41890-92-0,DTXSID5052090
COC(C)(C)CCCC(C)CC=O,0,0.8,NICEATM HPPT Database (2023),https://ntp.niehs.nih.gov/iccvam/methods/immunotox/hppt/hppt_database_14feb2023.xlsx,https://doi.org/10.1007/s00204-023-03530-3,HPPT Record.No 1096,Human Maximization Test,3,"7-Methoxy-3,7-dimethyloctanal",3613-30-7,DTXSID7038818
COC(C)=O,0,0.8,NICEATM HPPT Database (2023),https://ntp.niehs.nih.gov/iccvam/methods/immunotox/hppt/hppt_database_14feb2023.xlsx,https://doi.org/10.1007/s00204-023-03530-3,HPPT Record.No 1783,Human Maximization Test,3,Methyl acetate,79-20-9,DTXSID4021767
COC(C=C(C)CCC=C(C)C)OC,0,0.8,NICEATM HPPT Database (2023),https://ntp.niehs.nih.gov/iccvam/methods/immunotox/hppt/hppt_database_14feb2023.xlsx,https://doi.org/10.1007/s00204-023-03530-3,HPPT Record.No 1729,Human Maximization Test,3,"1,1-Dimethoxy-3,7-dimethylocta-2,6-diene",7549-37-3,DTXSID8044832
COC(CC(C)CCCC(C)(C)O)OC,0,0.8,NICEATM HPPT Database (2023),https://ntp.niehs.nih.gov/iccvam/methods/immunotox/hppt/hppt_database_14feb2023.xlsx,https://doi.org/10.1007/s00204-023-03530-3,HPPT Record.No 766,Human Maximization Test,3,Hydroxycitronellal dimethyl acetal,141-92-4,DTXSID4047547
COC(CO)c1ccccc1,0,0.8,NICEATM HPPT Database (2023),https://ntp.niehs.nih.gov/iccvam/methods/immunotox/hppt/hppt_database_14feb2023.xlsx,https://doi.org/10.1007/s00204-023-03530-3,HPPT Record.No 1019,Human Repeat Insult Patch Test,3,"Benzeneethanol, .beta.-methoxy-",2979-22-8,DTXSID70863068
COC(OC)C(C)Cc1ccc(C(C)C)cc1,0,0.8,NICEATM HPPT Database (2023),https://ntp.niehs.nih.gov/iccvam/methods/immunotox/hppt/hppt_database_14feb2023.xlsx,https://doi.org/10.1007/s00204-023-03530-3,HPPT Record.No 1023,Human Maximization Test,3,"1-(3,3-Dimethoxy-2-methylpropyl)-4-(propan-2-yl)benzenato",29886-96-2,DTXSID70952340
COC(OC)C(C)c1ccccc1,0,0.8,NICEATM HPPT Database (2023),https://ntp.niehs.nih.gov/iccvam/methods/immunotox/hppt/hppt_database_14feb2023.xlsx,https://doi.org/10.1007/s00204-023-03530-3,HPPT Record.No 1910,Human Maximization Test,3,Hydrotropic aldehyde dimethyl acetal,90-87-9,DTXSID6047109
COC(OC)c1ccccc1,0,0.8,NICEATM HPPT Database (2023),https://ntp.niehs.nih.gov/iccvam/methods/immunotox/hppt/hppt_database_14feb2023.xlsx,https://doi.org/10.1007/s00204-023-03530-3,HPPT Record.No 446,Human Maximization Test,3,"Benzene, (dimethoxymethyl)-",1125-88-8,DTXSID5061538
COC1(C)CCC23CC1C(C)(C)C2CCC3C,0,0.8,NICEATM HPPT Database (2023),https://ntp.niehs.nih.gov/iccvam/methods/immunotox/hppt/hppt_database_14feb2023.xlsx,https://doi.org/10.1007/s00204-023-03530-3,HPPT Record.No 1601,Human Maximization Test,3,"1H-3a,7-Methanoazulene, octahydro-6-methoxy-3,6,8,8-tetramethyl-, (3R,3aS,6R,7R,8aS)-",67874-81-1,DTXSID90886996
COC1(C)CCCCCCCCCCC1,0,0.8,NICEATM HPPT Database (2023),https://ntp.niehs.nih.gov/iccvam/methods/immunotox/hppt/hppt_database_14feb2023.xlsx,https://doi.org/10.1007/s00204-023-03530-3,HPPT Record.No 1108,Human Maximization Test,3,"Cyclododecane, 1-methoxy-1-methyl-",37514-30-0,DTXSID4068034
COC1CC2CC1C1CC(C=O)CC21,0,0.8,NICEATM HPPT Database (2023),https://ntp.niehs.nih.gov/iccvam/methods/immunotox/hppt/hppt_database_14feb2023.xlsx,https://doi.org/10.1007/s00204-023-03530-3,HPPT Record.No 1870;1871,Human Repeat Insult Patch Test,3,"5-Methoxyoctahydro-1H-4,7-methanoindene-2-carbaldehyde",86803-90-9,DTXSID6052586
COC1CC2CCC1(C)C2(C)C,0,0.8,NICEATM HPPT Database (2023),https://ntp.niehs.nih.gov/iccvam/methods/immunotox/hppt/hppt_database_14feb2023.xlsx,https://doi.org/10.1007/s00204-023-03530-3,HPPT Record.No 1274,Human Maximization Test,3,"(1R,2R,4R)-2-Methoxy-1,7,7-trimethylbicyclo[2.2.1]heptane -rel-",5331-32-8,DTXSID0052174
COCC(C)Cc1ccccc1,0,0.6,NICEATM HPPT Database (2023),https://ntp.niehs.nih.gov/iccvam/methods/immunotox/hppt/hppt_database_14feb2023.xlsx,https://doi.org/10.1007/s00204-023-03530-3,HPPT Record.No 525;526,Human Repeat Insult Patch Test,4,(3-Methoxy-2-methylpropyl)benzene,120811-92-9,DTXSID0051318
COCCOCCO,0,0.8,NICEATM HPPT Database (2023),https://ntp.niehs.nih.gov/iccvam/methods/immunotox/hppt/hppt_database_14feb2023.xlsx,https://doi.org/10.1007/s00204-023-03530-3,HPPT Record.No 416,Human Maximization Test,3,Diethylene glycol monomethyl ether,111-77-3,DTXSID3025049
COCCc1ccccc1,0,0.8,NICEATM HPPT Database (2023),https://ntp.niehs.nih.gov/iccvam/methods/immunotox/hppt/hppt_database_14feb2023.xlsx,https://doi.org/10.1007/s00204-023-03530-3,HPPT Record.No 1090,Human Maximization Test,3,(2-Methoxyethyl)benzene,3558-60-9,DTXSID1052032
COCOC1CCCCCCCCCCC1,0,0.8,NICEATM HPPT Database (2023),https://ntp.niehs.nih.gov/iccvam/methods/immunotox/hppt/hppt_database_14feb2023.xlsx,https://doi.org/10.1007/s00204-023-03530-3,HPPT Record.No 1149;1150,Human Maximization Test,3,"Cyclododecane, (methoxymethoxy)-",42604-12-6,DTXSID4068408
COc1c(C(C)(C)C)cc([N+](=O)[O-])c(C)c1[N+](=O)[O-],0,0.8,NICEATM HPPT Database (2023),https://ntp.niehs.nih.gov/iccvam/methods/immunotox/hppt/hppt_database_14feb2023.xlsx,https://doi.org/10.1007/s00204-023-03530-3,HPPT Record.No 1850,Human Maximization Test,3,Musk ambrette,83-66-9,DTXSID7025689
COc1c2occc2cc2ccc(=O)oc12,0,1.0,NICEATM HPPT Database (2023),https://ntp.niehs.nih.gov/iccvam/methods/immunotox/hppt/hppt_database_14feb2023.xlsx,https://doi.org/10.1007/s00204-023-03530-3,HPPT Record.No 1022,Human Maximization Test,1,8-Methoxypsoralen,298-81-7,DTXSID8020830
COc1cc(C=O)ccc1O,0,0.95,NICEATM HPPT Database (2023),https://ntp.niehs.nih.gov/iccvam/methods/immunotox/hppt/hppt_database_14feb2023.xlsx,https://doi.org/10.1007/s00204-023-03530-3,HPPT Record.No 531;532,Human Maximization Test,2,4-Hydroxy-3-methoxybenzaldehyde,121-33-5,DTXSID0021969
COc1cc(CCC(C)=O)ccc1O,0,0.8,NICEATM HPPT Database (2023),https://ntp.niehs.nih.gov/iccvam/methods/immunotox/hppt/hppt_database_14feb2023.xlsx,https://doi.org/10.1007/s00204-023-03530-3,HPPT Record.No 548,Human Maximization Test,3,4-(4-Hydroxy-3-methoxyphenyl)-2-butanone,122-48-5,DTXSID8047420
COc1ccc(C(C)=O)cc1,0,0.8,NICEATM HPPT Database (2023),https://ntp.niehs.nih.gov/iccvam/methods/immunotox/hppt/hppt_database_14feb2023.xlsx,https://doi.org/10.1007/s00204-023-03530-3,HPPT Record.No 1,Human Maximization Test,3,4'-Methoxyacetophenone,100-06-1,DTXSID2044347
COc1ccc(C)cc1,0,0.8,NICEATM HPPT Database (2023),https://ntp.niehs.nih.gov/iccvam/methods/immunotox/hppt/hppt_database_14feb2023.xlsx,https://doi.org/10.1007/s00204-023-03530-3,HPPT Record.No 225,Human Maximization Test,3,1-Methoxy-4-methylbenzene,104-93-8,DTXSID9026710
COc1ccc(C=O)cc1,0,0.8,NICEATM HPPT Database (2023),https://ntp.niehs.nih.gov/iccvam/methods/immunotox/hppt/hppt_database_14feb2023.xlsx,https://doi.org/10.1007/s00204-023-03530-3,HPPT Record.No 590,Human Maximization Test,3,4-Methoxybenzaldehyde,123-11-5,DTXSID2026997
COc1ccc(C=O)cc1OC,0,0.8,NICEATM HPPT Database (2023),https://ntp.niehs.nih.gov/iccvam/methods/immunotox/hppt/hppt_database_14feb2023.xlsx,https://doi.org/10.1007/s00204-023-03530-3,HPPT Record.No 517,Human Maximization Test,3,Veratraldehyde,120-14-9,DTXSID7026285
COc1ccc(CC(C)=O)cc1,0,0.8,NICEATM HPPT Database (2023),https://ntp.niehs.nih.gov/iccvam/methods/immunotox/hppt/hppt_database_14feb2023.xlsx,https://doi.org/10.1007/s00204-023-03530-3,HPPT Record.No 579,Human Maximization Test,3,"2-Propanone, 1-(4-methoxyphenyl)-",122-84-9,DTXSID9059545
COc1ccc(CC(C)C=O)cc1,0,0.8,NICEATM HPPT Database (2023),https://ntp.niehs.nih.gov/iccvam/methods/immunotox/hppt/hppt_database_14feb2023.xlsx,https://doi.org/10.1007/s00204-023-03530-3,HPPT Record.No 1325,Human Maximization Test,3,3-(4-Methoxyphenyl)-2-methylpropanal,5462-06-6,DTXSID6044567
COc1ccc(CC(N)C(=O)NC2C(CO)OC(n3cnc4c(N(C)C)ncnc43)C2O)cc1,0,1.0,NICEATM HPPT Database (2023),https://ntp.niehs.nih.gov/iccvam/methods/immunotox/hppt/hppt_database_14feb2023.xlsx,https://doi.org/10.1007/s00204-023-03530-3,HPPT Record.No 1280,Human Maximization Test,1,Puromycin,53-79-2,DTXSID8036788
COc1ccc(CCC(C)=O)cc1,0,0.8,NICEATM HPPT Database (2023),https://ntp.niehs.nih.gov/iccvam/methods/immunotox/hppt/hppt_database_14feb2023.xlsx,https://doi.org/10.1007/s00204-023-03530-3,HPPT Record.No 159,Human Maximization Test,3,4-(4-Methoxyphenyl)-2-butanone,104-20-1,DTXSID5047166
COc1ccc(CO)cc1,0,0.8,NICEATM HPPT Database (2023),https://ntp.niehs.nih.gov/iccvam/methods/immunotox/hppt/hppt_database_14feb2023.xlsx,https://doi.org/10.1007/s00204-023-03530-3,HPPT Record.No 227,Human Maximization Test,3,(4-Methoxyphenyl)methanol,105-13-5,DTXSID6044357
COc1ccc(COC(=O)Cc2ccccc2)cc1,0,0.8,NICEATM HPPT Database (2023),https://ntp.niehs.nih.gov/iccvam/methods/immunotox/hppt/hppt_database_14feb2023.xlsx,https://doi.org/10.1007/s00204-023-03530-3,HPPT Record.No 77,Human Maximization Test,3,"Benzeneacetic acid, (4-methoxyphenyl)methyl ester",102-17-0,DTXSID5059246
COc1ccc(COC=O)cc1,0,0.8,NICEATM HPPT Database (2023),https://ntp.niehs.nih.gov/iccvam/methods/immunotox/hppt/hppt_database_14feb2023.xlsx,https://doi.org/10.1007/s00204-023-03530-3,HPPT Record.No 580,Human Maximization Test,3,4-Methoxybenzyl formate,122-91-8,DTXSID7047649
COc1ccc(OC)c(C(C)(C)C)c1,0,0.8,NICEATM HPPT Database (2023),https://ntp.niehs.nih.gov/iccvam/methods/immunotox/hppt/hppt_database_14feb2023.xlsx,https://doi.org/10.1007/s00204-023-03530-3,HPPT Record.No 890;891,Human Maximization Test,3,"2-tert-Butyl-1,4-dimethoxybenzene",21112-37-8,DTXSID1051854
COc1ccc(OC)cc1,0,0.8,NICEATM HPPT Database (2023),https://ntp.niehs.nih.gov/iccvam/methods/immunotox/hppt/hppt_database_14feb2023.xlsx,https://doi.org/10.1007/s00204-023-03530-3,HPPT Record.No 809,Human Maximization Test,3,Hydroquinone dimethyl ether,150-78-7,DTXSID0022014
COc1ccc2ccccc2c1,0,0.8,NICEATM HPPT Database (2023),https://ntp.niehs.nih.gov/iccvam/methods/immunotox/hppt/hppt_database_14feb2023.xlsx,https://doi.org/10.1007/s00204-023-03530-3,HPPT Record.No 1927,Human Maximization Test,3,2-Methoxynaphthalene,93-04-9,DTXSID7044392
COc1cccc(OC)c1,0,0.8,NICEATM HPPT Database (2023),https://ntp.niehs.nih.gov/iccvam/methods/immunotox/hppt/hppt_database_14feb2023.xlsx,https://doi.org/10.1007/s00204-023-03530-3,HPPT Record.No 816,Human Maximization Test,3,"1,3-Dimethoxybenzene",151-10-0,DTXSID2047060
COc1ccccc1,0,0.8,NICEATM HPPT Database (2023),https://ntp.niehs.nih.gov/iccvam/methods/immunotox/hppt/hppt_database_14feb2023.xlsx,https://doi.org/10.1007/s00204-023-03530-3,HPPT Record.No 23,Human Maximization Test,3,Anisole,100-66-3,DTXSID4041608
COc1ccccc1-c1ccccc1,0,0.8,NICEATM HPPT Database (2023),https://ntp.niehs.nih.gov/iccvam/methods/immunotox/hppt/hppt_database_14feb2023.xlsx,https://doi.org/10.1007/s00204-023-03530-3,HPPT Record.No 1865,Human Maximization Test,3,Biphenyl-2-yl methyl ether,86-26-0,DTXSID6052584
COc1ccccc1C=CC=O,0,0.8,NICEATM HPPT Database (2023),https://ntp.niehs.nih.gov/iccvam/methods/immunotox/hppt/hppt_database_14feb2023.xlsx,https://doi.org/10.1007/s00204-023-03530-3,HPPT Record.No 808,Human Maximization Test,3,2'-Methoxycinnamaldehyde,1504-74-1,DTXSID2025551
COc1ccccc1C=O,0,0.8,NICEATM HPPT Database (2023),https://ntp.niehs.nih.gov/iccvam/methods/immunotox/hppt/hppt_database_14feb2023.xlsx,https://doi.org/10.1007/s00204-023-03530-3,HPPT Record.No 661,Human Maximization Test,3,2-Methoxybenzaldehyde,135-02-4,DTXSID1051690
COc1ccccc1O,0,0.8,NICEATM HPPT Database (2023),https://ntp.niehs.nih.gov/iccvam/methods/immunotox/hppt/hppt_database_14feb2023.xlsx,https://doi.org/10.1007/s00204-023-03530-3,HPPT Record.No 1906,Human Maximization Test,3,2-Methoxyphenol,90-05-1,DTXSID0023113
COc1nccnc1CC(C)C,0,0.8,NICEATM HPPT Database (2023),https://ntp.niehs.nih.gov/iccvam/methods/immunotox/hppt/hppt_database_14feb2023.xlsx,https://doi.org/10.1007/s00204-023-03530-3,HPPT Record.No 953,Human Maximization Test,3,2-Isobutyl-3-methoxypyrazine,24683-00-9,DTXSID9051907
CS(C)=O,0,1.0,NICEATM HPPT Database (2023),https://ntp.niehs.nih.gov/iccvam/methods/immunotox/hppt/hppt_database_14feb2023.xlsx,https://doi.org/10.1007/s00204-023-03530-3,HPPT Record.No 1587,Human Maximization Test,1,Dimethyl sulfoxide,67-68-5,DTXSID2021735
CSC,0,0.8,NICEATM HPPT Database (2023),https://ntp.niehs.nih.gov/iccvam/methods/immunotox/hppt/hppt_database_14feb2023.xlsx,https://doi.org/10.1007/s00204-023-03530-3,HPPT Record.No 1726,Human Maximization Test,3,Dimethyl sulfide,75-18-3,DTXSID9026398
Cc1c(C)c([N+](=O)[O-])c(C(C)(C)C)c([N+](=O)[O-])c1C,0,0.8,NICEATM HPPT Database (2023),https://ntp.niehs.nih.gov/iccvam/methods/immunotox/hppt/hppt_database_14feb2023.xlsx,https://doi.org/10.1007/s00204-023-03530-3,HPPT Record.No 786,Human Maximization Test,3,"1-tert-Butyl-3,4,5-trimethyl-2,6-dinitrobenzene",145-39-1,DTXSID9044582
Cc1c([N+](=O)[O-])c(C)c([N+](=O)[O-])c(C(C)(C)C)c1[N+](=O)[O-],0,0.8,NICEATM HPPT Database (2023),https://ntp.niehs.nih.gov/iccvam/methods/immunotox/hppt/hppt_database_14feb2023.xlsx,https://doi.org/10.1007/s00204-023-03530-3,HPPT Record.No 1830,Human Maximization Test,3,"2,4,6-Trinitro-1,3-dimethyl-5-tert-butylbenzene",81-15-2,DTXSID1021405
Cc1c([N+](=O)[O-])cc2c(c1[N+](=O)[O-])C(C)(C)CC2(C)C,0,0.8,NICEATM HPPT Database (2023),https://ntp.niehs.nih.gov/iccvam/methods/immunotox/hppt/hppt_database_14feb2023.xlsx,https://doi.org/10.1007/s00204-023-03530-3,HPPT Record.No 481,Human Maximization Test,3,"1,1,3,3,5-Pentamethyl-4,6-dinitro-2,3-dihydro-1H-indene",116-66-5,DTXSID6044519
Cc1c[nH]c2ccccc12,0,0.8,NICEATM HPPT Database (2023),https://ntp.niehs.nih.gov/iccvam/methods/immunotox/hppt/hppt_database_14feb2023.xlsx,https://doi.org/10.1007/s00204-023-03530-3,HPPT Record.No 1849,Human Maximization Test,3,3-Methylindole,83-34-1,DTXSID8021775
Cc1cc(O)ccc1Cl,0,0.95,NICEATM HPPT Database (2023),https://ntp.niehs.nih.gov/iccvam/methods/immunotox/hppt/hppt_database_14feb2023.xlsx,https://doi.org/10.1007/s00204-023-03530-3,HPPT Record.No 1428;1429;1430;1431,Human Repeat Insult Patch Test,2,4-Chloro-3-methylphenol,59-50-7,DTXSID4021717
Cc1ccc(C(C)(C)O)cc1,0,0.8,NICEATM HPPT Database (2023),https://ntp.niehs.nih.gov/iccvam/methods/immunotox/hppt/hppt_database_14feb2023.xlsx,https://doi.org/10.1007/s00204-023-03530-3,HPPT Record.No 512,Human Repeat Insult Patch Test,3,p-Cymen-8-ol,1197-01-9,DTXSID0024890
Cc1ccc(C(C)C)cc1,0,0.8,NICEATM HPPT Database (2023),https://ntp.niehs.nih.gov/iccvam/methods/immunotox/hppt/hppt_database_14feb2023.xlsx,https://doi.org/10.1007/s00204-023-03530-3,HPPT Record.No 2024,Human Maximization Test,3,p-Cymene,99-87-6,DTXSID3026645
Cc1ccc(C(C)C)cc1O,0,0.8,NICEATM HPPT Database (2023),https://ntp.niehs.nih.gov/iccvam/methods/immunotox/hppt/hppt_database_14feb2023.xlsx,https://doi.org/10.1007/s00204-023-03530-3,HPPT Record.No 1219,Human Maximization Test,3,Isopropyl-o-cresol,499-75-2,DTXSID6042074
Cc1ccc(C=O)o1,0,0.8,NICEATM HPPT Database (2023),https://ntp.niehs.nih.gov/iccvam/methods/immunotox/hppt/hppt_database_14feb2023.xlsx,https://doi.org/10.1007/s00204-023-03530-3,HPPT Record.No 1509,Human Maximization Test,3,"2-Furancarboxaldehyde, 5-methyl-",620-02-0,DTXSID1060714
Cc1ccc(CC(=O)C(C)C)cc1,0,0.8,NICEATM HPPT Database (2023),https://ntp.niehs.nih.gov/iccvam/methods/immunotox/hppt/hppt_database_14feb2023.xlsx,https://doi.org/10.1007/s00204-023-03530-3,HPPT Record.No 145,Human Maximization Test,3,p-Tolyl isobutyrate,103-93-5,DTXSID0051522
Cc1ccc(CC(C)(C)O)cc1,0,0.8,NICEATM HPPT Database (2023),https://ntp.niehs.nih.gov/iccvam/methods/immunotox/hppt/hppt_database_14feb2023.xlsx,https://doi.org/10.1007/s00204-023-03530-3,HPPT Record.No 887,Human Repeat Insult Patch Test,3,"Benzeneethanol, .alpha.,.alpha.,4-trimethyl-",20834-59-7,DTXSID1066659
Cc1ccc(CC=O)cc1,0,0.8,NICEATM HPPT Database (2023),https://ntp.niehs.nih.gov/iccvam/methods/immunotox/hppt/hppt_database_14feb2023.xlsx,https://doi.org/10.1007/s00204-023-03530-3,HPPT Record.No 156,Human Maximization Test,3,4-Methylbenzeneacetaldehyde,104-09-6,DTXSID0051524
Cc1ccc(CO)cc1,0,0.8,NICEATM HPPT Database (2023),https://ntp.niehs.nih.gov/iccvam/methods/immunotox/hppt/hppt_database_14feb2023.xlsx,https://doi.org/10.1007/s00204-023-03530-3,HPPT Record.No 1411;1412,Human Repeat Insult Patch Test,3,4-Methylbenzyl alcohol,589-18-4,DTXSID5025574
Cc1ccc(O)cc1,0,0.8,NICEATM HPPT Database (2023),https://ntp.niehs.nih.gov/iccvam/methods/immunotox/hppt/hppt_database_14feb2023.xlsx,https://doi.org/10.1007/s00204-023-03530-3,HPPT Record.No 303,Human Maximization Test,3,p-Cresol,106-44-5,DTXSID7021869
Cc1ccc(OC(=O)Cc2ccccc2)cc1,0,0.8,NICEATM HPPT Database (2023),https://ntp.niehs.nih.gov/iccvam/methods/immunotox/hppt/hppt_database_14feb2023.xlsx,https://doi.org/10.1007/s00204-023-03530-3,HPPT Record.No 73,Human Maximization Test,3,p-Tolyl phenylacetate,101-94-0,DTXSID7051509
Cc1ccc(OC(=O)c2ccccc2)cc1,0,0.8,NICEATM HPPT Database (2023),https://ntp.niehs.nih.gov/iccvam/methods/immunotox/hppt/hppt_database_14feb2023.xlsx,https://doi.org/10.1007/s00204-023-03530-3,HPPT Record.No 1497,Human Maximization Test,3,p-Tolyl benzoate,614-34-6,DTXSID6060632
Cc1ccc(OC(=O)c2ccccc2O)cc1,0,0.8,NICEATM HPPT Database (2023),https://ntp.niehs.nih.gov/iccvam/methods/immunotox/hppt/hppt_database_14feb2023.xlsx,https://doi.org/10.1007/s00204-023-03530-3,HPPT Record.No 1472,Human Maximization Test,3,Salicylic acid p-tolyl ester,607-88-5,DTXSID3047508
Cc1ccc(OCCO)cc1,0,0.8,NICEATM HPPT Database (2023),https://ntp.niehs.nih.gov/iccvam/methods/immunotox/hppt/hppt_database_14feb2023.xlsx,https://doi.org/10.1007/s00204-023-03530-3,HPPT Record.No 820;821,Human Repeat Insult Patch Test,3,2-(4-Methylphenoxy)ethanol,15149-10-7,DTXSID9065861
Cc1ccc2ccc(=O)oc2c1,0,0.8,NICEATM HPPT Database (2023),https://ntp.niehs.nih.gov/iccvam/methods/immunotox/hppt/hppt_database_14feb2023.xlsx,https://doi.org/10.1007/s00204-023-03530-3,HPPT Record.No 951,Human Maximization Test,3,"2H-1-Benzopyran-2-one, 7-methyl-",2445-83-2,DTXSID0062424
Cc1ccc2ncccc2c1,0,0.8,NICEATM HPPT Database (2023),https://ntp.niehs.nih.gov/iccvam/methods/immunotox/hppt/hppt_database_14feb2023.xlsx,https://doi.org/10.1007/s00204-023-03530-3,HPPT Record.No 1916,Human Maximization Test,3,6-Methylquinoline,91-62-3,DTXSID3020887
Cc1ccc2oc(=O)ccc2c1,0,0.8,NICEATM HPPT Database (2023),https://ntp.niehs.nih.gov/iccvam/methods/immunotox/hppt/hppt_database_14feb2023.xlsx,https://doi.org/10.1007/s00204-023-03530-3,HPPT Record.No 1922,Human Maximization Test,3,6-Methyl coumarin,92-48-8,DTXSID9025588
Cc1cccc(CC(C)(C)CO)c1,0,0.8,NICEATM HPPT Database (2023),https://ntp.niehs.nih.gov/iccvam/methods/immunotox/hppt/hppt_database_14feb2023.xlsx,https://doi.org/10.1007/s00204-023-03530-3,HPPT Record.No 142;143,Human Repeat Insult Patch Test,3,"2,2-Dimethyl-3-(3-methylphenyl)propanol",103694-68-4,DTXSID0051520
Cc1ccccc1CCO,0,0.8,NICEATM HPPT Database (2023),https://ntp.niehs.nih.gov/iccvam/methods/immunotox/hppt/hppt_database_14feb2023.xlsx,https://doi.org/10.1007/s00204-023-03530-3,HPPT Record.No 874,Human Repeat Insult Patch Test,3,2-Methylphenethyl alcohol,19819-98-8,DTXSID1047071
Clc1c(Cl)c(Cl)c(Cl)c(Cl)c1Cl,0,1.0,NICEATM HPPT Database (2023),https://ntp.niehs.nih.gov/iccvam/methods/immunotox/hppt/hppt_database_14feb2023.xlsx,https://doi.org/10.1007/s00204-023-03530-3,HPPT Record.No 503,Human Maximization Test,1,Hexachlorobenzene,118-74-1,DTXSID2020682
N#CCCC(Br)(C#N)CBr,0,0.6,NICEATM HPPT Database (2023),https://ntp.niehs.nih.gov/iccvam/methods/immunotox/hppt/hppt_database_14feb2023.xlsx,https://doi.org/10.1007/s00204-023-03530-3,HPPT Record.No 1091,Human Repeat Insult Patch Test,4,"1,2-Dibromo-2,4-dicyanobutane",35691-65-7,DTXSID3024944
N#CCc1ccccc1,0,0.8,NICEATM HPPT Database (2023),https://ntp.niehs.nih.gov/iccvam/methods/immunotox/hppt/hppt_database_14feb2023.xlsx,https://doi.org/10.1007/s00204-023-03530-3,HPPT Record.No 707,Human Maximization Test,3,Benzyl cyanide,140-29-4,DTXSID2021492
N#Cc1ccccc1,0,0.8,NICEATM HPPT Database (2023),https://ntp.niehs.nih.gov/iccvam/methods/immunotox/hppt/hppt_database_14feb2023.xlsx,https://doi.org/10.1007/s00204-023-03530-3,HPPT Record.No 11;12,Human Maximization Test,3,Benzonitrile,100-47-0,DTXSID7021491
NS(=O)(=O)c1cc2c(cc1Cl)NCNS2(=O)=O,0,1.0,NICEATM HPPT Database (2023),https://ntp.niehs.nih.gov/iccvam/methods/immunotox/hppt/hppt_database_14feb2023.xlsx,https://doi.org/10.1007/s00204-023-03530-3,HPPT Record.No 1413,Human Maximization Test,1,Hydrochlorothiazide,58-93-5,DTXSID2020713
Nc1ccc(C(=O)O)cc1,0,1.0,NICEATM HPPT Database (2023),https://ntp.niehs.nih.gov/iccvam/methods/immunotox/hppt/hppt_database_14feb2023.xlsx,https://doi.org/10.1007/s00204-023-03530-3,HPPT Record.No 803;804;805;806,Human Maximization Test,1,4-Aminobenzoic acid,150-13-0,DTXSID6024466
Nc1ccccc1C(=O)OCC=Cc1ccccc1,0,0.8,NICEATM HPPT Database (2023),https://ntp.niehs.nih.gov/iccvam/methods/immunotox/hppt/hppt_database_14feb2023.xlsx,https://doi.org/10.1007/s00204-023-03530-3,HPPT Record.No 1883,Human Maximization Test,3,Cinnamyl anthranilate,87-29-6,DTXSID3020330
Nc1ccccc1C(=O)OCCc1ccccc1,0,0.8,NICEATM HPPT Database (2023),https://ntp.niehs.nih.gov/iccvam/methods/immunotox/hppt/hppt_database_14feb2023.xlsx,https://doi.org/10.1007/s00204-023-03530-3,HPPT Record.No 643,Human Maximization Test,3,Phenethyl anthranilate,133-18-6,DTXSID5025861
O=C(C=Cc1ccccc1)OCC=Cc1ccccc1,0,0.8,NICEATM HPPT Database (2023),https://ntp.niehs.nih.gov/iccvam/methods/immunotox/hppt/hppt_database_14feb2023.xlsx,https://doi.org/10.1007/s00204-023-03530-3,HPPT Record.No 556,Human Maximization Test,3,3-Phenyl-2-propen-1-yl 3-phenylacrylate,122-69-0,DTXSID7047647
O=C(C=Cc1ccccc1)OCCCc1ccccc1,0,0.8,NICEATM HPPT Database (2023),https://ntp.niehs.nih.gov/iccvam/methods/immunotox/hppt/hppt_database_14feb2023.xlsx,https://doi.org/10.1007/s00204-023-03530-3,HPPT Record.No 555,Human Maximization Test,3,3-Phenylpropyl cinnamate,122-68-9,DTXSID9047411
O=C(C=Cc1ccccc1)OCCc1ccccc1,0,0.8,NICEATM HPPT Database (2023),https://ntp.niehs.nih.gov/iccvam/methods/immunotox/hppt/hppt_database_14feb2023.xlsx,https://doi.org/10.1007/s00204-023-03530-3,HPPT Record.No 131;132,Human Maximization Test,3,Phenethyl cinnamate,103-53-7,DTXSID1047605
O=C(C=Cc1ccccc1)OCc1ccccc1,0,0.8,NICEATM HPPT Database (2023),https://ntp.niehs.nih.gov/iccvam/methods/immunotox/hppt/hppt_database_14feb2023.xlsx,https://doi.org/10.1007/s00204-023-03530-3,HPPT Record.No 121;122;123,Human Repeat Insult Patch Test,3,Benzyl cinnamate,103-41-3,DTXSID3041663
O=C(Cc1ccccc1)OCCc1ccccc1,0,0.8,NICEATM HPPT Database (2023),https://ntp.niehs.nih.gov/iccvam/methods/immunotox/hppt/hppt_database_14feb2023.xlsx,https://doi.org/10.1007/s00204-023-03530-3,HPPT Record.No 79;80;81,Human Maximization Test,3,2-Phenylethyl phenylacetate,102-20-5,DTXSID0044494
O=C(Cc1ccccc1)OCc1ccccc1,0,0.8,NICEATM HPPT Database (2023),https://ntp.niehs.nih.gov/iccvam/methods/immunotox/hppt/hppt_database_14feb2023.xlsx,https://doi.org/10.1007/s00204-023-03530-3,HPPT Record.No 76,Human Maximization Test,3,Benzyl phenylacetate,102-16-9,DTXSID6024597
O=C(NC(CO)C(O)c1ccc([N+](=O)[O-])cc1)C(Cl)Cl,0,1.0,NICEATM HPPT Database (2023),https://ntp.niehs.nih.gov/iccvam/methods/immunotox/hppt/hppt_database_14feb2023.xlsx,https://doi.org/10.1007/s00204-023-03530-3,HPPT Record.No 1364,Human Maximization Test,1,Chloramphenicol,56-75-7,DTXSID7020265
O=C(Nc1ccc(Br)cc1)c1cc(Br)cc(Br)c1O,0,0.8,NICEATM HPPT Database (2023),https://ntp.niehs.nih.gov/iccvam/methods/immunotox/hppt/hppt_database_14feb2023.xlsx,https://doi.org/10.1007/s00204-023-03530-3,HPPT Record.No 1874;1875,Human Repeat Insult Patch Test,3,Tribromsalan,87-10-5,DTXSID4026181
O=C(Nc1ccc(Cl)cc1)Nc1ccc(Cl)c(Cl)c1,0,0.95,NICEATM HPPT Database (2023),https://ntp.niehs.nih.gov/iccvam/methods/immunotox/hppt/hppt_database_14feb2023.xlsx,https://doi.org/10.1007/s00204-023-03530-3,HPPT Record.No 32;33,Human Repeat Insult Patch Test,2,Triclocarban,101-20-2,DTXSID4026214
O=C(O)C=Cc1ccccc1,0,0.8,NICEATM HPPT Database (2023),https://ntp.niehs.nih.gov/iccvam/methods/immunotox/hppt/hppt_database_14feb2023.xlsx,https://doi.org/10.1007/s00204-023-03530-3,HPPT Record.No 1510,Human Maximization Test,3,Cinnamic acid,621-82-9,DTXSID40110056
O=C(O)CC1=CCCCC1,0,0.6,NICEATM HPPT Database (2023),https://ntp.niehs.nih.gov/iccvam/methods/immunotox/hppt/hppt_database_14feb2023.xlsx,https://doi.org/10.1007/s00204-023-03530-3,HPPT Record.No 855,Human Repeat Insult Patch Test,4,1-Cyclohexene-1-acetic acid,18294-87-6,DTXSID7066356
O=C(O)CCS,0,0.6,NICEATM HPPT Database (2023),https://ntp.niehs.nih.gov/iccvam/methods/immunotox/hppt/hppt_database_14feb2023.xlsx,https://doi.org/10.1007/s00204-023-03530-3,HPPT Record.No 348,Human Repeat Insult Patch Test,4,3-Mercaptopropanoic acid,107-96-0,DTXSID8026775
O=C(O)COc1ccccc1,0,0.8,NICEATM HPPT Database (2023),https://ntp.niehs.nih.gov/iccvam/methods/immunotox/hppt/hppt_database_14feb2023.xlsx,https://doi.org/10.1007/s00204-023-03530-3,HPPT Record.No 552,Human Maximization Test,3,Phenoxyacetic acid,122-59-8,DTXSID9025873
O=C(O)CS,0,0.6,NICEATM HPPT Database (2023),https://ntp.niehs.nih.gov/iccvam/methods/immunotox/hppt/hppt_database_14feb2023.xlsx,https://doi.org/10.1007/s00204-023-03530-3,HPPT Record.No 1608,Human Repeat Insult Patch Test,4,Thioglycolic acid,68-11-1,DTXSID8026141
O=C(O)Cc1ccccc1,0,0.8,NICEATM HPPT Database (2023),https://ntp.niehs.nih.gov/iccvam/methods/immunotox/hppt/hppt_database_14feb2023.xlsx,https://doi.org/10.1007/s00204-023-03530-3,HPPT Record.No 144,Human Maximization Test,3,Phenylacetic acid,103-82-2,DTXSID2021656
O=C(O)c1ccccc1O,0,1.0,NICEATM HPPT Database (2023),https://ntp.niehs.nih.gov/iccvam/methods/immunotox/hppt/hppt_database_14feb2023.xlsx,https://doi.org/10.1007/s00204-023-03530-3,HPPT Record.No 1651,Human Maximization Test,1,Salicylic acid,69-72-7,DTXSID7026368
O=C(OCC=Cc1ccccc1)c1ccccc1,0,0.8,NICEATM HPPT Database (2023),https://ntp.niehs.nih.gov/iccvam/methods/immunotox/hppt/hppt_database_14feb2023.xlsx,https://doi.org/10.1007/s00204-023-03530-3,HPPT Record.No 1266,Human Maximization Test,3,3-Phenylprop-2-en-1-yl benzoate,5320-75-2,DTXSID1052169
O=C(OCCc1ccccc1)c1ccccc1,0,0.8,NICEATM HPPT Database (2023),https://ntp.niehs.nih.gov/iccvam/methods/immunotox/hppt/hppt_database_14feb2023.xlsx,https://doi.org/10.1007/s00204-023-03530-3,HPPT Record.No 1963,Human Maximization Test,3,2-Phenylethyl benzoate,94-47-3,DTXSID9047590
O=C(OCCc1ccccc1)c1ccccc1O,0,0.8,NICEATM HPPT Database (2023),https://ntp.niehs.nih.gov/iccvam/methods/immunotox/hppt/hppt_database_14feb2023.xlsx,https://doi.org/10.1007/s00204-023-03530-3,HPPT Record.No 1881,Human Maximization Test,3,Phenethyl salicylate,87-22-9,DTXSID0052592
O=C(OCc1ccccc1)c1ccccc1,0,0.8,NICEATM HPPT Database (2023),https://ntp.niehs.nih.gov/iccvam/methods/immunotox/hppt/hppt_database_14feb2023.xlsx,https://doi.org/10.1007/s00204-023-03530-3,HPPT Record.No 520,Human Maximization Test,3,Benzyl benzoate,120-51-4,DTXSID8029153
O=C(Oc1ccccc1)c1ccccc1O,0,0.8,NICEATM HPPT Database (2023),https://ntp.niehs.nih.gov/iccvam/methods/immunotox/hppt/hppt_database_14feb2023.xlsx,https://doi.org/10.1007/s00204-023-03530-3,HPPT Record.No 490,Human Maximization Test,3,Phenyl salicylate,118-55-8,DTXSID6021957
O=C1CC2CCCCC2O1,0,0.6,NICEATM HPPT Database (2023),https://ntp.niehs.nih.gov/iccvam/methods/immunotox/hppt/hppt_database_14feb2023.xlsx,https://doi.org/10.1007/s00204-023-03530-3,HPPT Record.No 1464,Human Repeat Insult Patch Test,4,Hexahydro-3H-benzofuran-2-one,6051-03-2,DTXSID8052271
O=C1CCC2CCCCC2O1,0,0.8,NICEATM HPPT Database (2023),https://ntp.niehs.nih.gov/iccvam/methods/immunotox/hppt/hppt_database_14feb2023.xlsx,https://doi.org/10.1007/s00204-023-03530-3,HPPT Record.No 1162,Human Maximization Test,3,Octahydro-2H-1-benzopyran-2-one,4430-31-3,DTXSID7052105
O=C1CCC=CCCCCCCCCCC1,0,0.8,NICEATM HPPT Database (2023),https://ntp.niehs.nih.gov/iccvam/methods/immunotox/hppt/hppt_database_14feb2023.xlsx,https://doi.org/10.1007/s00204-023-03530-3,HPPT Record.No 788;789,Human Repeat Insult Patch Test,3,(4Z)-Cyclopentadec-4-en-1-one,14595-54-1,DTXSID0051730
O=C1CCCC1,0,0.8,NICEATM HPPT Database (2023),https://ntp.niehs.nih.gov/iccvam/methods/immunotox/hppt/hppt_database_14feb2023.xlsx,https://doi.org/10.1007/s00204-023-03530-3,HPPT Record.No 527,Human Maximization Test,3,Cyclopentanone,120-92-3,DTXSID3029154
O=C1CCCC=CCCCCCCCCCC1,0,0.6,NICEATM HPPT Database (2023),https://ntp.niehs.nih.gov/iccvam/methods/immunotox/hppt/hppt_database_14feb2023.xlsx,https://doi.org/10.1007/s00204-023-03530-3,HPPT Record.No 1110,Human Repeat Insult Patch Test,4,5-Cyclohexadecen-1-one,37609-25-9,DTXSID8047139
O=C1CCCCC1=C1CCCCC1,0,0.8,NICEATM HPPT Database (2023),https://ntp.niehs.nih.gov/iccvam/methods/immunotox/hppt/hppt_database_14feb2023.xlsx,https://doi.org/10.1007/s00204-023-03530-3,HPPT Record.No 31,Human Maximization Test,3,"Cyclohexanone, 2-cyclohexylidene-",1011-12-7,DTXSID30862512
O=C1CCCCC1C1CCCCC1,0,0.8,NICEATM HPPT Database (2023),https://ntp.niehs.nih.gov/iccvam/methods/immunotox/hppt/hppt_database_14feb2023.xlsx,https://doi.org/10.1007/s00204-023-03530-3,HPPT Record.No 1909,Human Maximization Test,3,"1,1'-Bi(cyclohexyl)-2-one",90-42-6,DTXSID8047424
O=C1CCCCC=CCCCCCCCCCO1,0,0.8,NICEATM HPPT Database (2023),https://ntp.niehs.nih.gov/iccvam/methods/immunotox/hppt/hppt_database_14feb2023.xlsx,https://doi.org/10.1007/s00204-023-03530-3,HPPT Record.No 1752,Human Maximization Test,3,Ambrettolide,7779-50-2,DTXSID6040799
O=C1CCCCCCCC=CCCCCCCC1,0,0.8,NICEATM HPPT Database (2023),https://ntp.niehs.nih.gov/iccvam/methods/immunotox/hppt/hppt_database_14feb2023.xlsx,https://doi.org/10.1007/s00204-023-03530-3,HPPT Record.No 1307,Human Maximization Test,3,"9-Cycloheptadecen-1-one, (9Z)-",542-46-1,DTXSID80883434
O=C1CCCCCCCC=CCCCCCCO1,0,0.8,NICEATM HPPT Database (2023),https://ntp.niehs.nih.gov/iccvam/methods/immunotox/hppt/hppt_database_14feb2023.xlsx,https://doi.org/10.1007/s00204-023-03530-3,HPPT Record.No 1010,Human Repeat Insult Patch Test,3,Oxacycloheptadec-10-en-2-one,28645-51-4,DTXSID3051965
O=C1CCCCCCCCCCC(=O)OCCC1,0,0.8,NICEATM HPPT Database (2023),https://ntp.niehs.nih.gov/iccvam/methods/immunotox/hppt/hppt_database_14feb2023.xlsx,https://doi.org/10.1007/s00204-023-03530-3,HPPT Record.No 1113,Human Repeat Insult Patch Test,3,"Oxacyclohexadecane-2,13-dione",38223-29-9,DTXSID8074784
O=C1CCCCCCCCCCC(=O)OCCO1,0,0.8,NICEATM HPPT Database (2023),https://ntp.niehs.nih.gov/iccvam/methods/immunotox/hppt/hppt_database_14feb2023.xlsx,https://doi.org/10.1007/s00204-023-03530-3,HPPT Record.No 1327;1328,Human Repeat Insult Patch Test,3,"1,4-Dioxacyclohexadecane-5,16-dione",54982-83-1,DTXSID1044568
O=C1CCCCCCCCCCCCCC1,0,0.8,NICEATM HPPT Database (2023),https://ntp.niehs.nih.gov/iccvam/methods/immunotox/hppt/hppt_database_14feb2023.xlsx,https://doi.org/10.1007/s00204-023-03530-3,HPPT Record.No 1228;1229,Human Maximization Test,3,Cyclopentadecanone,502-72-7,DTXSID2047141
O=C1CCCCCCCCCCCCCCCO1,0,0.8,NICEATM HPPT Database (2023),https://ntp.niehs.nih.gov/iccvam/methods/immunotox/hppt/hppt_database_14feb2023.xlsx,https://doi.org/10.1007/s00204-023-03530-3,HPPT Record.No 360;361;362,Human Repeat Insult Patch Test,3,Oxacycloheptadecan-2-one,109-29-5,DTXSID4047622
O=C1CCCCCCCCCCCCCCO1,0,0.8,NICEATM HPPT Database (2023),https://ntp.niehs.nih.gov/iccvam/methods/immunotox/hppt/hppt_database_14feb2023.xlsx,https://doi.org/10.1007/s00204-023-03530-3,HPPT Record.No 273;274;275,Human Maximization Test,3,Pentadecan-15-olide,106-02-5,DTXSID6044359
O=C1CCCCCCCCCCCO1,0,0.6,NICEATM HPPT Database (2023),https://ntp.niehs.nih.gov/iccvam/methods/immunotox/hppt/hppt_database_14feb2023.xlsx,https://doi.org/10.1007/s00204-023-03530-3,HPPT Record.No 1967,Human Repeat Insult Patch Test,4,Oxacyclotridecan-2-one,947-05-7,DTXSID70241569
O=C1CCCCCCCCCCOCCCCO1,0,0.8,NICEATM HPPT Database (2023),https://ntp.niehs.nih.gov/iccvam/methods/immunotox/hppt/hppt_database_14feb2023.xlsx,https://doi.org/10.1007/s00204-023-03530-3,HPPT Record.No 1573;1574,Human Repeat Insult Patch Test,3,12-Oxahexadecanolide,6707-60-4,DTXSID4047705
O=C1CCCCCCCCCOCCCCCO1,0,0.8,NICEATM HPPT Database (2023),https://ntp.niehs.nih.gov/iccvam/methods/immunotox/hppt/hppt_database_14feb2023.xlsx,https://doi.org/10.1007/s00204-023-03530-3,HPPT Record.No 1074,Human Maximization Test,3,"1,7-Dioxacycloheptadecan-8-one",3391-83-1,DTXSID2052023
O=C1CCCCCCCCOCCCCCCO1,0,0.8,NICEATM HPPT Database (2023),https://ntp.niehs.nih.gov/iccvam/methods/immunotox/hppt/hppt_database_14feb2023.xlsx,https://doi.org/10.1007/s00204-023-03530-3,HPPT Record.No 838,Human Maximization Test,3,"1,8-Dioxacycloheptadecan-9-one",1725-01-5,DTXSID5051789
O=CCCC=C1CC2CC1C1CCCC21,0,0.8,NICEATM HPPT Database (2023),https://ntp.niehs.nih.gov/iccvam/methods/immunotox/hppt/hppt_database_14feb2023.xlsx,https://doi.org/10.1007/s00204-023-03530-3,HPPT Record.No 1025,Human Maximization Test,3,"4-(Octahydro-5H-4,7-methanoinden-5-ylidene)butanal",30168-23-1,DTXSID7051977
O=CCCc1ccccc1,0,0.8,NICEATM HPPT Database (2023),https://ntp.niehs.nih.gov/iccvam/methods/immunotox/hppt/hppt_database_14feb2023.xlsx,https://doi.org/10.1007/s00204-023-03530-3,HPPT Record.No 169,Human Maximization Test,3,3-Phenylpropanal,104-53-0,DTXSID0047610
O=CCOc1ccccc1,0,0.8,NICEATM HPPT Database (2023),https://ntp.niehs.nih.gov/iccvam/methods/immunotox/hppt/hppt_database_14feb2023.xlsx,https://doi.org/10.1007/s00204-023-03530-3,HPPT Record.No 901,Human Maximization Test,3,Phenoxyacetaldehyde,2120-70-9,DTXSID1051858
O=COC1CCC2CCCCC2C1,0,0.8,NICEATM HPPT Database (2023),https://ntp.niehs.nih.gov/iccvam/methods/immunotox/hppt/hppt_database_14feb2023.xlsx,https://doi.org/10.1007/s00204-023-03530-3,HPPT Record.No 229,Human Maximization Test,3,"2-Naphthalenol, decahydro-, 2-formate",10519-12-7,DTXSID00864285
O=COCC=Cc1ccccc1,0,0.8,NICEATM HPPT Database (2023),https://ntp.niehs.nih.gov/iccvam/methods/immunotox/hppt/hppt_database_14feb2023.xlsx,https://doi.org/10.1007/s00204-023-03530-3,HPPT Record.No 220,Human Maximization Test,3,"2-Propen-1-ol, 3-phenyl-, 1-formate",104-65-4,DTXSID00861714
O=COCCCc1ccccc1,0,0.8,NICEATM HPPT Database (2023),https://ntp.niehs.nih.gov/iccvam/methods/immunotox/hppt/hppt_database_14feb2023.xlsx,https://doi.org/10.1007/s00204-023-03530-3,HPPT Record.No 219,Human Maximization Test,3,"Benzenepropanol, 1-formate",104-64-3,DTXSID40861713
O=COCCc1ccccc1,0,0.8,NICEATM HPPT Database (2023),https://ntp.niehs.nih.gov/iccvam/methods/immunotox/hppt/hppt_database_14feb2023.xlsx,https://doi.org/10.1007/s00204-023-03530-3,HPPT Record.No 218,Human Maximization Test,3,"Formic acid, 2-phenylethyl ester",104-62-1,DTXSID2059300
O=COCc1ccccc1,0,0.8,NICEATM HPPT Database (2023),https://ntp.niehs.nih.gov/iccvam/methods/immunotox/hppt/hppt_database_14feb2023.xlsx,https://doi.org/10.1007/s00204-023-03530-3,HPPT Record.No 215,Human Maximization Test,3,"Formic acid, phenylmethyl ester",104-57-4,DTXSID5059298
O=Cc1ccc2c(c1)OCO2,0,0.95,NICEATM HPPT Database (2023),https://ntp.niehs.nih.gov/iccvam/methods/immunotox/hppt/hppt_database_14feb2023.xlsx,https://doi.org/10.1007/s00204-023-03530-3,HPPT Record.No 522,Human Maximization Test,2,Piperonal,120-57-0,DTXSID7025924
O=Cc1ccccc1O,0,0.8,NICEATM HPPT Database (2023),https://ntp.niehs.nih.gov/iccvam/methods/immunotox/hppt/hppt_database_14feb2023.xlsx,https://doi.org/10.1007/s00204-023-03530-3,HPPT Record.No 1902,Human Maximization Test,3,Salicylaldehyde,90-02-8,DTXSID1021792
O=Cc1ccco1,0,0.8,NICEATM HPPT Database (2023),https://ntp.niehs.nih.gov/iccvam/methods/immunotox/hppt/hppt_database_14feb2023.xlsx,https://doi.org/10.1007/s00204-023-03530-3,HPPT Record.No 2004,Human Maximization Test,3,Furfural,98-01-1,DTXSID1020647
O=S(=O)(O)c1cc(-n2nc3ccc4ccccc4c3n2)ccc1C=Cc1ccccc1,0,0.95,NICEATM HPPT Database (2023),https://ntp.niehs.nih.gov/iccvam/methods/immunotox/hppt/hppt_database_14feb2023.xlsx,https://doi.org/10.1007/s00204-023-03530-3,HPPT Record.No 1550,Human Repeat Insult Patch Test,2,C.I. Fluorescent Brightener 46,6416-68-8,DTXSID4064341
O=S(=O)(O)c1cc(Nc2nc(Nc3ccccc3)nc(Nc3ccccc3)n2)ccc1C=Cc1ccc(Nc2nc(Nc3ccccc3)nc(Nc3ccccc3)n2)cc1S(=O)(=O)O,0,0.95,NICEATM HPPT Database (2023),https://ntp.niehs.nih.gov/iccvam/methods/immunotox/hppt/hppt_database_14feb2023.xlsx,https://doi.org/10.1007/s00204-023-03530-3,HPPT Record.No 650,Human Repeat Insult Patch Test,2,"4,4'-Bis(2,4-dianilino-1,3,5-triazin-6-ylamino)-2,2'-stilbene disulfonic acid disodium salt",133-66-4,DTXSID90889422
OC(c1ccccc1)c1ccccc1,0,0.8,NICEATM HPPT Database (2023),https://ntp.niehs.nih.gov/iccvam/methods/immunotox/hppt/hppt_database_14feb2023.xlsx,https://doi.org/10.1007/s00204-023-03530-3,HPPT Record.No 1911,Human Maximization Test,3,Benzhydrol,91-01-0,DTXSID2059015
OC1CC2CC1C1CCCC21,0,0.6,NICEATM HPPT Database (2023),https://ntp.niehs.nih.gov/iccvam/methods/immunotox/hppt/hppt_database_14feb2023.xlsx,https://doi.org/10.1007/s00204-023-03530-3,HPPT Record.No 651,Human Repeat Insult Patch Test,4,"4,7-Methano-1H-inden-5-ol, octahydro-",13380-89-7,DTXSID10864392
OC1CCC2CCCCC2C1,0,0.8,NICEATM HPPT Database (2023),https://ntp.niehs.nih.gov/iccvam/methods/immunotox/hppt/hppt_database_14feb2023.xlsx,https://doi.org/10.1007/s00204-023-03530-3,HPPT Record.No 1837,Human Maximization Test,3,"2-Naphthalenol, decahydro-",825-51-4,DTXSID10862434
OC1CCCCC1,0,0.8,NICEATM HPPT Database (2023),https://ntp.niehs.nih.gov/iccvam/methods/immunotox/hppt/hppt_database_14feb2023.xlsx,https://doi.org/10.1007/s00204-023-03530-3,HPPT Record.No 353,Human Maximization Test,3,Cyclohexanol,108-93-0,DTXSID4021894
OCC1COC(c2ccccc2)O1,0,0.8,NICEATM HPPT Database (2023),https://ntp.niehs.nih.gov/iccvam/methods/immunotox/hppt/hppt_database_14feb2023.xlsx,https://doi.org/10.1007/s00204-023-03530-3,HPPT Record.No 837,Human Maximization Test,3,"(2-Phenyl-1,3-dioxolan-4-yl)methanol",1708-39-0,DTXSID70937834
OCCC1CCCCC1,0,0.8,NICEATM HPPT Database (2023),https://ntp.niehs.nih.gov/iccvam/methods/immunotox/hppt/hppt_database_14feb2023.xlsx,https://doi.org/10.1007/s00204-023-03530-3,HPPT Record.No 1167,Human Maximization Test,3,Cyclohexaneethanol,4442-79-9,DTXSID7063473
OCCCc1ccccc1,0,0.8,NICEATM HPPT Database (2023),https://ntp.niehs.nih.gov/iccvam/methods/immunotox/hppt/hppt_database_14feb2023.xlsx,https://doi.org/10.1007/s00204-023-03530-3,HPPT Record.No 581;582,Human Repeat Insult Patch Test,3,3-Phenyl-1-propanol,122-97-4,DTXSID6041638
OCCOCCOCCO,0,0.8,NICEATM HPPT Database (2023),https://ntp.niehs.nih.gov/iccvam/methods/immunotox/hppt/hppt_database_14feb2023.xlsx,https://doi.org/10.1007/s00204-023-03530-3,HPPT Record.No 435,Human Maximization Test,3,Triethylene glycol,112-27-6,DTXSID4021393
Oc1c(Cl)cc(Cl)cc1Sc1cc(Cl)cc(Cl)c1O,0,1.0,NICEATM HPPT Database (2023),https://ntp.niehs.nih.gov/iccvam/methods/immunotox/hppt/hppt_database_14feb2023.xlsx,https://doi.org/10.1007/s00204-023-03530-3,HPPT Record.No 1983;1984;1985;1986,Human Maximization Test,1,Bithionol,97-18-7,DTXSID9021342
Oc1c(I)cc(Cl)c2cccnc12,0,1.0,NICEATM HPPT Database (2023),https://ntp.niehs.nih.gov/iccvam/methods/immunotox/hppt/hppt_database_14feb2023.xlsx,https://doi.org/10.1007/s00204-023-03530-3,HPPT Record.No 625;626;627;628;629,Human Maximization Test,1,Clioquinol,130-26-7,DTXSID7022837
Oc1cc(Cl)ccc1Oc1ccc(Cl)cc1Cl,0,0.8,NICEATM HPPT Database (2023),https://ntp.niehs.nih.gov/iccvam/methods/immunotox/hppt/hppt_database_14feb2023.xlsx,https://doi.org/10.1007/s00204-023-03530-3,HPPT Record.No 1067;1068;1069;1070;1071;1072;1073,Human Repeat Insult Patch Test,3,Triclosan,3380-34-5,DTXSID5032498
Oc1cccc(O)c1,0,1.0,NICEATM HPPT Database (2023),https://ntp.niehs.nih.gov/iccvam/methods/immunotox/hppt/hppt_database_14feb2023.xlsx,https://doi.org/10.1007/s00204-023-03530-3,HPPT Record.No 350,Human Maximization Test,1,Resorcinol,108-46-3,DTXSID2021238
Oc1ccccc1,0,1.0,NICEATM HPPT Database (2023),https://ntp.niehs.nih.gov/iccvam/methods/immunotox/hppt/hppt_database_14feb2023.xlsx,https://doi.org/10.1007/s00204-023-03530-3,HPPT Record.No 355,Human Maximization Test,1,Phenol,108-95-2,DTXSID5021124
c1ccc(CC2OCCO2)cc1,0,0.8,NICEATM HPPT Database (2023),https://ntp.niehs.nih.gov/iccvam/methods/immunotox/hppt/hppt_database_14feb2023.xlsx,https://doi.org/10.1007/s00204-023-03530-3,HPPT Record.No 63,Human Maximization Test,3,"1,3-Dioxolane, 2-(phenylmethyl)-",101-49-5,DTXSID1059230
c1ccc(CCc2ccccc2)cc1,0,0.8,NICEATM HPPT Database (2023),https://ntp.niehs.nih.gov/iccvam/methods/immunotox/hppt/hppt_database_14feb2023.xlsx,https://doi.org/10.1007/s00204-023-03530-3,HPPT Record.No 116,Human Maximization Test,3,Bibenzyl,103-29-7,DTXSID8041668
c1ccc(COCc2ccccc2)cc1,0,0.8,NICEATM HPPT Database (2023),https://ntp.niehs.nih.gov/iccvam/methods/immunotox/hppt/hppt_database_14feb2023.xlsx,https://doi.org/10.1007/s00204-023-03530-3,HPPT Record.No 127,Human Maximization Test,3,Dibenzyl ether,103-50-4,DTXSID5025819
c1ccc(Cc2ccccc2)cc1,0,0.8,NICEATM HPPT Database (2023),https://ntp.niehs.nih.gov/iccvam/methods/immunotox/hppt/hppt_database_14feb2023.xlsx,https://doi.org/10.1007/s00204-023-03530-3,HPPT Record.No 64,Human Maximization Test,3,Diphenylmethane,101-81-5,DTXSID1041891
c1ccc(Nc2ccccc2)cc1,0,0.8,NICEATM HPPT Database (2023),https://ntp.niehs.nih.gov/iccvam/methods/immunotox/hppt/hppt_database_14feb2023.xlsx,https://doi.org/10.1007/s00204-023-03530-3,HPPT Record.No 543,Human Maximization Test,3,Diphenylamine,122-39-4,DTXSID4021975
c1ccc(Oc2ccccc2)cc1,0,0.8,NICEATM HPPT Database (2023),https://ntp.niehs.nih.gov/iccvam/methods/immunotox/hppt/hppt_database_14feb2023.xlsx,https://doi.org/10.1007/s00204-023-03530-3,HPPT Record.No 65,Human Maximization Test,3,Diphenyl oxide,101-84-8,DTXSID9021847
c1ccc2[nH]c(-c3cscn3)nc2c1,0,1.0,NICEATM HPPT Database (2023),https://ntp.niehs.nih.gov/iccvam/methods/immunotox/hppt/hppt_database_14feb2023.xlsx,https://doi.org/10.1007/s00204-023-03530-3,HPPT Record.No 794,Human Maximization Test,1,Thiabendazole,148-79-8,DTXSID0021337
c1ccc2[nH]ccc2c1,0,0.8,NICEATM HPPT Database (2023),https://ntp.niehs.nih.gov/iccvam/methods/immunotox/hppt/hppt_database_14feb2023.xlsx,https://doi.org/10.1007/s00204-023-03530-3,HPPT Record.No 524,Human Maximization Test,3,Indole,120-72-9,DTXSID0020737
c1ccccc1,0,1.0,NICEATM HPPT Database (2023),https://ntp.niehs.nih.gov/iccvam/methods/immunotox/hppt/hppt_database_14feb2023.xlsx,https://doi.org/10.1007/s00204-023-03530-3,HPPT Record.No 1682,Human Maximization Test,1,Benzene,71-43-2,DTXSID3039242
C=CC(=O)OCC(CO)(COC(=O)C=C)COC(=O)C=C,1,0.6,NICEATM HPPT Database (2023),https://ntp.niehs.nih.gov/iccvam/methods/immunotox/hppt/hppt_database_14feb2023.xlsx,https://doi.org/10.1007/s00204-023-03530-3,HPPT Record.No 1088,Human Repeat Insult Patch Test,4,Pentaerythritol triacrylate,3524-68-3,DTXSID2025842
CC(=CCO)CCCC(C)C,1,0.8,NICEATM HPPT Database (2023),https://ntp.niehs.nih.gov/iccvam/methods/immunotox/hppt/hppt_database_14feb2023.xlsx,https://doi.org/10.1007/s00204-023-03530-3,HPPT Record.No 1129;1130;1131,Human Repeat Insult Patch Test,3,"3,7-Dimethyloct-2-en-1-ol",40607-48-5,DTXSID00866002
CC(=CCO)CCCC(C)CCCC(C)CCCC(C)C,1,0.8,NICEATM HPPT Database (2023),https://ntp.niehs.nih.gov/iccvam/methods/immunotox/hppt/hppt_database_14feb2023.xlsx,https://doi.org/10.1007/s00204-023-03530-3,HPPT Record.No 811,Human Maximization Test,3,Phytol,150-86-7,DTXSID1040586
CC(=O)C(=O)CC(C)C,1,0.8,NICEATM HPPT Database (2023),https://ntp.niehs.nih.gov/iccvam/methods/immunotox/hppt/hppt_database_14feb2023.xlsx,https://doi.org/10.1007/s00204-023-03530-3,HPPT Record.No 667;668,Human Maximization Test,3,"5-Methyl-2,3-hexanedione",13706-86-0,DTXSID7049215
CC(=O)C=CC=C(C)C,1,0.6,NICEATM HPPT Database (2023),https://ntp.niehs.nih.gov/iccvam/methods/immunotox/hppt/hppt_database_14feb2023.xlsx,https://doi.org/10.1007/s00204-023-03530-3,HPPT Record.No 825,Human Repeat Insult Patch Test,4,"6-Methylhepta-3,5-dien-2-one",1604-28-0,DTXSID7051761
CC(=O)C=CC=C(C)CCC=C(C)C,1,0.8,NICEATM HPPT Database (2023),https://ntp.niehs.nih.gov/iccvam/methods/immunotox/hppt/hppt_database_14feb2023.xlsx,https://doi.org/10.1007/s00204-023-03530-3,HPPT Record.No 751;752;753;754,Human Maximization Test,3,Pseudoionone,141-10-6,DTXSID7029168
CC(=O)C=Cc1ccccc1,1,0.95,NICEATM HPPT Database (2023),https://ntp.niehs.nih.gov/iccvam/methods/immunotox/hppt/hppt_database_14feb2023.xlsx,https://doi.org/10.1007/s00204-023-03530-3,HPPT Record.No 550;551,Human Repeat Insult Patch Test,2,Methyl styryl ketone,122-57-6,DTXSID4025662
CC(=O)NCCS,1,0.6,NICEATM HPPT Database (2023),https://ntp.niehs.nih.gov/iccvam/methods/immunotox/hppt/hppt_database_14feb2023.xlsx,https://doi.org/10.1007/s00204-023-03530-3,HPPT Record.No 504,Human Repeat Insult Patch Test,4,2-Acetamidoethanethiol,1190-73-4,DTXSID90152289
CC(C)(C)OCC1CO1,1,0.6,NICEATM HPPT Database (2023),https://ntp.niehs.nih.gov/iccvam/methods/immunotox/hppt/hppt_database_14feb2023.xlsx,https://doi.org/10.1007/s00204-023-03530-3,HPPT Record.No 1738,Human Repeat Insult Patch Test,4,tert-Butyl glycidyl ether,7665-72-7,DTXSID4024692
CC(C)=CCCC(C)=CCc1cc(O)ccc1O,1,0.95,NICEATM HPPT Database (2023),https://ntp.niehs.nih.gov/iccvam/methods/immunotox/hppt/hppt_database_14feb2023.xlsx,https://doi.org/10.1007/s00204-023-03530-3,HPPT Record.No 216,Human Maximization Test,2,Geroquinol,10457-66-6,DTXSID00893651
CC(C)C1CCC2C(CCC3C(C)(CO)CCCC23C)C1,1,0.8,NICEATM HPPT Database (2023),https://ntp.niehs.nih.gov/iccvam/methods/immunotox/hppt/hppt_database_14feb2023.xlsx,https://doi.org/10.1007/s00204-023-03530-3,HPPT Record.No 646;647,Human Maximization Test,3,"1-Phenanthrenemethanol, tetradecahydro-1,4a-dimethyl-7-(1-methylethyl)-, (1R,4aR,4bS,10aR)-",13393-93-6,DTXSID8027745
CC(CN1c2ccccc2Sc2ccccc21)N(C)C,1,1.0,NICEATM HPPT Database (2023),https://ntp.niehs.nih.gov/iccvam/methods/immunotox/hppt/hppt_database_14feb2023.xlsx,https://doi.org/10.1007/s00204-023-03530-3,HPPT Record.No 1402,Human Maximization Test,1,Promethazine hydrochloride,58-33-3,DTXSID3021192
CC(CO)Cc1ccc(C(C)C)cc1,1,0.8,NICEATM HPPT Database (2023),https://ntp.niehs.nih.gov/iccvam/methods/immunotox/hppt/hppt_database_14feb2023.xlsx,https://doi.org/10.1007/s00204-023-03530-3,HPPT Record.No 1205;1206,Human Maximization Test,3,"Benzenepropanol, .beta.-methyl-4-(1-methylethyl)-",4756-19-8,DTXSID90863449
CC(S)C(=O)O,1,0.6,NICEATM HPPT Database (2023),https://ntp.niehs.nih.gov/iccvam/methods/immunotox/hppt/hppt_database_14feb2023.xlsx,https://doi.org/10.1007/s00204-023-03530-3,HPPT Record.No 1784,Human Repeat Insult Patch Test,4,"Propanoic acid, 2-mercapto-",79-42-5,DTXSID80861636
CC1CCCC(=O)O1,1,0.8,NICEATM HPPT Database (2023),https://ntp.niehs.nih.gov/iccvam/methods/immunotox/hppt/hppt_database_14feb2023.xlsx,https://doi.org/10.1007/s00204-023-03530-3,HPPT Record.No 1834,Human Maximization Test,3,6-Methyloxan-2-one,823-22-3,DTXSID30862431
CC=CC(=O)OC,1,0.95,NICEATM HPPT Database (2023),https://ntp.niehs.nih.gov/iccvam/methods/immunotox/hppt/hppt_database_14feb2023.xlsx,https://doi.org/10.1007/s00204-023-03530-3,HPPT Record.No 1515;1516,Human Repeat Insult Patch Test,2,"2-Butenoic acid, methyl ester, (E)-",623-43-8,DTXSID10878813
CCC(=O)C=CC=C(C)CCC=C(C)C,1,0.8,NICEATM HPPT Database (2023),https://ntp.niehs.nih.gov/iccvam/methods/immunotox/hppt/hppt_database_14feb2023.xlsx,https://doi.org/10.1007/s00204-023-03530-3,HPPT Record.No 986;987;988,Human Maximization Test,3,"4,6,10-Dodecatrien-3-one, 7,11-dimethyl-",26651-96-7,DTXSID1029336
CCC(=O)C=Cc1ccc(OC)cc1,1,0.8,NICEATM HPPT Database (2023),https://ntp.niehs.nih.gov/iccvam/methods/immunotox/hppt/hppt_database_14feb2023.xlsx,https://doi.org/10.1007/s00204-023-03530-3,HPPT Record.No 165,Human Maximization Test,3,1-(4-Methoxyphenyl)-1-pentene-3-one,104-27-8,DTXSID4047412
CCC=C1OC(=O)c2ccccc21,1,0.8,NICEATM HPPT Database (2023),https://ntp.niehs.nih.gov/iccvam/methods/immunotox/hppt/hppt_database_14feb2023.xlsx,https://doi.org/10.1007/s00204-023-03530-3,HPPT Record.No 840,Human Maximization Test,3,3-Propylidenephthalide,17369-59-4,DTXSID7025972
CCCC=CC(OC)OC,1,0.8,NICEATM HPPT Database (2023),https://ntp.niehs.nih.gov/iccvam/methods/immunotox/hppt/hppt_database_14feb2023.xlsx,https://doi.org/10.1007/s00204-023-03530-3,HPPT Record.No 856;857,Human Maximization Test,3,"2-Hexene, 1,1-dimethoxy-, (2E)-",18318-83-7,DTXSID90885025
CCCCC=C1CCCCC1=O,1,0.8,NICEATM HPPT Database (2023),https://ntp.niehs.nih.gov/iccvam/methods/immunotox/hppt/hppt_database_14feb2023.xlsx,https://doi.org/10.1007/s00204-023-03530-3,HPPT Record.No 978,Human Maximization Test,3,2-Pentylidenecyclohexan-1-one,25677-40-1,DTXSID70865244
CCCCC=CC=O,1,0.8,NICEATM HPPT Database (2023),https://ntp.niehs.nih.gov/iccvam/methods/immunotox/hppt/hppt_database_14feb2023.xlsx,https://doi.org/10.1007/s00204-023-03530-3,HPPT Record.No 862;863,Human Maximization Test,3,trans-2-Heptenal,18829-55-5,DTXSID30880832
CCCCCCC(C)=CC#N,1,0.8,NICEATM HPPT Database (2023),https://ntp.niehs.nih.gov/iccvam/methods/immunotox/hppt/hppt_database_14feb2023.xlsx,https://doi.org/10.1007/s00204-023-03530-3,HPPT Record.No 1264,Human Maximization Test,3,"2-Nonenenitrile, 3-methyl-",53153-66-5,DTXSID8068830
CCCCCCCC(=O)OCCCCCC,1,0.8,NICEATM HPPT Database (2023),https://ntp.niehs.nih.gov/iccvam/methods/immunotox/hppt/hppt_database_14feb2023.xlsx,https://doi.org/10.1007/s00204-023-03530-3,HPPT Record.No 415,Human Maximization Test,3,Hexyl octanoate,1117-55-1,DTXSID8047636
CCCCOC(=O)CC(S)C(=O)OCCCC,1,0.8,NICEATM HPPT Database (2023),https://ntp.niehs.nih.gov/iccvam/methods/immunotox/hppt/hppt_database_14feb2023.xlsx,https://doi.org/10.1007/s00204-023-03530-3,HPPT Record.No 1727,Human Repeat Insult Patch Test,3,"Butanedioic acid, 2-mercapto-, 1,4-dibutyl ester",7529-08-0,DTXSID10884398
CCCCOCC1CO1,1,1.0,NICEATM HPPT Database (2023),https://ntp.niehs.nih.gov/iccvam/methods/immunotox/hppt/hppt_database_14feb2023.xlsx,https://doi.org/10.1007/s00204-023-03530-3,HPPT Record.No 938,Human Maximization Test,1,Butyl glycidyl ether,2426-08-6,DTXSID9024691
CCCCOc1cc(C(=O)NCCN(CC)CC)c2ccccc2n1,1,1.0,NICEATM HPPT Database (2023),https://ntp.niehs.nih.gov/iccvam/methods/immunotox/hppt/hppt_database_14feb2023.xlsx,https://doi.org/10.1007/s00204-023-03530-3,HPPT Record.No 1862,Human Maximization Test,1,Dibucaine,85-79-0,DTXSID3045271
CCN(CC)CCCC(C)Nc1c2ccc(Cl)cc2nc2ccc(OC)cc12,1,1.0,NICEATM HPPT Database (2023),https://ntp.niehs.nih.gov/iccvam/methods/immunotox/hppt/hppt_database_14feb2023.xlsx,https://doi.org/10.1007/s00204-023-03530-3,HPPT Record.No 1851,Human Maximization Test,1,Atabrine,83-89-6,DTXSID7022627
CCN(CC)CCCC(C)Nc1ccnc2cc(Cl)ccc12,1,1.0,NICEATM HPPT Database (2023),https://ntp.niehs.nih.gov/iccvam/methods/immunotox/hppt/hppt_database_14feb2023.xlsx,https://doi.org/10.1007/s00204-023-03530-3,HPPT Record.No 1233;1234;1235;1236;1237;1299,Human Maximization Test,1,Chloroquine bis(phosphate),50-63-5,DTXSID7044681
CCN(CC)CCOC(=O)c1ccc(N)cc1,1,1.0,NICEATM HPPT Database (2023),https://ntp.niehs.nih.gov/iccvam/methods/immunotox/hppt/hppt_database_14feb2023.xlsx,https://doi.org/10.1007/s00204-023-03530-3,HPPT Record.No 1241,Human Maximization Test,1,Procaine hydrochloride,51-05-8,DTXSID1044435
CCN(CC)c1ccc(N)c(C)c1,1,1.0,NICEATM HPPT Database (2023),https://ntp.niehs.nih.gov/iccvam/methods/immunotox/hppt/hppt_database_14feb2023.xlsx,https://doi.org/10.1007/s00204-023-03530-3,HPPT Record.No 881,Human Maximization Test,1,2-Amino-5-(diethylamino)toluene monohydrochloride,2051-79-8,DTXSID1038799
CCOC(=O)C=CC(=O)OCC,1,1.0,NICEATM HPPT Database (2023),https://ntp.niehs.nih.gov/iccvam/methods/immunotox/hppt/hppt_database_14feb2023.xlsx,https://doi.org/10.1007/s00204-023-03530-3,HPPT Record.No 746;747;748;749;1526;1527;1528;1529,Human Maximization Test,1,(2E)-2-Butenedioic acid diethyl ester,623-91-6,DTXSID7027253
CCOC(=O)CC(SP(=S)(OC)OC)C(=O)OCC,1,1.0,NICEATM HPPT Database (2023),https://ntp.niehs.nih.gov/iccvam/methods/immunotox/hppt/hppt_database_14feb2023.xlsx,https://doi.org/10.1007/s00204-023-03530-3,HPPT Record.No 534;535;536;537;538,Human Maximization Test,1,Malathion,121-75-5,DTXSID4020791
CCOc1ccc2c(C)cc(=O)oc2c1,1,0.8,NICEATM HPPT Database (2023),https://ntp.niehs.nih.gov/iccvam/methods/immunotox/hppt/hppt_database_14feb2023.xlsx,https://doi.org/10.1007/s00204-023-03530-3,HPPT Record.No 1873,Human Maximization Test,3,"2H-1-Benzopyran-2-one, 7-ethoxy-4-methyl-",87-05-8,DTXSID3058953
CN(C)C(=O)CS,1,0.6,NICEATM HPPT Database (2023),https://ntp.niehs.nih.gov/iccvam/methods/immunotox/hppt/hppt_database_14feb2023.xlsx,https://doi.org/10.1007/s00204-023-03530-3,HPPT Record.No 1089,Human Repeat Insult Patch Test,4,"N,N-dimethyl-2-mercaptoacetamide",35331-24-9,DTXSID40461838
CN(C)CCCN1c2ccccc2Sc2ccc(Cl)cc21,1,1.0,NICEATM HPPT Database (2023),https://ntp.niehs.nih.gov/iccvam/methods/immunotox/hppt/hppt_database_14feb2023.xlsx,https://doi.org/10.1007/s00204-023-03530-3,HPPT Record.No 1232,Human Maximization Test,1,Chlorpromazine,50-53-3,DTXSID0022808
CN1CCC2=C(C1)C(c1ccccc1)c1ccccc12,1,1.0,NICEATM HPPT Database (2023),https://ntp.niehs.nih.gov/iccvam/methods/immunotox/hppt/hppt_database_14feb2023.xlsx,https://doi.org/10.1007/s00204-023-03530-3,HPPT Record.No 1840;1841;1842;1843;1844;1845;1846;1847;1848,Human Repeat Insult Patch Test,1,Phenindamine,82-88-2,DTXSID0023452
COC(=O)c1ccc(C)cc1,1,0.8,NICEATM HPPT Database (2023),https://ntp.niehs.nih.gov/iccvam/methods/immunotox/hppt/hppt_database_14feb2023.xlsx,https://doi.org/10.1007/s00204-023-03530-3,HPPT Record.No 2015,Human Maximization Test,3,Methyl 4-methylbenzoate,99-75-2,DTXSID4025668
COC(=O)c1ccc(N)cc1,1,1.0,NICEATM HPPT Database (2023),https://ntp.niehs.nih.gov/iccvam/methods/immunotox/hppt/hppt_database_14feb2023.xlsx,https://doi.org/10.1007/s00204-023-03530-3,HPPT Record.No 1508,Human Maximization Test,1,"Benzoic acid, 4-amino-, methyl ester",619-45-4,DTXSID7060704
COC1=CC(=O)CC(C)C12Oc1c(Cl)c(OC)cc(OC)c1C2=O,1,1.0,NICEATM HPPT Database (2023),https://ntp.niehs.nih.gov/iccvam/methods/immunotox/hppt/hppt_database_14feb2023.xlsx,https://doi.org/10.1007/s00204-023-03530-3,HPPT Record.No 611,Human Maximization Test,1,Griseofulvin,126-07-8,DTXSID8020674
COCCOC(=O)CS,1,0.6,NICEATM HPPT Database (2023),https://ntp.niehs.nih.gov/iccvam/methods/immunotox/hppt/hppt_database_14feb2023.xlsx,https://doi.org/10.1007/s00204-023-03530-3,HPPT Record.No 873,Human Repeat Insult Patch Test,4,METHOXYETHYL THIOGLYCOLATE,19788-48-8,DTXSID70337370
COc1ccc2ccc(=O)oc2c1,1,0.8,NICEATM HPPT Database (2023),https://ntp.niehs.nih.gov/iccvam/methods/immunotox/hppt/hppt_database_14feb2023.xlsx,https://doi.org/10.1007/s00204-023-03530-3,HPPT Record.No 1265,Human Maximization Test,3,"2H-1-Benzopyran-2-one, 7-methoxy-",531-59-9,DTXSID5060196
CSNC(C)=O,1,0.6,NICEATM HPPT Database (2023),https://ntp.niehs.nih.gov/iccvam/methods/immunotox/hppt/hppt_database_14feb2023.xlsx,https://doi.org/10.1007/s00204-023-03530-3,HPPT Record.No 1064,Human Repeat Insult Patch Test,4,N-Methylmercaptoacetamide,33707-40-3,DTXSID20187387
Cc1c(O)ccc(C=O)c1O,1,0.8,NICEATM HPPT Database (2023),https://ntp.niehs.nih.gov/iccvam/methods/immunotox/hppt/hppt_database_14feb2023.xlsx,https://doi.org/10.1007/s00204-023-03530-3,HPPT Record.No 1531,Human Maximization Test,3,"Benzaldehyde, 2,4-dihydroxy-3-methyl-",6248-20-0,DTXSID6064161
Cc1cc(C(C)(C)C)c2oc(=O)cc(C)c2c1,1,0.8,NICEATM HPPT Database (2023),https://ntp.niehs.nih.gov/iccvam/methods/immunotox/hppt/hppt_database_14feb2023.xlsx,https://doi.org/10.1007/s00204-023-03530-3,HPPT Record.No 850,Human Maximization Test,3,"2H-1-Benzopyran-2-one, 8-(1,1-dimethylethyl)-4,6-dimethyl-",17874-34-9,DTXSID90884992
ClC=CC[N+]12CN3CN(CN(C3)C1)C2,1,0.6,NICEATM HPPT Database (2023),https://ntp.niehs.nih.gov/iccvam/methods/immunotox/hppt/hppt_database_14feb2023.xlsx,https://doi.org/10.1007/s00204-023-03530-3,HPPT Record.No 1243,Human Repeat Insult Patch Test,4,Chloroallyl methenamine chloride,51229-78-8,DTXSID0035748
NC(=O)CCS,1,0.6,NICEATM HPPT Database (2023),https://ntp.niehs.nih.gov/iccvam/methods/immunotox/hppt/hppt_database_14feb2023.xlsx,https://doi.org/10.1007/s00204-023-03530-3,HPPT Record.No 1735,Human Repeat Insult Patch Test,4,"Propanamide, 3-mercapto-",763-35-9,DTXSID4061090
NC(=O)CCl,1,0.8,NICEATM HPPT Database (2023),https://ntp.niehs.nih.gov/iccvam/methods/immunotox/hppt/hppt_database_14feb2023.xlsx,https://doi.org/10.1007/s00204-023-03530-3,HPPT Record.No 1781;1782,Human Repeat Insult Patch Test,3,Chloroacetamide,79-07-2,DTXSID9041570
NC(=O)CS,1,0.6,NICEATM HPPT Database (2023),https://ntp.niehs.nih.gov/iccvam/methods/immunotox/hppt/hppt_database_14feb2023.xlsx,https://doi.org/10.1007/s00204-023-03530-3,HPPT Record.No 1730,Human Repeat Insult Patch Test,4,2-Mercaptoacetamide,758-08-7,DTXSID30226711
NC(=O)NCCS,1,0.6,NICEATM HPPT Database (2023),https://ntp.niehs.nih.gov/iccvam/methods/immunotox/hppt/hppt_database_14feb2023.xlsx,https://doi.org/10.1007/s00204-023-03530-3,HPPT Record.No 1054,Human Repeat Insult Patch Test,4,1-(2-sulfanylethyl)urea,32810-20-1,DTXSID20286521
NC(CS)C(=O)O,1,0.6,NICEATM HPPT Database (2023),https://ntp.niehs.nih.gov/iccvam/methods/immunotox/hppt/hppt_database_14feb2023.xlsx,https://doi.org/10.1007/s00204-023-03530-3,HPPT Record.No 1065,Human Repeat Insult Patch Test,4,DL-Cysteine,3374-22-9,DTXSID5046988
NCC1OC(OC2C(N)CC(N)C(OC3OC(CO)C(O)C(N)C3O)C2O)C(O)C(O)C1O,1,1.0,NICEATM HPPT Database (2023),https://ntp.niehs.nih.gov/iccvam/methods/immunotox/hppt/hppt_database_14feb2023.xlsx,https://doi.org/10.1007/s00204-023-03530-3,HPPT Record.No 1421,Human Maximization Test,1,Kanamycin A,59-01-8,DTXSID3023184
NCCN,1,0.6,NICEATM HPPT Database (2023),https://ntp.niehs.nih.gov/iccvam/methods/immunotox/hppt/hppt_database_14feb2023.xlsx,https://doi.org/10.1007/s00204-023-03530-3,HPPT Record.No 1059,Human Repeat Insult Patch Test,4,Ethylenediamine dihydrochloride,333-18-6,DTXSID5043920
NCCNCCN,1,1.0,NICEATM HPPT Database (2023),https://ntp.niehs.nih.gov/iccvam/methods/immunotox/hppt/hppt_database_14feb2023.xlsx,https://doi.org/10.1007/s00204-023-03530-3,HPPT Record.No 408,Human Maximization Test,1,Diethylenetriamine,111-40-0,DTXSID2025050
NCc1ccc(S(N)(=O)=O)cc1,1,0.8,NICEATM HPPT Database (2023),https://ntp.niehs.nih.gov/iccvam/methods/immunotox/hppt/hppt_database_14feb2023.xlsx,https://doi.org/10.1007/s00204-023-03530-3,HPPT Record.No 686;687;688,Human Repeat Insult Patch Test,3,Mafenide,138-39-6,DTXSID6047860
NNC(=O)CS,1,0.6,NICEATM HPPT Database (2023),https://ntp.niehs.nih.gov/iccvam/methods/immunotox/hppt/hppt_database_14feb2023.xlsx,https://doi.org/10.1007/s00204-023-03530-3,HPPT Record.No 1731,Human Repeat Insult Patch Test,4,"Acetic acid,2-mercapto-, hydrazide",760-30-5,DTXSID60226901
NNc1nncc2ccccc12,1,1.0,NICEATM HPPT Database (2023),https://ntp.niehs.nih.gov/iccvam/methods/immunotox/hppt/hppt_database_14feb2023.xlsx,https://doi.org/10.1007/s00204-023-03530-3,HPPT Record.No 1866;1867;1868;1869,Human Maximization Test,1,Hydralazine,86-54-4,DTXSID4023129
Nc1ccc(S(N)(=O)=O)cc1,1,1.0,NICEATM HPPT Database (2023),https://ntp.niehs.nih.gov/iccvam/methods/immunotox/hppt/hppt_database_14feb2023.xlsx,https://doi.org/10.1007/s00204-023-03530-3,HPPT Record.No 1542,Human Maximization Test,1,Sulfanilamide,63-74-1,DTXSID4023622
Nc1ccccc1,1,1.0,NICEATM HPPT Database (2023),https://ntp.niehs.nih.gov/iccvam/methods/immunotox/hppt/hppt_database_14feb2023.xlsx,https://doi.org/10.1007/s00204-023-03530-3,HPPT Record.No 1532,Human Maximization Test,1,Aniline,62-53-3,DTXSID8020090
O=C(Nc1ccc(Br)cc1)c1ccccc1O,1,0.8,NICEATM HPPT Database (2023),https://ntp.niehs.nih.gov/iccvam/methods/immunotox/hppt/hppt_database_14feb2023.xlsx,https://doi.org/10.1007/s00204-023-03530-3,HPPT Record.No 984,Human Repeat Insult Patch Test,3,4'-Bromosalicylanilide,2627-77-2,DTXSID80180899
O=C(Nc1ccccc1)c1c(O)c(Cl)c(Cl)c(Cl)c1Cl,1,1.0,NICEATM HPPT Database (2023),https://ntp.niehs.nih.gov/iccvam/methods/immunotox/hppt/hppt_database_14feb2023.xlsx,https://doi.org/10.1007/s00204-023-03530-3,HPPT Record.No 1704;1705,Human Maximization Test,1,"2,3,4,5-tetrachloro-6-hydroxy-N-phenylbenzamide",7426-07-5,DTXSID90225265
O=C(O)CC(S)C(=O)O,1,0.6,NICEATM HPPT Database (2023),https://ntp.niehs.nih.gov/iccvam/methods/immunotox/hppt/hppt_database_14feb2023.xlsx,https://doi.org/10.1007/s00204-023-03530-3,HPPT Record.No 1670,Human Repeat Insult Patch Test,4,(+/-)-Mercaptosuccinic acid,70-49-5,DTXSID20861615
O=C(O)CNC(=O)CS,1,0.6,NICEATM HPPT Database (2023),https://ntp.niehs.nih.gov/iccvam/methods/immunotox/hppt/hppt_database_14feb2023.xlsx,https://doi.org/10.1007/s00204-023-03530-3,HPPT Record.No 892,Human Repeat Insult Patch Test,4,N-(Mercaptoacetyl)glycine,21115-85-5,DTXSID00175343
O=C(OOC(=O)c1ccccc1)c1ccccc1,1,0.8,NICEATM HPPT Database (2023),https://ntp.niehs.nih.gov/iccvam/methods/immunotox/hppt/hppt_database_14feb2023.xlsx,https://doi.org/10.1007/s00204-023-03530-3,HPPT Record.No 1957,Human Repeat Insult Patch Test,3,Benzoyl peroxide,94-36-0,DTXSID6024591
O=C(Oc1ccccc1)c1ccccc1,1,0.8,NICEATM HPPT Database (2023),https://ntp.niehs.nih.gov/iccvam/methods/immunotox/hppt/hppt_database_14feb2023.xlsx,https://doi.org/10.1007/s00204-023-03530-3,HPPT Record.No 1940,Human Repeat Insult Patch Test,3,Phenyl benzoate,93-99-2,DTXSID0048210
O=C1C2CC=CCC2C(=O)N1SC(Cl)(Cl)Cl,1,0.8,NICEATM HPPT Database (2023),https://ntp.niehs.nih.gov/iccvam/methods/immunotox/hppt/hppt_database_14feb2023.xlsx,https://doi.org/10.1007/s00204-023-03530-3,HPPT Record.No 641;642,Human Repeat Insult Patch Test,3,Captan,133-06-2,DTXSID9020243
O=C1CCC2=C(CCCC2)O1,1,0.8,NICEATM HPPT Database (2023),https://ntp.niehs.nih.gov/iccvam/methods/immunotox/hppt/hppt_database_14feb2023.xlsx,https://doi.org/10.1007/s00204-023-03530-3,HPPT Record.No 1654;1655,Human Maximization Test,3,Hexahydrocoumarin,700-82-3,DTXSID80220269
O=C1CCCN1CCS,1,0.6,NICEATM HPPT Database (2023),https://ntp.niehs.nih.gov/iccvam/methods/immunotox/hppt/hppt_database_14feb2023.xlsx,https://doi.org/10.1007/s00204-023-03530-3,HPPT Record.No 685,Human Repeat Insult Patch Test,4,"2-Pyrrolidinone, 1-(2-mercaptoethyl)-",13839-15-1,DTXSID3065663
O=C1CCc2ccccc2O1,1,0.95,NICEATM HPPT Database (2023),https://ntp.niehs.nih.gov/iccvam/methods/immunotox/hppt/hppt_database_14feb2023.xlsx,https://doi.org/10.1007/s00204-023-03530-3,HPPT Record.No 513;514,Human Repeat Insult Patch Test,2,"3,4-Dihydrocoumarin",119-84-6,DTXSID2020474
O=CC=O,1,1.0,NICEATM HPPT Database (2023),https://ntp.niehs.nih.gov/iccvam/methods/immunotox/hppt/hppt_database_14feb2023.xlsx,https://doi.org/10.1007/s00204-023-03530-3,HPPT Record.No 322,Human Maximization Test,1,Glyoxal,107-22-2,DTXSID5025364
O=S(=O)(CCS)CCS,1,0.6,NICEATM HPPT Database (2023),https://ntp.niehs.nih.gov/iccvam/methods/immunotox/hppt/hppt_database_14feb2023.xlsx,https://doi.org/10.1007/s00204-023-03530-3,HPPT Record.No 787,Human Repeat Insult Patch Test,4,Bis(2-mercaptoethyl)sulfone,145626-87-5,DTXSID90370769
O=S(=O)(O)CCS,1,0.6,NICEATM HPPT Database (2023),https://ntp.niehs.nih.gov/iccvam/methods/immunotox/hppt/hppt_database_14feb2023.xlsx,https://doi.org/10.1007/s00204-023-03530-3,HPPT Record.No 1066,Human Repeat Insult Patch Test,4,Mesna,3375-50-6,DTXSID8023264
OCC(O)CS,1,1.0,NICEATM HPPT Database (2023),https://ntp.niehs.nih.gov/iccvam/methods/immunotox/hppt/hppt_database_14feb2023.xlsx,https://doi.org/10.1007/s00204-023-03530-3,HPPT Record.No 1972;1973;1974;1975;1976,Human Maximization Test,1,1-Thioglycerol,96-27-5,DTXSID5046512
OCC(S)CS,1,1.0,NICEATM HPPT Database (2023),https://ntp.niehs.nih.gov/iccvam/methods/immunotox/hppt/hppt_database_14feb2023.xlsx,https://doi.org/10.1007/s00204-023-03530-3,HPPT Record.No 1432,Human Maximization Test,1,Dimercaprol,59-52-9,DTXSID5040461
Oc1c(Cl)c(Cl)c(Cl)c(Cl)c1Cl,1,1.0,NICEATM HPPT Database (2023),https://ntp.niehs.nih.gov/iccvam/methods/immunotox/hppt/hppt_database_14feb2023.xlsx,https://doi.org/10.1007/s00204-023-03530-3,HPPT Record.No 632,Human Maximization Test,1,Sodium pentachlorophenate,131-52-2,DTXSID4040264
Oc1ccc(OCc2ccccc2)cc1,1,1.0,NICEATM HPPT Database (2023),https://ntp.niehs.nih.gov/iccvam/methods/immunotox/hppt/hppt_database_14feb2023.xlsx,https://doi.org/10.1007/s00204-023-03530-3,HPPT Record.No 89;90;91;92;93;94;95;96;97;98;99;100;101;102;103;104;105;106;107;108;109;110;111;112,Human Repeat Insult Patch Test,1,4-(Benzyloxyl)phenol,103-16-2,DTXSID2020717
SCCN1CCOCC1,1,0.6,NICEATM HPPT Database (2023),https://ntp.niehs.nih.gov/iccvam/methods/immunotox/hppt/hppt_database_14feb2023.xlsx,https://doi.org/10.1007/s00204-023-03530-3,HPPT Record.No 1168,Human Repeat Insult Patch Test,4,4-Morpholineethanethiol,4542-46-5,DTXSID1063514
c1ccncc1,1,1.0,NICEATM HPPT Database (2023),https://ntp.niehs.nih.gov/iccvam/methods/immunotox/hppt/hppt_database_14feb2023.xlsx,https://doi.org/10.1007/s00204-023-03530-3,HPPT Record.No 381,Human Maximization Test,1,Pyridine,110-86-1,DTXSID9021924
