smiles,label,name,inchikey,casrn,source,source_url,evidence_ids,mapping_rules,label_quality,sample_weight,study_type,method,result,reliability,source_record_id,source_sha256,source_repository,source_commit,provided_identity
COc1ccccc1OC,0,"1,2-dimethoxybenzene",ABDKAPXRBAPSQN-UHFFFAOYSA-N,91-16-7,STopTox peer-reviewed curated experimental irritation dataset,https://doi.org/10.1289/EHP9341,"[""skin:id_input:1737""]","[""explicit_curated_experimental_outcome_0"", ""absence_of_hazard_statement_not_used"", ""defined_single_structure"", ""exact_identity_deduplicated"", ""current_strong_conflicts_excluded"", ""external_holdout_quarantined"", ""oecd_404_or_whitelisted_equivalent""]",peer_reviewed_curated_experimental_negative,0.9,experimental,OECD Guideline 404 (Acute Dermal Irritation / Corrosion),not irritating / not classified (curated Outcome=0),not_reported_per_record_in_public_sdf,skin:id_input:1737,c854fdea20b43b5ee2d392b42d0185eb928daf9d2a32129ac6603cf6ed53b68c,https://github.com/joyvb/stoptox,6ba3a7f82ab9fda8534f120114a566eec296e8ae,ABDKAPXRBAPSQN-UHFFFAOYSA-N
O=C1CCCC=CCCCCCCCCCC1,0,(5Z)-cyclohexadec-5-en-1-one,ABRIMXGLNHCLIP-UHFFFAOYSA-N,37609-25-9,STopTox peer-reviewed curated experimental irritation dataset,https://doi.org/10.1289/EHP9341,"[""skin:id_input:132""]","[""explicit_curated_experimental_outcome_0"", ""absence_of_hazard_statement_not_used"", ""defined_single_structure"", ""exact_identity_deduplicated"", ""current_strong_conflicts_excluded"", ""external_holdout_quarantined"", ""oecd_404_or_whitelisted_equivalent""]",peer_reviewed_curated_experimental_negative,0.9,experimental,OECD Guideline 404 (Acute Dermal Irritation / Corrosion),not irritating / not classified (curated Outcome=0),not_reported_per_record_in_public_sdf,skin:id_input:132,c854fdea20b43b5ee2d392b42d0185eb928daf9d2a32129ac6603cf6ed53b68c,https://github.com/joyvb/stoptox,6ba3a7f82ab9fda8534f120114a566eec296e8ae,ABRIMXGLNHCLIP-SOFGYWHQSA-N
NS(=O)(=O)c1ccccc1C(F)(F)F,0,unnamed [1869-24-5],AFFPZJFLSDVZBV-UHFFFAOYSA-N,1869-24-5,STopTox peer-reviewed curated experimental irritation dataset,https://doi.org/10.1289/EHP9341,"[""skin:id_input:5346""]","[""explicit_curated_experimental_outcome_0"", ""absence_of_hazard_statement_not_used"", ""defined_single_structure"", ""exact_identity_deduplicated"", ""current_strong_conflicts_excluded"", ""external_holdout_quarantined"", ""oecd_404_or_whitelisted_equivalent""]",peer_reviewed_curated_experimental_negative,0.9,experimental,OECD Guideline 404 (Acute Dermal Irritation / Corrosion),not irritating / not classified (curated Outcome=0),not_reported_per_record_in_public_sdf,skin:id_input:5346,c854fdea20b43b5ee2d392b42d0185eb928daf9d2a32129ac6603cf6ed53b68c,https://github.com/joyvb/stoptox,6ba3a7f82ab9fda8534f120114a566eec296e8ae,AFFPZJFLSDVZBV-UHFFFAOYSA-N
CCC(C)C(N)C(=O)O,0,(2S)-2-amino-3-methylpentanoic acid,AGPKZVBTJJNPAG-UHFFFAOYSA-N,73-32-5,STopTox peer-reviewed curated experimental irritation dataset,https://doi.org/10.1289/EHP9341,"[""skin:id_input:73""]","[""explicit_curated_experimental_outcome_0"", ""absence_of_hazard_statement_not_used"", ""defined_single_structure"", ""exact_identity_deduplicated"", ""current_strong_conflicts_excluded"", ""external_holdout_quarantined"", ""oecd_404_or_whitelisted_equivalent""]",peer_reviewed_curated_experimental_negative,0.9,experimental,OECD Guideline 404 (Acute Dermal Irritation / Corrosion),not irritating / not classified (curated Outcome=0),not_reported_per_record_in_public_sdf,skin:id_input:73,c854fdea20b43b5ee2d392b42d0185eb928daf9d2a32129ac6603cf6ed53b68c,https://github.com/joyvb/stoptox,6ba3a7f82ab9fda8534f120114a566eec296e8ae,AGPKZVBTJJNPAG-UHFFFAOYSA-N
O=C(O)c1cc2ccccc2cc1O,0,3-hydroxynaphthalene-2-carboxylic acid,ALKYHXVLJMQRLQ-UHFFFAOYSA-N,92-70-6,STopTox peer-reviewed curated experimental irritation dataset,https://doi.org/10.1289/EHP9341,"[""skin:id_input:2751""]","[""explicit_curated_experimental_outcome_0"", ""absence_of_hazard_statement_not_used"", ""defined_single_structure"", ""exact_identity_deduplicated"", ""current_strong_conflicts_excluded"", ""external_holdout_quarantined"", ""oecd_404_or_whitelisted_equivalent""]",peer_reviewed_curated_experimental_negative,0.9,experimental,OECD Guideline 404 (Acute Dermal Irritation / Corrosion),not irritating / not classified (curated Outcome=0),not_reported_per_record_in_public_sdf,skin:id_input:2751,c854fdea20b43b5ee2d392b42d0185eb928daf9d2a32129ac6603cf6ed53b68c,https://github.com/joyvb/stoptox,6ba3a7f82ab9fda8534f120114a566eec296e8ae,ALKYHXVLJMQRLQ-UHFFFAOYSA-N
CCCc1ccc(-c2ccc(-c3ccc(CC)cc3)c(F)c2F)cc1,0,unnamed [157248-25-4],ALSCPZRLSDLPES-UHFFFAOYSA-N,157248-25-4,STopTox peer-reviewed curated experimental irritation dataset,https://doi.org/10.1289/EHP9341,"[""skin:id_input:5322""]","[""explicit_curated_experimental_outcome_0"", ""absence_of_hazard_statement_not_used"", ""defined_single_structure"", ""exact_identity_deduplicated"", ""current_strong_conflicts_excluded"", ""external_holdout_quarantined"", ""oecd_404_or_whitelisted_equivalent""]",peer_reviewed_curated_experimental_negative,0.9,experimental,OECD Guideline 404 (Acute Dermal Irritation / Corrosion),not irritating / not classified (curated Outcome=0),not_reported_per_record_in_public_sdf,skin:id_input:5322,c854fdea20b43b5ee2d392b42d0185eb928daf9d2a32129ac6603cf6ed53b68c,https://github.com/joyvb/stoptox,6ba3a7f82ab9fda8534f120114a566eec296e8ae,ALSCPZRLSDLPES-UHFFFAOYSA-N
CC(=O)Nc1ccc(F)cc1-c1ccc(Cl)c(Cl)c1,0,877179-03-8,AXJVTIXMCNXNFH-UHFFFAOYSA-N,877179-03-8,STopTox peer-reviewed curated experimental irritation dataset,https://doi.org/10.1289/EHP9341,"[""skin:id_input:885""]","[""explicit_curated_experimental_outcome_0"", ""absence_of_hazard_statement_not_used"", ""defined_single_structure"", ""exact_identity_deduplicated"", ""current_strong_conflicts_excluded"", ""external_holdout_quarantined"", ""oecd_404_or_whitelisted_equivalent""]",peer_reviewed_curated_experimental_negative,0.9,experimental,EU Method B.4 (Acute Toxicity: Dermal Irritation / Corrosion),not irritating / not classified (curated Outcome=0),not_reported_per_record_in_public_sdf,skin:id_input:885,c854fdea20b43b5ee2d392b42d0185eb928daf9d2a32129ac6603cf6ed53b68c,https://github.com/joyvb/stoptox,6ba3a7f82ab9fda8534f120114a566eec296e8ae,AXJVTIXMCNXNFH-UHFFFAOYSA-N
Cc1cc(Cc2cc(C)c(O)c(C)c2)cc(C)c1O,0,"4,4'-methylenebis(2,6-dimethylphenol)",AZZWZMUXHALBCQ-UHFFFAOYSA-N,5384-21-4,STopTox peer-reviewed curated experimental irritation dataset,https://doi.org/10.1289/EHP9341,"[""skin:id_input:2808""]","[""explicit_curated_experimental_outcome_0"", ""absence_of_hazard_statement_not_used"", ""defined_single_structure"", ""exact_identity_deduplicated"", ""current_strong_conflicts_excluded"", ""external_holdout_quarantined"", ""oecd_404_or_whitelisted_equivalent""]",peer_reviewed_curated_experimental_negative,0.9,experimental,OECD Guideline 404 (Acute Dermal Irritation / Corrosion),not irritating / not classified (curated Outcome=0),not_reported_per_record_in_public_sdf,skin:id_input:2808,c854fdea20b43b5ee2d392b42d0185eb928daf9d2a32129ac6603cf6ed53b68c,https://github.com/joyvb/stoptox,6ba3a7f82ab9fda8534f120114a566eec296e8ae,AZZWZMUXHALBCQ-UHFFFAOYSA-N
O=[N+]([O-])c1cc(S(=O)(=O)Nc2ccccc2)ccc1Nc1ccccc1,0,3-nitro-N-phenyl-4-(phenylamino)benzene-1-sulfonamide,BBFRYSKTTHYWQZ-UHFFFAOYSA-N,5124-25-4,STopTox peer-reviewed curated experimental irritation dataset,https://doi.org/10.1289/EHP9341,"[""skin:id_input:2787""]","[""explicit_curated_experimental_outcome_0"", ""absence_of_hazard_statement_not_used"", ""defined_single_structure"", ""exact_identity_deduplicated"", ""current_strong_conflicts_excluded"", ""external_holdout_quarantined"", ""oecd_404_or_whitelisted_equivalent""]",peer_reviewed_curated_experimental_negative,0.9,experimental,OECD Guideline 404 (Acute Dermal Irritation / Corrosion),not irritating / not classified (curated Outcome=0),not_reported_per_record_in_public_sdf,skin:id_input:2787,c854fdea20b43b5ee2d392b42d0185eb928daf9d2a32129ac6603cf6ed53b68c,https://github.com/joyvb/stoptox,6ba3a7f82ab9fda8534f120114a566eec296e8ae,BBFRYSKTTHYWQZ-UHFFFAOYSA-N
CC(=O)N(CCN(C(C)=O)C(C)=O)C(C)=O,0,N-acetyl-N-[2-(N-acetylacetamido)ethyl]acetamide,BGRWYDHXPHLNKA-UHFFFAOYSA-N,10543-57-4,STopTox peer-reviewed curated experimental irritation dataset,https://doi.org/10.1289/EHP9341,"[""skin:id_input:3474""]","[""explicit_curated_experimental_outcome_0"", ""absence_of_hazard_statement_not_used"", ""defined_single_structure"", ""exact_identity_deduplicated"", ""current_strong_conflicts_excluded"", ""external_holdout_quarantined"", ""oecd_404_or_whitelisted_equivalent""]",peer_reviewed_curated_experimental_negative,0.9,experimental,EPA OPPTS 870.2500 (Acute Dermal Irritation),not irritating / not classified (curated Outcome=0),not_reported_per_record_in_public_sdf,skin:id_input:3474,c854fdea20b43b5ee2d392b42d0185eb928daf9d2a32129ac6603cf6ed53b68c,https://github.com/joyvb/stoptox,6ba3a7f82ab9fda8534f120114a566eec296e8ae,BGRWYDHXPHLNKA-UHFFFAOYSA-N
CC(C)(C)OOC(C)(C)c1ccccc1,0,[2-(tert-butylperoxy)propan-2-yl]benzene,BIISIZOQPWZPPS-UHFFFAOYSA-N,3457-61-2,STopTox peer-reviewed curated experimental irritation dataset,https://doi.org/10.1289/EHP9341,"[""skin:id_input:3813""]","[""explicit_curated_experimental_outcome_0"", ""absence_of_hazard_statement_not_used"", ""defined_single_structure"", ""exact_identity_deduplicated"", ""current_strong_conflicts_excluded"", ""external_holdout_quarantined"", ""oecd_404_or_whitelisted_equivalent""]",peer_reviewed_curated_experimental_negative,0.9,experimental,OECD Guideline 404 (Acute Dermal Irritation / Corrosion),not irritating / not classified (curated Outcome=0),not_reported_per_record_in_public_sdf,skin:id_input:3813,c854fdea20b43b5ee2d392b42d0185eb928daf9d2a32129ac6603cf6ed53b68c,https://github.com/joyvb/stoptox,6ba3a7f82ab9fda8534f120114a566eec296e8ae,BIISIZOQPWZPPS-UHFFFAOYSA-N
C=CCOc1nc(OCC=C)nc(OCC=C)n1,0,"tris(prop-2-en-1-yloxy)-1,3,5-triazine",BJELTSYBAHKXRW-UHFFFAOYSA-N,101-37-1,STopTox peer-reviewed curated experimental irritation dataset,https://doi.org/10.1289/EHP9341,"[""skin:id_input:5180""]","[""explicit_curated_experimental_outcome_0"", ""absence_of_hazard_statement_not_used"", ""defined_single_structure"", ""exact_identity_deduplicated"", ""current_strong_conflicts_excluded"", ""external_holdout_quarantined"", ""oecd_404_or_whitelisted_equivalent""]",peer_reviewed_curated_experimental_negative,0.9,experimental,OECD Guideline 404 (Acute Dermal Irritation / Corrosion),not irritating / not classified (curated Outcome=0),not_reported_per_record_in_public_sdf,skin:id_input:5180,c854fdea20b43b5ee2d392b42d0185eb928daf9d2a32129ac6603cf6ed53b68c,https://github.com/joyvb/stoptox,6ba3a7f82ab9fda8534f120114a566eec296e8ae,BJELTSYBAHKXRW-UHFFFAOYSA-N
CCC=CCCOC(=O)OC,0,(3Z)-hex-3-en-1-yl methyl carbonate,BLOXMGXSDAAJGX-UHFFFAOYSA-N,67633-96-9,STopTox peer-reviewed curated experimental irritation dataset,https://doi.org/10.1289/EHP9341,"[""skin:id_input:108""]","[""explicit_curated_experimental_outcome_0"", ""absence_of_hazard_statement_not_used"", ""defined_single_structure"", ""exact_identity_deduplicated"", ""current_strong_conflicts_excluded"", ""external_holdout_quarantined"", ""oecd_404_or_whitelisted_equivalent""]",peer_reviewed_curated_experimental_negative,0.9,experimental,OECD Guideline 404 (Acute Dermal Irritation / Corrosion),not irritating / not classified (curated Outcome=0),not_reported_per_record_in_public_sdf,skin:id_input:108,c854fdea20b43b5ee2d392b42d0185eb928daf9d2a32129ac6603cf6ed53b68c,https://github.com/joyvb/stoptox,6ba3a7f82ab9fda8534f120114a566eec296e8ae,BLOXMGXSDAAJGX-UHFFFAOYSA-N
CC1=C2CC(C=O)C(C1)C(C(C)C)C2,0,68259-31-4,BNAYNPKNDLTBTJ-UHFFFAOYSA-N,68259-31-4,STopTox peer-reviewed curated experimental irritation dataset,https://doi.org/10.1289/EHP9341,"[""skin:id_input:1343""]","[""explicit_curated_experimental_outcome_0"", ""absence_of_hazard_statement_not_used"", ""defined_single_structure"", ""exact_identity_deduplicated"", ""current_strong_conflicts_excluded"", ""external_holdout_quarantined"", ""oecd_404_or_whitelisted_equivalent""]",peer_reviewed_curated_experimental_negative,0.9,experimental,OECD Guideline 404 (Acute Dermal Irritation / Corrosion),not irritating / not classified (curated Outcome=0),not_reported_per_record_in_public_sdf,skin:id_input:1343,c854fdea20b43b5ee2d392b42d0185eb928daf9d2a32129ac6603cf6ed53b68c,https://github.com/joyvb/stoptox,6ba3a7f82ab9fda8534f120114a566eec296e8ae,BNAYNPKNDLTBTJ-UHFFFAOYSA-N
N#Cc1c(F)cccc1F,0,"2,6-difluorobenzonitrile",BNBRIFIJRKJGEI-UHFFFAOYSA-N,1897-52-5,STopTox peer-reviewed curated experimental irritation dataset,https://doi.org/10.1289/EHP9341,"[""skin:id_input:2159""]","[""explicit_curated_experimental_outcome_0"", ""absence_of_hazard_statement_not_used"", ""defined_single_structure"", ""exact_identity_deduplicated"", ""current_strong_conflicts_excluded"", ""external_holdout_quarantined"", ""oecd_404_or_whitelisted_equivalent""]",peer_reviewed_curated_experimental_negative,0.9,experimental,OECD Guideline 404 (Acute Dermal Irritation / Corrosion),not irritating / not classified (curated Outcome=0),not_reported_per_record_in_public_sdf,skin:id_input:2159,c854fdea20b43b5ee2d392b42d0185eb928daf9d2a32129ac6603cf6ed53b68c,https://github.com/joyvb/stoptox,6ba3a7f82ab9fda8534f120114a566eec296e8ae,BNBRIFIJRKJGEI-UHFFFAOYSA-N
CCCCN1CCCC1=O,0,1-butylpyrrolidin-2-one,BNXZHVUCNYMNOS-UHFFFAOYSA-N,3470-98-2,STopTox peer-reviewed curated experimental irritation dataset,https://doi.org/10.1289/EHP9341,"[""skin:id_input:1908""]","[""explicit_curated_experimental_outcome_0"", ""absence_of_hazard_statement_not_used"", ""defined_single_structure"", ""exact_identity_deduplicated"", ""current_strong_conflicts_excluded"", ""external_holdout_quarantined"", ""oecd_404_or_whitelisted_equivalent""]",peer_reviewed_curated_experimental_negative,0.9,experimental,OECD Guideline 404 (Acute Dermal Irritation / Corrosion),not irritating / not classified (curated Outcome=0),not_reported_per_record_in_public_sdf,skin:id_input:1908,c854fdea20b43b5ee2d392b42d0185eb928daf9d2a32129ac6603cf6ed53b68c,https://github.com/joyvb/stoptox,6ba3a7f82ab9fda8534f120114a566eec296e8ae,BNXZHVUCNYMNOS-UHFFFAOYSA-N
CCC(C)Cl,0,2-chlorobutane,BSPCSKHALVHRSR-UHFFFAOYSA-N,78-86-4,STopTox peer-reviewed curated experimental irritation dataset,https://doi.org/10.1289/EHP9341,"[""skin:id_input:2436""]","[""explicit_curated_experimental_outcome_0"", ""absence_of_hazard_statement_not_used"", ""defined_single_structure"", ""exact_identity_deduplicated"", ""current_strong_conflicts_excluded"", ""external_holdout_quarantined"", ""oecd_404_or_whitelisted_equivalent""]",peer_reviewed_curated_experimental_negative,0.9,experimental,OECD Guideline 404 (Acute Dermal Irritation / Corrosion),not irritating / not classified (curated Outcome=0),not_reported_per_record_in_public_sdf,skin:id_input:2436,c854fdea20b43b5ee2d392b42d0185eb928daf9d2a32129ac6603cf6ed53b68c,https://github.com/joyvb/stoptox,6ba3a7f82ab9fda8534f120114a566eec296e8ae,BSPCSKHALVHRSR-UHFFFAOYSA-N
CC1C2CC(CC2C2CCCC(O)C2)C1(C)C,0,"3-{5,5,6-trimethylbicyclo[2.2.1]heptan-2-yl}cyclohexan-1-ol",BWVZAZPLUTUBKD-UHFFFAOYSA-N,3407-42-9,STopTox peer-reviewed curated experimental irritation dataset,https://doi.org/10.1289/EHP9341,"[""skin:id_input:2796""]","[""explicit_curated_experimental_outcome_0"", ""absence_of_hazard_statement_not_used"", ""defined_single_structure"", ""exact_identity_deduplicated"", ""current_strong_conflicts_excluded"", ""external_holdout_quarantined"", ""oecd_404_or_whitelisted_equivalent""]",peer_reviewed_curated_experimental_negative,0.9,experimental,OECD Guideline 404 (Acute Dermal Irritation / Corrosion),not irritating / not classified (curated Outcome=0),not_reported_per_record_in_public_sdf,skin:id_input:2796,c854fdea20b43b5ee2d392b42d0185eb928daf9d2a32129ac6603cf6ed53b68c,https://github.com/joyvb/stoptox,6ba3a7f82ab9fda8534f120114a566eec296e8ae,BWVZAZPLUTUBKD-UHFFFAOYSA-N
CC(OC(C)(C)COC(=O)C1CC1)C1CCCC(C)(C)C1,0,477218-42-1,BZLYOWSSNHNYKW-UHFFFAOYSA-N,477218-42-1,STopTox peer-reviewed curated experimental irritation dataset,https://doi.org/10.1289/EHP9341,"[""skin:id_input:962""]","[""explicit_curated_experimental_outcome_0"", ""absence_of_hazard_statement_not_used"", ""defined_single_structure"", ""exact_identity_deduplicated"", ""current_strong_conflicts_excluded"", ""external_holdout_quarantined"", ""oecd_404_or_whitelisted_equivalent""]",peer_reviewed_curated_experimental_negative,0.9,experimental,OECD Guideline 404 (Acute Dermal Irritation / Corrosion),not irritating / not classified (curated Outcome=0),not_reported_per_record_in_public_sdf,skin:id_input:962,c854fdea20b43b5ee2d392b42d0185eb928daf9d2a32129ac6603cf6ed53b68c,https://github.com/joyvb/stoptox,6ba3a7f82ab9fda8534f120114a566eec296e8ae,BZLYOWSSNHNYKW-UHFFFAOYSA-N
CC(C=O)(CO)CO,0,3-hydroxy-2-(hydroxymethyl)-2-methylpropanal,CBIFNLUPCWCNQT-UHFFFAOYSA-N,18516-18-2,STopTox peer-reviewed curated experimental irritation dataset,https://doi.org/10.1289/EHP9341,"[""skin:id_input:2741""]","[""explicit_curated_experimental_outcome_0"", ""absence_of_hazard_statement_not_used"", ""defined_single_structure"", ""exact_identity_deduplicated"", ""current_strong_conflicts_excluded"", ""external_holdout_quarantined"", ""oecd_404_or_whitelisted_equivalent""]",peer_reviewed_curated_experimental_negative,0.9,experimental,OECD Guideline 404 (Acute Dermal Irritation / Corrosion),not irritating / not classified (curated Outcome=0),not_reported_per_record_in_public_sdf,skin:id_input:2741,c854fdea20b43b5ee2d392b42d0185eb928daf9d2a32129ac6603cf6ed53b68c,https://github.com/joyvb/stoptox,6ba3a7f82ab9fda8534f120114a566eec296e8ae,CBIFNLUPCWCNQT-UHFFFAOYSA-N
CCOc1cc(C=O)ccc1O,0,3-ethoxy-4-hydroxybenzaldehyde,CBOQJANXLMLOSS-UHFFFAOYSA-N,121-32-4,STopTox peer-reviewed curated experimental irritation dataset,https://doi.org/10.1289/EHP9341,"[""skin:id_input:2737""]","[""explicit_curated_experimental_outcome_0"", ""absence_of_hazard_statement_not_used"", ""defined_single_structure"", ""exact_identity_deduplicated"", ""current_strong_conflicts_excluded"", ""external_holdout_quarantined"", ""oecd_404_or_whitelisted_equivalent""]",peer_reviewed_curated_experimental_negative,0.9,experimental,OECD Guideline 404 (Acute Dermal Irritation / Corrosion),not irritating / not classified (curated Outcome=0),not_reported_per_record_in_public_sdf,skin:id_input:2737,c854fdea20b43b5ee2d392b42d0185eb928daf9d2a32129ac6603cf6ed53b68c,https://github.com/joyvb/stoptox,6ba3a7f82ab9fda8534f120114a566eec296e8ae,CBOQJANXLMLOSS-UHFFFAOYSA-N
COc1cc(-c2cc(OC)cc(C(C)(C)C)c2O)c(O)c(C(C)(C)C)c1,0,14078-41-2,CBYWHFTZNVZQHV-UHFFFAOYSA-N,14078-41-2,STopTox peer-reviewed curated experimental irritation dataset,https://doi.org/10.1289/EHP9341,"[""skin:id_input:623""]","[""explicit_curated_experimental_outcome_0"", ""absence_of_hazard_statement_not_used"", ""defined_single_structure"", ""exact_identity_deduplicated"", ""current_strong_conflicts_excluded"", ""external_holdout_quarantined"", ""oecd_404_or_whitelisted_equivalent""]",peer_reviewed_curated_experimental_negative,0.9,experimental,OECD Guideline 404 (Acute Dermal Irritation / Corrosion),not irritating / not classified (curated Outcome=0),not_reported_per_record_in_public_sdf,skin:id_input:623,c854fdea20b43b5ee2d392b42d0185eb928daf9d2a32129ac6603cf6ed53b68c,https://github.com/joyvb/stoptox,6ba3a7f82ab9fda8534f120114a566eec296e8ae,CBYWHFTZNVZQHV-UHFFFAOYSA-N
C=C(C)C(=O)O,0,zinc(2+) ion bis(2-methylprop-2-enoate),CERQOIWHTDAKMF-UHFFFAOYSA-N,13189-00-9,STopTox peer-reviewed curated experimental irritation dataset,https://doi.org/10.1289/EHP9341,"[""skin:id_input:6171""]","[""explicit_curated_experimental_outcome_0"", ""absence_of_hazard_statement_not_used"", ""defined_single_structure"", ""exact_identity_deduplicated"", ""current_strong_conflicts_excluded"", ""external_holdout_quarantined"", ""oecd_404_or_whitelisted_equivalent""]",peer_reviewed_curated_experimental_negative,0.9,experimental,OECD Guideline 404 (Acute Dermal Irritation / Corrosion),not irritating / not classified (curated Outcome=0),not_reported_per_record_in_public_sdf,skin:id_input:6171,c854fdea20b43b5ee2d392b42d0185eb928daf9d2a32129ac6603cf6ed53b68c,https://github.com/joyvb/stoptox,6ba3a7f82ab9fda8534f120114a566eec296e8ae,CERQOIWHTDAKMF-UHFFFAOYSA-N
CCCCCC(C)OC(=O)COc1ccc(Cl)c2cccnc12,0,(2R)-heptan-2-yl 2-[(5-chloroquinolin-8-yl)oxy]acetate (2S)-heptan-2-yl 2-[(5-chloroquinolin-8-yl)oxy]acetate,COYBRKAVBMYYSF-UHFFFAOYSA-N,99607-70-2,STopTox peer-reviewed curated experimental irritation dataset,https://doi.org/10.1289/EHP9341,"[""skin:id_input:65, 5552""]","[""explicit_curated_experimental_outcome_0"", ""absence_of_hazard_statement_not_used"", ""defined_single_structure"", ""exact_identity_deduplicated"", ""current_strong_conflicts_excluded"", ""external_holdout_quarantined"", ""oecd_404_or_whitelisted_equivalent""]",peer_reviewed_curated_experimental_negative,0.9,experimental,OECD Guideline 404 (Acute Dermal Irritation / Corrosion),not irritating / not classified (curated Outcome=0),not_reported_per_record_in_public_sdf,"skin:id_input:65, 5552",c854fdea20b43b5ee2d392b42d0185eb928daf9d2a32129ac6603cf6ed53b68c,https://github.com/joyvb/stoptox,6ba3a7f82ab9fda8534f120114a566eec296e8ae,COYBRKAVBMYYSF-UHFFFAOYSA-N
CCO[Si](C)(OCC)OCC,0,triethoxy(methyl)silane,CPUDPFPXCZDNGI-UHFFFAOYSA-N,2031-67-6,STopTox peer-reviewed curated experimental irritation dataset,https://doi.org/10.1289/EHP9341,"[""skin:id_input:5132""]","[""explicit_curated_experimental_outcome_0"", ""absence_of_hazard_statement_not_used"", ""defined_single_structure"", ""exact_identity_deduplicated"", ""current_strong_conflicts_excluded"", ""external_holdout_quarantined"", ""oecd_404_or_whitelisted_equivalent""]",peer_reviewed_curated_experimental_negative,0.9,experimental,OECD Guideline 404 (Acute Dermal Irritation / Corrosion),not irritating / not classified (curated Outcome=0),not_reported_per_record_in_public_sdf,skin:id_input:5132,c854fdea20b43b5ee2d392b42d0185eb928daf9d2a32129ac6603cf6ed53b68c,https://github.com/joyvb/stoptox,6ba3a7f82ab9fda8534f120114a566eec296e8ae,CPUDPFPXCZDNGI-UHFFFAOYSA-N
C=CP(=O)(OC)OC,0,dimethyl ethenylphosphonate,CQCXMYUCNSJSKG-UHFFFAOYSA-N,4645-32-3,STopTox peer-reviewed curated experimental irritation dataset,https://doi.org/10.1289/EHP9341,"[""skin:id_input:4179""]","[""explicit_curated_experimental_outcome_0"", ""absence_of_hazard_statement_not_used"", ""defined_single_structure"", ""exact_identity_deduplicated"", ""current_strong_conflicts_excluded"", ""external_holdout_quarantined"", ""oecd_404_or_whitelisted_equivalent""]",peer_reviewed_curated_experimental_negative,0.9,experimental,OECD Guideline 404 (Acute Dermal Irritation / Corrosion),not irritating / not classified (curated Outcome=0),not_reported_per_record_in_public_sdf,skin:id_input:4179,c854fdea20b43b5ee2d392b42d0185eb928daf9d2a32129ac6603cf6ed53b68c,https://github.com/joyvb/stoptox,6ba3a7f82ab9fda8534f120114a566eec296e8ae,CQCXMYUCNSJSKG-UHFFFAOYSA-N
COC(CCl)OC,0,"2-chloro-1,1-dimethoxyethane",CRZJPEIBPQWDGJ-UHFFFAOYSA-N,97-97-2,STopTox peer-reviewed curated experimental irritation dataset,https://doi.org/10.1289/EHP9341,"[""skin:id_input:2421""]","[""explicit_curated_experimental_outcome_0"", ""absence_of_hazard_statement_not_used"", ""defined_single_structure"", ""exact_identity_deduplicated"", ""current_strong_conflicts_excluded"", ""external_holdout_quarantined"", ""oecd_404_or_whitelisted_equivalent""]",peer_reviewed_curated_experimental_negative,0.9,experimental,OECD Guideline 404 (Acute Dermal Irritation / Corrosion),not irritating / not classified (curated Outcome=0),not_reported_per_record_in_public_sdf,skin:id_input:2421,c854fdea20b43b5ee2d392b42d0185eb928daf9d2a32129ac6603cf6ed53b68c,https://github.com/joyvb/stoptox,6ba3a7f82ab9fda8534f120114a566eec296e8ae,CRZJPEIBPQWDGJ-UHFFFAOYSA-N
COC(=O)c1nc(Cl)cc(NC(C)=O)c1Cl,0,350601-49-9,CSKIJJZFXAACON-UHFFFAOYSA-N,350601-49-9,STopTox peer-reviewed curated experimental irritation dataset,https://doi.org/10.1289/EHP9341,"[""skin:id_input:1596""]","[""explicit_curated_experimental_outcome_0"", ""absence_of_hazard_statement_not_used"", ""defined_single_structure"", ""exact_identity_deduplicated"", ""current_strong_conflicts_excluded"", ""external_holdout_quarantined"", ""oecd_404_or_whitelisted_equivalent""]",peer_reviewed_curated_experimental_negative,0.9,experimental,OECD Guideline 404 (Acute Dermal Irritation / Corrosion),not irritating / not classified (curated Outcome=0),not_reported_per_record_in_public_sdf,skin:id_input:1596,c854fdea20b43b5ee2d392b42d0185eb928daf9d2a32129ac6603cf6ed53b68c,https://github.com/joyvb/stoptox,6ba3a7f82ab9fda8534f120114a566eec296e8ae,CSKIJJZFXAACON-UHFFFAOYSA-N
C=CCOC(=O)C(C)(C)O,0,19444-21-4,CTQMWJKOPOFOSX-UHFFFAOYSA-N,19444-21-4,STopTox peer-reviewed curated experimental irritation dataset,https://doi.org/10.1289/EHP9341,"[""skin:id_input:1159""]","[""explicit_curated_experimental_outcome_0"", ""absence_of_hazard_statement_not_used"", ""defined_single_structure"", ""exact_identity_deduplicated"", ""current_strong_conflicts_excluded"", ""external_holdout_quarantined"", ""oecd_404_or_whitelisted_equivalent""]",peer_reviewed_curated_experimental_negative,0.9,experimental,OECD Guideline 404 (Acute Dermal Irritation / Corrosion),not irritating / not classified (curated Outcome=0),not_reported_per_record_in_public_sdf,skin:id_input:1159,c854fdea20b43b5ee2d392b42d0185eb928daf9d2a32129ac6603cf6ed53b68c,https://github.com/joyvb/stoptox,6ba3a7f82ab9fda8534f120114a566eec296e8ae,CTQMWJKOPOFOSX-UHFFFAOYSA-N
O=C(NC(C(=O)O)C1CCCCC1)OCc1ccccc1,0,(2S)-2-{[(benzyloxy)carbonyl]amino}-2-cyclohexylacetic acid,CUSYTUPJAYLNFQ-UHFFFAOYSA-N,69901-75-3,STopTox peer-reviewed curated experimental irritation dataset,https://doi.org/10.1289/EHP9341,"[""skin:id_input:74""]","[""explicit_curated_experimental_outcome_0"", ""absence_of_hazard_statement_not_used"", ""defined_single_structure"", ""exact_identity_deduplicated"", ""current_strong_conflicts_excluded"", ""external_holdout_quarantined"", ""oecd_404_or_whitelisted_equivalent""]",peer_reviewed_curated_experimental_negative,0.9,experimental,OECD Guideline 404 (Acute Dermal Irritation / Corrosion),not irritating / not classified (curated Outcome=0),not_reported_per_record_in_public_sdf,skin:id_input:74,c854fdea20b43b5ee2d392b42d0185eb928daf9d2a32129ac6603cf6ed53b68c,https://github.com/joyvb/stoptox,6ba3a7f82ab9fda8534f120114a566eec296e8ae,CUSYTUPJAYLNFQ-UHFFFAOYSA-N
CCCCCCCCCCCC[N+](C)(C)CC(O)CS(=O)(=O)O,0,3-(dodecyldimethylazaniumyl)-2-hydroxypropane-1-sulfonate,DDGPBVIAYDDWDH-UHFFFAOYSA-O,13197-76-7,STopTox peer-reviewed curated experimental irritation dataset,https://doi.org/10.1289/EHP9341,"[""skin:id_input:2701""]","[""explicit_curated_experimental_outcome_0"", ""absence_of_hazard_statement_not_used"", ""defined_single_structure"", ""exact_identity_deduplicated"", ""current_strong_conflicts_excluded"", ""external_holdout_quarantined"", ""oecd_404_or_whitelisted_equivalent""]",peer_reviewed_curated_experimental_negative,0.9,experimental,OECD Guideline 404 (Acute Dermal Irritation / Corrosion),not irritating / not classified (curated Outcome=0),not_reported_per_record_in_public_sdf,skin:id_input:2701,c854fdea20b43b5ee2d392b42d0185eb928daf9d2a32129ac6603cf6ed53b68c,https://github.com/joyvb/stoptox,6ba3a7f82ab9fda8534f120114a566eec296e8ae,DDGPBVIAYDDWDH-UHFFFAOYSA-O
NC(=O)c1cccnc1,0,pyridine-3-carboxamide,DFPAKSUCGFBDDF-UHFFFAOYSA-N,98-92-0,STopTox peer-reviewed curated experimental irritation dataset,https://doi.org/10.1289/EHP9341,"[""skin:id_input:4851""]","[""explicit_curated_experimental_outcome_0"", ""absence_of_hazard_statement_not_used"", ""defined_single_structure"", ""exact_identity_deduplicated"", ""current_strong_conflicts_excluded"", ""external_holdout_quarantined"", ""oecd_404_or_whitelisted_equivalent""]",peer_reviewed_curated_experimental_negative,0.9,experimental,EU Method B.4 (Acute Toxicity: Dermal Irritation / Corrosion),not irritating / not classified (curated Outcome=0),not_reported_per_record_in_public_sdf,skin:id_input:4851,c854fdea20b43b5ee2d392b42d0185eb928daf9d2a32129ac6603cf6ed53b68c,https://github.com/joyvb/stoptox,6ba3a7f82ab9fda8534f120114a566eec296e8ae,DFPAKSUCGFBDDF-UHFFFAOYSA-N
O=c1c2ccc3c4c(ccc(c24)c2nc4ccccc4n12)c(=O)n1c2ccccc2nc31,0,"3,10,17,24-tetraazaoctacyclo[13.13.2.0????,??????????.0??????,??????.0????????,??????????.0??????????,??????????.0??????????,????????.0??????????,??????????]triaconta-1(28),2,4(9),5,7,12,14,16,18(23),19,21,26,29-tridecaene-11,25-dione",DGBWPZSGHAXYGK-UHFFFAOYSA-N,4424-06-0,STopTox peer-reviewed curated experimental irritation dataset,https://doi.org/10.1289/EHP9341,"[""skin:id_input:2632""]","[""explicit_curated_experimental_outcome_0"", ""absence_of_hazard_statement_not_used"", ""defined_single_structure"", ""exact_identity_deduplicated"", ""current_strong_conflicts_excluded"", ""external_holdout_quarantined"", ""oecd_404_or_whitelisted_equivalent""]",peer_reviewed_curated_experimental_negative,0.9,experimental,OECD Guideline 404 (Acute Dermal Irritation / Corrosion),not irritating / not classified (curated Outcome=0),not_reported_per_record_in_public_sdf,skin:id_input:2632,c854fdea20b43b5ee2d392b42d0185eb928daf9d2a32129ac6603cf6ed53b68c,https://github.com/joyvb/stoptox,6ba3a7f82ab9fda8534f120114a566eec296e8ae,DGBWPZSGHAXYGK-UHFFFAOYSA-N
Cc1cc(C)c(Nc2ccc(Nc3c(C)cc(C)cc3C)c3c2C(=O)c2ccccc2C3=O)c(C)c1,0,"1,4-bis[(2,4,6-trimethylphenyl)amino]-9,10-dihydroanthracene-9,10-dione",DMDRBXCDTZRMHZ-UHFFFAOYSA-N,116-75-6,STopTox peer-reviewed curated experimental irritation dataset,https://doi.org/10.1289/EHP9341,"[""skin:id_input:1803""]","[""explicit_curated_experimental_outcome_0"", ""absence_of_hazard_statement_not_used"", ""defined_single_structure"", ""exact_identity_deduplicated"", ""current_strong_conflicts_excluded"", ""external_holdout_quarantined"", ""oecd_404_or_whitelisted_equivalent""]",peer_reviewed_curated_experimental_negative,0.9,experimental,OECD Guideline 404 (Acute Dermal Irritation / Corrosion),not irritating / not classified (curated Outcome=0),not_reported_per_record_in_public_sdf,skin:id_input:1803,c854fdea20b43b5ee2d392b42d0185eb928daf9d2a32129ac6603cf6ed53b68c,https://github.com/joyvb/stoptox,6ba3a7f82ab9fda8534f120114a566eec296e8ae,DMDRBXCDTZRMHZ-UHFFFAOYSA-N
CCCCOC(=O)c1ccccc1C(=O)OCCCC,0,"1,2-dibutyl benzene-1,2-dicarboxylate",DOIRQSBPFJWKBE-UHFFFAOYSA-N,84-74-2,STopTox peer-reviewed curated experimental irritation dataset,https://doi.org/10.1289/EHP9341,"[""skin:id_input:1723, 1724, 1725""]","[""explicit_curated_experimental_outcome_0"", ""absence_of_hazard_statement_not_used"", ""defined_single_structure"", ""exact_identity_deduplicated"", ""current_strong_conflicts_excluded"", ""external_holdout_quarantined"", ""oecd_404_or_whitelisted_equivalent""]",peer_reviewed_curated_experimental_negative,0.9,experimental,OECD Guideline 404 (Acute Dermal Irritation / Corrosion),not irritating / not classified (curated Outcome=0),not_reported_per_record_in_public_sdf,"skin:id_input:1723, 1724, 1725",c854fdea20b43b5ee2d392b42d0185eb928daf9d2a32129ac6603cf6ed53b68c,https://github.com/joyvb/stoptox,6ba3a7f82ab9fda8534f120114a566eec296e8ae,DOIRQSBPFJWKBE-UHFFFAOYSA-N
Cc1ccc(O)c(N=Nc2ccccc2[N+](=O)[O-])c1,0,4-methyl-2-[(2-nitrophenyl)diazenyl]phenol,DRPPFIRCBMBJCM-UHFFFAOYSA-N,1435-71-8,STopTox peer-reviewed curated experimental irritation dataset,https://doi.org/10.1289/EHP9341,"[""skin:id_input:2916""]","[""explicit_curated_experimental_outcome_0"", ""absence_of_hazard_statement_not_used"", ""defined_single_structure"", ""exact_identity_deduplicated"", ""current_strong_conflicts_excluded"", ""external_holdout_quarantined"", ""oecd_404_or_whitelisted_equivalent""]",peer_reviewed_curated_experimental_negative,0.9,experimental,OECD Guideline 404 (Acute Dermal Irritation / Corrosion),not irritating / not classified (curated Outcome=0),not_reported_per_record_in_public_sdf,skin:id_input:2916,c854fdea20b43b5ee2d392b42d0185eb928daf9d2a32129ac6603cf6ed53b68c,https://github.com/joyvb/stoptox,6ba3a7f82ab9fda8534f120114a566eec296e8ae,DRPPFIRCBMBJCM-UHFFFAOYSA-N
CCC=CCC=CCC=CCCCCCCCC(=O)O,0,"Resin acids and Rosin acids, esters with diethylene glycol",DTOSIQBPPRVQHS-UHFFFAOYSA-N,68153-38-8,STopTox peer-reviewed curated experimental irritation dataset,https://doi.org/10.1289/EHP9341,"[""skin:id_input:3605, 3606, 3610, 3611, 3617""]","[""explicit_curated_experimental_outcome_0"", ""absence_of_hazard_statement_not_used"", ""defined_single_structure"", ""exact_identity_deduplicated"", ""current_strong_conflicts_excluded"", ""external_holdout_quarantined"", ""oecd_404_or_whitelisted_equivalent""]",peer_reviewed_curated_experimental_negative,0.9,experimental,OECD Guideline 404 (Acute Dermal Irritation / Corrosion),not irritating / not classified (curated Outcome=0),not_reported_per_record_in_public_sdf,"skin:id_input:3605, 3606, 3610, 3611, 3617",c854fdea20b43b5ee2d392b42d0185eb928daf9d2a32129ac6603cf6ed53b68c,https://github.com/joyvb/stoptox,6ba3a7f82ab9fda8534f120114a566eec296e8ae,DTOSIQBPPRVQHS-UHFFFAOYSA-N
O=S(=O)(O)CCCN1CCOCC1,0,3-(morpholin-4-yl)propane-1-sulfonic acid,DVLFYONBTKHTER-UHFFFAOYSA-N,1132-61-2,STopTox peer-reviewed curated experimental irritation dataset,https://doi.org/10.1289/EHP9341,"[""skin:id_input:2702""]","[""explicit_curated_experimental_outcome_0"", ""absence_of_hazard_statement_not_used"", ""defined_single_structure"", ""exact_identity_deduplicated"", ""current_strong_conflicts_excluded"", ""external_holdout_quarantined"", ""oecd_404_or_whitelisted_equivalent""]",peer_reviewed_curated_experimental_negative,0.9,experimental,EU Method B.4 (Acute Toxicity: Dermal Irritation / Corrosion),not irritating / not classified (curated Outcome=0),not_reported_per_record_in_public_sdf,skin:id_input:2702,c854fdea20b43b5ee2d392b42d0185eb928daf9d2a32129ac6603cf6ed53b68c,https://github.com/joyvb/stoptox,6ba3a7f82ab9fda8534f120114a566eec296e8ae,DVLFYONBTKHTER-UHFFFAOYSA-N
COc1ccc(C(=O)c2ccccc2)c(O)c1,0,2-benzoyl-5-methoxyphenol,DXGLGDHPHMLXJC-UHFFFAOYSA-N,131-57-7,STopTox peer-reviewed curated experimental irritation dataset,https://doi.org/10.1289/EHP9341,"[""skin:id_input:2403""]","[""explicit_curated_experimental_outcome_0"", ""absence_of_hazard_statement_not_used"", ""defined_single_structure"", ""exact_identity_deduplicated"", ""current_strong_conflicts_excluded"", ""external_holdout_quarantined"", ""oecd_404_or_whitelisted_equivalent""]",peer_reviewed_curated_experimental_negative,0.9,experimental,OECD Guideline 404 (Acute Dermal Irritation / Corrosion),not irritating / not classified (curated Outcome=0),not_reported_per_record_in_public_sdf,skin:id_input:2403,c854fdea20b43b5ee2d392b42d0185eb928daf9d2a32129ac6603cf6ed53b68c,https://github.com/joyvb/stoptox,6ba3a7f82ab9fda8534f120114a566eec296e8ae,DXGLGDHPHMLXJC-UHFFFAOYSA-N
CCN(CC)c1ccc2c(c1)Oc1cc(N(CC)CC)ccc1C21OC(=O)c2ccccc21,0,"3',6'-bis(diethylamino)-3H-spiro[2-benzofuran-1,9'-xanthene]-3-one",DZNJMLVCIZGWSC-UHFFFAOYSA-N,509-34-2,STopTox peer-reviewed curated experimental irritation dataset,https://doi.org/10.1289/EHP9341,"[""skin:id_input:2630, 2631""]","[""explicit_curated_experimental_outcome_0"", ""absence_of_hazard_statement_not_used"", ""defined_single_structure"", ""exact_identity_deduplicated"", ""current_strong_conflicts_excluded"", ""external_holdout_quarantined"", ""oecd_404_or_whitelisted_equivalent""]",peer_reviewed_curated_experimental_negative,0.9,experimental,OECD Guideline 404 (Acute Dermal Irritation / Corrosion),not irritating / not classified (curated Outcome=0),not_reported_per_record_in_public_sdf,"skin:id_input:2630, 2631",c854fdea20b43b5ee2d392b42d0185eb928daf9d2a32129ac6603cf6ed53b68c,https://github.com/joyvb/stoptox,6ba3a7f82ab9fda8534f120114a566eec296e8ae,DZNJMLVCIZGWSC-UHFFFAOYSA-N
OC[P+](CO)(CO)CO,0,bis(tetrakis(hydroxymethyl)phosphanium) sulfate,FAUOSXUSCVJWAY-UHFFFAOYSA-N,55566-30-8,STopTox peer-reviewed curated experimental irritation dataset,https://doi.org/10.1289/EHP9341,"[""skin:id_input:3931""]","[""explicit_curated_experimental_outcome_0"", ""absence_of_hazard_statement_not_used"", ""defined_single_structure"", ""exact_identity_deduplicated"", ""current_strong_conflicts_excluded"", ""external_holdout_quarantined"", ""oecd_404_or_whitelisted_equivalent""]",peer_reviewed_curated_experimental_negative,0.9,experimental,EPA OPP 81-5 (Acute Dermal Irritation),not irritating / not classified (curated Outcome=0),not_reported_per_record_in_public_sdf,skin:id_input:3931,c854fdea20b43b5ee2d392b42d0185eb928daf9d2a32129ac6603cf6ed53b68c,https://github.com/joyvb/stoptox,6ba3a7f82ab9fda8534f120114a566eec296e8ae,FAUOSXUSCVJWAY-UHFFFAOYSA-N
O=C(O)c1ccc(O)cc1,0,4-hydroxybenzoic acid,FJKROLUGYXJWQN-UHFFFAOYSA-N,99-96-7,STopTox peer-reviewed curated experimental irritation dataset,https://doi.org/10.1289/EHP9341,"[""skin:id_input:2904""]","[""explicit_curated_experimental_outcome_0"", ""absence_of_hazard_statement_not_used"", ""defined_single_structure"", ""exact_identity_deduplicated"", ""current_strong_conflicts_excluded"", ""external_holdout_quarantined"", ""oecd_404_or_whitelisted_equivalent""]",peer_reviewed_curated_experimental_negative,0.9,experimental,OECD Guideline 404 (Acute Dermal Irritation / Corrosion),not irritating / not classified (curated Outcome=0),not_reported_per_record_in_public_sdf,skin:id_input:2904,c854fdea20b43b5ee2d392b42d0185eb928daf9d2a32129ac6603cf6ed53b68c,https://github.com/joyvb/stoptox,6ba3a7f82ab9fda8534f120114a566eec296e8ae,FJKROLUGYXJWQN-UHFFFAOYSA-N
CC(O)COC(=O)OC1CC(C)CCC1C(C)C,0,unnamed [260781-16-6],FLYJSXDJKBHQAU-UHFFFAOYSA-N,260781-16-6,STopTox peer-reviewed curated experimental irritation dataset,https://doi.org/10.1289/EHP9341,"[""skin:id_input:5375""]","[""explicit_curated_experimental_outcome_0"", ""absence_of_hazard_statement_not_used"", ""defined_single_structure"", ""exact_identity_deduplicated"", ""current_strong_conflicts_excluded"", ""external_holdout_quarantined"", ""oecd_404_or_whitelisted_equivalent""]",peer_reviewed_curated_experimental_negative,0.9,experimental,OECD Guideline 404 (Acute Dermal Irritation / Corrosion),not irritating / not classified (curated Outcome=0),not_reported_per_record_in_public_sdf,skin:id_input:5375,c854fdea20b43b5ee2d392b42d0185eb928daf9d2a32129ac6603cf6ed53b68c,https://github.com/joyvb/stoptox,6ba3a7f82ab9fda8534f120114a566eec296e8ae,FLYJSXDJKBHQAU-UHFFFAOYSA-N
NC(=O)c1ccc(NC(=O)c2ccc(N)cc2)cc1,0,4-amino-N-(4-carbamoylphenyl)benzamide,FSPYMSUDIVFOHY-UHFFFAOYSA-N,74441-06-8,STopTox peer-reviewed curated experimental irritation dataset,https://doi.org/10.1289/EHP9341,"[""skin:id_input:2879""]","[""explicit_curated_experimental_outcome_0"", ""absence_of_hazard_statement_not_used"", ""defined_single_structure"", ""exact_identity_deduplicated"", ""current_strong_conflicts_excluded"", ""external_holdout_quarantined"", ""oecd_404_or_whitelisted_equivalent""]",peer_reviewed_curated_experimental_negative,0.9,experimental,OECD Guideline 404 (Acute Dermal Irritation / Corrosion),not irritating / not classified (curated Outcome=0),not_reported_per_record_in_public_sdf,skin:id_input:2879,c854fdea20b43b5ee2d392b42d0185eb928daf9d2a32129ac6603cf6ed53b68c,https://github.com/joyvb/stoptox,6ba3a7f82ab9fda8534f120114a566eec296e8ae,FSPYMSUDIVFOHY-UHFFFAOYSA-N
C=C[Si](OCC)(OCC)OCC,0,ethenyltriethoxysilane,FWDBOZPQNFPOLF-UHFFFAOYSA-N,78-08-0,STopTox peer-reviewed curated experimental irritation dataset,https://doi.org/10.1289/EHP9341,"[""skin:id_input:4328""]","[""explicit_curated_experimental_outcome_0"", ""absence_of_hazard_statement_not_used"", ""defined_single_structure"", ""exact_identity_deduplicated"", ""current_strong_conflicts_excluded"", ""external_holdout_quarantined"", ""oecd_404_or_whitelisted_equivalent""]",peer_reviewed_curated_experimental_negative,0.9,experimental,OECD Guideline 404 (Acute Dermal Irritation / Corrosion),not irritating / not classified (curated Outcome=0),not_reported_per_record_in_public_sdf,skin:id_input:4328,c854fdea20b43b5ee2d392b42d0185eb928daf9d2a32129ac6603cf6ed53b68c,https://github.com/joyvb/stoptox,6ba3a7f82ab9fda8534f120114a566eec296e8ae,FWDBOZPQNFPOLF-UHFFFAOYSA-N
Nc1ccc(Cl)cc1O,0,2-amino-5-chlorophenol,FZCQMIRJCGWWCL-UHFFFAOYSA-N,28443-50-7,STopTox peer-reviewed curated experimental irritation dataset,https://doi.org/10.1289/EHP9341,"[""skin:id_input:2395""]","[""explicit_curated_experimental_outcome_0"", ""absence_of_hazard_statement_not_used"", ""defined_single_structure"", ""exact_identity_deduplicated"", ""current_strong_conflicts_excluded"", ""external_holdout_quarantined"", ""oecd_404_or_whitelisted_equivalent""]",peer_reviewed_curated_experimental_negative,0.9,experimental,OECD Guideline 404 (Acute Dermal Irritation / Corrosion),not irritating / not classified (curated Outcome=0),not_reported_per_record_in_public_sdf,skin:id_input:2395,c854fdea20b43b5ee2d392b42d0185eb928daf9d2a32129ac6603cf6ed53b68c,https://github.com/joyvb/stoptox,6ba3a7f82ab9fda8534f120114a566eec296e8ae,FZCQMIRJCGWWCL-UHFFFAOYSA-N
O=C(O)c1cc(I)ccc1Cl,0,19094-56-5,GEBYSTBEDVQOTK-UHFFFAOYSA-N,19094-56-5,STopTox peer-reviewed curated experimental irritation dataset,https://doi.org/10.1289/EHP9341,"[""skin:id_input:745""]","[""explicit_curated_experimental_outcome_0"", ""absence_of_hazard_statement_not_used"", ""defined_single_structure"", ""exact_identity_deduplicated"", ""current_strong_conflicts_excluded"", ""external_holdout_quarantined"", ""oecd_404_or_whitelisted_equivalent""]",peer_reviewed_curated_experimental_negative,0.9,experimental,OECD Guideline 404 (Acute Dermal Irritation / Corrosion),not irritating / not classified (curated Outcome=0),not_reported_per_record_in_public_sdf,skin:id_input:745,c854fdea20b43b5ee2d392b42d0185eb928daf9d2a32129ac6603cf6ed53b68c,https://github.com/joyvb/stoptox,6ba3a7f82ab9fda8534f120114a566eec296e8ae,GEBYSTBEDVQOTK-UHFFFAOYSA-N
Nc1ccccc1N,0,"benzene-1,2-diamine",GEYOCULIXLDCMW-UHFFFAOYSA-N,95-54-5,STopTox peer-reviewed curated experimental irritation dataset,https://doi.org/10.1289/EHP9341,"[""skin:id_input:3887, 3888""]","[""explicit_curated_experimental_outcome_0"", ""absence_of_hazard_statement_not_used"", ""defined_single_structure"", ""exact_identity_deduplicated"", ""current_strong_conflicts_excluded"", ""external_holdout_quarantined"", ""oecd_404_or_whitelisted_equivalent""]",peer_reviewed_curated_experimental_negative,0.9,experimental,OECD Guideline 404 (Acute Dermal Irritation / Corrosion),not irritating / not classified (curated Outcome=0),not_reported_per_record_in_public_sdf,"skin:id_input:3887, 3888",c854fdea20b43b5ee2d392b42d0185eb928daf9d2a32129ac6603cf6ed53b68c,https://github.com/joyvb/stoptox,6ba3a7f82ab9fda8534f120114a566eec296e8ae,GEYOCULIXLDCMW-UHFFFAOYSA-N
CO[Si](CCCCCC[Si](OC)(OC)OC)(OC)OC,0,unnamed [87135-01-1],GFKCWAROGHMSTC-UHFFFAOYSA-N,87135-01-1,STopTox peer-reviewed curated experimental irritation dataset,https://doi.org/10.1289/EHP9341,"[""skin:id_input:5523""]","[""explicit_curated_experimental_outcome_0"", ""absence_of_hazard_statement_not_used"", ""defined_single_structure"", ""exact_identity_deduplicated"", ""current_strong_conflicts_excluded"", ""external_holdout_quarantined"", ""oecd_404_or_whitelisted_equivalent""]",peer_reviewed_curated_experimental_negative,0.9,experimental,OECD Guideline 404 (Acute Dermal Irritation / Corrosion),not irritating / not classified (curated Outcome=0),not_reported_per_record_in_public_sdf,skin:id_input:5523,c854fdea20b43b5ee2d392b42d0185eb928daf9d2a32129ac6603cf6ed53b68c,https://github.com/joyvb/stoptox,6ba3a7f82ab9fda8534f120114a566eec296e8ae,GFKCWAROGHMSTC-UHFFFAOYSA-N
CC(C)(O)C(=O)c1ccc(OCCO)cc1,0,2-hydroxy-1-[4-(2-hydroxyethoxy)phenyl]-2-methylpropan-1-one,GJKGAPPUXSSCFI-UHFFFAOYSA-N,106797-53-9,STopTox peer-reviewed curated experimental irritation dataset,https://doi.org/10.1289/EHP9341,"[""skin:id_input:2482""]","[""explicit_curated_experimental_outcome_0"", ""absence_of_hazard_statement_not_used"", ""defined_single_structure"", ""exact_identity_deduplicated"", ""current_strong_conflicts_excluded"", ""external_holdout_quarantined"", ""oecd_404_or_whitelisted_equivalent""]",peer_reviewed_curated_experimental_negative,0.9,experimental,OECD Guideline 404 (Acute Dermal Irritation / Corrosion),not irritating / not classified (curated Outcome=0),not_reported_per_record_in_public_sdf,skin:id_input:2482,c854fdea20b43b5ee2d392b42d0185eb928daf9d2a32129ac6603cf6ed53b68c,https://github.com/joyvb/stoptox,6ba3a7f82ab9fda8534f120114a566eec296e8ae,GJKGAPPUXSSCFI-UHFFFAOYSA-N
CC1CO1,0,2-methyloxirane,GOOHAUXETOMSMM-UHFFFAOYSA-N,75-56-9,STopTox peer-reviewed curated experimental irritation dataset,https://doi.org/10.1289/EHP9341,"[""skin:id_input:2559""]","[""explicit_curated_experimental_outcome_0"", ""absence_of_hazard_statement_not_used"", ""defined_single_structure"", ""exact_identity_deduplicated"", ""current_strong_conflicts_excluded"", ""external_holdout_quarantined"", ""oecd_404_or_whitelisted_equivalent""]",peer_reviewed_curated_experimental_negative,0.9,experimental,OECD Guideline 404 (Acute Dermal Irritation / Corrosion),not irritating / not classified (curated Outcome=0),not_reported_per_record_in_public_sdf,skin:id_input:2559,c854fdea20b43b5ee2d392b42d0185eb928daf9d2a32129ac6603cf6ed53b68c,https://github.com/joyvb/stoptox,6ba3a7f82ab9fda8534f120114a566eec296e8ae,GOOHAUXETOMSMM-UHFFFAOYSA-N
CCC(O)COC1CCCCC1C(C)(C)C,0,1-[(2-tert-butylcyclohexyl)oxy]butan-2-ol,GQBVHGLNSHPKPG-UHFFFAOYSA-N,139504-68-0,STopTox peer-reviewed curated experimental irritation dataset,https://doi.org/10.1289/EHP9341,"[""skin:id_input:1871""]","[""explicit_curated_experimental_outcome_0"", ""absence_of_hazard_statement_not_used"", ""defined_single_structure"", ""exact_identity_deduplicated"", ""current_strong_conflicts_excluded"", ""external_holdout_quarantined"", ""oecd_404_or_whitelisted_equivalent""]",peer_reviewed_curated_experimental_negative,0.9,experimental,OECD Guideline 404 (Acute Dermal Irritation / Corrosion),not irritating / not classified (curated Outcome=0),not_reported_per_record_in_public_sdf,skin:id_input:1871,c854fdea20b43b5ee2d392b42d0185eb928daf9d2a32129ac6603cf6ed53b68c,https://github.com/joyvb/stoptox,6ba3a7f82ab9fda8534f120114a566eec296e8ae,GQBVHGLNSHPKPG-UHFFFAOYSA-N
CCCCN(CCO)CCO,0,2-[butyl(2-hydroxyethyl)amino]ethan-1-ol,GVNHOISKXMSMPX-UHFFFAOYSA-N,102-79-4,STopTox peer-reviewed curated experimental irritation dataset,https://doi.org/10.1289/EHP9341,"[""skin:id_input:2388""]","[""explicit_curated_experimental_outcome_0"", ""absence_of_hazard_statement_not_used"", ""defined_single_structure"", ""exact_identity_deduplicated"", ""current_strong_conflicts_excluded"", ""external_holdout_quarantined"", ""oecd_404_or_whitelisted_equivalent""]",peer_reviewed_curated_experimental_negative,0.9,experimental,OECD Guideline 404 (Acute Dermal Irritation / Corrosion),not irritating / not classified (curated Outcome=0),not_reported_per_record_in_public_sdf,skin:id_input:2388,c854fdea20b43b5ee2d392b42d0185eb928daf9d2a32129ac6603cf6ed53b68c,https://github.com/joyvb/stoptox,6ba3a7f82ab9fda8534f120114a566eec296e8ae,GVNHOISKXMSMPX-UHFFFAOYSA-N
CNS(=O)(=O)c1cc(OC)c(N)cc1C,0,"4-amino-5-methoxy-N,2-dimethylbenzenesulfonamide",GWSQAGVGSHXRJK-UHFFFAOYSA-N,49564-57-0,STopTox peer-reviewed curated experimental irritation dataset,https://doi.org/10.1289/EHP9341,"[""skin:id_input:2877""]","[""explicit_curated_experimental_outcome_0"", ""absence_of_hazard_statement_not_used"", ""defined_single_structure"", ""exact_identity_deduplicated"", ""current_strong_conflicts_excluded"", ""external_holdout_quarantined"", ""oecd_404_or_whitelisted_equivalent""]",peer_reviewed_curated_experimental_negative,0.9,experimental,OECD Guideline 404 (Acute Dermal Irritation / Corrosion),not irritating / not classified (curated Outcome=0),not_reported_per_record_in_public_sdf,skin:id_input:2877,c854fdea20b43b5ee2d392b42d0185eb928daf9d2a32129ac6603cf6ed53b68c,https://github.com/joyvb/stoptox,6ba3a7f82ab9fda8534f120114a566eec296e8ae,GWSQAGVGSHXRJK-UHFFFAOYSA-N
Cc1ccc(N(C)C)cc1,0,"N,N,4-trimethylaniline",GYVGXEWAOAAJEU-UHFFFAOYSA-N,99-97-8,STopTox peer-reviewed curated experimental irritation dataset,https://doi.org/10.1289/EHP9341,"[""skin:id_input:3392""]","[""explicit_curated_experimental_outcome_0"", ""absence_of_hazard_statement_not_used"", ""defined_single_structure"", ""exact_identity_deduplicated"", ""current_strong_conflicts_excluded"", ""external_holdout_quarantined"", ""oecd_404_or_whitelisted_equivalent""]",peer_reviewed_curated_experimental_negative,0.9,experimental,OECD Guideline 404 (Acute Dermal Irritation / Corrosion),not irritating / not classified (curated Outcome=0),not_reported_per_record_in_public_sdf,skin:id_input:3392,c854fdea20b43b5ee2d392b42d0185eb928daf9d2a32129ac6603cf6ed53b68c,https://github.com/joyvb/stoptox,6ba3a7f82ab9fda8534f120114a566eec296e8ae,GYVGXEWAOAAJEU-UHFFFAOYSA-N
CC(=O)/C(=N\Nc1ccc(C)cc1[N+](=O)[O-])C(=O)Nc1ccccc1,0,2-[(E)-2-(4-methyl-2-nitrophenyl)diazen-1-yl]-3-oxo-N-phenylbutanamide,HNGMNLLISLJGIA-CAPFRKAQSA-N,2512-29-0,STopTox peer-reviewed curated experimental irritation dataset,https://doi.org/10.1289/EHP9341,"[""skin:id_input:2341""]","[""explicit_curated_experimental_outcome_0"", ""absence_of_hazard_statement_not_used"", ""defined_single_structure"", ""exact_identity_deduplicated"", ""current_strong_conflicts_excluded"", ""external_holdout_quarantined"", ""oecd_404_or_whitelisted_equivalent""]",peer_reviewed_curated_experimental_negative,0.9,experimental,OECD Guideline 404 (Acute Dermal Irritation / Corrosion),not irritating / not classified (curated Outcome=0),not_reported_per_record_in_public_sdf,skin:id_input:2341,c854fdea20b43b5ee2d392b42d0185eb928daf9d2a32129ac6603cf6ed53b68c,https://github.com/joyvb/stoptox,6ba3a7f82ab9fda8534f120114a566eec296e8ae,HNGMNLLISLJGIA-UHFFFAOYSA-N
O=C1CCCN1,0,pyrrolidin-2-one,HNJBEVLQSNELDL-UHFFFAOYSA-N,616-45-5,STopTox peer-reviewed curated experimental irritation dataset,https://doi.org/10.1289/EHP9341,"[""skin:id_input:4853""]","[""explicit_curated_experimental_outcome_0"", ""absence_of_hazard_statement_not_used"", ""defined_single_structure"", ""exact_identity_deduplicated"", ""current_strong_conflicts_excluded"", ""external_holdout_quarantined"", ""oecd_404_or_whitelisted_equivalent""]",peer_reviewed_curated_experimental_negative,0.9,experimental,OECD Guideline 404 (Acute Dermal Irritation / Corrosion),not irritating / not classified (curated Outcome=0),not_reported_per_record_in_public_sdf,skin:id_input:4853,c854fdea20b43b5ee2d392b42d0185eb928daf9d2a32129ac6603cf6ed53b68c,https://github.com/joyvb/stoptox,6ba3a7f82ab9fda8534f120114a566eec296e8ae,HNJBEVLQSNELDL-UHFFFAOYSA-N
Cc1ccc(Cl)cc1C,0,"4-chloro-1,2-dimethylbenzene",HNQLMBJUMVLFCF-UHFFFAOYSA-N,615-60-1,STopTox peer-reviewed curated experimental irritation dataset,https://doi.org/10.1289/EHP9341,"[""skin:id_input:2883""]","[""explicit_curated_experimental_outcome_0"", ""absence_of_hazard_statement_not_used"", ""defined_single_structure"", ""exact_identity_deduplicated"", ""current_strong_conflicts_excluded"", ""external_holdout_quarantined"", ""oecd_404_or_whitelisted_equivalent""]",peer_reviewed_curated_experimental_negative,0.9,experimental,OECD Guideline 404 (Acute Dermal Irritation / Corrosion),not irritating / not classified (curated Outcome=0),not_reported_per_record_in_public_sdf,skin:id_input:2883,c854fdea20b43b5ee2d392b42d0185eb928daf9d2a32129ac6603cf6ed53b68c,https://github.com/joyvb/stoptox,6ba3a7f82ab9fda8534f120114a566eec296e8ae,HNQLMBJUMVLFCF-UHFFFAOYSA-N
COc1c(C)c2c(c(O)c1CC=C(C)CCC(=O)O)C(=O)OC2,0,"(4E)-6-(4-hydroxy-6-methoxy-7-methyl-3-oxo-1,3-dihydro-2-benzofuran-5-yl)-4-methylhex-4-enoic acid",HPNSFSBZBAHARI-UHFFFAOYSA-N,24280-93-1,STopTox peer-reviewed curated experimental irritation dataset,https://doi.org/10.1289/EHP9341,"[""skin:id_input:124""]","[""explicit_curated_experimental_outcome_0"", ""absence_of_hazard_statement_not_used"", ""defined_single_structure"", ""exact_identity_deduplicated"", ""current_strong_conflicts_excluded"", ""external_holdout_quarantined"", ""oecd_404_or_whitelisted_equivalent""]",peer_reviewed_curated_experimental_negative,0.9,experimental,EU Method B.4 (Acute Toxicity: Dermal Irritation / Corrosion),not irritating / not classified (curated Outcome=0),not_reported_per_record_in_public_sdf,skin:id_input:124,c854fdea20b43b5ee2d392b42d0185eb928daf9d2a32129ac6603cf6ed53b68c,https://github.com/joyvb/stoptox,6ba3a7f82ab9fda8534f120114a566eec296e8ae,HPNSFSBZBAHARI-UHFFFAOYSA-N
O=C1CCCCCN1C(=O)c1cccc(C(=O)N2CCCCCC2=O)c1,0,unnamed [7381-13-7],HXZRLUTUNSQNCG-UHFFFAOYSA-N,7381-13-7,STopTox peer-reviewed curated experimental irritation dataset,https://doi.org/10.1289/EHP9341,"[""skin:id_input:5491""]","[""explicit_curated_experimental_outcome_0"", ""absence_of_hazard_statement_not_used"", ""defined_single_structure"", ""exact_identity_deduplicated"", ""current_strong_conflicts_excluded"", ""external_holdout_quarantined"", ""oecd_404_or_whitelisted_equivalent""]",peer_reviewed_curated_experimental_negative,0.9,experimental,OECD Guideline 404 (Acute Dermal Irritation / Corrosion),not irritating / not classified (curated Outcome=0),not_reported_per_record_in_public_sdf,skin:id_input:5491,c854fdea20b43b5ee2d392b42d0185eb928daf9d2a32129ac6603cf6ed53b68c,https://github.com/joyvb/stoptox,6ba3a7f82ab9fda8534f120114a566eec296e8ae,HXZRLUTUNSQNCG-UHFFFAOYSA-N
C1CO1,0,"Oxirane, reaction products with ammonia, distn. residues",IAYPIBMASNFSPL-UHFFFAOYSA-N,68953-70-8,STopTox peer-reviewed curated experimental irritation dataset,https://doi.org/10.1289/EHP9341,"[""skin:id_input:3527""]","[""explicit_curated_experimental_outcome_0"", ""absence_of_hazard_statement_not_used"", ""defined_single_structure"", ""exact_identity_deduplicated"", ""current_strong_conflicts_excluded"", ""external_holdout_quarantined"", ""oecd_404_or_whitelisted_equivalent""]",peer_reviewed_curated_experimental_negative,0.9,experimental,EU Method B.4 (Acute Toxicity: Dermal Irritation / Corrosion),not irritating / not classified (curated Outcome=0),not_reported_per_record_in_public_sdf,skin:id_input:3527,c854fdea20b43b5ee2d392b42d0185eb928daf9d2a32129ac6603cf6ed53b68c,https://github.com/joyvb/stoptox,6ba3a7f82ab9fda8534f120114a566eec296e8ae,IAYPIBMASNFSPL-UHFFFAOYSA-N
C=C(C)C(=O)OCCOC(=O)CC(C)=O,0,2-[(2-methylprop-2-enoyl)oxy]ethyl 3-oxobutanoate,IBDVWXAVKPRHCU-UHFFFAOYSA-N,21282-97-3,STopTox peer-reviewed curated experimental irritation dataset,https://doi.org/10.1289/EHP9341,"[""skin:id_input:2244""]","[""explicit_curated_experimental_outcome_0"", ""absence_of_hazard_statement_not_used"", ""defined_single_structure"", ""exact_identity_deduplicated"", ""current_strong_conflicts_excluded"", ""external_holdout_quarantined"", ""oecd_404_or_whitelisted_equivalent""]",peer_reviewed_curated_experimental_negative,0.9,experimental,OECD Guideline 404 (Acute Dermal Irritation / Corrosion),not irritating / not classified (curated Outcome=0),not_reported_per_record_in_public_sdf,skin:id_input:2244,c854fdea20b43b5ee2d392b42d0185eb928daf9d2a32129ac6603cf6ed53b68c,https://github.com/joyvb/stoptox,6ba3a7f82ab9fda8534f120114a566eec296e8ae,IBDVWXAVKPRHCU-UHFFFAOYSA-N
COC=C(C(=O)OC)c1ccccc1COc1cccc(C(F)(F)F)n1,0,unnamed [117428-22-5],IBSNKSODLGJUMQ-UHFFFAOYSA-N,117428-22-5,STopTox peer-reviewed curated experimental irritation dataset,https://doi.org/10.1289/EHP9341,"[""skin:id_input:5247""]","[""explicit_curated_experimental_outcome_0"", ""absence_of_hazard_statement_not_used"", ""defined_single_structure"", ""exact_identity_deduplicated"", ""current_strong_conflicts_excluded"", ""external_holdout_quarantined"", ""oecd_404_or_whitelisted_equivalent""]",peer_reviewed_curated_experimental_negative,0.9,experimental,OECD Guideline 404 (Acute Dermal Irritation / Corrosion),not irritating / not classified (curated Outcome=0),not_reported_per_record_in_public_sdf,skin:id_input:5247,c854fdea20b43b5ee2d392b42d0185eb928daf9d2a32129ac6603cf6ed53b68c,https://github.com/joyvb/stoptox,6ba3a7f82ab9fda8534f120114a566eec296e8ae,IBSNKSODLGJUMQ-UHFFFAOYSA-N
CC(C)(C#N)CC1=CCC2CC1C2(C)C,0,unnamed [2003244-43-5],IDYDEKRGDSORFT-UHFFFAOYSA-N,2003244-43-5,STopTox peer-reviewed curated experimental irritation dataset,https://doi.org/10.1289/EHP9341,"[""skin:id_input:5356""]","[""explicit_curated_experimental_outcome_0"", ""absence_of_hazard_statement_not_used"", ""defined_single_structure"", ""exact_identity_deduplicated"", ""current_strong_conflicts_excluded"", ""external_holdout_quarantined"", ""oecd_404_or_whitelisted_equivalent""]",peer_reviewed_curated_experimental_negative,0.9,experimental,OECD Guideline 404 (Acute Dermal Irritation / Corrosion),not irritating / not classified (curated Outcome=0),not_reported_per_record_in_public_sdf,skin:id_input:5356,c854fdea20b43b5ee2d392b42d0185eb928daf9d2a32129ac6603cf6ed53b68c,https://github.com/joyvb/stoptox,6ba3a7f82ab9fda8534f120114a566eec296e8ae,IDYDEKRGDSORFT-UHFFFAOYSA-N
CCOC(=O)C=CC(=O)OCC,0,diethyl but-2-enedioate,IEPRKVQEAMIZSS-UHFFFAOYSA-N,141-05-9,STopTox peer-reviewed curated experimental irritation dataset,https://doi.org/10.1289/EHP9341,"[""skin:id_input:4148""]","[""explicit_curated_experimental_outcome_0"", ""absence_of_hazard_statement_not_used"", ""defined_single_structure"", ""exact_identity_deduplicated"", ""current_strong_conflicts_excluded"", ""external_holdout_quarantined"", ""oecd_404_or_whitelisted_equivalent""]",peer_reviewed_curated_experimental_negative,0.9,experimental,OECD Guideline 404 (Acute Dermal Irritation / Corrosion),not irritating / not classified (curated Outcome=0),not_reported_per_record_in_public_sdf,skin:id_input:4148,c854fdea20b43b5ee2d392b42d0185eb928daf9d2a32129ac6603cf6ed53b68c,https://github.com/joyvb/stoptox,6ba3a7f82ab9fda8534f120114a566eec296e8ae,IEPRKVQEAMIZSS-UHFFFAOYSA-N
CC(C)(C)c1ccc(C#N)cc1,0,4-tert-butylbenzonitrile,IIZURLNRIMKEDL-UHFFFAOYSA-N,4210-32-6,STopTox peer-reviewed curated experimental irritation dataset,https://doi.org/10.1289/EHP9341,"[""skin:id_input:2930""]","[""explicit_curated_experimental_outcome_0"", ""absence_of_hazard_statement_not_used"", ""defined_single_structure"", ""exact_identity_deduplicated"", ""current_strong_conflicts_excluded"", ""external_holdout_quarantined"", ""oecd_404_or_whitelisted_equivalent""]",peer_reviewed_curated_experimental_negative,0.9,experimental,OECD Guideline 404 (Acute Dermal Irritation / Corrosion),not irritating / not classified (curated Outcome=0),not_reported_per_record_in_public_sdf,skin:id_input:2930,c854fdea20b43b5ee2d392b42d0185eb928daf9d2a32129ac6603cf6ed53b68c,https://github.com/joyvb/stoptox,6ba3a7f82ab9fda8534f120114a566eec296e8ae,IIZURLNRIMKEDL-UHFFFAOYSA-N
C=CS(=O)(=O)CS(=O)(=O)C=C,0,(ethenesulfonyl)methanesulfonylethene,IJHIIHORMWQZRQ-UHFFFAOYSA-N,3278-22-6,STopTox peer-reviewed curated experimental irritation dataset,https://doi.org/10.1289/EHP9341,"[""skin:id_input:153""]","[""explicit_curated_experimental_outcome_0"", ""absence_of_hazard_statement_not_used"", ""defined_single_structure"", ""exact_identity_deduplicated"", ""current_strong_conflicts_excluded"", ""external_holdout_quarantined"", ""oecd_404_or_whitelisted_equivalent""]",peer_reviewed_curated_experimental_negative,0.9,experimental,OECD Guideline 404 (Acute Dermal Irritation / Corrosion),not irritating / not classified (curated Outcome=0),not_reported_per_record_in_public_sdf,skin:id_input:153,c854fdea20b43b5ee2d392b42d0185eb928daf9d2a32129ac6603cf6ed53b68c,https://github.com/joyvb/stoptox,6ba3a7f82ab9fda8534f120114a566eec296e8ae,IJHIIHORMWQZRQ-UHFFFAOYSA-N
Cc1cn(C2CC(O)C(CO)O2)c(=O)[nH]c1=O,0,thymidine,IQFYYKKMVGJFEH-UHFFFAOYSA-N,50-89-5,STopTox peer-reviewed curated experimental irritation dataset,https://doi.org/10.1289/EHP9341,"[""skin:id_input:5094""]","[""explicit_curated_experimental_outcome_0"", ""absence_of_hazard_statement_not_used"", ""defined_single_structure"", ""exact_identity_deduplicated"", ""current_strong_conflicts_excluded"", ""external_holdout_quarantined"", ""oecd_404_or_whitelisted_equivalent""]",peer_reviewed_curated_experimental_negative,0.9,experimental,EU Method B.4 (Acute Toxicity: Dermal Irritation / Corrosion),not irritating / not classified (curated Outcome=0),not_reported_per_record_in_public_sdf,skin:id_input:5094,c854fdea20b43b5ee2d392b42d0185eb928daf9d2a32129ac6603cf6ed53b68c,https://github.com/joyvb/stoptox,6ba3a7f82ab9fda8534f120114a566eec296e8ae,IQFYYKKMVGJFEH-UHFFFAOYSA-N
CC(C)(C)CC(C)(C)c1ccc(O)cc1,0,"4-(2,4,4-trimethylpentan-2-yl)phenol",ISAVYTVYFVQUDY-UHFFFAOYSA-N,140-66-9,STopTox peer-reviewed curated experimental irritation dataset,https://doi.org/10.1289/EHP9341,"[""skin:id_input:2817""]","[""explicit_curated_experimental_outcome_0"", ""absence_of_hazard_statement_not_used"", ""defined_single_structure"", ""exact_identity_deduplicated"", ""current_strong_conflicts_excluded"", ""external_holdout_quarantined"", ""oecd_404_or_whitelisted_equivalent""]",peer_reviewed_curated_experimental_negative,0.9,experimental,OECD Guideline 404 (Acute Dermal Irritation / Corrosion),not irritating / not classified (curated Outcome=0),not_reported_per_record_in_public_sdf,skin:id_input:2817,c854fdea20b43b5ee2d392b42d0185eb928daf9d2a32129ac6603cf6ed53b68c,https://github.com/joyvb/stoptox,6ba3a7f82ab9fda8534f120114a566eec296e8ae,ISAVYTVYFVQUDY-UHFFFAOYSA-N
CC(=O)CC(=O)OC(C)(C)C,0,tert-butyl 3-oxobutanoate,JKUYRAMKJLMYLO-UHFFFAOYSA-N,1694-31-1,STopTox peer-reviewed curated experimental irritation dataset,https://doi.org/10.1289/EHP9341,"[""skin:id_input:4998""]","[""explicit_curated_experimental_outcome_0"", ""absence_of_hazard_statement_not_used"", ""defined_single_structure"", ""exact_identity_deduplicated"", ""current_strong_conflicts_excluded"", ""external_holdout_quarantined"", ""oecd_404_or_whitelisted_equivalent""]",peer_reviewed_curated_experimental_negative,0.9,experimental,OECD Guideline 404 (Acute Dermal Irritation / Corrosion),not irritating / not classified (curated Outcome=0),not_reported_per_record_in_public_sdf,skin:id_input:4998,c854fdea20b43b5ee2d392b42d0185eb928daf9d2a32129ac6603cf6ed53b68c,https://github.com/joyvb/stoptox,6ba3a7f82ab9fda8534f120114a566eec296e8ae,JKUYRAMKJLMYLO-UHFFFAOYSA-N
O=C(CCS)OCC(COC(=O)CCS)(COC(=O)CCS)COC(=O)CCS,0,"3-[(3-sulfanylpropanoyl)oxy]-2,2-bis({[(3-sulfanylpropanoyl)oxy]methyl})propyl 3-sulfanylpropanoate",JOBBTVPTPXRUBP-UHFFFAOYSA-N,7575-23-7,STopTox peer-reviewed curated experimental irritation dataset,https://doi.org/10.1289/EHP9341,"[""skin:id_input:2717""]","[""explicit_curated_experimental_outcome_0"", ""absence_of_hazard_statement_not_used"", ""defined_single_structure"", ""exact_identity_deduplicated"", ""current_strong_conflicts_excluded"", ""external_holdout_quarantined"", ""oecd_404_or_whitelisted_equivalent""]",peer_reviewed_curated_experimental_negative,0.9,experimental,OECD Guideline 404 (Acute Dermal Irritation / Corrosion),not irritating / not classified (curated Outcome=0),not_reported_per_record_in_public_sdf,skin:id_input:2717,c854fdea20b43b5ee2d392b42d0185eb928daf9d2a32129ac6603cf6ed53b68c,https://github.com/joyvb/stoptox,6ba3a7f82ab9fda8534f120114a566eec296e8ae,JOBBTVPTPXRUBP-UHFFFAOYSA-N
CCCCCCCC(=O)SCCC[Si](OCC)(OCC)OCC,0,1-{[3-(triethoxysilyl)propyl]sulfanyl}octan-1-one,JPPLPDOXWBVPCW-UHFFFAOYSA-N,220727-26-4,STopTox peer-reviewed curated experimental irritation dataset,https://doi.org/10.1289/EHP9341,"[""skin:id_input:1969""]","[""explicit_curated_experimental_outcome_0"", ""absence_of_hazard_statement_not_used"", ""defined_single_structure"", ""exact_identity_deduplicated"", ""current_strong_conflicts_excluded"", ""external_holdout_quarantined"", ""oecd_404_or_whitelisted_equivalent""]",peer_reviewed_curated_experimental_negative,0.9,experimental,OECD Guideline 404 (Acute Dermal Irritation / Corrosion),not irritating / not classified (curated Outcome=0),not_reported_per_record_in_public_sdf,skin:id_input:1969,c854fdea20b43b5ee2d392b42d0185eb928daf9d2a32129ac6603cf6ed53b68c,https://github.com/joyvb/stoptox,6ba3a7f82ab9fda8534f120114a566eec296e8ae,JPPLPDOXWBVPCW-UHFFFAOYSA-N
O=C1NC(=O)C(=c2[nH]c(=C3C(=O)NC(=O)NC3=O)c3ccccc23)C(=O)N1,0,"5-[3-(2,4,6-trioxo-1,3-diazinan-5-ylidene)-2,3-dihydro-1H-isoindol-1-ylidene]-1,3-diazinane-2,4,6-trione",JSBMGPVJAADXIZ-UHFFFAOYSA-N,36888-99-0,STopTox peer-reviewed curated experimental irritation dataset,https://doi.org/10.1289/EHP9341,"[""skin:id_input:2954""]","[""explicit_curated_experimental_outcome_0"", ""absence_of_hazard_statement_not_used"", ""defined_single_structure"", ""exact_identity_deduplicated"", ""current_strong_conflicts_excluded"", ""external_holdout_quarantined"", ""oecd_404_or_whitelisted_equivalent""]",peer_reviewed_curated_experimental_negative,0.9,experimental,OECD Guideline 404 (Acute Dermal Irritation / Corrosion),not irritating / not classified (curated Outcome=0),not_reported_per_record_in_public_sdf,skin:id_input:2954,c854fdea20b43b5ee2d392b42d0185eb928daf9d2a32129ac6603cf6ed53b68c,https://github.com/joyvb/stoptox,6ba3a7f82ab9fda8534f120114a566eec296e8ae,JSBMGPVJAADXIZ-UHFFFAOYSA-N
COC(C)CCO,0,3-methoxybutan-1-ol,JSGVZVOGOQILFM-UHFFFAOYSA-N,2517-43-3,STopTox peer-reviewed curated experimental irritation dataset,https://doi.org/10.1289/EHP9341,"[""skin:id_input:2756, 2757""]","[""explicit_curated_experimental_outcome_0"", ""absence_of_hazard_statement_not_used"", ""defined_single_structure"", ""exact_identity_deduplicated"", ""current_strong_conflicts_excluded"", ""external_holdout_quarantined"", ""oecd_404_or_whitelisted_equivalent""]",peer_reviewed_curated_experimental_negative,0.9,experimental,OECD Guideline 404 (Acute Dermal Irritation / Corrosion),not irritating / not classified (curated Outcome=0),not_reported_per_record_in_public_sdf,"skin:id_input:2756, 2757",c854fdea20b43b5ee2d392b42d0185eb928daf9d2a32129ac6603cf6ed53b68c,https://github.com/joyvb/stoptox,6ba3a7f82ab9fda8534f120114a566eec296e8ae,JSGVZVOGOQILFM-UHFFFAOYSA-N
CC(=O)C1(Cl)CC1,0,63141-09-3,KADOHHPNWMXGNG-UHFFFAOYSA-N,63141-09-3,STopTox peer-reviewed curated experimental irritation dataset,https://doi.org/10.1289/EHP9341,"[""skin:id_input:172""]","[""explicit_curated_experimental_outcome_0"", ""absence_of_hazard_statement_not_used"", ""defined_single_structure"", ""exact_identity_deduplicated"", ""current_strong_conflicts_excluded"", ""external_holdout_quarantined"", ""oecd_404_or_whitelisted_equivalent""]",peer_reviewed_curated_experimental_negative,0.9,experimental,EU Method B.4 (Acute Toxicity: Dermal Irritation / Corrosion),not irritating / not classified (curated Outcome=0),not_reported_per_record_in_public_sdf,skin:id_input:172,c854fdea20b43b5ee2d392b42d0185eb928daf9d2a32129ac6603cf6ed53b68c,https://github.com/joyvb/stoptox,6ba3a7f82ab9fda8534f120114a566eec296e8ae,KADOHHPNWMXGNG-UHFFFAOYSA-N
Nc1cc(C(=O)O)cc(C(=O)O)c1,0,"5-aminobenzene-1,3-dicarboxylic acid",KBZFDRWPMZESDI-UHFFFAOYSA-N,99-31-0,STopTox peer-reviewed curated experimental irritation dataset,https://doi.org/10.1289/EHP9341,"[""skin:id_input:2961""]","[""explicit_curated_experimental_outcome_0"", ""absence_of_hazard_statement_not_used"", ""defined_single_structure"", ""exact_identity_deduplicated"", ""current_strong_conflicts_excluded"", ""external_holdout_quarantined"", ""oecd_404_or_whitelisted_equivalent""]",peer_reviewed_curated_experimental_negative,0.9,experimental,EU Method B.4 (Acute Toxicity: Dermal Irritation / Corrosion),not irritating / not classified (curated Outcome=0),not_reported_per_record_in_public_sdf,skin:id_input:2961,c854fdea20b43b5ee2d392b42d0185eb928daf9d2a32129ac6603cf6ed53b68c,https://github.com/joyvb/stoptox,6ba3a7f82ab9fda8534f120114a566eec296e8ae,KBZFDRWPMZESDI-UHFFFAOYSA-N
O=C(O)CCC(=O)O,0,butanedioic acid,KDYFGRWQOYBRFD-UHFFFAOYSA-N,110-15-6,STopTox peer-reviewed curated experimental irritation dataset,https://doi.org/10.1289/EHP9341,"[""skin:id_input:3951""]","[""explicit_curated_experimental_outcome_0"", ""absence_of_hazard_statement_not_used"", ""defined_single_structure"", ""exact_identity_deduplicated"", ""current_strong_conflicts_excluded"", ""external_holdout_quarantined"", ""oecd_404_or_whitelisted_equivalent""]",peer_reviewed_curated_experimental_negative,0.9,experimental,OECD Guideline 404 (Acute Dermal Irritation / Corrosion),not irritating / not classified (curated Outcome=0),not_reported_per_record_in_public_sdf,skin:id_input:3951,c854fdea20b43b5ee2d392b42d0185eb928daf9d2a32129ac6603cf6ed53b68c,https://github.com/joyvb/stoptox,6ba3a7f82ab9fda8534f120114a566eec296e8ae,KDYFGRWQOYBRFD-UHFFFAOYSA-N
O=C=Nc1ccc(OP(=S)(Oc2ccc(N=C=O)cc2)Oc2ccc(N=C=O)cc2)cc1,0,bis(4-isocyanatophenyl) [(4-isocyanatophenyl)sulfanyl]phosphonate,KGLSETWPYVUTQX-UHFFFAOYSA-N,4151-51-3,STopTox peer-reviewed curated experimental irritation dataset,https://doi.org/10.1289/EHP9341,"[""skin:id_input:3923""]","[""explicit_curated_experimental_outcome_0"", ""absence_of_hazard_statement_not_used"", ""defined_single_structure"", ""exact_identity_deduplicated"", ""current_strong_conflicts_excluded"", ""external_holdout_quarantined"", ""oecd_404_or_whitelisted_equivalent""]",peer_reviewed_curated_experimental_negative,0.9,experimental,OECD Guideline 404 (Acute Dermal Irritation / Corrosion),not irritating / not classified (curated Outcome=0),not_reported_per_record_in_public_sdf,skin:id_input:3923,c854fdea20b43b5ee2d392b42d0185eb928daf9d2a32129ac6603cf6ed53b68c,https://github.com/joyvb/stoptox,6ba3a7f82ab9fda8534f120114a566eec296e8ae,KGLSETWPYVUTQX-UHFFFAOYSA-N
C=C(C)C(=O)O[Si](C(C)C)(C(C)C)C(C)C,0,134652-60-1,KNNOZYMZRGTZQM-UHFFFAOYSA-N,134652-60-1,STopTox peer-reviewed curated experimental irritation dataset,https://doi.org/10.1289/EHP9341,"[""skin:id_input:184""]","[""explicit_curated_experimental_outcome_0"", ""absence_of_hazard_statement_not_used"", ""defined_single_structure"", ""exact_identity_deduplicated"", ""current_strong_conflicts_excluded"", ""external_holdout_quarantined"", ""oecd_404_or_whitelisted_equivalent""]",peer_reviewed_curated_experimental_negative,0.9,experimental,OECD Guideline 404 (Acute Dermal Irritation / Corrosion),not irritating / not classified (curated Outcome=0),not_reported_per_record_in_public_sdf,skin:id_input:184,c854fdea20b43b5ee2d392b42d0185eb928daf9d2a32129ac6603cf6ed53b68c,https://github.com/joyvb/stoptox,6ba3a7f82ab9fda8534f120114a566eec296e8ae,KNNOZYMZRGTZQM-UHFFFAOYSA-N
O=c1nc(-c2ccccc2)[nH]c(-c2ccccc2)n1,0,1917-44-8,KODLDJGSBFMSDG-UHFFFAOYSA-N,1917-44-8,STopTox peer-reviewed curated experimental irritation dataset,https://doi.org/10.1289/EHP9341,"[""skin:id_input:863""]","[""explicit_curated_experimental_outcome_0"", ""absence_of_hazard_statement_not_used"", ""defined_single_structure"", ""exact_identity_deduplicated"", ""current_strong_conflicts_excluded"", ""external_holdout_quarantined"", ""oecd_404_or_whitelisted_equivalent""]",peer_reviewed_curated_experimental_negative,0.9,experimental,OECD Guideline 404 (Acute Dermal Irritation / Corrosion),not irritating / not classified (curated Outcome=0),not_reported_per_record_in_public_sdf,skin:id_input:863,c854fdea20b43b5ee2d392b42d0185eb928daf9d2a32129ac6603cf6ed53b68c,https://github.com/joyvb/stoptox,6ba3a7f82ab9fda8534f120114a566eec296e8ae,KODLDJGSBFMSDG-UHFFFAOYSA-N
CCOC(=O)C1CCC(C(=O)OCC)CC1,0,72903-27-6,KRJHRNUTLDTSKY-UHFFFAOYSA-N,72903-27-6,STopTox peer-reviewed curated experimental irritation dataset,https://doi.org/10.1289/EHP9341,"[""skin:id_input:1182""]","[""explicit_curated_experimental_outcome_0"", ""absence_of_hazard_statement_not_used"", ""defined_single_structure"", ""exact_identity_deduplicated"", ""current_strong_conflicts_excluded"", ""external_holdout_quarantined"", ""oecd_404_or_whitelisted_equivalent""]",peer_reviewed_curated_experimental_negative,0.9,experimental,EU Method B.4 (Acute Toxicity: Dermal Irritation / Corrosion),not irritating / not classified (curated Outcome=0),not_reported_per_record_in_public_sdf,skin:id_input:1182,c854fdea20b43b5ee2d392b42d0185eb928daf9d2a32129ac6603cf6ed53b68c,https://github.com/joyvb/stoptox,6ba3a7f82ab9fda8534f120114a566eec296e8ae,KRJHRNUTLDTSKY-UHFFFAOYSA-N
CN(C)C(=S)SSC(=S)N(C)C,0,[disulfanediylbis(carbonothioylnitrilo)]tetramethane,KUAZQDVKQLNFPE-UHFFFAOYSA-N,137-26-8,STopTox peer-reviewed curated experimental irritation dataset,https://doi.org/10.1289/EHP9341,"[""skin:id_input:3827""]","[""explicit_curated_experimental_outcome_0"", ""absence_of_hazard_statement_not_used"", ""defined_single_structure"", ""exact_identity_deduplicated"", ""current_strong_conflicts_excluded"", ""external_holdout_quarantined"", ""oecd_404_or_whitelisted_equivalent""]",peer_reviewed_curated_experimental_negative,0.9,experimental,EPA OPP 81-5 (Acute Dermal Irritation),not irritating / not classified (curated Outcome=0),not_reported_per_record_in_public_sdf,skin:id_input:3827,c854fdea20b43b5ee2d392b42d0185eb928daf9d2a32129ac6603cf6ed53b68c,https://github.com/joyvb/stoptox,6ba3a7f82ab9fda8534f120114a566eec296e8ae,KUAZQDVKQLNFPE-UHFFFAOYSA-N
CC(CCl)OP(=O)(OC(C)CCl)OC(C)CCl,0,tris(2-chloro-1-methylethyl) phosphate,KVMPUXDNESXNOH-UHFFFAOYSA-N,13674-84-5,STopTox peer-reviewed curated experimental irritation dataset,https://doi.org/10.1289/EHP9341,"[""skin:id_input:5171""]","[""explicit_curated_experimental_outcome_0"", ""absence_of_hazard_statement_not_used"", ""defined_single_structure"", ""exact_identity_deduplicated"", ""current_strong_conflicts_excluded"", ""external_holdout_quarantined"", ""oecd_404_or_whitelisted_equivalent""]",peer_reviewed_curated_experimental_negative,0.9,experimental,OECD Guideline 404 (Acute Dermal Irritation / Corrosion),not irritating / not classified (curated Outcome=0),not_reported_per_record_in_public_sdf,skin:id_input:5171,c854fdea20b43b5ee2d392b42d0185eb928daf9d2a32129ac6603cf6ed53b68c,https://github.com/joyvb/stoptox,6ba3a7f82ab9fda8534f120114a566eec296e8ae,KVMPUXDNESXNOH-UHFFFAOYSA-N
CCCCCC1C(=O)CCC1CC(=O)OC,0,methyl 2-(3-oxo-2-pentylcyclopentyl)acetate,KVWWIYGFBYDJQC-UHFFFAOYSA-N,24851-98-7,STopTox peer-reviewed curated experimental irritation dataset,https://doi.org/10.1289/EHP9341,"[""skin:id_input:4536""]","[""explicit_curated_experimental_outcome_0"", ""absence_of_hazard_statement_not_used"", ""defined_single_structure"", ""exact_identity_deduplicated"", ""current_strong_conflicts_excluded"", ""external_holdout_quarantined"", ""oecd_404_or_whitelisted_equivalent""]",peer_reviewed_curated_experimental_negative,0.9,experimental,OECD Guideline 404 (Acute Dermal Irritation / Corrosion),not irritating / not classified (curated Outcome=0),not_reported_per_record_in_public_sdf,skin:id_input:4536,c854fdea20b43b5ee2d392b42d0185eb928daf9d2a32129ac6603cf6ed53b68c,https://github.com/joyvb/stoptox,6ba3a7f82ab9fda8534f120114a566eec296e8ae,KVWWIYGFBYDJQC-UHFFFAOYSA-N
COC(C)=O,0,methyl acetate,KXKVLQRXCPHEJC-UHFFFAOYSA-N,79-20-9,STopTox peer-reviewed curated experimental irritation dataset,https://doi.org/10.1289/EHP9341,"[""skin:id_input:4557""]","[""explicit_curated_experimental_outcome_0"", ""absence_of_hazard_statement_not_used"", ""defined_single_structure"", ""exact_identity_deduplicated"", ""current_strong_conflicts_excluded"", ""external_holdout_quarantined"", ""oecd_404_or_whitelisted_equivalent""]",peer_reviewed_curated_experimental_negative,0.9,experimental,EU Method B.4 (Acute Toxicity: Dermal Irritation / Corrosion),not irritating / not classified (curated Outcome=0),not_reported_per_record_in_public_sdf,skin:id_input:4557,c854fdea20b43b5ee2d392b42d0185eb928daf9d2a32129ac6603cf6ed53b68c,https://github.com/joyvb/stoptox,6ba3a7f82ab9fda8534f120114a566eec296e8ae,KXKVLQRXCPHEJC-UHFFFAOYSA-N
O=C1CCC(=O)N1,0,"pyrrolidine-2,5-dione",KZNICNPSHKQLFF-UHFFFAOYSA-N,123-56-8,STopTox peer-reviewed curated experimental irritation dataset,https://doi.org/10.1289/EHP9341,"[""skin:id_input:4854""]","[""explicit_curated_experimental_outcome_0"", ""absence_of_hazard_statement_not_used"", ""defined_single_structure"", ""exact_identity_deduplicated"", ""current_strong_conflicts_excluded"", ""external_holdout_quarantined"", ""oecd_404_or_whitelisted_equivalent""]",peer_reviewed_curated_experimental_negative,0.9,experimental,OECD Guideline 404 (Acute Dermal Irritation / Corrosion),not irritating / not classified (curated Outcome=0),not_reported_per_record_in_public_sdf,skin:id_input:4854,c854fdea20b43b5ee2d392b42d0185eb928daf9d2a32129ac6603cf6ed53b68c,https://github.com/joyvb/stoptox,6ba3a7f82ab9fda8534f120114a566eec296e8ae,KZNICNPSHKQLFF-UHFFFAOYSA-N
C1=Cc2ccccc2Nc2ccccc21,0,"2-azatricyclo[9.4.0.0????,??????]pentadeca-1(11),3,5,7,9,12,14-heptaene",LCGTWRLJTMHIQZ-UHFFFAOYSA-N,256-96-2,STopTox peer-reviewed curated experimental irritation dataset,https://doi.org/10.1289/EHP9341,"[""skin:id_input:2401""]","[""explicit_curated_experimental_outcome_0"", ""absence_of_hazard_statement_not_used"", ""defined_single_structure"", ""exact_identity_deduplicated"", ""current_strong_conflicts_excluded"", ""external_holdout_quarantined"", ""oecd_404_or_whitelisted_equivalent""]",peer_reviewed_curated_experimental_negative,0.9,experimental,OECD Guideline 404 (Acute Dermal Irritation / Corrosion),not irritating / not classified (curated Outcome=0),not_reported_per_record_in_public_sdf,skin:id_input:2401,c854fdea20b43b5ee2d392b42d0185eb928daf9d2a32129ac6603cf6ed53b68c,https://github.com/joyvb/stoptox,6ba3a7f82ab9fda8534f120114a566eec296e8ae,LCGTWRLJTMHIQZ-UHFFFAOYSA-N
O=C1C2CC=CCC2C(=O)N1SC(Cl)(Cl)Cl,0,"2-[(trichloromethyl)sulfanyl]-2,3,3a,4,7,7a-hexahydro-1H-isoindole-1,3-dione",LDVVMCZRFWMZSG-UHFFFAOYSA-N,133-06-2,STopTox peer-reviewed curated experimental irritation dataset,https://doi.org/10.1289/EHP9341,"[""skin:id_input:2349""]","[""explicit_curated_experimental_outcome_0"", ""absence_of_hazard_statement_not_used"", ""defined_single_structure"", ""exact_identity_deduplicated"", ""current_strong_conflicts_excluded"", ""external_holdout_quarantined"", ""oecd_404_or_whitelisted_equivalent""]",peer_reviewed_curated_experimental_negative,0.9,experimental,OECD Guideline 404 (Acute Dermal Irritation / Corrosion),not irritating / not classified (curated Outcome=0),not_reported_per_record_in_public_sdf,skin:id_input:2349,c854fdea20b43b5ee2d392b42d0185eb928daf9d2a32129ac6603cf6ed53b68c,https://github.com/joyvb/stoptox,6ba3a7f82ab9fda8534f120114a566eec296e8ae,LDVVMCZRFWMZSG-UHFFFAOYSA-N
COc1ccc(C(=O)Nc2ccccc2)cc1N,0,3-amino-4-methoxy-N-phenylbenzamide,LHMQDVIHBXWNII-UHFFFAOYSA-N,120-35-4,STopTox peer-reviewed curated experimental irritation dataset,https://doi.org/10.1289/EHP9341,"[""skin:id_input:2724""]","[""explicit_curated_experimental_outcome_0"", ""absence_of_hazard_statement_not_used"", ""defined_single_structure"", ""exact_identity_deduplicated"", ""current_strong_conflicts_excluded"", ""external_holdout_quarantined"", ""oecd_404_or_whitelisted_equivalent""]",peer_reviewed_curated_experimental_negative,0.9,experimental,OECD Guideline 404 (Acute Dermal Irritation / Corrosion),not irritating / not classified (curated Outcome=0),not_reported_per_record_in_public_sdf,skin:id_input:2724,c854fdea20b43b5ee2d392b42d0185eb928daf9d2a32129ac6603cf6ed53b68c,https://github.com/joyvb/stoptox,6ba3a7f82ab9fda8534f120114a566eec296e8ae,LHMQDVIHBXWNII-UHFFFAOYSA-N
COc1cc(Br)c2c3c1OC1CC(=O)C=CC31CCNC2,0,unnamed [179108-06-6],LHTYAAGKZQWJSU-UHFFFAOYSA-N,179108-06-6,STopTox peer-reviewed curated experimental irritation dataset,https://doi.org/10.1289/EHP9341,"[""skin:id_input:5338""]","[""explicit_curated_experimental_outcome_0"", ""absence_of_hazard_statement_not_used"", ""defined_single_structure"", ""exact_identity_deduplicated"", ""current_strong_conflicts_excluded"", ""external_holdout_quarantined"", ""oecd_404_or_whitelisted_equivalent""]",peer_reviewed_curated_experimental_negative,0.9,experimental,OECD Guideline 404 (Acute Dermal Irritation / Corrosion),not irritating / not classified (curated Outcome=0),not_reported_per_record_in_public_sdf,skin:id_input:5338,c854fdea20b43b5ee2d392b42d0185eb928daf9d2a32129ac6603cf6ed53b68c,https://github.com/joyvb/stoptox,6ba3a7f82ab9fda8534f120114a566eec296e8ae,LHTYAAGKZQWJSU-UHFFFAOYSA-N
C[Si](C)(C)O[Si](O[Si](C)(C)C)(O[Si](C)(C)C)c1ccccc1,0,"2,2,6,6-tetramethyl-4-phenyl-4-[(trimethylsilyl)oxy]-3,5-dioxa-2,4,6-trisilaheptane",LINXHFKHZLOLEI-UHFFFAOYSA-N,2116-84-9,STopTox peer-reviewed curated experimental irritation dataset,https://doi.org/10.1289/EHP9341,"[""skin:id_input:2083""]","[""explicit_curated_experimental_outcome_0"", ""absence_of_hazard_statement_not_used"", ""defined_single_structure"", ""exact_identity_deduplicated"", ""current_strong_conflicts_excluded"", ""external_holdout_quarantined"", ""oecd_404_or_whitelisted_equivalent""]",peer_reviewed_curated_experimental_negative,0.9,experimental,OECD Guideline 404 (Acute Dermal Irritation / Corrosion),not irritating / not classified (curated Outcome=0),not_reported_per_record_in_public_sdf,skin:id_input:2083,c854fdea20b43b5ee2d392b42d0185eb928daf9d2a32129ac6603cf6ed53b68c,https://github.com/joyvb/stoptox,6ba3a7f82ab9fda8534f120114a566eec296e8ae,LINXHFKHZLOLEI-UHFFFAOYSA-N
CC(O)CNCC(C)O,0,1-[(2-hydroxypropyl)amino]propan-2-ol,LVTYICIALWPMFW-UHFFFAOYSA-N,110-97-4,STopTox peer-reviewed curated experimental irritation dataset,https://doi.org/10.1289/EHP9341,"[""skin:id_input:1870""]","[""explicit_curated_experimental_outcome_0"", ""absence_of_hazard_statement_not_used"", ""defined_single_structure"", ""exact_identity_deduplicated"", ""current_strong_conflicts_excluded"", ""external_holdout_quarantined"", ""oecd_404_or_whitelisted_equivalent""]",peer_reviewed_curated_experimental_negative,0.9,experimental,OECD Guideline 404 (Acute Dermal Irritation / Corrosion),not irritating / not classified (curated Outcome=0),not_reported_per_record_in_public_sdf,skin:id_input:1870,c854fdea20b43b5ee2d392b42d0185eb928daf9d2a32129ac6603cf6ed53b68c,https://github.com/joyvb/stoptox,6ba3a7f82ab9fda8534f120114a566eec296e8ae,LVTYICIALWPMFW-UHFFFAOYSA-N
CSc1ccc(C(=O)C(C)(C)N2CCOCC2)cc1,0,2-methyl-1-[4-(methylsulfanyl)phenyl]-2-(morpholin-4-yl)propan-1-one,LWRBVKNFOYUCNP-UHFFFAOYSA-N,71868-10-5,STopTox peer-reviewed curated experimental irritation dataset,https://doi.org/10.1289/EHP9341,"[""skin:id_input:2525""]","[""explicit_curated_experimental_outcome_0"", ""absence_of_hazard_statement_not_used"", ""defined_single_structure"", ""exact_identity_deduplicated"", ""current_strong_conflicts_excluded"", ""external_holdout_quarantined"", ""oecd_404_or_whitelisted_equivalent""]",peer_reviewed_curated_experimental_negative,0.9,experimental,OECD Guideline 404 (Acute Dermal Irritation / Corrosion),not irritating / not classified (curated Outcome=0),not_reported_per_record_in_public_sdf,skin:id_input:2525,c854fdea20b43b5ee2d392b42d0185eb928daf9d2a32129ac6603cf6ed53b68c,https://github.com/joyvb/stoptox,6ba3a7f82ab9fda8534f120114a566eec296e8ae,LWRBVKNFOYUCNP-UHFFFAOYSA-N
Nc1ccc(N2CCOCC2=O)cc1,0,438056-69-0,MHCRLDZZHOVFEE-UHFFFAOYSA-N,438056-69-0,STopTox peer-reviewed curated experimental irritation dataset,https://doi.org/10.1289/EHP9341,"[""skin:id_input:319""]","[""explicit_curated_experimental_outcome_0"", ""absence_of_hazard_statement_not_used"", ""defined_single_structure"", ""exact_identity_deduplicated"", ""current_strong_conflicts_excluded"", ""external_holdout_quarantined"", ""oecd_404_or_whitelisted_equivalent""]",peer_reviewed_curated_experimental_negative,0.9,experimental,OECD Guideline 404 (Acute Dermal Irritation / Corrosion),not irritating / not classified (curated Outcome=0),not_reported_per_record_in_public_sdf,skin:id_input:319,c854fdea20b43b5ee2d392b42d0185eb928daf9d2a32129ac6603cf6ed53b68c,https://github.com/joyvb/stoptox,6ba3a7f82ab9fda8534f120114a566eec296e8ae,MHCRLDZZHOVFEE-UHFFFAOYSA-N
COc1cc(NC(=O)CC(C)=O)c(OC)cc1Cl,0,"N-(4-chloro-2,5-dimethoxyphenyl)-3-oxobutanamide",MOUVJGIRLPZEES-UHFFFAOYSA-N,4433-79-8,STopTox peer-reviewed curated experimental irritation dataset,https://doi.org/10.1289/EHP9341,"[""skin:id_input:3454""]","[""explicit_curated_experimental_outcome_0"", ""absence_of_hazard_statement_not_used"", ""defined_single_structure"", ""exact_identity_deduplicated"", ""current_strong_conflicts_excluded"", ""external_holdout_quarantined"", ""oecd_404_or_whitelisted_equivalent""]",peer_reviewed_curated_experimental_negative,0.9,experimental,OECD Guideline 404 (Acute Dermal Irritation / Corrosion),not irritating / not classified (curated Outcome=0),not_reported_per_record_in_public_sdf,skin:id_input:3454,c854fdea20b43b5ee2d392b42d0185eb928daf9d2a32129ac6603cf6ed53b68c,https://github.com/joyvb/stoptox,6ba3a7f82ab9fda8534f120114a566eec296e8ae,MOUVJGIRLPZEES-UHFFFAOYSA-N
OCC1CN2CCN1CC2,0,"1,4-diazabicyclo[2.2.2]octan-2-ylmethanol",MPJZCYUPWINKPK-UHFFFAOYSA-N,76950-43-1,STopTox peer-reviewed curated experimental irritation dataset,https://doi.org/10.1289/EHP9341,"[""skin:id_input:1806""]","[""explicit_curated_experimental_outcome_0"", ""absence_of_hazard_statement_not_used"", ""defined_single_structure"", ""exact_identity_deduplicated"", ""current_strong_conflicts_excluded"", ""external_holdout_quarantined"", ""oecd_404_or_whitelisted_equivalent""]",peer_reviewed_curated_experimental_negative,0.9,experimental,OECD Guideline 404 (Acute Dermal Irritation / Corrosion),not irritating / not classified (curated Outcome=0),not_reported_per_record_in_public_sdf,skin:id_input:1806,c854fdea20b43b5ee2d392b42d0185eb928daf9d2a32129ac6603cf6ed53b68c,https://github.com/joyvb/stoptox,6ba3a7f82ab9fda8534f120114a566eec296e8ae,MPJZCYUPWINKPK-UHFFFAOYSA-N
CCOC(=O)C1=NOC(c2ccccc2)(c2ccccc2)C1,0,"ethyl 5,5-diphenyl-4,5-dihydro-1,2-oxazole-3-carboxylate",MWKVXOJATACCCH-UHFFFAOYSA-N,163520-33-0,STopTox peer-reviewed curated experimental irritation dataset,https://doi.org/10.1289/EHP9341,"[""skin:id_input:4350""]","[""explicit_curated_experimental_outcome_0"", ""absence_of_hazard_statement_not_used"", ""defined_single_structure"", ""exact_identity_deduplicated"", ""current_strong_conflicts_excluded"", ""external_holdout_quarantined"", ""oecd_404_or_whitelisted_equivalent""]",peer_reviewed_curated_experimental_negative,0.9,experimental,OECD Guideline 404 (Acute Dermal Irritation / Corrosion),not irritating / not classified (curated Outcome=0),not_reported_per_record_in_public_sdf,skin:id_input:4350,c854fdea20b43b5ee2d392b42d0185eb928daf9d2a32129ac6603cf6ed53b68c,https://github.com/joyvb/stoptox,6ba3a7f82ab9fda8534f120114a566eec296e8ae,MWKVXOJATACCCH-UHFFFAOYSA-N
COc1ccc(OC)c(N)c1,0,"2,5-dimethoxyaniline",NAZDVUBIEPVUKE-UHFFFAOYSA-N,102-56-7,STopTox peer-reviewed curated experimental irritation dataset,https://doi.org/10.1289/EHP9341,"[""skin:id_input:2136""]","[""explicit_curated_experimental_outcome_0"", ""absence_of_hazard_statement_not_used"", ""defined_single_structure"", ""exact_identity_deduplicated"", ""current_strong_conflicts_excluded"", ""external_holdout_quarantined"", ""oecd_404_or_whitelisted_equivalent""]",peer_reviewed_curated_experimental_negative,0.9,experimental,OECD Guideline 404 (Acute Dermal Irritation / Corrosion),not irritating / not classified (curated Outcome=0),not_reported_per_record_in_public_sdf,skin:id_input:2136,c854fdea20b43b5ee2d392b42d0185eb928daf9d2a32129ac6603cf6ed53b68c,https://github.com/joyvb/stoptox,6ba3a7f82ab9fda8534f120114a566eec296e8ae,NAZDVUBIEPVUKE-UHFFFAOYSA-N
NNc1ccc(S(N)(=O)=O)cc1,0,unnamed [17852-52-7],NBJSNAGTUCWQRO-UHFFFAOYSA-N,17852-52-7,STopTox peer-reviewed curated experimental irritation dataset,https://doi.org/10.1289/EHP9341,"[""skin:id_input:5337""]","[""explicit_curated_experimental_outcome_0"", ""absence_of_hazard_statement_not_used"", ""defined_single_structure"", ""exact_identity_deduplicated"", ""current_strong_conflicts_excluded"", ""external_holdout_quarantined"", ""oecd_404_or_whitelisted_equivalent""]",peer_reviewed_curated_experimental_negative,0.9,experimental,OECD Guideline 404 (Acute Dermal Irritation / Corrosion),not irritating / not classified (curated Outcome=0),not_reported_per_record_in_public_sdf,skin:id_input:5337,c854fdea20b43b5ee2d392b42d0185eb928daf9d2a32129ac6603cf6ed53b68c,https://github.com/joyvb/stoptox,6ba3a7f82ab9fda8534f120114a566eec296e8ae,NBJSNAGTUCWQRO-UHFFFAOYSA-N
N#Cc1ccccc1Cl,0,2-chlorobenzonitrile,NHWQMJMIYICNBP-UHFFFAOYSA-N,873-32-5,STopTox peer-reviewed curated experimental irritation dataset,https://doi.org/10.1289/EHP9341,"[""skin:id_input:2435""]","[""explicit_curated_experimental_outcome_0"", ""absence_of_hazard_statement_not_used"", ""defined_single_structure"", ""exact_identity_deduplicated"", ""current_strong_conflicts_excluded"", ""external_holdout_quarantined"", ""oecd_404_or_whitelisted_equivalent""]",peer_reviewed_curated_experimental_negative,0.9,experimental,OECD Guideline 404 (Acute Dermal Irritation / Corrosion),not irritating / not classified (curated Outcome=0),not_reported_per_record_in_public_sdf,skin:id_input:2435,c854fdea20b43b5ee2d392b42d0185eb928daf9d2a32129ac6603cf6ed53b68c,https://github.com/joyvb/stoptox,6ba3a7f82ab9fda8534f120114a566eec296e8ae,NHWQMJMIYICNBP-UHFFFAOYSA-N
O=Cc1cccc2c1OC(F)(F)O2,0,119895-68-0,NIBFJPXGNVPNHK-UHFFFAOYSA-N,119895-68-0,STopTox peer-reviewed curated experimental irritation dataset,https://doi.org/10.1289/EHP9341,"[""skin:id_input:1401""]","[""explicit_curated_experimental_outcome_0"", ""absence_of_hazard_statement_not_used"", ""defined_single_structure"", ""exact_identity_deduplicated"", ""current_strong_conflicts_excluded"", ""external_holdout_quarantined"", ""oecd_404_or_whitelisted_equivalent""]",peer_reviewed_curated_experimental_negative,0.9,experimental,OECD Guideline 404 (Acute Dermal Irritation / Corrosion),not irritating / not classified (curated Outcome=0),not_reported_per_record_in_public_sdf,skin:id_input:1401,c854fdea20b43b5ee2d392b42d0185eb928daf9d2a32129ac6603cf6ed53b68c,https://github.com/joyvb/stoptox,6ba3a7f82ab9fda8534f120114a566eec296e8ae,NIBFJPXGNVPNHK-UHFFFAOYSA-N
Nc1cc(Cl)nc(C(=O)O)c1Cl,0,150114-71-9,NIXXQNOQHKNPEJ-UHFFFAOYSA-N,150114-71-9,STopTox peer-reviewed curated experimental irritation dataset,https://doi.org/10.1289/EHP9341,"[""skin:id_input:428""]","[""explicit_curated_experimental_outcome_0"", ""absence_of_hazard_statement_not_used"", ""defined_single_structure"", ""exact_identity_deduplicated"", ""current_strong_conflicts_excluded"", ""external_holdout_quarantined"", ""oecd_404_or_whitelisted_equivalent""]",peer_reviewed_curated_experimental_negative,0.9,experimental,OECD Guideline 404 (Acute Dermal Irritation / Corrosion),not irritating / not classified (curated Outcome=0),not_reported_per_record_in_public_sdf,skin:id_input:428,c854fdea20b43b5ee2d392b42d0185eb928daf9d2a32129ac6603cf6ed53b68c,https://github.com/joyvb/stoptox,6ba3a7f82ab9fda8534f120114a566eec296e8ae,NIXXQNOQHKNPEJ-UHFFFAOYSA-N
CC[n+]1ccn(C)c1,0,65039-09-0,NJMWOUFKYKNWDW-UHFFFAOYSA-N,65039-09-0,STopTox peer-reviewed curated experimental irritation dataset,https://doi.org/10.1289/EHP9341,"[""skin:id_input:1319""]","[""explicit_curated_experimental_outcome_0"", ""absence_of_hazard_statement_not_used"", ""defined_single_structure"", ""exact_identity_deduplicated"", ""current_strong_conflicts_excluded"", ""external_holdout_quarantined"", ""oecd_404_or_whitelisted_equivalent""]",peer_reviewed_curated_experimental_negative,0.9,experimental,OECD Guideline 404 (Acute Dermal Irritation / Corrosion),not irritating / not classified (curated Outcome=0),not_reported_per_record_in_public_sdf,skin:id_input:1319,c854fdea20b43b5ee2d392b42d0185eb928daf9d2a32129ac6603cf6ed53b68c,https://github.com/joyvb/stoptox,6ba3a7f82ab9fda8534f120114a566eec296e8ae,NJMWOUFKYKNWDW-UHFFFAOYSA-N
CCCCOCCOC(=O)c1ccccc1,0,2-butoxyethyl benzoate,NMBQBIACXMPEQB-UHFFFAOYSA-N,5451-76-3,STopTox peer-reviewed curated experimental irritation dataset,https://doi.org/10.1289/EHP9341,"[""skin:id_input:2412""]","[""explicit_curated_experimental_outcome_0"", ""absence_of_hazard_statement_not_used"", ""defined_single_structure"", ""exact_identity_deduplicated"", ""current_strong_conflicts_excluded"", ""external_holdout_quarantined"", ""oecd_404_or_whitelisted_equivalent""]",peer_reviewed_curated_experimental_negative,0.9,experimental,OECD Guideline 404 (Acute Dermal Irritation / Corrosion),not irritating / not classified (curated Outcome=0),not_reported_per_record_in_public_sdf,skin:id_input:2412,c854fdea20b43b5ee2d392b42d0185eb928daf9d2a32129ac6603cf6ed53b68c,https://github.com/joyvb/stoptox,6ba3a7f82ab9fda8534f120114a566eec296e8ae,NMBQBIACXMPEQB-UHFFFAOYSA-N
CC1CCC(C(C)C)C(O)C1,0,"(1R,2S,5R)-5-methyl-2-(propan-2-yl)cyclohexan-1-ol",NOOLISFMXDJSKH-UHFFFAOYSA-N,2216-51-5,STopTox peer-reviewed curated experimental irritation dataset,https://doi.org/10.1289/EHP9341,"[""skin:id_input:15, 162, 163, 2514""]","[""explicit_curated_experimental_outcome_0"", ""absence_of_hazard_statement_not_used"", ""defined_single_structure"", ""exact_identity_deduplicated"", ""current_strong_conflicts_excluded"", ""external_holdout_quarantined"", ""oecd_404_or_whitelisted_equivalent""]",peer_reviewed_curated_experimental_negative,0.9,experimental,OECD Guideline 404 (Acute Dermal Irritation / Corrosion),not irritating / not classified (curated Outcome=0),not_reported_per_record_in_public_sdf,"skin:id_input:15, 162, 163, 2514",c854fdea20b43b5ee2d392b42d0185eb928daf9d2a32129ac6603cf6ed53b68c,https://github.com/joyvb/stoptox,6ba3a7f82ab9fda8534f120114a566eec296e8ae,NOOLISFMXDJSKH-UHFFFAOYSA-N
CC(C)COP(=S)(OCC(C)C)SCC(C)C(=O)O,0,268567-32-4,NPRQLWMILWHEDI-UHFFFAOYSA-N,268567-32-4,STopTox peer-reviewed curated experimental irritation dataset,https://doi.org/10.1289/EHP9341,"[""skin:id_input:1167""]","[""explicit_curated_experimental_outcome_0"", ""absence_of_hazard_statement_not_used"", ""defined_single_structure"", ""exact_identity_deduplicated"", ""current_strong_conflicts_excluded"", ""external_holdout_quarantined"", ""oecd_404_or_whitelisted_equivalent""]",peer_reviewed_curated_experimental_negative,0.9,experimental,OECD Guideline 404 (Acute Dermal Irritation / Corrosion),not irritating / not classified (curated Outcome=0),not_reported_per_record_in_public_sdf,skin:id_input:1167,c854fdea20b43b5ee2d392b42d0185eb928daf9d2a32129ac6603cf6ed53b68c,https://github.com/joyvb/stoptox,6ba3a7f82ab9fda8534f120114a566eec296e8ae,NPRQLWMILWHEDI-UHFFFAOYSA-N
O=[N+]([O-])c1ccc(Cl)c(Cl)c1,0,"1,2-dichloro-4-nitrobenzene",NTBYINQTYWZXLH-UHFFFAOYSA-N,99-54-7,STopTox peer-reviewed curated experimental irritation dataset,https://doi.org/10.1289/EHP9341,"[""skin:id_input:1729""]","[""explicit_curated_experimental_outcome_0"", ""absence_of_hazard_statement_not_used"", ""defined_single_structure"", ""exact_identity_deduplicated"", ""current_strong_conflicts_excluded"", ""external_holdout_quarantined"", ""oecd_404_or_whitelisted_equivalent""]",peer_reviewed_curated_experimental_negative,0.9,experimental,OECD Guideline 404 (Acute Dermal Irritation / Corrosion),not irritating / not classified (curated Outcome=0),not_reported_per_record_in_public_sdf,skin:id_input:1729,c854fdea20b43b5ee2d392b42d0185eb928daf9d2a32129ac6603cf6ed53b68c,https://github.com/joyvb/stoptox,6ba3a7f82ab9fda8534f120114a566eec296e8ae,NTBYINQTYWZXLH-UHFFFAOYSA-N
CCCCC(CC)COC(=O)C(C)Oc1ccc(Cl)cc1C,0,2-ethylhexyl 2-(4-chloro-2-methylphenoxy)propanoate,NWTKQOOQEPXMMW-UHFFFAOYSA-N,861229-15-4,STopTox peer-reviewed curated experimental irritation dataset,https://doi.org/10.1289/EHP9341,"[""skin:id_input:2460""]","[""explicit_curated_experimental_outcome_0"", ""absence_of_hazard_statement_not_used"", ""defined_single_structure"", ""exact_identity_deduplicated"", ""current_strong_conflicts_excluded"", ""external_holdout_quarantined"", ""oecd_404_or_whitelisted_equivalent""]",peer_reviewed_curated_experimental_negative,0.9,experimental,EPA OPP 81-5 (Acute Dermal Irritation),not irritating / not classified (curated Outcome=0),not_reported_per_record_in_public_sdf,skin:id_input:2460,c854fdea20b43b5ee2d392b42d0185eb928daf9d2a32129ac6603cf6ed53b68c,https://github.com/joyvb/stoptox,6ba3a7f82ab9fda8534f120114a566eec296e8ae,NWTKQOOQEPXMMW-UHFFFAOYSA-N
CCCCCCCCCCCCCCCCOC(=O)c1cc(C(C)(C)C)c(O)c(C(C)(C)C)c1,0,"hexadecyl 3,5-di-tert-butyl-4-hydroxybenzoate",NZYMWGXNIUZYRC-UHFFFAOYSA-N,67845-93-6,STopTox peer-reviewed curated experimental irritation dataset,https://doi.org/10.1289/EHP9341,"[""skin:id_input:4459""]","[""explicit_curated_experimental_outcome_0"", ""absence_of_hazard_statement_not_used"", ""defined_single_structure"", ""exact_identity_deduplicated"", ""current_strong_conflicts_excluded"", ""external_holdout_quarantined"", ""oecd_404_or_whitelisted_equivalent""]",peer_reviewed_curated_experimental_negative,0.9,experimental,OECD Guideline 404 (Acute Dermal Irritation / Corrosion),not irritating / not classified (curated Outcome=0),not_reported_per_record_in_public_sdf,skin:id_input:4459,c854fdea20b43b5ee2d392b42d0185eb928daf9d2a32129ac6603cf6ed53b68c,https://github.com/joyvb/stoptox,6ba3a7f82ab9fda8534f120114a566eec296e8ae,NZYMWGXNIUZYRC-UHFFFAOYSA-N
COc1ccc(OC)cc1,0,"1,4-dimethoxybenzene",OHBQPCCCRFSCAX-UHFFFAOYSA-N,150-78-7,STopTox peer-reviewed curated experimental irritation dataset,https://doi.org/10.1289/EHP9341,"[""skin:id_input:1813, 1814""]","[""explicit_curated_experimental_outcome_0"", ""absence_of_hazard_statement_not_used"", ""defined_single_structure"", ""exact_identity_deduplicated"", ""current_strong_conflicts_excluded"", ""external_holdout_quarantined"", ""oecd_404_or_whitelisted_equivalent""]",peer_reviewed_curated_experimental_negative,0.9,experimental,OECD Guideline 404 (Acute Dermal Irritation / Corrosion),not irritating / not classified (curated Outcome=0),not_reported_per_record_in_public_sdf,"skin:id_input:1813, 1814",c854fdea20b43b5ee2d392b42d0185eb928daf9d2a32129ac6603cf6ed53b68c,https://github.com/joyvb/stoptox,6ba3a7f82ab9fda8534f120114a566eec296e8ae,OHBQPCCCRFSCAX-UHFFFAOYSA-N
C=CC(=O)NC(C)(C)CC(C)=O,0,N-(2-methyl-4-oxopentan-2-yl)prop-2-enamide,OMNKZBIFPJNNIO-UHFFFAOYSA-N,2873-97-4,STopTox peer-reviewed curated experimental irritation dataset,https://doi.org/10.1289/EHP9341,"[""skin:id_input:3433""]","[""explicit_curated_experimental_outcome_0"", ""absence_of_hazard_statement_not_used"", ""defined_single_structure"", ""exact_identity_deduplicated"", ""current_strong_conflicts_excluded"", ""external_holdout_quarantined"", ""oecd_404_or_whitelisted_equivalent""]",peer_reviewed_curated_experimental_negative,0.9,experimental,EU Method B.4 (Acute Toxicity: Dermal Irritation / Corrosion),not irritating / not classified (curated Outcome=0),not_reported_per_record_in_public_sdf,skin:id_input:3433,c854fdea20b43b5ee2d392b42d0185eb928daf9d2a32129ac6603cf6ed53b68c,https://github.com/joyvb/stoptox,6ba3a7f82ab9fda8534f120114a566eec296e8ae,OMNKZBIFPJNNIO-UHFFFAOYSA-N
CS(=O)(=O)c1ccc(C(O)=C2C(=O)CCCC2=O)c(Cl)c1COCC1CCCO1,0,unnamed [473278-76-1],OMQDSOISVUBCFO-UHFFFAOYSA-N,473278-76-1,STopTox peer-reviewed curated experimental irritation dataset,https://doi.org/10.1289/EHP9341,"[""skin:id_input:5401""]","[""explicit_curated_experimental_outcome_0"", ""absence_of_hazard_statement_not_used"", ""defined_single_structure"", ""exact_identity_deduplicated"", ""current_strong_conflicts_excluded"", ""external_holdout_quarantined"", ""oecd_404_or_whitelisted_equivalent""]",peer_reviewed_curated_experimental_negative,0.9,experimental,OECD Guideline 404 (Acute Dermal Irritation / Corrosion),not irritating / not classified (curated Outcome=0),not_reported_per_record_in_public_sdf,skin:id_input:5401,c854fdea20b43b5ee2d392b42d0185eb928daf9d2a32129ac6603cf6ed53b68c,https://github.com/joyvb/stoptox,6ba3a7f82ab9fda8534f120114a566eec296e8ae,OMQDSOISVUBCFO-UHFFFAOYSA-N
CC(C)C(=O)OCC(C)(C)C(OC(=O)C(C)C)C(C)C,0,"2,2,4-trimethyl-1-[(2-methylpropanoyl)oxy]pentan-3-yl 2-methylpropanoate",OMVSWZDEEGIJJI-UHFFFAOYSA-N,6846-50-0,STopTox peer-reviewed curated experimental irritation dataset,https://doi.org/10.1289/EHP9341,"[""skin:id_input:2077""]","[""explicit_curated_experimental_outcome_0"", ""absence_of_hazard_statement_not_used"", ""defined_single_structure"", ""exact_identity_deduplicated"", ""current_strong_conflicts_excluded"", ""external_holdout_quarantined"", ""oecd_404_or_whitelisted_equivalent""]",peer_reviewed_curated_experimental_negative,0.9,experimental,OECD Guideline 404 (Acute Dermal Irritation / Corrosion),not irritating / not classified (curated Outcome=0),not_reported_per_record_in_public_sdf,skin:id_input:2077,c854fdea20b43b5ee2d392b42d0185eb928daf9d2a32129ac6603cf6ed53b68c,https://github.com/joyvb/stoptox,6ba3a7f82ab9fda8534f120114a566eec296e8ae,OMVSWZDEEGIJJI-UHFFFAOYSA-N
O=C(OCCc1ccccc1)c1ccccc1,0,2-phenylethyl benzoate,OSORMYZMWHVFOZ-UHFFFAOYSA-N,94-47-3,STopTox peer-reviewed curated experimental irritation dataset,https://doi.org/10.1289/EHP9341,"[""skin:id_input:2597""]","[""explicit_curated_experimental_outcome_0"", ""absence_of_hazard_statement_not_used"", ""defined_single_structure"", ""exact_identity_deduplicated"", ""current_strong_conflicts_excluded"", ""external_holdout_quarantined"", ""oecd_404_or_whitelisted_equivalent""]",peer_reviewed_curated_experimental_negative,0.9,experimental,OECD Guideline 404 (Acute Dermal Irritation / Corrosion),not irritating / not classified (curated Outcome=0),not_reported_per_record_in_public_sdf,skin:id_input:2597,c854fdea20b43b5ee2d392b42d0185eb928daf9d2a32129ac6603cf6ed53b68c,https://github.com/joyvb/stoptox,6ba3a7f82ab9fda8534f120114a566eec296e8ae,OSORMYZMWHVFOZ-UHFFFAOYSA-N
C=Cn1ccnc1,0,1-vinyl-1H-imidazole,OSSNTDFYBPYIEC-UHFFFAOYSA-N,1072-63-5,STopTox peer-reviewed curated experimental irritation dataset,https://doi.org/10.1289/EHP9341,"[""skin:id_input:1964""]","[""explicit_curated_experimental_outcome_0"", ""absence_of_hazard_statement_not_used"", ""defined_single_structure"", ""exact_identity_deduplicated"", ""current_strong_conflicts_excluded"", ""external_holdout_quarantined"", ""oecd_404_or_whitelisted_equivalent""]",peer_reviewed_curated_experimental_negative,0.9,experimental,OECD Guideline 404 (Acute Dermal Irritation / Corrosion),not irritating / not classified (curated Outcome=0),not_reported_per_record_in_public_sdf,skin:id_input:1964,c854fdea20b43b5ee2d392b42d0185eb928daf9d2a32129ac6603cf6ed53b68c,https://github.com/joyvb/stoptox,6ba3a7f82ab9fda8534f120114a566eec296e8ae,OSSNTDFYBPYIEC-UHFFFAOYSA-N
O=C(O)c1ccc([N+](=O)[O-])cc1,0,4-nitrobenzoic acid,OTLNPYWUJOZPPA-UHFFFAOYSA-N,62-23-7,STopTox peer-reviewed curated experimental irritation dataset,https://doi.org/10.1289/EHP9341,"[""skin:id_input:2928""]","[""explicit_curated_experimental_outcome_0"", ""absence_of_hazard_statement_not_used"", ""defined_single_structure"", ""exact_identity_deduplicated"", ""current_strong_conflicts_excluded"", ""external_holdout_quarantined"", ""oecd_404_or_whitelisted_equivalent""]",peer_reviewed_curated_experimental_negative,0.9,experimental,OECD Guideline 404 (Acute Dermal Irritation / Corrosion),not irritating / not classified (curated Outcome=0),not_reported_per_record_in_public_sdf,skin:id_input:2928,c854fdea20b43b5ee2d392b42d0185eb928daf9d2a32129ac6603cf6ed53b68c,https://github.com/joyvb/stoptox,6ba3a7f82ab9fda8534f120114a566eec296e8ae,OTLNPYWUJOZPPA-UHFFFAOYSA-N
CCCCCCCCCCCCCCCC=CCC(CC(=O)O)C(=O)O,0,octadec-2-enylsuccinic acid,OVQJAEGJPUEXQD-UHFFFAOYSA-N,68015-93-0,STopTox peer-reviewed curated experimental irritation dataset,https://doi.org/10.1289/EHP9341,"[""skin:id_input:4706""]","[""explicit_curated_experimental_outcome_0"", ""absence_of_hazard_statement_not_used"", ""defined_single_structure"", ""exact_identity_deduplicated"", ""current_strong_conflicts_excluded"", ""external_holdout_quarantined"", ""oecd_404_or_whitelisted_equivalent""]",peer_reviewed_curated_experimental_negative,0.9,experimental,OECD Guideline 404 (Acute Dermal Irritation / Corrosion),not irritating / not classified (curated Outcome=0),not_reported_per_record_in_public_sdf,skin:id_input:4706,c854fdea20b43b5ee2d392b42d0185eb928daf9d2a32129ac6603cf6ed53b68c,https://github.com/joyvb/stoptox,6ba3a7f82ab9fda8534f120114a566eec296e8ae,OVQJAEGJPUEXQD-UHFFFAOYSA-N
CC1(C)CC(NC(=O)c2cccc(C(=O)NC3CC(C)(C)NC(C)(C)C3)c2)CC(C)(C)N1,0,"1-N,3-N-bis(2,2,6,6-tetramethylpiperidin-4-yl)benzene-1,3-dicarboxamide",OYNOCRWQLLIRON-UHFFFAOYSA-N,42774-15-2,STopTox peer-reviewed curated experimental irritation dataset,https://doi.org/10.1289/EHP9341,"[""skin:id_input:1859""]","[""explicit_curated_experimental_outcome_0"", ""absence_of_hazard_statement_not_used"", ""defined_single_structure"", ""exact_identity_deduplicated"", ""current_strong_conflicts_excluded"", ""external_holdout_quarantined"", ""oecd_404_or_whitelisted_equivalent""]",peer_reviewed_curated_experimental_negative,0.9,experimental,OECD Guideline 404 (Acute Dermal Irritation / Corrosion),not irritating / not classified (curated Outcome=0),not_reported_per_record_in_public_sdf,skin:id_input:1859,c854fdea20b43b5ee2d392b42d0185eb928daf9d2a32129ac6603cf6ed53b68c,https://github.com/joyvb/stoptox,6ba3a7f82ab9fda8534f120114a566eec296e8ae,OYNOCRWQLLIRON-UHFFFAOYSA-N
O=C1CCCCCO1,0,oxepan-2-one,PAPBSGBWRJIAAV-UHFFFAOYSA-N,502-44-3,STopTox peer-reviewed curated experimental irritation dataset,https://doi.org/10.1289/EHP9341,"[""skin:id_input:4736""]","[""explicit_curated_experimental_outcome_0"", ""absence_of_hazard_statement_not_used"", ""defined_single_structure"", ""exact_identity_deduplicated"", ""current_strong_conflicts_excluded"", ""external_holdout_quarantined"", ""oecd_404_or_whitelisted_equivalent""]",peer_reviewed_curated_experimental_negative,0.9,experimental,OECD Guideline 404 (Acute Dermal Irritation / Corrosion),not irritating / not classified (curated Outcome=0),not_reported_per_record_in_public_sdf,skin:id_input:4736,c854fdea20b43b5ee2d392b42d0185eb928daf9d2a32129ac6603cf6ed53b68c,https://github.com/joyvb/stoptox,6ba3a7f82ab9fda8534f120114a566eec296e8ae,PAPBSGBWRJIAAV-UHFFFAOYSA-N
OC(Cc1ccccc1Cl)(CN1NCNC1=S)C1(Cl)CC1,0,222408-90-4,PCARSQBZDYOIPU-UHFFFAOYSA-N,222408-90-4,STopTox peer-reviewed curated experimental irritation dataset,https://doi.org/10.1289/EHP9341,"[""skin:id_input:400""]","[""explicit_curated_experimental_outcome_0"", ""absence_of_hazard_statement_not_used"", ""defined_single_structure"", ""exact_identity_deduplicated"", ""current_strong_conflicts_excluded"", ""external_holdout_quarantined"", ""oecd_404_or_whitelisted_equivalent""]",peer_reviewed_curated_experimental_negative,0.9,experimental,EU Method B.4 (Acute Toxicity: Dermal Irritation / Corrosion),not irritating / not classified (curated Outcome=0),not_reported_per_record_in_public_sdf,skin:id_input:400,c854fdea20b43b5ee2d392b42d0185eb928daf9d2a32129ac6603cf6ed53b68c,https://github.com/joyvb/stoptox,6ba3a7f82ab9fda8534f120114a566eec296e8ae,PCARSQBZDYOIPU-UHFFFAOYSA-N
CC1C2CC(CC2C2CCC(O)CC2)C1(C)C,0,"4-{5,5,6-trimethylbicyclo[2.2.1]heptan-2-yl}cyclohexan-1-ol",PCFHYANYPQEMPU-UHFFFAOYSA-N,66068-84-6,STopTox peer-reviewed curated experimental irritation dataset,https://doi.org/10.1289/EHP9341,"[""skin:id_input:2940""]","[""explicit_curated_experimental_outcome_0"", ""absence_of_hazard_statement_not_used"", ""defined_single_structure"", ""exact_identity_deduplicated"", ""current_strong_conflicts_excluded"", ""external_holdout_quarantined"", ""oecd_404_or_whitelisted_equivalent""]",peer_reviewed_curated_experimental_negative,0.9,experimental,OECD Guideline 404 (Acute Dermal Irritation / Corrosion),not irritating / not classified (curated Outcome=0),not_reported_per_record_in_public_sdf,skin:id_input:2940,c854fdea20b43b5ee2d392b42d0185eb928daf9d2a32129ac6603cf6ed53b68c,https://github.com/joyvb/stoptox,6ba3a7f82ab9fda8534f120114a566eec296e8ae,PCFHYANYPQEMPU-UHFFFAOYSA-N
CC(C)(C)c1cc(C(C)(C)C)c(O)c(C(C)(C)C)c1,0,"2,4,6-tri-tert-butylphenol",PFEFOYRSMXVNEL-UHFFFAOYSA-N,732-26-3,STopTox peer-reviewed curated experimental irritation dataset,https://doi.org/10.1289/EHP9341,"[""skin:id_input:2111""]","[""explicit_curated_experimental_outcome_0"", ""absence_of_hazard_statement_not_used"", ""defined_single_structure"", ""exact_identity_deduplicated"", ""current_strong_conflicts_excluded"", ""external_holdout_quarantined"", ""oecd_404_or_whitelisted_equivalent""]",peer_reviewed_curated_experimental_negative,0.9,experimental,OECD Guideline 404 (Acute Dermal Irritation / Corrosion),not irritating / not classified (curated Outcome=0),not_reported_per_record_in_public_sdf,skin:id_input:2111,c854fdea20b43b5ee2d392b42d0185eb928daf9d2a32129ac6603cf6ed53b68c,https://github.com/joyvb/stoptox,6ba3a7f82ab9fda8534f120114a566eec296e8ae,PFEFOYRSMXVNEL-UHFFFAOYSA-N
CC1COc2ccccc2N1C(=O)C(Cl)Cl,0,98730-04-2,PFJJMJDEVDLPNE-UHFFFAOYSA-N,98730-04-2,STopTox peer-reviewed curated experimental irritation dataset,https://doi.org/10.1289/EHP9341,"[""skin:id_input:372""]","[""explicit_curated_experimental_outcome_0"", ""absence_of_hazard_statement_not_used"", ""defined_single_structure"", ""exact_identity_deduplicated"", ""current_strong_conflicts_excluded"", ""external_holdout_quarantined"", ""oecd_404_or_whitelisted_equivalent""]",peer_reviewed_curated_experimental_negative,0.9,experimental,OECD Guideline 404 (Acute Dermal Irritation / Corrosion),not irritating / not classified (curated Outcome=0),not_reported_per_record_in_public_sdf,skin:id_input:372,c854fdea20b43b5ee2d392b42d0185eb928daf9d2a32129ac6603cf6ed53b68c,https://github.com/joyvb/stoptox,6ba3a7f82ab9fda8534f120114a566eec296e8ae,PFJJMJDEVDLPNE-UHFFFAOYSA-N
O=[N+]([O-])c1ccc(O)c(CCl)c1,0,"10,11-dioctylicosanedioic acid; 8-[2-(7-carboxyheptyl)-5,6-dipentyl-decahydronaphthalen-1-yl]octanoic acid; 9-[6-(8-carboxyoctyl)-2-heptyl-3-pentylcyclohexyl]nonanoic acid",PJNPZIYGODMAQE-UHFFFAOYSA-N,68783-41-5,STopTox peer-reviewed curated experimental irritation dataset,https://doi.org/10.1289/EHP9341,"[""skin:id_input:1973, 1974""]","[""explicit_curated_experimental_outcome_0"", ""absence_of_hazard_statement_not_used"", ""defined_single_structure"", ""exact_identity_deduplicated"", ""current_strong_conflicts_excluded"", ""external_holdout_quarantined"", ""oecd_404_or_whitelisted_equivalent""]",peer_reviewed_curated_experimental_negative,0.9,experimental,EU Method B.4 (Acute Toxicity: Dermal Irritation / Corrosion),not irritating / not classified (curated Outcome=0),not_reported_per_record_in_public_sdf,"skin:id_input:1973, 1974",c854fdea20b43b5ee2d392b42d0185eb928daf9d2a32129ac6603cf6ed53b68c,https://github.com/joyvb/stoptox,6ba3a7f82ab9fda8534f120114a566eec296e8ae,PJNPZIYGODMAQE-UHFFFAOYSA-N
COC(=O)CSP(=S)(OC)OC,0,methyl [(dimethoxyphosphorothioyl)sulfanyl]acetate,PLZVCZLWZIJPPO-UHFFFAOYSA-N,757-86-8,STopTox peer-reviewed curated experimental irritation dataset,https://doi.org/10.1289/EHP9341,"[""skin:id_input:4556""]","[""explicit_curated_experimental_outcome_0"", ""absence_of_hazard_statement_not_used"", ""defined_single_structure"", ""exact_identity_deduplicated"", ""current_strong_conflicts_excluded"", ""external_holdout_quarantined"", ""oecd_404_or_whitelisted_equivalent""]",peer_reviewed_curated_experimental_negative,0.9,experimental,OECD Guideline 404 (Acute Dermal Irritation / Corrosion),not irritating / not classified (curated Outcome=0),not_reported_per_record_in_public_sdf,skin:id_input:4556,c854fdea20b43b5ee2d392b42d0185eb928daf9d2a32129ac6603cf6ed53b68c,https://github.com/joyvb/stoptox,6ba3a7f82ab9fda8534f120114a566eec296e8ae,PLZVCZLWZIJPPO-UHFFFAOYSA-N
CCCCOCCO,0,"Poly(oxy-1,2-ethanediyl), ????-butyl-?????-hydroxy-",POAOYUHQDCAZBD-UHFFFAOYSA-N,9004-77-7,STopTox peer-reviewed curated experimental irritation dataset,https://doi.org/10.1289/EHP9341,"[""skin:id_input:3553""]","[""explicit_curated_experimental_outcome_0"", ""absence_of_hazard_statement_not_used"", ""defined_single_structure"", ""exact_identity_deduplicated"", ""current_strong_conflicts_excluded"", ""external_holdout_quarantined"", ""oecd_404_or_whitelisted_equivalent""]",peer_reviewed_curated_experimental_negative,0.9,experimental,OECD Guideline 404 (Acute Dermal Irritation / Corrosion),not irritating / not classified (curated Outcome=0),not_reported_per_record_in_public_sdf,skin:id_input:3553,c854fdea20b43b5ee2d392b42d0185eb928daf9d2a32129ac6603cf6ed53b68c,https://github.com/joyvb/stoptox,6ba3a7f82ab9fda8534f120114a566eec296e8ae,POAOYUHQDCAZBD-UHFFFAOYSA-N
CC(=O)C=CC1=C(C)CCCC1(C)C,0,"4-(2,6,6-trimethylcyclohex-1-en-1-yl)but-3-en-2-one",PSQYTAPXSHCGMF-UHFFFAOYSA-N,79-77-6,STopTox peer-reviewed curated experimental irritation dataset,https://doi.org/10.1289/EHP9341,"[""skin:id_input:2818""]","[""explicit_curated_experimental_outcome_0"", ""absence_of_hazard_statement_not_used"", ""defined_single_structure"", ""exact_identity_deduplicated"", ""current_strong_conflicts_excluded"", ""external_holdout_quarantined"", ""oecd_404_or_whitelisted_equivalent""]",peer_reviewed_curated_experimental_negative,0.9,experimental,OECD Guideline 404 (Acute Dermal Irritation / Corrosion),not irritating / not classified (curated Outcome=0),not_reported_per_record_in_public_sdf,skin:id_input:2818,c854fdea20b43b5ee2d392b42d0185eb928daf9d2a32129ac6603cf6ed53b68c,https://github.com/joyvb/stoptox,6ba3a7f82ab9fda8534f120114a566eec296e8ae,PSQYTAPXSHCGMF-UHFFFAOYSA-N
CCCCCC1(C)CCC(C)(C)C1=O,0,"2,2,5-trimethyl-5-pentylcyclopentanone",PUKWIVZFEZFVAT-UHFFFAOYSA-N,65443-14-3,STopTox peer-reviewed curated experimental irritation dataset,https://doi.org/10.1289/EHP9341,"[""skin:id_input:2082""]","[""explicit_curated_experimental_outcome_0"", ""absence_of_hazard_statement_not_used"", ""defined_single_structure"", ""exact_identity_deduplicated"", ""current_strong_conflicts_excluded"", ""external_holdout_quarantined"", ""oecd_404_or_whitelisted_equivalent""]",peer_reviewed_curated_experimental_negative,0.9,experimental,OECD Guideline 404 (Acute Dermal Irritation / Corrosion),not irritating / not classified (curated Outcome=0),not_reported_per_record_in_public_sdf,skin:id_input:2082,c854fdea20b43b5ee2d392b42d0185eb928daf9d2a32129ac6603cf6ed53b68c,https://github.com/joyvb/stoptox,6ba3a7f82ab9fda8534f120114a566eec296e8ae,PUKWIVZFEZFVAT-UHFFFAOYSA-N
CCCCCCOC(CO)CO,0,10305-38-1,PXWAQUODOTWYMT-UHFFFAOYSA-N,10305-38-1,STopTox peer-reviewed curated experimental irritation dataset,https://doi.org/10.1289/EHP9341,"[""skin:id_input:322""]","[""explicit_curated_experimental_outcome_0"", ""absence_of_hazard_statement_not_used"", ""defined_single_structure"", ""exact_identity_deduplicated"", ""current_strong_conflicts_excluded"", ""external_holdout_quarantined"", ""oecd_404_or_whitelisted_equivalent""]",peer_reviewed_curated_experimental_negative,0.9,experimental,OECD Guideline 404 (Acute Dermal Irritation / Corrosion),not irritating / not classified (curated Outcome=0),not_reported_per_record_in_public_sdf,skin:id_input:322,c854fdea20b43b5ee2d392b42d0185eb928daf9d2a32129ac6603cf6ed53b68c,https://github.com/joyvb/stoptox,6ba3a7f82ab9fda8534f120114a566eec296e8ae,PXWAQUODOTWYMT-UHFFFAOYSA-N
COC(OC)OC,0,trimethoxymethane,PYOKUURKVVELLB-UHFFFAOYSA-N,149-73-5,STopTox peer-reviewed curated experimental irritation dataset,https://doi.org/10.1289/EHP9341,"[""skin:id_input:5155""]","[""explicit_curated_experimental_outcome_0"", ""absence_of_hazard_statement_not_used"", ""defined_single_structure"", ""exact_identity_deduplicated"", ""current_strong_conflicts_excluded"", ""external_holdout_quarantined"", ""oecd_404_or_whitelisted_equivalent""]",peer_reviewed_curated_experimental_negative,0.9,experimental,OECD Guideline 404 (Acute Dermal Irritation / Corrosion),not irritating / not classified (curated Outcome=0),not_reported_per_record_in_public_sdf,skin:id_input:5155,c854fdea20b43b5ee2d392b42d0185eb928daf9d2a32129ac6603cf6ed53b68c,https://github.com/joyvb/stoptox,6ba3a7f82ab9fda8534f120114a566eec296e8ae,PYOKUURKVVELLB-UHFFFAOYSA-N
COc1cc(NC(=O)c2cc3ccccc3cc2O)c(OC)cc1Cl,0,"(Z)-N-(4-chloro-2,5-dimethoxyphenyl)-3-hydroxynaphthalene-2-carboximidic acid",QIHKTBRNOLQDGQ-UHFFFAOYSA-N,4273-92-1,STopTox peer-reviewed curated experimental irritation dataset,https://doi.org/10.1289/EHP9341,"[""skin:id_input:145""]","[""explicit_curated_experimental_outcome_0"", ""absence_of_hazard_statement_not_used"", ""defined_single_structure"", ""exact_identity_deduplicated"", ""current_strong_conflicts_excluded"", ""external_holdout_quarantined"", ""oecd_404_or_whitelisted_equivalent""]",peer_reviewed_curated_experimental_negative,0.9,experimental,OECD Guideline 404 (Acute Dermal Irritation / Corrosion),not irritating / not classified (curated Outcome=0),not_reported_per_record_in_public_sdf,skin:id_input:145,c854fdea20b43b5ee2d392b42d0185eb928daf9d2a32129ac6603cf6ed53b68c,https://github.com/joyvb/stoptox,6ba3a7f82ab9fda8534f120114a566eec296e8ae,QIHKTBRNOLQDGQ-UHFFFAOYSA-N
NC(=O)c1ccc(N)cc1,0,4-aminobenzamide,QIKYZXDTTPVVAC-UHFFFAOYSA-N,2835-68-9,STopTox peer-reviewed curated experimental irritation dataset,https://doi.org/10.1289/EHP9341,"[""skin:id_input:2881""]","[""explicit_curated_experimental_outcome_0"", ""absence_of_hazard_statement_not_used"", ""defined_single_structure"", ""exact_identity_deduplicated"", ""current_strong_conflicts_excluded"", ""external_holdout_quarantined"", ""oecd_404_or_whitelisted_equivalent""]",peer_reviewed_curated_experimental_negative,0.9,experimental,OECD Guideline 404 (Acute Dermal Irritation / Corrosion),not irritating / not classified (curated Outcome=0),not_reported_per_record_in_public_sdf,skin:id_input:2881,c854fdea20b43b5ee2d392b42d0185eb928daf9d2a32129ac6603cf6ed53b68c,https://github.com/joyvb/stoptox,6ba3a7f82ab9fda8534f120114a566eec296e8ae,QIKYZXDTTPVVAC-UHFFFAOYSA-N
CCCCCCCCCCCCCCCCCC(=O)O,0,2-methylheptadecanoic acid,QIQXTHQIDYTFRH-UHFFFAOYSA-N,30399-84-9,STopTox peer-reviewed curated experimental irritation dataset,https://doi.org/10.1289/EHP9341,"[""skin:id_input:2545, 4714""]","[""explicit_curated_experimental_outcome_0"", ""absence_of_hazard_statement_not_used"", ""defined_single_structure"", ""exact_identity_deduplicated"", ""current_strong_conflicts_excluded"", ""external_holdout_quarantined"", ""oecd_404_or_whitelisted_equivalent""]",peer_reviewed_curated_experimental_negative,0.9,experimental,OECD Guideline 404 (Acute Dermal Irritation / Corrosion),not irritating / not classified (curated Outcome=0),not_reported_per_record_in_public_sdf,"skin:id_input:2545, 4714",c854fdea20b43b5ee2d392b42d0185eb928daf9d2a32129ac6603cf6ed53b68c,https://github.com/joyvb/stoptox,6ba3a7f82ab9fda8534f120114a566eec296e8ae,QIQXTHQIDYTFRH-UHFFFAOYSA-N
C=C(C)C(=O)Oc1ccccc1,0,phenyl methacrylate,QIWKUEJZZCOPFV-UHFFFAOYSA-N,2177-70-0,STopTox peer-reviewed curated experimental irritation dataset,https://doi.org/10.1289/EHP9341,"[""skin:id_input:4798""]","[""explicit_curated_experimental_outcome_0"", ""absence_of_hazard_statement_not_used"", ""defined_single_structure"", ""exact_identity_deduplicated"", ""current_strong_conflicts_excluded"", ""external_holdout_quarantined"", ""oecd_404_or_whitelisted_equivalent""]",peer_reviewed_curated_experimental_negative,0.9,experimental,EU Method B.4 (Acute Toxicity: Dermal Irritation / Corrosion),not irritating / not classified (curated Outcome=0),not_reported_per_record_in_public_sdf,skin:id_input:4798,c854fdea20b43b5ee2d392b42d0185eb928daf9d2a32129ac6603cf6ed53b68c,https://github.com/joyvb/stoptox,6ba3a7f82ab9fda8534f120114a566eec296e8ae,QIWKUEJZZCOPFV-UHFFFAOYSA-N
C=C(Br)C(F)(F)F,0,"2-bromo-3,3,3-trifluoroprop-1-ene",QKBKGNDTLQFSEU-UHFFFAOYSA-N,1514-82-5,STopTox peer-reviewed curated experimental irritation dataset,https://doi.org/10.1289/EHP9341,"[""skin:id_input:2410""]","[""explicit_curated_experimental_outcome_0"", ""absence_of_hazard_statement_not_used"", ""defined_single_structure"", ""exact_identity_deduplicated"", ""current_strong_conflicts_excluded"", ""external_holdout_quarantined"", ""oecd_404_or_whitelisted_equivalent""]",peer_reviewed_curated_experimental_negative,0.9,experimental,EU Method B.4 (Acute Toxicity: Dermal Irritation / Corrosion),not irritating / not classified (curated Outcome=0),not_reported_per_record_in_public_sdf,skin:id_input:2410,c854fdea20b43b5ee2d392b42d0185eb928daf9d2a32129ac6603cf6ed53b68c,https://github.com/joyvb/stoptox,6ba3a7f82ab9fda8534f120114a566eec296e8ae,QKBKGNDTLQFSEU-UHFFFAOYSA-N
CCCCOCOCCCC,0,"1,1'-[methylenebis(oxy)]dibutane",QLCJOAMJPCOIDI-UHFFFAOYSA-N,2568-90-3,STopTox peer-reviewed curated experimental irritation dataset,https://doi.org/10.1289/EHP9341,"[""skin:id_input:1672""]","[""explicit_curated_experimental_outcome_0"", ""absence_of_hazard_statement_not_used"", ""defined_single_structure"", ""exact_identity_deduplicated"", ""current_strong_conflicts_excluded"", ""external_holdout_quarantined"", ""oecd_404_or_whitelisted_equivalent""]",peer_reviewed_curated_experimental_negative,0.9,experimental,OECD Guideline 404 (Acute Dermal Irritation / Corrosion),not irritating / not classified (curated Outcome=0),not_reported_per_record_in_public_sdf,skin:id_input:1672,c854fdea20b43b5ee2d392b42d0185eb928daf9d2a32129ac6603cf6ed53b68c,https://github.com/joyvb/stoptox,6ba3a7f82ab9fda8534f120114a566eec296e8ae,QLCJOAMJPCOIDI-UHFFFAOYSA-N
Clc1cccc(Cl)c1C(Cl)Cl,0,"1,3-dichloro-2-(dichloromethyl)benzene",QQPXXHAEIGVZKQ-UHFFFAOYSA-N,81-19-6,STopTox peer-reviewed curated experimental irritation dataset,https://doi.org/10.1289/EHP9341,"[""skin:id_input:1769""]","[""explicit_curated_experimental_outcome_0"", ""absence_of_hazard_statement_not_used"", ""defined_single_structure"", ""exact_identity_deduplicated"", ""current_strong_conflicts_excluded"", ""external_holdout_quarantined"", ""oecd_404_or_whitelisted_equivalent""]",peer_reviewed_curated_experimental_negative,0.9,experimental,OECD Guideline 404 (Acute Dermal Irritation / Corrosion),not irritating / not classified (curated Outcome=0),not_reported_per_record_in_public_sdf,skin:id_input:1769,c854fdea20b43b5ee2d392b42d0185eb928daf9d2a32129ac6603cf6ed53b68c,https://github.com/joyvb/stoptox,6ba3a7f82ab9fda8534f120114a566eec296e8ae,QQPXXHAEIGVZKQ-UHFFFAOYSA-N
O=C=NS(=O)(=O)c1ccccc1C(F)(F)F,0,85813-73-6,QQYWUZHDPAYMOO-UHFFFAOYSA-N,85813-73-6,STopTox peer-reviewed curated experimental irritation dataset,https://doi.org/10.1289/EHP9341,"[""skin:id_input:992""]","[""explicit_curated_experimental_outcome_0"", ""absence_of_hazard_statement_not_used"", ""defined_single_structure"", ""exact_identity_deduplicated"", ""current_strong_conflicts_excluded"", ""external_holdout_quarantined"", ""oecd_404_or_whitelisted_equivalent""]",peer_reviewed_curated_experimental_negative,0.9,experimental,OECD Guideline 404 (Acute Dermal Irritation / Corrosion),not irritating / not classified (curated Outcome=0),not_reported_per_record_in_public_sdf,skin:id_input:992,c854fdea20b43b5ee2d392b42d0185eb928daf9d2a32129ac6603cf6ed53b68c,https://github.com/joyvb/stoptox,6ba3a7f82ab9fda8534f120114a566eec296e8ae,QQYWUZHDPAYMOO-UHFFFAOYSA-N
CCCCCCCCCC(=O)Oc1ccc(C(=O)O)cc1,0,4-(decanoyloxy)benzoic acid,QTMHHQFADWIZCP-UHFFFAOYSA-N,86960-46-5,STopTox peer-reviewed curated experimental irritation dataset,https://doi.org/10.1289/EHP9341,"[""skin:id_input:2836""]","[""explicit_curated_experimental_outcome_0"", ""absence_of_hazard_statement_not_used"", ""defined_single_structure"", ""exact_identity_deduplicated"", ""current_strong_conflicts_excluded"", ""external_holdout_quarantined"", ""oecd_404_or_whitelisted_equivalent""]",peer_reviewed_curated_experimental_negative,0.9,experimental,OECD Guideline 404 (Acute Dermal Irritation / Corrosion),not irritating / not classified (curated Outcome=0),not_reported_per_record_in_public_sdf,skin:id_input:2836,c854fdea20b43b5ee2d392b42d0185eb928daf9d2a32129ac6603cf6ed53b68c,https://github.com/joyvb/stoptox,6ba3a7f82ab9fda8534f120114a566eec296e8ae,QTMHHQFADWIZCP-UHFFFAOYSA-N
CC(=O)OCc1ccccc1,0,benzyl acetate,QUKGYYKBILRGFE-UHFFFAOYSA-N,140-11-4,STopTox peer-reviewed curated experimental irritation dataset,https://doi.org/10.1289/EHP9341,"[""skin:id_input:3899""]","[""explicit_curated_experimental_outcome_0"", ""absence_of_hazard_statement_not_used"", ""defined_single_structure"", ""exact_identity_deduplicated"", ""current_strong_conflicts_excluded"", ""external_holdout_quarantined"", ""oecd_404_or_whitelisted_equivalent""]",peer_reviewed_curated_experimental_negative,0.9,experimental,EU Method B.4 (Acute Toxicity: Dermal Irritation / Corrosion),not irritating / not classified (curated Outcome=0),not_reported_per_record_in_public_sdf,skin:id_input:3899,c854fdea20b43b5ee2d392b42d0185eb928daf9d2a32129ac6603cf6ed53b68c,https://github.com/joyvb/stoptox,6ba3a7f82ab9fda8534f120114a566eec296e8ae,QUKGYYKBILRGFE-UHFFFAOYSA-N
COCCOCOCCOC,0,"2,5,7,10-tetraoxaundecane",QWRBKBNCFWPVJX-UHFFFAOYSA-N,4431-83-8,STopTox peer-reviewed curated experimental irritation dataset,https://doi.org/10.1289/EHP9341,"[""skin:id_input:2131""]","[""explicit_curated_experimental_outcome_0"", ""absence_of_hazard_statement_not_used"", ""defined_single_structure"", ""exact_identity_deduplicated"", ""current_strong_conflicts_excluded"", ""external_holdout_quarantined"", ""oecd_404_or_whitelisted_equivalent""]",peer_reviewed_curated_experimental_negative,0.9,experimental,EU Method B.4 (Acute Toxicity: Dermal Irritation / Corrosion),not irritating / not classified (curated Outcome=0),not_reported_per_record_in_public_sdf,skin:id_input:2131,c854fdea20b43b5ee2d392b42d0185eb928daf9d2a32129ac6603cf6ed53b68c,https://github.com/joyvb/stoptox,6ba3a7f82ab9fda8534f120114a566eec296e8ae,QWRBKBNCFWPVJX-UHFFFAOYSA-N
O=C(O)COc1cccc(Cl)c1Cl,0,"2-(2,3-dichlorophenoxy)acetic acid",RBJIGQRZLITQJG-UHFFFAOYSA-N,2976-74-1,STopTox peer-reviewed curated experimental irritation dataset,https://doi.org/10.1289/EHP9341,"[""skin:id_input:2173""]","[""explicit_curated_experimental_outcome_0"", ""absence_of_hazard_statement_not_used"", ""defined_single_structure"", ""exact_identity_deduplicated"", ""current_strong_conflicts_excluded"", ""external_holdout_quarantined"", ""oecd_404_or_whitelisted_equivalent""]",peer_reviewed_curated_experimental_negative,0.9,experimental,OECD Guideline 404 (Acute Dermal Irritation / Corrosion),not irritating / not classified (curated Outcome=0),not_reported_per_record_in_public_sdf,skin:id_input:2173,c854fdea20b43b5ee2d392b42d0185eb928daf9d2a32129ac6603cf6ed53b68c,https://github.com/joyvb/stoptox,6ba3a7f82ab9fda8534f120114a566eec296e8ae,RBJIGQRZLITQJG-UHFFFAOYSA-N
CCOC(=O)C1(OC(=O)Cc2ccc(Cl)cc2Cl)CCCCC1,0,361366-16-7,RDKYUGAYISTHTP-UHFFFAOYSA-N,361366-16-7,STopTox peer-reviewed curated experimental irritation dataset,https://doi.org/10.1289/EHP9341,"[""skin:id_input:818""]","[""explicit_curated_experimental_outcome_0"", ""absence_of_hazard_statement_not_used"", ""defined_single_structure"", ""exact_identity_deduplicated"", ""current_strong_conflicts_excluded"", ""external_holdout_quarantined"", ""oecd_404_or_whitelisted_equivalent""]",peer_reviewed_curated_experimental_negative,0.9,experimental,EU Method B.4 (Acute Toxicity: Dermal Irritation / Corrosion),not irritating / not classified (curated Outcome=0),not_reported_per_record_in_public_sdf,skin:id_input:818,c854fdea20b43b5ee2d392b42d0185eb928daf9d2a32129ac6603cf6ed53b68c,https://github.com/joyvb/stoptox,6ba3a7f82ab9fda8534f120114a566eec296e8ae,RDKYUGAYISTHTP-UHFFFAOYSA-N
C=CCOC(=O)C(C)(C)OC(=O)c1cc(N)ccc1Cl,0,174489-43-1,RGPKEFLHWNRAPS-UHFFFAOYSA-N,174489-43-1,STopTox peer-reviewed curated experimental irritation dataset,https://doi.org/10.1289/EHP9341,"[""skin:id_input:814""]","[""explicit_curated_experimental_outcome_0"", ""absence_of_hazard_statement_not_used"", ""defined_single_structure"", ""exact_identity_deduplicated"", ""current_strong_conflicts_excluded"", ""external_holdout_quarantined"", ""oecd_404_or_whitelisted_equivalent""]",peer_reviewed_curated_experimental_negative,0.9,experimental,OECD Guideline 404 (Acute Dermal Irritation / Corrosion),not irritating / not classified (curated Outcome=0),not_reported_per_record_in_public_sdf,skin:id_input:814,c854fdea20b43b5ee2d392b42d0185eb928daf9d2a32129ac6603cf6ed53b68c,https://github.com/joyvb/stoptox,6ba3a7f82ab9fda8534f120114a566eec296e8ae,RGPKEFLHWNRAPS-UHFFFAOYSA-N
COC1(OC)CCC2=C(CCC3C2CCC2(C)C(=O)CCC32)C1,0,19257-34-2,RHMXJSWKQJYEOA-UHFFFAOYSA-N,19257-34-2,STopTox peer-reviewed curated experimental irritation dataset,https://doi.org/10.1289/EHP9341,"[""skin:id_input:1339""]","[""explicit_curated_experimental_outcome_0"", ""absence_of_hazard_statement_not_used"", ""defined_single_structure"", ""exact_identity_deduplicated"", ""current_strong_conflicts_excluded"", ""external_holdout_quarantined"", ""oecd_404_or_whitelisted_equivalent""]",peer_reviewed_curated_experimental_negative,0.9,experimental,OECD Guideline 404 (Acute Dermal Irritation / Corrosion),not irritating / not classified (curated Outcome=0),not_reported_per_record_in_public_sdf,skin:id_input:1339,c854fdea20b43b5ee2d392b42d0185eb928daf9d2a32129ac6603cf6ed53b68c,https://github.com/joyvb/stoptox,6ba3a7f82ab9fda8534f120114a566eec296e8ae,RHMXJSWKQJYEOA-UHFFFAOYSA-N
OCC(F)(F)F,0,"2,2,2-trifluoroethan-1-ol",RHQDFWAXVIIEBN-UHFFFAOYSA-N,75-89-8,STopTox peer-reviewed curated experimental irritation dataset,https://doi.org/10.1289/EHP9341,"[""skin:id_input:2047""]","[""explicit_curated_experimental_outcome_0"", ""absence_of_hazard_statement_not_used"", ""defined_single_structure"", ""exact_identity_deduplicated"", ""current_strong_conflicts_excluded"", ""external_holdout_quarantined"", ""oecd_404_or_whitelisted_equivalent""]",peer_reviewed_curated_experimental_negative,0.9,experimental,other: OECD Guideline 404 (17 July 1992),not irritating / not classified (curated Outcome=0),not_reported_per_record_in_public_sdf,skin:id_input:2047,c854fdea20b43b5ee2d392b42d0185eb928daf9d2a32129ac6603cf6ed53b68c,https://github.com/joyvb/stoptox,6ba3a7f82ab9fda8534f120114a566eec296e8ae,RHQDFWAXVIIEBN-UHFFFAOYSA-N
CCc1ccc(C2OC3COC(c4ccc(CC)cc4)OC3C(C(O)CO)O2)cc1,0,79072-96-1,RPMMDFYGVMKCJU-UHFFFAOYSA-N,79072-96-1,STopTox peer-reviewed curated experimental irritation dataset,https://doi.org/10.1289/EHP9341,"[""skin:id_input:767, 1024""]","[""explicit_curated_experimental_outcome_0"", ""absence_of_hazard_statement_not_used"", ""defined_single_structure"", ""exact_identity_deduplicated"", ""current_strong_conflicts_excluded"", ""external_holdout_quarantined"", ""oecd_404_or_whitelisted_equivalent""]",peer_reviewed_curated_experimental_negative,0.9,experimental,OECD Guideline 404 (Acute Dermal Irritation / Corrosion),not irritating / not classified (curated Outcome=0),not_reported_per_record_in_public_sdf,"skin:id_input:767, 1024",c854fdea20b43b5ee2d392b42d0185eb928daf9d2a32129ac6603cf6ed53b68c,https://github.com/joyvb/stoptox,6ba3a7f82ab9fda8534f120114a566eec296e8ae,RPMMDFYGVMKCJU-UHFFFAOYSA-N
CCNc1nc(NC(C)C)nc(SC)n1,0,"N-ethyl-N'-isopropyl-6-(methylsulfanyl)-1,3,5-triazine-2,4-diamine",RQVYBGPQFYCBGX-UHFFFAOYSA-N,834-12-8,STopTox peer-reviewed curated experimental irritation dataset,https://doi.org/10.1289/EHP9341,"[""skin:id_input:3483""]","[""explicit_curated_experimental_outcome_0"", ""absence_of_hazard_statement_not_used"", ""defined_single_structure"", ""exact_identity_deduplicated"", ""current_strong_conflicts_excluded"", ""external_holdout_quarantined"", ""oecd_404_or_whitelisted_equivalent""]",peer_reviewed_curated_experimental_negative,0.9,experimental,OECD Guideline 404 (Acute Dermal Irritation / Corrosion),not irritating / not classified (curated Outcome=0),not_reported_per_record_in_public_sdf,skin:id_input:3483,c854fdea20b43b5ee2d392b42d0185eb928daf9d2a32129ac6603cf6ed53b68c,https://github.com/joyvb/stoptox,6ba3a7f82ab9fda8534f120114a566eec296e8ae,RQVYBGPQFYCBGX-UHFFFAOYSA-N
CCCCCCCCCCCCCCCCC(CO)CCCCCCCCCCCCCC,0,2-tetradecyloctadecan-1-ol,RTXVDAJGIYOHFY-UHFFFAOYSA-N,32582-32-4,STopTox peer-reviewed curated experimental irritation dataset,https://doi.org/10.1289/EHP9341,"[""skin:id_input:2609""]","[""explicit_curated_experimental_outcome_0"", ""absence_of_hazard_statement_not_used"", ""defined_single_structure"", ""exact_identity_deduplicated"", ""current_strong_conflicts_excluded"", ""external_holdout_quarantined"", ""oecd_404_or_whitelisted_equivalent""]",peer_reviewed_curated_experimental_negative,0.9,experimental,OECD Guideline 404 (Acute Dermal Irritation / Corrosion),not irritating / not classified (curated Outcome=0),not_reported_per_record_in_public_sdf,skin:id_input:2609,c854fdea20b43b5ee2d392b42d0185eb928daf9d2a32129ac6603cf6ed53b68c,https://github.com/joyvb/stoptox,6ba3a7f82ab9fda8534f120114a566eec296e8ae,RTXVDAJGIYOHFY-UHFFFAOYSA-N
CC(CN=Cc1ccccc1O)N=Cc1ccccc1O,0,2-[(1Z)-({2-[(E)-[(2-hydroxyphenyl)methylidene]amino]propyl}imino)methyl]phenol,RURPJGZXBHYNEM-UHFFFAOYSA-N,94-91-7,STopTox peer-reviewed curated experimental irritation dataset,https://doi.org/10.1289/EHP9341,"[""skin:id_input:2240""]","[""explicit_curated_experimental_outcome_0"", ""absence_of_hazard_statement_not_used"", ""defined_single_structure"", ""exact_identity_deduplicated"", ""current_strong_conflicts_excluded"", ""external_holdout_quarantined"", ""oecd_404_or_whitelisted_equivalent""]",peer_reviewed_curated_experimental_negative,0.9,experimental,OECD Guideline 404 (Acute Dermal Irritation / Corrosion),not irritating / not classified (curated Outcome=0),not_reported_per_record_in_public_sdf,skin:id_input:2240,c854fdea20b43b5ee2d392b42d0185eb928daf9d2a32129ac6603cf6ed53b68c,https://github.com/joyvb/stoptox,6ba3a7f82ab9fda8534f120114a566eec296e8ae,RURPJGZXBHYNEM-UHFFFAOYSA-N
CCC1(CO)COC(C)(C)OC1,0,unnamed [20761-68-6],RUUJECRHYIYRSH-UHFFFAOYSA-N,20761-68-6,STopTox peer-reviewed curated experimental irritation dataset,https://doi.org/10.1289/EHP9341,"[""skin:id_input:5358""]","[""explicit_curated_experimental_outcome_0"", ""absence_of_hazard_statement_not_used"", ""defined_single_structure"", ""exact_identity_deduplicated"", ""current_strong_conflicts_excluded"", ""external_holdout_quarantined"", ""oecd_404_or_whitelisted_equivalent""]",peer_reviewed_curated_experimental_negative,0.9,experimental,OECD Guideline 404 (Acute Dermal Irritation / Corrosion),not irritating / not classified (curated Outcome=0),not_reported_per_record_in_public_sdf,skin:id_input:5358,c854fdea20b43b5ee2d392b42d0185eb928daf9d2a32129ac6603cf6ed53b68c,https://github.com/joyvb/stoptox,6ba3a7f82ab9fda8534f120114a566eec296e8ae,RUUJECRHYIYRSH-UHFFFAOYSA-N
CN(C)S(=O)(=O)c1cc(Cl)c(N)cc1Cl,0,"4-amino-2,5-dichloro-N,N-dimethylbenzenesulfonamide",RVDTXDMZBHZDCD-UHFFFAOYSA-N,26175-68-8,STopTox peer-reviewed curated experimental irritation dataset,https://doi.org/10.1289/EHP9341,"[""skin:id_input:2871""]","[""explicit_curated_experimental_outcome_0"", ""absence_of_hazard_statement_not_used"", ""defined_single_structure"", ""exact_identity_deduplicated"", ""current_strong_conflicts_excluded"", ""external_holdout_quarantined"", ""oecd_404_or_whitelisted_equivalent""]",peer_reviewed_curated_experimental_negative,0.9,experimental,OECD Guideline 404 (Acute Dermal Irritation / Corrosion),not irritating / not classified (curated Outcome=0),not_reported_per_record_in_public_sdf,skin:id_input:2871,c854fdea20b43b5ee2d392b42d0185eb928daf9d2a32129ac6603cf6ed53b68c,https://github.com/joyvb/stoptox,6ba3a7f82ab9fda8534f120114a566eec296e8ae,RVDTXDMZBHZDCD-UHFFFAOYSA-N
C=CC(C)(C#CC1(O)C(C)=C2OC(C)OC2CC1(C)C)OC(C)OCC,0,162691-59-0,RZEIWRMMULENKX-UHFFFAOYSA-N,162691-59-0,STopTox peer-reviewed curated experimental irritation dataset,https://doi.org/10.1289/EHP9341,"[""skin:id_input:439""]","[""explicit_curated_experimental_outcome_0"", ""absence_of_hazard_statement_not_used"", ""defined_single_structure"", ""exact_identity_deduplicated"", ""current_strong_conflicts_excluded"", ""external_holdout_quarantined"", ""oecd_404_or_whitelisted_equivalent""]",peer_reviewed_curated_experimental_negative,0.9,experimental,OECD Guideline 404 (Acute Dermal Irritation / Corrosion),not irritating / not classified (curated Outcome=0),not_reported_per_record_in_public_sdf,skin:id_input:439,c854fdea20b43b5ee2d392b42d0185eb928daf9d2a32129ac6603cf6ed53b68c,https://github.com/joyvb/stoptox,6ba3a7f82ab9fda8534f120114a566eec296e8ae,RZEIWRMMULENKX-UHFFFAOYSA-N
C(CCOCC1CO1)COCC1CO1,0,2-{[4-(oxiran-2-ylmethoxy)butoxy]methyl}oxirane,SHKUUQIDMUMQQK-UHFFFAOYSA-N,2425-79-8,STopTox peer-reviewed curated experimental irritation dataset,https://doi.org/10.1289/EHP9341,"[""skin:id_input:2627""]","[""explicit_curated_experimental_outcome_0"", ""absence_of_hazard_statement_not_used"", ""defined_single_structure"", ""exact_identity_deduplicated"", ""current_strong_conflicts_excluded"", ""external_holdout_quarantined"", ""oecd_404_or_whitelisted_equivalent""]",peer_reviewed_curated_experimental_negative,0.9,experimental,OECD Guideline 404 (Acute Dermal Irritation / Corrosion),not irritating / not classified (curated Outcome=0),not_reported_per_record_in_public_sdf,skin:id_input:2627,c854fdea20b43b5ee2d392b42d0185eb928daf9d2a32129ac6603cf6ed53b68c,https://github.com/joyvb/stoptox,6ba3a7f82ab9fda8534f120114a566eec296e8ae,SHKUUQIDMUMQQK-UHFFFAOYSA-N
CC(=O)C=C(C)C,0,4-methylpent-3-en-2-one,SHOJXDKTYKFBRD-UHFFFAOYSA-N,141-79-7,STopTox peer-reviewed curated experimental irritation dataset,https://doi.org/10.1289/EHP9341,"[""skin:id_input:2922""]","[""explicit_curated_experimental_outcome_0"", ""absence_of_hazard_statement_not_used"", ""defined_single_structure"", ""exact_identity_deduplicated"", ""current_strong_conflicts_excluded"", ""external_holdout_quarantined"", ""oecd_404_or_whitelisted_equivalent""]",peer_reviewed_curated_experimental_negative,0.9,experimental,OECD Guideline 404 (Acute Dermal Irritation / Corrosion),not irritating / not classified (curated Outcome=0),not_reported_per_record_in_public_sdf,skin:id_input:2922,c854fdea20b43b5ee2d392b42d0185eb928daf9d2a32129ac6603cf6ed53b68c,https://github.com/joyvb/stoptox,6ba3a7f82ab9fda8534f120114a566eec296e8ae,SHOJXDKTYKFBRD-UHFFFAOYSA-N
CCCCCCCCCCCCCCCCCC[Si](OC)(OC)OC,0,trimethoxy(octadecyl)silane,SLYCYWCVSGPDFR-UHFFFAOYSA-N,3069-42-9,STopTox peer-reviewed curated experimental irritation dataset,https://doi.org/10.1289/EHP9341,"[""skin:id_input:5153""]","[""explicit_curated_experimental_outcome_0"", ""absence_of_hazard_statement_not_used"", ""defined_single_structure"", ""exact_identity_deduplicated"", ""current_strong_conflicts_excluded"", ""external_holdout_quarantined"", ""oecd_404_or_whitelisted_equivalent""]",peer_reviewed_curated_experimental_negative,0.9,experimental,OECD Guideline 404 (Acute Dermal Irritation / Corrosion),not irritating / not classified (curated Outcome=0),not_reported_per_record_in_public_sdf,skin:id_input:5153,c854fdea20b43b5ee2d392b42d0185eb928daf9d2a32129ac6603cf6ed53b68c,https://github.com/joyvb/stoptox,6ba3a7f82ab9fda8534f120114a566eec296e8ae,SLYCYWCVSGPDFR-UHFFFAOYSA-N
OB(O)c1ccc2cc(O)ccc2c1,0,173194-95-1,SNJANQMHRGSHFN-UHFFFAOYSA-N,173194-95-1,STopTox peer-reviewed curated experimental irritation dataset,https://doi.org/10.1289/EHP9341,"[""skin:id_input:403""]","[""explicit_curated_experimental_outcome_0"", ""absence_of_hazard_statement_not_used"", ""defined_single_structure"", ""exact_identity_deduplicated"", ""current_strong_conflicts_excluded"", ""external_holdout_quarantined"", ""oecd_404_or_whitelisted_equivalent""]",peer_reviewed_curated_experimental_negative,0.9,experimental,OECD Guideline 404 (Acute Dermal Irritation / Corrosion),not irritating / not classified (curated Outcome=0),not_reported_per_record_in_public_sdf,skin:id_input:403,c854fdea20b43b5ee2d392b42d0185eb928daf9d2a32129ac6603cf6ed53b68c,https://github.com/joyvb/stoptox,6ba3a7f82ab9fda8534f120114a566eec296e8ae,SNJANQMHRGSHFN-UHFFFAOYSA-N
Nc1cc(Cl)ccc1Oc1ccc(Cl)cc1Cl,0,"5-chloro-2-(2,4-dichlorophenoxy)aniline",SOOLDKUMSVNBIW-UHFFFAOYSA-N,56966-52-0,STopTox peer-reviewed curated experimental irritation dataset,https://doi.org/10.1289/EHP9341,"[""skin:id_input:2963""]","[""explicit_curated_experimental_outcome_0"", ""absence_of_hazard_statement_not_used"", ""defined_single_structure"", ""exact_identity_deduplicated"", ""current_strong_conflicts_excluded"", ""external_holdout_quarantined"", ""oecd_404_or_whitelisted_equivalent""]",peer_reviewed_curated_experimental_negative,0.9,experimental,OECD Guideline 404 (Acute Dermal Irritation / Corrosion),not irritating / not classified (curated Outcome=0),not_reported_per_record_in_public_sdf,skin:id_input:2963,c854fdea20b43b5ee2d392b42d0185eb928daf9d2a32129ac6603cf6ed53b68c,https://github.com/joyvb/stoptox,6ba3a7f82ab9fda8534f120114a566eec296e8ae,SOOLDKUMSVNBIW-UHFFFAOYSA-N
O=C(O)c1ccc2c(c1)C(=O)OC2=O,0,"1,3-dioxo-1,3-dihydro-2-benzofuran-5-carboxylic acid",SRPWOOOHEPICQU-UHFFFAOYSA-N,552-30-7,STopTox peer-reviewed curated experimental irritation dataset,https://doi.org/10.1289/EHP9341,"[""skin:id_input:1788, 1789""]","[""explicit_curated_experimental_outcome_0"", ""absence_of_hazard_statement_not_used"", ""defined_single_structure"", ""exact_identity_deduplicated"", ""current_strong_conflicts_excluded"", ""external_holdout_quarantined"", ""oecd_404_or_whitelisted_equivalent""]",peer_reviewed_curated_experimental_negative,0.9,experimental,OECD Guideline 404 (Acute Dermal Irritation / Corrosion),not irritating / not classified (curated Outcome=0),not_reported_per_record_in_public_sdf,"skin:id_input:1788, 1789",c854fdea20b43b5ee2d392b42d0185eb928daf9d2a32129ac6603cf6ed53b68c,https://github.com/joyvb/stoptox,6ba3a7f82ab9fda8534f120114a566eec296e8ae,SRPWOOOHEPICQU-UHFFFAOYSA-N
CC(O)CC(C)(C)O,0,"2-methylpentane-2,4-diol",SVTBMSDMJJWYQN-UHFFFAOYSA-N,107-41-5,STopTox peer-reviewed curated experimental irritation dataset,https://doi.org/10.1289/EHP9341,"[""skin:id_input:2560""]","[""explicit_curated_experimental_outcome_0"", ""absence_of_hazard_statement_not_used"", ""defined_single_structure"", ""exact_identity_deduplicated"", ""current_strong_conflicts_excluded"", ""external_holdout_quarantined"", ""oecd_404_or_whitelisted_equivalent""]",peer_reviewed_curated_experimental_negative,0.9,experimental,OECD Guideline 404 (Acute Dermal Irritation / Corrosion),not irritating / not classified (curated Outcome=0),not_reported_per_record_in_public_sdf,skin:id_input:2560,c854fdea20b43b5ee2d392b42d0185eb928daf9d2a32129ac6603cf6ed53b68c,https://github.com/joyvb/stoptox,6ba3a7f82ab9fda8534f120114a566eec296e8ae,SVTBMSDMJJWYQN-UHFFFAOYSA-N
COc1ccc(NC(=O)CC(C)=O)cc1,0,N-(4-methoxyphenyl)-3-oxobutanamide,SWAJJKROCOJICG-UHFFFAOYSA-N,5437-98-9,STopTox peer-reviewed curated experimental irritation dataset,https://doi.org/10.1289/EHP9341,"[""skin:id_input:3457""]","[""explicit_curated_experimental_outcome_0"", ""absence_of_hazard_statement_not_used"", ""defined_single_structure"", ""exact_identity_deduplicated"", ""current_strong_conflicts_excluded"", ""external_holdout_quarantined"", ""oecd_404_or_whitelisted_equivalent""]",peer_reviewed_curated_experimental_negative,0.9,experimental,OECD Guideline 404 (Acute Dermal Irritation / Corrosion),not irritating / not classified (curated Outcome=0),not_reported_per_record_in_public_sdf,skin:id_input:3457,c854fdea20b43b5ee2d392b42d0185eb928daf9d2a32129ac6603cf6ed53b68c,https://github.com/joyvb/stoptox,6ba3a7f82ab9fda8534f120114a566eec296e8ae,SWAJJKROCOJICG-UHFFFAOYSA-N
Cc1ccc2[nH]c3cc4c(=O)c5cc(C)ccc5[nH]c4cc3c(=O)c2c1,0,"2,9-dimethyl-5,7,12,14-tetrahydro-5,12-diazapentacene-7,14-dione",TXWSZJSDZKWQAU-UHFFFAOYSA-N,980-26-7,STopTox peer-reviewed curated experimental irritation dataset,https://doi.org/10.1289/EHP9341,"[""skin:id_input:2168, 2169, 2170, 2171""]","[""explicit_curated_experimental_outcome_0"", ""absence_of_hazard_statement_not_used"", ""defined_single_structure"", ""exact_identity_deduplicated"", ""current_strong_conflicts_excluded"", ""external_holdout_quarantined"", ""oecd_404_or_whitelisted_equivalent""]",peer_reviewed_curated_experimental_negative,0.9,experimental,OECD Guideline 404 (Acute Dermal Irritation / Corrosion),not irritating / not classified (curated Outcome=0),not_reported_per_record_in_public_sdf,"skin:id_input:2168, 2169, 2170, 2171",c854fdea20b43b5ee2d392b42d0185eb928daf9d2a32129ac6603cf6ed53b68c,https://github.com/joyvb/stoptox,6ba3a7f82ab9fda8534f120114a566eec296e8ae,TXWSZJSDZKWQAU-UHFFFAOYSA-N
COC(=O)C(C)(C)C#N,0,unnamed [72291-30-6],TZPHOIMASXVLQZ-UHFFFAOYSA-N,72291-30-6,STopTox peer-reviewed curated experimental irritation dataset,https://doi.org/10.1289/EHP9341,"[""skin:id_input:5489""]","[""explicit_curated_experimental_outcome_0"", ""absence_of_hazard_statement_not_used"", ""defined_single_structure"", ""exact_identity_deduplicated"", ""current_strong_conflicts_excluded"", ""external_holdout_quarantined"", ""oecd_404_or_whitelisted_equivalent""]",peer_reviewed_curated_experimental_negative,0.9,experimental,OECD Guideline 404 (Acute Dermal Irritation / Corrosion),not irritating / not classified (curated Outcome=0),not_reported_per_record_in_public_sdf,skin:id_input:5489,c854fdea20b43b5ee2d392b42d0185eb928daf9d2a32129ac6603cf6ed53b68c,https://github.com/joyvb/stoptox,6ba3a7f82ab9fda8534f120114a566eec296e8ae,TZPHOIMASXVLQZ-UHFFFAOYSA-N
CCCCC(CC)COC(=O)c1ccccc1,0,2-ethylhexyl benzoate,UADWUILHKRXHMM-UHFFFAOYSA-N,5444-75-7,STopTox peer-reviewed curated experimental irritation dataset,https://doi.org/10.1289/EHP9341,"[""skin:id_input:2472""]","[""explicit_curated_experimental_outcome_0"", ""absence_of_hazard_statement_not_used"", ""defined_single_structure"", ""exact_identity_deduplicated"", ""current_strong_conflicts_excluded"", ""external_holdout_quarantined"", ""oecd_404_or_whitelisted_equivalent""]",peer_reviewed_curated_experimental_negative,0.9,experimental,OECD Guideline 404 (Acute Dermal Irritation / Corrosion),not irritating / not classified (curated Outcome=0),not_reported_per_record_in_public_sdf,skin:id_input:2472,c854fdea20b43b5ee2d392b42d0185eb928daf9d2a32129ac6603cf6ed53b68c,https://github.com/joyvb/stoptox,6ba3a7f82ab9fda8534f120114a566eec296e8ae,UADWUILHKRXHMM-UHFFFAOYSA-N
O=C(O)c1ccc(O)cc1O,0,"2,4-dihydroxybenzoic acid",UIAFKZKHHVMJGS-UHFFFAOYSA-N,89-86-1,STopTox peer-reviewed curated experimental irritation dataset,https://doi.org/10.1289/EHP9341,"[""skin:id_input:2127""]","[""explicit_curated_experimental_outcome_0"", ""absence_of_hazard_statement_not_used"", ""defined_single_structure"", ""exact_identity_deduplicated"", ""current_strong_conflicts_excluded"", ""external_holdout_quarantined"", ""oecd_404_or_whitelisted_equivalent""]",peer_reviewed_curated_experimental_negative,0.9,experimental,OECD Guideline 404 (Acute Dermal Irritation / Corrosion),not irritating / not classified (curated Outcome=0),not_reported_per_record_in_public_sdf,skin:id_input:2127,c854fdea20b43b5ee2d392b42d0185eb928daf9d2a32129ac6603cf6ed53b68c,https://github.com/joyvb/stoptox,6ba3a7f82ab9fda8534f120114a566eec296e8ae,UIAFKZKHHVMJGS-UHFFFAOYSA-N
O=Cc1ccc(F)cc1,0,4-fluorobenzaldehyde,UOQXIWFBQSVDPP-UHFFFAOYSA-N,459-57-4,STopTox peer-reviewed curated experimental irritation dataset,https://doi.org/10.1289/EHP9341,"[""skin:id_input:2898""]","[""explicit_curated_experimental_outcome_0"", ""absence_of_hazard_statement_not_used"", ""defined_single_structure"", ""exact_identity_deduplicated"", ""current_strong_conflicts_excluded"", ""external_holdout_quarantined"", ""oecd_404_or_whitelisted_equivalent""]",peer_reviewed_curated_experimental_negative,0.9,experimental,OECD Guideline 404 (Acute Dermal Irritation / Corrosion),not irritating / not classified (curated Outcome=0),not_reported_per_record_in_public_sdf,skin:id_input:2898,c854fdea20b43b5ee2d392b42d0185eb928daf9d2a32129ac6603cf6ed53b68c,https://github.com/joyvb/stoptox,6ba3a7f82ab9fda8534f120114a566eec296e8ae,UOQXIWFBQSVDPP-UHFFFAOYSA-N
CCCCCCC(=O)OCC(CC)(COC(=O)CCCCCC)COC(=O)CCCCCC,0,"2,2-bis[(heptanoyloxy)methyl]butyl heptanoate (non-preferred name)",UQJDVLPHTXQTRP-UHFFFAOYSA-N,78-16-0,STopTox peer-reviewed curated experimental irritation dataset,https://doi.org/10.1289/EHP9341,"[""skin:id_input:2093""]","[""explicit_curated_experimental_outcome_0"", ""absence_of_hazard_statement_not_used"", ""defined_single_structure"", ""exact_identity_deduplicated"", ""current_strong_conflicts_excluded"", ""external_holdout_quarantined"", ""oecd_404_or_whitelisted_equivalent""]",peer_reviewed_curated_experimental_negative,0.9,experimental,EU Method B.4 (Acute Toxicity: Dermal Irritation / Corrosion),not irritating / not classified (curated Outcome=0),not_reported_per_record_in_public_sdf,skin:id_input:2093,c854fdea20b43b5ee2d392b42d0185eb928daf9d2a32129ac6603cf6ed53b68c,https://github.com/joyvb/stoptox,6ba3a7f82ab9fda8534f120114a566eec296e8ae,UQJDVLPHTXQTRP-UHFFFAOYSA-N
C1=CCCCCCC1,0,cyclooctene,URYYVOIYTNXXBN-UHFFFAOYSA-N,931-87-3,STopTox peer-reviewed curated experimental irritation dataset,https://doi.org/10.1289/EHP9341,"[""skin:id_input:4039""]","[""explicit_curated_experimental_outcome_0"", ""absence_of_hazard_statement_not_used"", ""defined_single_structure"", ""exact_identity_deduplicated"", ""current_strong_conflicts_excluded"", ""external_holdout_quarantined"", ""oecd_404_or_whitelisted_equivalent""]",peer_reviewed_curated_experimental_negative,0.9,experimental,OECD Guideline 404 (Acute Dermal Irritation / Corrosion),not irritating / not classified (curated Outcome=0),not_reported_per_record_in_public_sdf,skin:id_input:4039,c854fdea20b43b5ee2d392b42d0185eb928daf9d2a32129ac6603cf6ed53b68c,https://github.com/joyvb/stoptox,6ba3a7f82ab9fda8534f120114a566eec296e8ae,URYYVOIYTNXXBN-UPHRSURJSA-N
O=S(=O)(O)c1cccc2cc(Nc3ccccc3)cc(Nc3ccccc3)c12,0,"6,8-bis(phenylamino)naphthalene-1-sulfonic acid",USFSONWQSVCJBO-UHFFFAOYSA-N,129-93-1,STopTox peer-reviewed curated experimental irritation dataset,https://doi.org/10.1289/EHP9341,"[""skin:id_input:2994""]","[""explicit_curated_experimental_outcome_0"", ""absence_of_hazard_statement_not_used"", ""defined_single_structure"", ""exact_identity_deduplicated"", ""current_strong_conflicts_excluded"", ""external_holdout_quarantined"", ""oecd_404_or_whitelisted_equivalent""]",peer_reviewed_curated_experimental_negative,0.9,experimental,OECD Guideline 404 (Acute Dermal Irritation / Corrosion),not irritating / not classified (curated Outcome=0),not_reported_per_record_in_public_sdf,skin:id_input:2994,c854fdea20b43b5ee2d392b42d0185eb928daf9d2a32129ac6603cf6ed53b68c,https://github.com/joyvb/stoptox,6ba3a7f82ab9fda8534f120114a566eec296e8ae,USFSONWQSVCJBO-UHFFFAOYSA-N
C=CC(=O)NCOCCCC,0,N-(butoxymethyl)prop-2-enamide,UTSYWKJYFPPRAP-UHFFFAOYSA-N,1852-16-0,STopTox peer-reviewed curated experimental irritation dataset,https://doi.org/10.1289/EHP9341,"[""skin:id_input:3461""]","[""explicit_curated_experimental_outcome_0"", ""absence_of_hazard_statement_not_used"", ""defined_single_structure"", ""exact_identity_deduplicated"", ""current_strong_conflicts_excluded"", ""external_holdout_quarantined"", ""oecd_404_or_whitelisted_equivalent""]",peer_reviewed_curated_experimental_negative,0.9,experimental,OECD Guideline 404 (Acute Dermal Irritation / Corrosion),not irritating / not classified (curated Outcome=0),not_reported_per_record_in_public_sdf,skin:id_input:3461,c854fdea20b43b5ee2d392b42d0185eb928daf9d2a32129ac6603cf6ed53b68c,https://github.com/joyvb/stoptox,6ba3a7f82ab9fda8534f120114a566eec296e8ae,UTSYWKJYFPPRAP-UHFFFAOYSA-N
CCO[Si](CC(C)CC(C)(C)C)(OCC)OCC,0,"triethoxy(2,4,4-trimethylpentyl)silane",UWZSHGZRSZICIW-UHFFFAOYSA-N,35435-21-3,STopTox peer-reviewed curated experimental irritation dataset,https://doi.org/10.1289/EHP9341,"[""skin:id_input:5128""]","[""explicit_curated_experimental_outcome_0"", ""absence_of_hazard_statement_not_used"", ""defined_single_structure"", ""exact_identity_deduplicated"", ""current_strong_conflicts_excluded"", ""external_holdout_quarantined"", ""oecd_404_or_whitelisted_equivalent""]",peer_reviewed_curated_experimental_negative,0.9,experimental,OECD Guideline 404 (Acute Dermal Irritation / Corrosion),not irritating / not classified (curated Outcome=0),not_reported_per_record_in_public_sdf,skin:id_input:5128,c854fdea20b43b5ee2d392b42d0185eb928daf9d2a32129ac6603cf6ed53b68c,https://github.com/joyvb/stoptox,6ba3a7f82ab9fda8534f120114a566eec296e8ae,UWZSHGZRSZICIW-UHFFFAOYSA-N
CC(C)=CCCC(C)=CCOC(=O)Cc1ccccc1,0,"(2E)-3,7-dimethylocta-2,6-dien-1-yl 2-phenylacetate",UXAIJXIHZDZMSK-UHFFFAOYSA-N,102-22-7,STopTox peer-reviewed curated experimental irritation dataset,https://doi.org/10.1289/EHP9341,"[""skin:id_input:49, 50""]","[""explicit_curated_experimental_outcome_0"", ""absence_of_hazard_statement_not_used"", ""defined_single_structure"", ""exact_identity_deduplicated"", ""current_strong_conflicts_excluded"", ""external_holdout_quarantined"", ""oecd_404_or_whitelisted_equivalent""]",peer_reviewed_curated_experimental_negative,0.9,experimental,OECD Guideline 404 (Acute Dermal Irritation / Corrosion),not irritating / not classified (curated Outcome=0),not_reported_per_record_in_public_sdf,"skin:id_input:49, 50",c854fdea20b43b5ee2d392b42d0185eb928daf9d2a32129ac6603cf6ed53b68c,https://github.com/joyvb/stoptox,6ba3a7f82ab9fda8534f120114a566eec296e8ae,UXAIJXIHZDZMSK-UHFFFAOYSA-N
CCC(C)Oc1c(OC)cc(C=O)cc1OC,0,unnamed [224586-49-6],VCHJCKGXKVNISR-UHFFFAOYSA-N,224586-49-6,STopTox peer-reviewed curated experimental irritation dataset,https://doi.org/10.1289/EHP9341,"[""skin:id_input:5364""]","[""explicit_curated_experimental_outcome_0"", ""absence_of_hazard_statement_not_used"", ""defined_single_structure"", ""exact_identity_deduplicated"", ""current_strong_conflicts_excluded"", ""external_holdout_quarantined"", ""oecd_404_or_whitelisted_equivalent""]",peer_reviewed_curated_experimental_negative,0.9,experimental,OECD Guideline 404 (Acute Dermal Irritation / Corrosion),not irritating / not classified (curated Outcome=0),not_reported_per_record_in_public_sdf,skin:id_input:5364,c854fdea20b43b5ee2d392b42d0185eb928daf9d2a32129ac6603cf6ed53b68c,https://github.com/joyvb/stoptox,6ba3a7f82ab9fda8534f120114a566eec296e8ae,VCHJCKGXKVNISR-UHFFFAOYSA-N
COc1ccccc1NC(=O)/C(=N\Nc1ccc(Cl)cc1[N+](=O)[O-])C(C)=O,0,2-[(E)-2-(4-chloro-2-nitrophenyl)diazen-1-yl]-N-(2-methoxyphenyl)-3-oxobutanamide,VDAMTILBOXFFHU-PGMHBOJBSA-N,13515-40-7,STopTox peer-reviewed curated experimental irritation dataset,https://doi.org/10.1289/EHP9341,"[""skin:id_input:2340""]","[""explicit_curated_experimental_outcome_0"", ""absence_of_hazard_statement_not_used"", ""defined_single_structure"", ""exact_identity_deduplicated"", ""current_strong_conflicts_excluded"", ""external_holdout_quarantined"", ""oecd_404_or_whitelisted_equivalent""]",peer_reviewed_curated_experimental_negative,0.9,experimental,OECD Guideline 404 (Acute Dermal Irritation / Corrosion),not irritating / not classified (curated Outcome=0),not_reported_per_record_in_public_sdf,skin:id_input:2340,c854fdea20b43b5ee2d392b42d0185eb928daf9d2a32129ac6603cf6ed53b68c,https://github.com/joyvb/stoptox,6ba3a7f82ab9fda8534f120114a566eec296e8ae,VDAMTILBOXFFHU-UHFFFAOYSA-N
Cc1ccc2oc(C=Cc3nc4cc(C)ccc4o3)nc2c1,0,"2,2'-vinylenebis[5-methylbenzoxazole]",VKRZNAWSCAUDRQ-UHFFFAOYSA-N,1041-00-5,STopTox peer-reviewed curated experimental irritation dataset,https://doi.org/10.1289/EHP9341,"[""skin:id_input:2043""]","[""explicit_curated_experimental_outcome_0"", ""absence_of_hazard_statement_not_used"", ""defined_single_structure"", ""exact_identity_deduplicated"", ""current_strong_conflicts_excluded"", ""external_holdout_quarantined"", ""oecd_404_or_whitelisted_equivalent""]",peer_reviewed_curated_experimental_negative,0.9,experimental,OECD Guideline 404 (Acute Dermal Irritation / Corrosion),not irritating / not classified (curated Outcome=0),not_reported_per_record_in_public_sdf,skin:id_input:2043,c854fdea20b43b5ee2d392b42d0185eb928daf9d2a32129ac6603cf6ed53b68c,https://github.com/joyvb/stoptox,6ba3a7f82ab9fda8534f120114a566eec296e8ae,VKRZNAWSCAUDRQ-UHFFFAOYSA-N
CCCC(=O)OCc1ccccc1,0,benzyl butanoate,VONGZNXBKCOUHB-UHFFFAOYSA-N,103-37-7,STopTox peer-reviewed curated experimental irritation dataset,https://doi.org/10.1289/EHP9341,"[""skin:id_input:3901""]","[""explicit_curated_experimental_outcome_0"", ""absence_of_hazard_statement_not_used"", ""defined_single_structure"", ""exact_identity_deduplicated"", ""current_strong_conflicts_excluded"", ""external_holdout_quarantined"", ""oecd_404_or_whitelisted_equivalent""]",peer_reviewed_curated_experimental_negative,0.9,experimental,OECD Guideline 404 (Acute Dermal Irritation / Corrosion),not irritating / not classified (curated Outcome=0),not_reported_per_record_in_public_sdf,skin:id_input:3901,c854fdea20b43b5ee2d392b42d0185eb928daf9d2a32129ac6603cf6ed53b68c,https://github.com/joyvb/stoptox,6ba3a7f82ab9fda8534f120114a566eec296e8ae,VONGZNXBKCOUHB-UHFFFAOYSA-N
O=S(=O)(c1ccc(O)cc1)c1ccc(O)cc1,0,4-(4-hydroxybenzenesulfonyl)phenol,VPWNQTHUCYMVMZ-UHFFFAOYSA-N,80-09-1,STopTox peer-reviewed curated experimental irritation dataset,https://doi.org/10.1289/EHP9341,"[""skin:id_input:2832""]","[""explicit_curated_experimental_outcome_0"", ""absence_of_hazard_statement_not_used"", ""defined_single_structure"", ""exact_identity_deduplicated"", ""current_strong_conflicts_excluded"", ""external_holdout_quarantined"", ""oecd_404_or_whitelisted_equivalent""]",peer_reviewed_curated_experimental_negative,0.9,experimental,OECD Guideline 404 (Acute Dermal Irritation / Corrosion),not irritating / not classified (curated Outcome=0),not_reported_per_record_in_public_sdf,skin:id_input:2832,c854fdea20b43b5ee2d392b42d0185eb928daf9d2a32129ac6603cf6ed53b68c,https://github.com/joyvb/stoptox,6ba3a7f82ab9fda8534f120114a566eec296e8ae,VPWNQTHUCYMVMZ-UHFFFAOYSA-N
CC(CC(=O)OOC(C)(C)C)CC(C)(C)C,0,"tert-butyl 3,5,5-trimethylhexaneperoxoate",VSJBBIJIXZVVLQ-UHFFFAOYSA-N,13122-18-4,STopTox peer-reviewed curated experimental irritation dataset,https://doi.org/10.1289/EHP9341,"[""skin:id_input:4997""]","[""explicit_curated_experimental_outcome_0"", ""absence_of_hazard_statement_not_used"", ""defined_single_structure"", ""exact_identity_deduplicated"", ""current_strong_conflicts_excluded"", ""external_holdout_quarantined"", ""oecd_404_or_whitelisted_equivalent""]",peer_reviewed_curated_experimental_negative,0.9,experimental,OECD Guideline 404 (Acute Dermal Irritation / Corrosion),not irritating / not classified (curated Outcome=0),not_reported_per_record_in_public_sdf,skin:id_input:4997,c854fdea20b43b5ee2d392b42d0185eb928daf9d2a32129ac6603cf6ed53b68c,https://github.com/joyvb/stoptox,6ba3a7f82ab9fda8534f120114a566eec296e8ae,VSJBBIJIXZVVLQ-UHFFFAOYSA-N
NS(=O)(=O)c1ccc(NC(=S)Nc2ccc(F)cc2)cc1,0,6156-18-9,VUDOFEJVAFMLEC-UHFFFAOYSA-N,6156-18-9,STopTox peer-reviewed curated experimental irritation dataset,https://doi.org/10.1289/EHP9341,"[""skin:id_input:1070""]","[""explicit_curated_experimental_outcome_0"", ""absence_of_hazard_statement_not_used"", ""defined_single_structure"", ""exact_identity_deduplicated"", ""current_strong_conflicts_excluded"", ""external_holdout_quarantined"", ""oecd_404_or_whitelisted_equivalent""]",peer_reviewed_curated_experimental_negative,0.9,experimental,OECD Guideline 404 (Acute Dermal Irritation / Corrosion),not irritating / not classified (curated Outcome=0),not_reported_per_record_in_public_sdf,skin:id_input:1070,c854fdea20b43b5ee2d392b42d0185eb928daf9d2a32129ac6603cf6ed53b68c,https://github.com/joyvb/stoptox,6ba3a7f82ab9fda8534f120114a566eec296e8ae,VUDOFEJVAFMLEC-UHFFFAOYSA-N
CSCCC(O)C#N,0,2-hydroxy-4-(methylsulfanyl)butanenitrile,VWWOJJANXYSACS-UHFFFAOYSA-N,17773-41-0,STopTox peer-reviewed curated experimental irritation dataset,https://doi.org/10.1289/EHP9341,"[""skin:id_input:2487""]","[""explicit_curated_experimental_outcome_0"", ""absence_of_hazard_statement_not_used"", ""defined_single_structure"", ""exact_identity_deduplicated"", ""current_strong_conflicts_excluded"", ""external_holdout_quarantined"", ""oecd_404_or_whitelisted_equivalent""]",peer_reviewed_curated_experimental_negative,0.9,experimental,OECD Guideline 404 (Acute Dermal Irritation / Corrosion),not irritating / not classified (curated Outcome=0),not_reported_per_record_in_public_sdf,skin:id_input:2487,c854fdea20b43b5ee2d392b42d0185eb928daf9d2a32129ac6603cf6ed53b68c,https://github.com/joyvb/stoptox,6ba3a7f82ab9fda8534f120114a566eec296e8ae,VWWOJJANXYSACS-UHFFFAOYSA-N
Cc1ccc(C(N)=O)cc1N,0,3-amino-4-methylbenzamide,VYBKAZXQKUFAHG-UHFFFAOYSA-N,19406-86-1,STopTox peer-reviewed curated experimental irritation dataset,https://doi.org/10.1289/EHP9341,"[""skin:id_input:2725""]","[""explicit_curated_experimental_outcome_0"", ""absence_of_hazard_statement_not_used"", ""defined_single_structure"", ""exact_identity_deduplicated"", ""current_strong_conflicts_excluded"", ""external_holdout_quarantined"", ""oecd_404_or_whitelisted_equivalent""]",peer_reviewed_curated_experimental_negative,0.9,experimental,OECD Guideline 404 (Acute Dermal Irritation / Corrosion),not irritating / not classified (curated Outcome=0),not_reported_per_record_in_public_sdf,skin:id_input:2725,c854fdea20b43b5ee2d392b42d0185eb928daf9d2a32129ac6603cf6ed53b68c,https://github.com/joyvb/stoptox,6ba3a7f82ab9fda8534f120114a566eec296e8ae,VYBKAZXQKUFAHG-UHFFFAOYSA-N
CC(O)c1ccccc1,0,1-phenylethan-1-ol,WAPNOHKVXSQRPX-UHFFFAOYSA-N,98-85-1,STopTox peer-reviewed curated experimental irritation dataset,https://doi.org/10.1289/EHP9341,"[""skin:id_input:1961""]","[""explicit_curated_experimental_outcome_0"", ""absence_of_hazard_statement_not_used"", ""defined_single_structure"", ""exact_identity_deduplicated"", ""current_strong_conflicts_excluded"", ""external_holdout_quarantined"", ""oecd_404_or_whitelisted_equivalent""]",peer_reviewed_curated_experimental_negative,0.9,experimental,OECD Guideline 404 (Acute Dermal Irritation / Corrosion),not irritating / not classified (curated Outcome=0),not_reported_per_record_in_public_sdf,skin:id_input:1961,c854fdea20b43b5ee2d392b42d0185eb928daf9d2a32129ac6603cf6ed53b68c,https://github.com/joyvb/stoptox,6ba3a7f82ab9fda8534f120114a566eec296e8ae,WAPNOHKVXSQRPX-UHFFFAOYSA-N
CCCC(O)CO,0,"pentane-1,2-diol",WCVRQHFDJLLWFE-UHFFFAOYSA-N,5343-92-0,STopTox peer-reviewed curated experimental irritation dataset,https://doi.org/10.1289/EHP9341,"[""skin:id_input:4772""]","[""explicit_curated_experimental_outcome_0"", ""absence_of_hazard_statement_not_used"", ""defined_single_structure"", ""exact_identity_deduplicated"", ""current_strong_conflicts_excluded"", ""external_holdout_quarantined"", ""oecd_404_or_whitelisted_equivalent""]",peer_reviewed_curated_experimental_negative,0.9,experimental,OECD Guideline 404 (Acute Dermal Irritation / Corrosion),not irritating / not classified (curated Outcome=0),not_reported_per_record_in_public_sdf,skin:id_input:4772,c854fdea20b43b5ee2d392b42d0185eb928daf9d2a32129ac6603cf6ed53b68c,https://github.com/joyvb/stoptox,6ba3a7f82ab9fda8534f120114a566eec296e8ae,WCVRQHFDJLLWFE-UHFFFAOYSA-N
O=[N+]([O-])c1cc(Cl)c(OC(F)(F)C(F)C(F)(F)F)cc1Cl,0,130841-23-5,WDTRKHSHZIJORU-UHFFFAOYSA-N,130841-23-5,STopTox peer-reviewed curated experimental irritation dataset,https://doi.org/10.1289/EHP9341,"[""skin:id_input:547""]","[""explicit_curated_experimental_outcome_0"", ""absence_of_hazard_statement_not_used"", ""defined_single_structure"", ""exact_identity_deduplicated"", ""current_strong_conflicts_excluded"", ""external_holdout_quarantined"", ""oecd_404_or_whitelisted_equivalent""]",peer_reviewed_curated_experimental_negative,0.9,experimental,OECD Guideline 404 (Acute Dermal Irritation / Corrosion),not irritating / not classified (curated Outcome=0),not_reported_per_record_in_public_sdf,skin:id_input:547,c854fdea20b43b5ee2d392b42d0185eb928daf9d2a32129ac6603cf6ed53b68c,https://github.com/joyvb/stoptox,6ba3a7f82ab9fda8534f120114a566eec296e8ae,WDTRKHSHZIJORU-UHFFFAOYSA-N
CCC(CO)(CO)COCC(CC)(CO)CO,0,"2-ethyl-2-{[2-ethyl-3-hydroxy-2-(hydroxymethyl)propoxy]methyl}propane-1,3-diol",WMYINDVYGQKYMI-UHFFFAOYSA-N,23235-61-2,STopTox peer-reviewed curated experimental irritation dataset,https://doi.org/10.1289/EHP9341,"[""skin:id_input:2450""]","[""explicit_curated_experimental_outcome_0"", ""absence_of_hazard_statement_not_used"", ""defined_single_structure"", ""exact_identity_deduplicated"", ""current_strong_conflicts_excluded"", ""external_holdout_quarantined"", ""oecd_404_or_whitelisted_equivalent""]",peer_reviewed_curated_experimental_negative,0.9,experimental,OECD Guideline 404 (Acute Dermal Irritation / Corrosion),not irritating / not classified (curated Outcome=0),not_reported_per_record_in_public_sdf,skin:id_input:2450,c854fdea20b43b5ee2d392b42d0185eb928daf9d2a32129ac6603cf6ed53b68c,https://github.com/joyvb/stoptox,6ba3a7f82ab9fda8534f120114a566eec296e8ae,WMYINDVYGQKYMI-UHFFFAOYSA-N
CN(C)c1ccc(C(O)(c2ccc(N(C)C)cc2)c2ccc(Nc3ccccc3)c3ccccc23)cc1,0,(4-anilino-1-naphthyl){bis[4-(dimethylamino)phenyl]}methanol,WNDULEJVCPEASN-UHFFFAOYSA-N,6786-83-0,STopTox peer-reviewed curated experimental irritation dataset,https://doi.org/10.1289/EHP9341,"[""skin:id_input:113""]","[""explicit_curated_experimental_outcome_0"", ""absence_of_hazard_statement_not_used"", ""defined_single_structure"", ""exact_identity_deduplicated"", ""current_strong_conflicts_excluded"", ""external_holdout_quarantined"", ""oecd_404_or_whitelisted_equivalent""]",peer_reviewed_curated_experimental_negative,0.9,experimental,OECD Guideline 404 (Acute Dermal Irritation / Corrosion),not irritating / not classified (curated Outcome=0),not_reported_per_record_in_public_sdf,skin:id_input:113,c854fdea20b43b5ee2d392b42d0185eb928daf9d2a32129ac6603cf6ed53b68c,https://github.com/joyvb/stoptox,6ba3a7f82ab9fda8534f120114a566eec296e8ae,WNDULEJVCPEASN-UHFFFAOYSA-N
CC1(C)C(=O)N(CO)C(=O)N1CO,0,"1,3-bis(hydroxymethyl)-5,5-dimethylimidazolidine-2,4-dione",WSDISUOETYTPRL-UHFFFAOYSA-N,6440-58-0,STopTox peer-reviewed curated experimental irritation dataset,https://doi.org/10.1289/EHP9341,"[""skin:id_input:1761""]","[""explicit_curated_experimental_outcome_0"", ""absence_of_hazard_statement_not_used"", ""defined_single_structure"", ""exact_identity_deduplicated"", ""current_strong_conflicts_excluded"", ""external_holdout_quarantined"", ""oecd_404_or_whitelisted_equivalent""]",peer_reviewed_curated_experimental_negative,0.9,experimental,EPA OPP 81-5 (Acute Dermal Irritation),not irritating / not classified (curated Outcome=0),not_reported_per_record_in_public_sdf,skin:id_input:1761,c854fdea20b43b5ee2d392b42d0185eb928daf9d2a32129ac6603cf6ed53b68c,https://github.com/joyvb/stoptox,6ba3a7f82ab9fda8534f120114a566eec296e8ae,WSDISUOETYTPRL-UHFFFAOYSA-N
Cc1ccc(Cl)c(Cl)c1,0,"1,2-dichloro-4-methylbenzene",WYUIWKFIFOJVKW-UHFFFAOYSA-N,95-75-0,STopTox peer-reviewed curated experimental irritation dataset,https://doi.org/10.1289/EHP9341,"[""skin:id_input:1728""]","[""explicit_curated_experimental_outcome_0"", ""absence_of_hazard_statement_not_used"", ""defined_single_structure"", ""exact_identity_deduplicated"", ""current_strong_conflicts_excluded"", ""external_holdout_quarantined"", ""oecd_404_or_whitelisted_equivalent""]",peer_reviewed_curated_experimental_negative,0.9,experimental,OECD Guideline 404 (Acute Dermal Irritation / Corrosion),not irritating / not classified (curated Outcome=0),not_reported_per_record_in_public_sdf,skin:id_input:1728,c854fdea20b43b5ee2d392b42d0185eb928daf9d2a32129ac6603cf6ed53b68c,https://github.com/joyvb/stoptox,6ba3a7f82ab9fda8534f120114a566eec296e8ae,WYUIWKFIFOJVKW-UHFFFAOYSA-N
Cc1ccc(S(=O)(=O)CNC=O)cc1,0,36635-56-0,XEHIIYMZJQMMCF-UHFFFAOYSA-N,36635-56-0,STopTox peer-reviewed curated experimental irritation dataset,https://doi.org/10.1289/EHP9341,"[""skin:id_input:908""]","[""explicit_curated_experimental_outcome_0"", ""absence_of_hazard_statement_not_used"", ""defined_single_structure"", ""exact_identity_deduplicated"", ""current_strong_conflicts_excluded"", ""external_holdout_quarantined"", ""oecd_404_or_whitelisted_equivalent""]",peer_reviewed_curated_experimental_negative,0.9,experimental,OECD Guideline 404 (Acute Dermal Irritation / Corrosion),not irritating / not classified (curated Outcome=0),not_reported_per_record_in_public_sdf,skin:id_input:908,c854fdea20b43b5ee2d392b42d0185eb928daf9d2a32129ac6603cf6ed53b68c,https://github.com/joyvb/stoptox,6ba3a7f82ab9fda8534f120114a566eec296e8ae,XEHIIYMZJQMMCF-UHFFFAOYSA-N
NNC(=O)NN,0,"1,3-diaminourea",XEVRDFDBXJMZFG-UHFFFAOYSA-N,497-18-7,STopTox peer-reviewed curated experimental irritation dataset,https://doi.org/10.1289/EHP9341,"[""skin:id_input:1766""]","[""explicit_curated_experimental_outcome_0"", ""absence_of_hazard_statement_not_used"", ""defined_single_structure"", ""exact_identity_deduplicated"", ""current_strong_conflicts_excluded"", ""external_holdout_quarantined"", ""oecd_404_or_whitelisted_equivalent""]",peer_reviewed_curated_experimental_negative,0.9,experimental,OECD Guideline 404 (Acute Dermal Irritation / Corrosion),not irritating / not classified (curated Outcome=0),not_reported_per_record_in_public_sdf,skin:id_input:1766,c854fdea20b43b5ee2d392b42d0185eb928daf9d2a32129ac6603cf6ed53b68c,https://github.com/joyvb/stoptox,6ba3a7f82ab9fda8534f120114a566eec296e8ae,XEVRDFDBXJMZFG-UHFFFAOYSA-N
CNC(N)=O,0,1-methylurea,XGEGHDBEHXKFPX-UHFFFAOYSA-N,598-50-5,STopTox peer-reviewed curated experimental irritation dataset,https://doi.org/10.1289/EHP9341,"[""skin:id_input:1951""]","[""explicit_curated_experimental_outcome_0"", ""absence_of_hazard_statement_not_used"", ""defined_single_structure"", ""exact_identity_deduplicated"", ""current_strong_conflicts_excluded"", ""external_holdout_quarantined"", ""oecd_404_or_whitelisted_equivalent""]",peer_reviewed_curated_experimental_negative,0.9,experimental,OECD Guideline 404 (Acute Dermal Irritation / Corrosion),not irritating / not classified (curated Outcome=0),not_reported_per_record_in_public_sdf,skin:id_input:1951,c854fdea20b43b5ee2d392b42d0185eb928daf9d2a32129ac6603cf6ed53b68c,https://github.com/joyvb/stoptox,6ba3a7f82ab9fda8534f120114a566eec296e8ae,XGEGHDBEHXKFPX-UHFFFAOYSA-N
Clc1ccc(CNC2CCCC2)cc1,0,N-(4-chlorobenzyl)cyclopentanamine,XIXHUNCZQIRQOG-UHFFFAOYSA-N,66063-15-8,STopTox peer-reviewed curated experimental irritation dataset,https://doi.org/10.1289/EHP9341,"[""skin:id_input:3455""]","[""explicit_curated_experimental_outcome_0"", ""absence_of_hazard_statement_not_used"", ""defined_single_structure"", ""exact_identity_deduplicated"", ""current_strong_conflicts_excluded"", ""external_holdout_quarantined"", ""oecd_404_or_whitelisted_equivalent""]",peer_reviewed_curated_experimental_negative,0.9,experimental,EU Method B.4 (Acute Toxicity: Dermal Irritation / Corrosion),not irritating / not classified (curated Outcome=0),not_reported_per_record_in_public_sdf,skin:id_input:3455,c854fdea20b43b5ee2d392b42d0185eb928daf9d2a32129ac6603cf6ed53b68c,https://github.com/joyvb/stoptox,6ba3a7f82ab9fda8534f120114a566eec296e8ae,XIXHUNCZQIRQOG-UHFFFAOYSA-N
O=C(O)c1ccccc1C(=O)O,0,"benzene-1,2-dicarboxylic acid",XNGIFLGASWRNHJ-UHFFFAOYSA-N,88-99-3,STopTox peer-reviewed curated experimental irritation dataset,https://doi.org/10.1289/EHP9341,"[""skin:id_input:3889""]","[""explicit_curated_experimental_outcome_0"", ""absence_of_hazard_statement_not_used"", ""defined_single_structure"", ""exact_identity_deduplicated"", ""current_strong_conflicts_excluded"", ""external_holdout_quarantined"", ""oecd_404_or_whitelisted_equivalent""]",peer_reviewed_curated_experimental_negative,0.9,experimental,OECD Guideline 404 (Acute Dermal Irritation / Corrosion),not irritating / not classified (curated Outcome=0),not_reported_per_record_in_public_sdf,skin:id_input:3889,c854fdea20b43b5ee2d392b42d0185eb928daf9d2a32129ac6603cf6ed53b68c,https://github.com/joyvb/stoptox,6ba3a7f82ab9fda8534f120114a566eec296e8ae,XNGIFLGASWRNHJ-UHFFFAOYSA-N
CCC(CC)CC1(C(=O)O)CCCCC1,0,1-(2-ethylbutyl)cyclohexane-1-carboxylic acid,XRKJBJLXKLOLKS-UHFFFAOYSA-N,381209-09-2,STopTox peer-reviewed curated experimental irritation dataset,https://doi.org/10.1289/EHP9341,"[""skin:id_input:1836""]","[""explicit_curated_experimental_outcome_0"", ""absence_of_hazard_statement_not_used"", ""defined_single_structure"", ""exact_identity_deduplicated"", ""current_strong_conflicts_excluded"", ""external_holdout_quarantined"", ""oecd_404_or_whitelisted_equivalent""]",peer_reviewed_curated_experimental_negative,0.9,experimental,OECD Guideline 404 (Acute Dermal Irritation / Corrosion),not irritating / not classified (curated Outcome=0),not_reported_per_record_in_public_sdf,skin:id_input:1836,c854fdea20b43b5ee2d392b42d0185eb928daf9d2a32129ac6603cf6ed53b68c,https://github.com/joyvb/stoptox,6ba3a7f82ab9fda8534f120114a566eec296e8ae,XRKJBJLXKLOLKS-UHFFFAOYSA-N
COC(=O)CCCC(=O)OC,0,"1,5-dimethyl pentanedioate",XTDYIOOONNVFMA-UHFFFAOYSA-N,1119-40-0,STopTox peer-reviewed curated experimental irritation dataset,https://doi.org/10.1289/EHP9341,"[""skin:id_input:1826""]","[""explicit_curated_experimental_outcome_0"", ""absence_of_hazard_statement_not_used"", ""defined_single_structure"", ""exact_identity_deduplicated"", ""current_strong_conflicts_excluded"", ""external_holdout_quarantined"", ""oecd_404_or_whitelisted_equivalent""]",peer_reviewed_curated_experimental_negative,0.9,experimental,OECD Guideline 404 (Acute Dermal Irritation / Corrosion),not irritating / not classified (curated Outcome=0),not_reported_per_record_in_public_sdf,skin:id_input:1826,c854fdea20b43b5ee2d392b42d0185eb928daf9d2a32129ac6603cf6ed53b68c,https://github.com/joyvb/stoptox,6ba3a7f82ab9fda8534f120114a566eec296e8ae,XTDYIOOONNVFMA-UHFFFAOYSA-N
C=COC(C)=O,0,ethenyl acetate,XTXRWKRVRITETP-UHFFFAOYSA-N,108-05-4,STopTox peer-reviewed curated experimental irritation dataset,https://doi.org/10.1289/EHP9341,"[""skin:id_input:4326""]","[""explicit_curated_experimental_outcome_0"", ""absence_of_hazard_statement_not_used"", ""defined_single_structure"", ""exact_identity_deduplicated"", ""current_strong_conflicts_excluded"", ""external_holdout_quarantined"", ""oecd_404_or_whitelisted_equivalent""]",peer_reviewed_curated_experimental_negative,0.9,experimental,OECD Guideline 404 (Acute Dermal Irritation / Corrosion),not irritating / not classified (curated Outcome=0),not_reported_per_record_in_public_sdf,skin:id_input:4326,c854fdea20b43b5ee2d392b42d0185eb928daf9d2a32129ac6603cf6ed53b68c,https://github.com/joyvb/stoptox,6ba3a7f82ab9fda8534f120114a566eec296e8ae,XTXRWKRVRITETP-UHFFFAOYSA-N
C[Si](C)(C)O[Si](C)(C)O[Si](C)(C)O[Si](C)(C)C,0,"2,2,4,4,6,6,8,8-octamethyl-3,5,7-trioxa-2,4,6,8-tetrasilanonane",YFCGDEUVHLPRCZ-UHFFFAOYSA-N,141-62-8,STopTox peer-reviewed curated experimental irritation dataset,https://doi.org/10.1289/EHP9341,"[""skin:id_input:2054""]","[""explicit_curated_experimental_outcome_0"", ""absence_of_hazard_statement_not_used"", ""defined_single_structure"", ""exact_identity_deduplicated"", ""current_strong_conflicts_excluded"", ""external_holdout_quarantined"", ""oecd_404_or_whitelisted_equivalent""]",peer_reviewed_curated_experimental_negative,0.9,experimental,OECD Guideline 404 (Acute Dermal Irritation / Corrosion),not irritating / not classified (curated Outcome=0),not_reported_per_record_in_public_sdf,skin:id_input:2054,c854fdea20b43b5ee2d392b42d0185eb928daf9d2a32129ac6603cf6ed53b68c,https://github.com/joyvb/stoptox,6ba3a7f82ab9fda8534f120114a566eec296e8ae,YFCGDEUVHLPRCZ-UHFFFAOYSA-N
C[Si](C)(O[Si](C)(c1ccccc1)c1ccccc1)O[Si](C)(c1ccccc1)c1ccccc1,0,"4,4-dimethyl-2,2,6,6-tetraphenyl-3,5-dioxa-2,4,6-trisilaheptane",YFCVAZGXPLMNDG-UHFFFAOYSA-N,3982-82-9,STopTox peer-reviewed curated experimental irritation dataset,https://doi.org/10.1289/EHP9341,"[""skin:id_input:2812""]","[""explicit_curated_experimental_outcome_0"", ""absence_of_hazard_statement_not_used"", ""defined_single_structure"", ""exact_identity_deduplicated"", ""current_strong_conflicts_excluded"", ""external_holdout_quarantined"", ""oecd_404_or_whitelisted_equivalent""]",peer_reviewed_curated_experimental_negative,0.9,experimental,OECD Guideline 404 (Acute Dermal Irritation / Corrosion),not irritating / not classified (curated Outcome=0),not_reported_per_record_in_public_sdf,skin:id_input:2812,c854fdea20b43b5ee2d392b42d0185eb928daf9d2a32129ac6603cf6ed53b68c,https://github.com/joyvb/stoptox,6ba3a7f82ab9fda8534f120114a566eec296e8ae,YFCVAZGXPLMNDG-UHFFFAOYSA-N
CCC(C)CCCC(C)CCCC(C)C,0,"2,6,10-trimethyldodecane",YFHFHLSMISYUAQ-UHFFFAOYSA-N,3891-98-3,STopTox peer-reviewed curated experimental irritation dataset,https://doi.org/10.1289/EHP9341,"[""skin:id_input:2140""]","[""explicit_curated_experimental_outcome_0"", ""absence_of_hazard_statement_not_used"", ""defined_single_structure"", ""exact_identity_deduplicated"", ""current_strong_conflicts_excluded"", ""external_holdout_quarantined"", ""oecd_404_or_whitelisted_equivalent""]",peer_reviewed_curated_experimental_negative,0.9,experimental,EPA OPPTS 870.2500 (Acute Dermal Irritation),not irritating / not classified (curated Outcome=0),not_reported_per_record_in_public_sdf,skin:id_input:2140,c854fdea20b43b5ee2d392b42d0185eb928daf9d2a32129ac6603cf6ed53b68c,https://github.com/joyvb/stoptox,6ba3a7f82ab9fda8534f120114a566eec296e8ae,YFHFHLSMISYUAQ-UHFFFAOYSA-N
O=c1c2ccc3c(=O)n4c5ccccc5nc4c4ccc(c2c34)c2nc3ccccc3n12,0,"3,10,17,24-tetraazaoctacyclo[13.13.2.0????,??????????.0??????,??????.0????????,??????????.0??????????,??????????.0??????????,????????.0??????????,??????????]triaconta-1(28),2,4(9),5,7,12,14,18(23),19,21,24,26,29-tridecaene-11,16-dione",YMEPVPIIHONYLV-UHFFFAOYSA-N,8005-56-9,STopTox peer-reviewed curated experimental irritation dataset,https://doi.org/10.1289/EHP9341,"[""skin:id_input:2633""]","[""explicit_curated_experimental_outcome_0"", ""absence_of_hazard_statement_not_used"", ""defined_single_structure"", ""exact_identity_deduplicated"", ""current_strong_conflicts_excluded"", ""external_holdout_quarantined"", ""oecd_404_or_whitelisted_equivalent""]",peer_reviewed_curated_experimental_negative,0.9,experimental,OECD Guideline 404 (Acute Dermal Irritation / Corrosion),not irritating / not classified (curated Outcome=0),not_reported_per_record_in_public_sdf,skin:id_input:2633,c854fdea20b43b5ee2d392b42d0185eb928daf9d2a32129ac6603cf6ed53b68c,https://github.com/joyvb/stoptox,6ba3a7f82ab9fda8534f120114a566eec296e8ae,YMEPVPIIHONYLV-UHFFFAOYSA-N
CC(C)OC(=O)CCC(=O)OC(C)C,0,diisopropyl succinate,YPLYFEUBZLLLIY-UHFFFAOYSA-N,924-88-9,STopTox peer-reviewed curated experimental irritation dataset,https://doi.org/10.1289/EHP9341,"[""skin:id_input:4163""]","[""explicit_curated_experimental_outcome_0"", ""absence_of_hazard_statement_not_used"", ""defined_single_structure"", ""exact_identity_deduplicated"", ""current_strong_conflicts_excluded"", ""external_holdout_quarantined"", ""oecd_404_or_whitelisted_equivalent""]",peer_reviewed_curated_experimental_negative,0.9,experimental,OECD Guideline 404 (Acute Dermal Irritation / Corrosion),not irritating / not classified (curated Outcome=0),not_reported_per_record_in_public_sdf,skin:id_input:4163,c854fdea20b43b5ee2d392b42d0185eb928daf9d2a32129ac6603cf6ed53b68c,https://github.com/joyvb/stoptox,6ba3a7f82ab9fda8534f120114a566eec296e8ae,YPLYFEUBZLLLIY-UHFFFAOYSA-N
O=C(O)c1ccc2c3c(ccc(C(=O)O)c13)C(=O)OC2=O,0,52671-72-4,YQXRNSHBINARCY-UHFFFAOYSA-N,52671-72-4,STopTox peer-reviewed curated experimental irritation dataset,https://doi.org/10.1289/EHP9341,"[""skin:id_input:399""]","[""explicit_curated_experimental_outcome_0"", ""absence_of_hazard_statement_not_used"", ""defined_single_structure"", ""exact_identity_deduplicated"", ""current_strong_conflicts_excluded"", ""external_holdout_quarantined"", ""oecd_404_or_whitelisted_equivalent""]",peer_reviewed_curated_experimental_negative,0.9,experimental,OECD Guideline 404 (Acute Dermal Irritation / Corrosion),not irritating / not classified (curated Outcome=0),not_reported_per_record_in_public_sdf,skin:id_input:399,c854fdea20b43b5ee2d392b42d0185eb928daf9d2a32129ac6603cf6ed53b68c,https://github.com/joyvb/stoptox,6ba3a7f82ab9fda8534f120114a566eec296e8ae,YQXRNSHBINARCY-UHFFFAOYSA-N
CCCc1nc(C)c2c(=O)nc(-c3ccccc3OCC)[nH]n12,0,224789-21-3,YRRWQMBIMZMVDB-UHFFFAOYSA-N,224789-21-3,STopTox peer-reviewed curated experimental irritation dataset,https://doi.org/10.1289/EHP9341,"[""skin:id_input:837""]","[""explicit_curated_experimental_outcome_0"", ""absence_of_hazard_statement_not_used"", ""defined_single_structure"", ""exact_identity_deduplicated"", ""current_strong_conflicts_excluded"", ""external_holdout_quarantined"", ""oecd_404_or_whitelisted_equivalent""]",peer_reviewed_curated_experimental_negative,0.9,experimental,OECD Guideline 404 (Acute Dermal Irritation / Corrosion),not irritating / not classified (curated Outcome=0),not_reported_per_record_in_public_sdf,skin:id_input:837,c854fdea20b43b5ee2d392b42d0185eb928daf9d2a32129ac6603cf6ed53b68c,https://github.com/joyvb/stoptox,6ba3a7f82ab9fda8534f120114a566eec296e8ae,YRRWQMBIMZMVDB-UHFFFAOYSA-N
NNC(=O)C(N)CO,0,55819-71-1,YTHVXUGXVASXJZ-UHFFFAOYSA-N,55819-71-1,STopTox peer-reviewed curated experimental irritation dataset,https://doi.org/10.1289/EHP9341,"[""skin:id_input:1636""]","[""explicit_curated_experimental_outcome_0"", ""absence_of_hazard_statement_not_used"", ""defined_single_structure"", ""exact_identity_deduplicated"", ""current_strong_conflicts_excluded"", ""external_holdout_quarantined"", ""oecd_404_or_whitelisted_equivalent""]",peer_reviewed_curated_experimental_negative,0.9,experimental,OECD Guideline 404 (Acute Dermal Irritation / Corrosion),not irritating / not classified (curated Outcome=0),not_reported_per_record_in_public_sdf,skin:id_input:1636,c854fdea20b43b5ee2d392b42d0185eb928daf9d2a32129ac6603cf6ed53b68c,https://github.com/joyvb/stoptox,6ba3a7f82ab9fda8534f120114a566eec296e8ae,YTHVXUGXVASXJZ-UHFFFAOYSA-N
COc1cc(S(=O)(=O)O)c(C)cc1NC(=O)CC(C)=O,0,ammonium 4-(acetoacetylamino)-5-methoxy-2-methylbenzenesulfonate,YTSYXEDYBAQECZ-UHFFFAOYSA-N,72705-22-7,STopTox peer-reviewed curated experimental irritation dataset,https://doi.org/10.1289/EHP9341,"[""skin:id_input:3860""]","[""explicit_curated_experimental_outcome_0"", ""absence_of_hazard_statement_not_used"", ""defined_single_structure"", ""exact_identity_deduplicated"", ""current_strong_conflicts_excluded"", ""external_holdout_quarantined"", ""oecd_404_or_whitelisted_equivalent""]",peer_reviewed_curated_experimental_negative,0.9,experimental,OECD Guideline 404 (Acute Dermal Irritation / Corrosion),not irritating / not classified (curated Outcome=0),not_reported_per_record_in_public_sdf,skin:id_input:3860,c854fdea20b43b5ee2d392b42d0185eb928daf9d2a32129ac6603cf6ed53b68c,https://github.com/joyvb/stoptox,6ba3a7f82ab9fda8534f120114a566eec296e8ae,YTSYXEDYBAQECZ-UHFFFAOYSA-N
O=C(Nc1cccc([N+](=O)[O-])c1)c1cc2ccccc2cc1O,0,3-hydroxy-N-(3-nitrophenyl)-2-naphthamide,YZJSKRBKHCLMQC-UHFFFAOYSA-N,135-65-9,STopTox peer-reviewed curated experimental irritation dataset,https://doi.org/10.1289/EHP9341,"[""skin:id_input:2750""]","[""explicit_curated_experimental_outcome_0"", ""absence_of_hazard_statement_not_used"", ""defined_single_structure"", ""exact_identity_deduplicated"", ""current_strong_conflicts_excluded"", ""external_holdout_quarantined"", ""oecd_404_or_whitelisted_equivalent""]",peer_reviewed_curated_experimental_negative,0.9,experimental,OECD Guideline 404 (Acute Dermal Irritation / Corrosion),not irritating / not classified (curated Outcome=0),not_reported_per_record_in_public_sdf,skin:id_input:2750,c854fdea20b43b5ee2d392b42d0185eb928daf9d2a32129ac6603cf6ed53b68c,https://github.com/joyvb/stoptox,6ba3a7f82ab9fda8534f120114a566eec296e8ae,YZJSKRBKHCLMQC-UHFFFAOYSA-N
Cn1c(=O)c2[nH]cnc2n(C)c1=O,0,"1,3-dimethyl-3,7-dihydro-1H-purine-2,6-dione",ZFXYFBGIUFBOJW-UHFFFAOYSA-N,58-55-9,STopTox peer-reviewed curated experimental irritation dataset,https://doi.org/10.1289/EHP9341,"[""skin:id_input:1785""]","[""explicit_curated_experimental_outcome_0"", ""absence_of_hazard_statement_not_used"", ""defined_single_structure"", ""exact_identity_deduplicated"", ""current_strong_conflicts_excluded"", ""external_holdout_quarantined"", ""oecd_404_or_whitelisted_equivalent""]",peer_reviewed_curated_experimental_negative,0.9,experimental,OECD Guideline 404 (Acute Dermal Irritation / Corrosion),not irritating / not classified (curated Outcome=0),not_reported_per_record_in_public_sdf,skin:id_input:1785,c854fdea20b43b5ee2d392b42d0185eb928daf9d2a32129ac6603cf6ed53b68c,https://github.com/joyvb/stoptox,6ba3a7f82ab9fda8534f120114a566eec296e8ae,ZFXYFBGIUFBOJW-UHFFFAOYSA-N
CCOC(=O)OC1CCCCC1C(C)(C)C,0,2-tert-butylcyclohexyl ethyl carbonate,ZHWLEUGSDGROJS-UHFFFAOYSA-N,67801-64-3,STopTox peer-reviewed curated experimental irritation dataset,https://doi.org/10.1289/EHP9341,"[""skin:id_input:2607""]","[""explicit_curated_experimental_outcome_0"", ""absence_of_hazard_statement_not_used"", ""defined_single_structure"", ""exact_identity_deduplicated"", ""current_strong_conflicts_excluded"", ""external_holdout_quarantined"", ""oecd_404_or_whitelisted_equivalent""]",peer_reviewed_curated_experimental_negative,0.9,experimental,OECD Guideline 404 (Acute Dermal Irritation / Corrosion),not irritating / not classified (curated Outcome=0),not_reported_per_record_in_public_sdf,skin:id_input:2607,c854fdea20b43b5ee2d392b42d0185eb928daf9d2a32129ac6603cf6ed53b68c,https://github.com/joyvb/stoptox,6ba3a7f82ab9fda8534f120114a566eec296e8ae,ZHWLEUGSDGROJS-UHFFFAOYSA-N
CCOC(=O)CC#N,0,ethyl 2-cyanoacetate,ZIUSEGSNTOUIPT-UHFFFAOYSA-N,105-56-6,STopTox peer-reviewed curated experimental irritation dataset,https://doi.org/10.1289/EHP9341,"[""skin:id_input:4340""]","[""explicit_curated_experimental_outcome_0"", ""absence_of_hazard_statement_not_used"", ""defined_single_structure"", ""exact_identity_deduplicated"", ""current_strong_conflicts_excluded"", ""external_holdout_quarantined"", ""oecd_404_or_whitelisted_equivalent""]",peer_reviewed_curated_experimental_negative,0.9,experimental,EU Method B.4 (Acute Toxicity: Dermal Irritation / Corrosion),not irritating / not classified (curated Outcome=0),not_reported_per_record_in_public_sdf,skin:id_input:4340,c854fdea20b43b5ee2d392b42d0185eb928daf9d2a32129ac6603cf6ed53b68c,https://github.com/joyvb/stoptox,6ba3a7f82ab9fda8534f120114a566eec296e8ae,ZIUSEGSNTOUIPT-UHFFFAOYSA-N
O=C(O)c1cc(Nc2ccccc2)c(C(=O)O)cc1Nc1ccccc1,0,"2,5-dianilinoterephthalic acid",ZJQZWNLKRBUEKX-UHFFFAOYSA-N,10109-95-2,STopTox peer-reviewed curated experimental irritation dataset,https://doi.org/10.1289/EHP9341,"[""skin:id_input:2135""]","[""explicit_curated_experimental_outcome_0"", ""absence_of_hazard_statement_not_used"", ""defined_single_structure"", ""exact_identity_deduplicated"", ""current_strong_conflicts_excluded"", ""external_holdout_quarantined"", ""oecd_404_or_whitelisted_equivalent""]",peer_reviewed_curated_experimental_negative,0.9,experimental,OECD Guideline 404 (Acute Dermal Irritation / Corrosion),not irritating / not classified (curated Outcome=0),not_reported_per_record_in_public_sdf,skin:id_input:2135,c854fdea20b43b5ee2d392b42d0185eb928daf9d2a32129ac6603cf6ed53b68c,https://github.com/joyvb/stoptox,6ba3a7f82ab9fda8534f120114a566eec296e8ae,ZJQZWNLKRBUEKX-UHFFFAOYSA-N
CCCCC(CC)COC(=O)CC#N,0,2-ethylhexyl cyanoacetate,ZNYBQVBNSXLZNI-UHFFFAOYSA-N,13361-34-7,STopTox peer-reviewed curated experimental irritation dataset,https://doi.org/10.1289/EHP9341,"[""skin:id_input:2474""]","[""explicit_curated_experimental_outcome_0"", ""absence_of_hazard_statement_not_used"", ""defined_single_structure"", ""exact_identity_deduplicated"", ""current_strong_conflicts_excluded"", ""external_holdout_quarantined"", ""oecd_404_or_whitelisted_equivalent""]",peer_reviewed_curated_experimental_negative,0.9,experimental,OECD Guideline 404 (Acute Dermal Irritation / Corrosion),not irritating / not classified (curated Outcome=0),not_reported_per_record_in_public_sdf,skin:id_input:2474,c854fdea20b43b5ee2d392b42d0185eb928daf9d2a32129ac6603cf6ed53b68c,https://github.com/joyvb/stoptox,6ba3a7f82ab9fda8534f120114a566eec296e8ae,ZNYBQVBNSXLZNI-UHFFFAOYSA-N
[H]/N=C(\NO)c1ccccc1OCC,0,unnamed [879-57-2],ZOGRANBHYCXFRO-UHFFFAOYSA-N,879-57-2,STopTox peer-reviewed curated experimental irritation dataset,https://doi.org/10.1289/EHP9341,"[""skin:id_input:5526""]","[""explicit_curated_experimental_outcome_0"", ""absence_of_hazard_statement_not_used"", ""defined_single_structure"", ""exact_identity_deduplicated"", ""current_strong_conflicts_excluded"", ""external_holdout_quarantined"", ""oecd_404_or_whitelisted_equivalent""]",peer_reviewed_curated_experimental_negative,0.9,experimental,OECD Guideline 404 (Acute Dermal Irritation / Corrosion),not irritating / not classified (curated Outcome=0),not_reported_per_record_in_public_sdf,skin:id_input:5526,c854fdea20b43b5ee2d392b42d0185eb928daf9d2a32129ac6603cf6ed53b68c,https://github.com/joyvb/stoptox,6ba3a7f82ab9fda8534f120114a566eec296e8ae,ZOGRANBHYCXFRO-UHFFFAOYSA-N
O=C(Cc1ccccc1)OCCc1ccccc1,0,2-phenylethyl 2-phenylacetate,ZOZIRNMDEZKZHM-UHFFFAOYSA-N,102-20-5,STopTox peer-reviewed curated experimental irritation dataset,https://doi.org/10.1289/EHP9341,"[""skin:id_input:2594""]","[""explicit_curated_experimental_outcome_0"", ""absence_of_hazard_statement_not_used"", ""defined_single_structure"", ""exact_identity_deduplicated"", ""current_strong_conflicts_excluded"", ""external_holdout_quarantined"", ""oecd_404_or_whitelisted_equivalent""]",peer_reviewed_curated_experimental_negative,0.9,experimental,OECD Guideline 404 (Acute Dermal Irritation / Corrosion),not irritating / not classified (curated Outcome=0),not_reported_per_record_in_public_sdf,skin:id_input:2594,c854fdea20b43b5ee2d392b42d0185eb928daf9d2a32129ac6603cf6ed53b68c,https://github.com/joyvb/stoptox,6ba3a7f82ab9fda8534f120114a566eec296e8ae,ZOZIRNMDEZKZHM-UHFFFAOYSA-N
COCCOCCOCCOCCOC,0,"2,5,8,11,14-pentaoxapentadecane",ZUHZGEOKBKGPSW-UHFFFAOYSA-N,143-24-8,STopTox peer-reviewed curated experimental irritation dataset,https://doi.org/10.1289/EHP9341,"[""skin:id_input:2133""]","[""explicit_curated_experimental_outcome_0"", ""absence_of_hazard_statement_not_used"", ""defined_single_structure"", ""exact_identity_deduplicated"", ""current_strong_conflicts_excluded"", ""external_holdout_quarantined"", ""oecd_404_or_whitelisted_equivalent""]",peer_reviewed_curated_experimental_negative,0.9,experimental,OECD Guideline 404 (Acute Dermal Irritation / Corrosion),not irritating / not classified (curated Outcome=0),not_reported_per_record_in_public_sdf,skin:id_input:2133,c854fdea20b43b5ee2d392b42d0185eb928daf9d2a32129ac6603cf6ed53b68c,https://github.com/joyvb/stoptox,6ba3a7f82ab9fda8534f120114a566eec296e8ae,ZUHZGEOKBKGPSW-UHFFFAOYSA-N
N#CCCN(CCC#N)c1ccc(N=Nc2ccc([N+](=O)[O-])cc2Cl)cc1,0,"3,3'-[[4-[(2-chloro-4-nitrophenyl)azo]phenyl]imino]bis[propiononitrile]",ZXXVVTBKBDDTSE-UHFFFAOYSA-N,4058-30-4,STopTox peer-reviewed curated experimental irritation dataset,https://doi.org/10.1289/EHP9341,"[""skin:id_input:2638""]","[""explicit_curated_experimental_outcome_0"", ""absence_of_hazard_statement_not_used"", ""defined_single_structure"", ""exact_identity_deduplicated"", ""current_strong_conflicts_excluded"", ""external_holdout_quarantined"", ""oecd_404_or_whitelisted_equivalent""]",peer_reviewed_curated_experimental_negative,0.9,experimental,OECD Guideline 404 (Acute Dermal Irritation / Corrosion),not irritating / not classified (curated Outcome=0),not_reported_per_record_in_public_sdf,skin:id_input:2638,c854fdea20b43b5ee2d392b42d0185eb928daf9d2a32129ac6603cf6ed53b68c,https://github.com/joyvb/stoptox,6ba3a7f82ab9fda8534f120114a566eec296e8ae,ZXXVVTBKBDDTSE-UHFFFAOYSA-N
CC1CN(c2ccccc2)NC1=O,0,4-methyl-1-phenylpyrazolidin-3-one,ZZEYCGJAYIHIAZ-UHFFFAOYSA-N,2654-57-1,STopTox peer-reviewed curated experimental irritation dataset,https://doi.org/10.1289/EHP9341,"[""skin:id_input:2911""]","[""explicit_curated_experimental_outcome_0"", ""absence_of_hazard_statement_not_used"", ""defined_single_structure"", ""exact_identity_deduplicated"", ""current_strong_conflicts_excluded"", ""external_holdout_quarantined"", ""oecd_404_or_whitelisted_equivalent""]",peer_reviewed_curated_experimental_negative,0.9,experimental,OECD Guideline 404 (Acute Dermal Irritation / Corrosion),not irritating / not classified (curated Outcome=0),not_reported_per_record_in_public_sdf,skin:id_input:2911,c854fdea20b43b5ee2d392b42d0185eb928daf9d2a32129ac6603cf6ed53b68c,https://github.com/joyvb/stoptox,6ba3a7f82ab9fda8534f120114a566eec296e8ae,ZZEYCGJAYIHIAZ-UHFFFAOYSA-N
